:020000041000EA
:1000000000B5324B212058609868022188439860DF
:10001000D860186158612E4B002199600221596106
:100020000121F02299502B49196001219960352056
:1000300000F044F80222904214D00621196600F024
:1000400034F8196E01211966002018661A6600F04E
:100050002CF8196E196E196E052000F02FF8012189
:100060000842F9D1002199601B49196000215960AB
:100070001A491B48016001219960EB211966A021F2
:10008000196600F012F800219960164914480160C1
:100090000121996001BC002800D000471248134993
:1000A000086003C880F30888084703B5996A0420EC
:1000B0000142FBD001200142F8D103BD02B5186610
:1000C0001866FFF7F2FF186E186E02BD00000240BE
:1000D000000000180000070000035F00212200005C
:1000E000F4000018222000A00001001008ED00E03C
:1000F00000000000000000000000000074B24E7A12
:1001000000200420F7010010CB010010CD010010E9
:10011000C9010010C9010010C9010010C901001077
:10012000C9010010C9010010C9010010CF01001061
:10013000C9010010C9010010D1010010D301001045
:10014000C1010010C1010010C1010010C101001067
:10015000C1010010C1010010C1010010C101001057
:10016000C1010010C1010010C1010010C101001047
:10017000C1010010C1010010C1010010C101001037
:10018000C1010010C1010010C1010010C101001027
:10019000C1010010C1010010C1010010C101001017
:1001A000C1010010C1010010C1010010C101001007
:1001B000C1010010C1010010C1010010C1010010F7
:1001C000EFF30580103800BE00BE00BE00BE00BECA
:1001D00000BE00BEF2EB8871E8BB001014BC00103A
:1001E0003802001090A31AE71E481F49086006C88D
:1001F00081F3088810471D480068002801D019487D
:10020000F3E70DA40ECC002902D000F012F8F9E7B4
:100210001749184A002000E001C19142FCD116495B
:100220008847164988471649884700BEFDE701C937
:1002300001C29A42FBD3704714BC0010C0000020DA
:10024000E017002034D30010000004200000042038
:1002500034D300100010042000100420000000001F
:10026000704700000000000008ED00E0000000D032
:10027000E0170020004D0020394F0010D50D001070
:10028000F94E0010F8B5C0460448054B10B583423E
:1002900003D0044B002B00D0984710BDE01700207E
:1002A000E01700200000000006480749091A8B10DB
:1002B000C90FC91810B5491003D0044B002B00D04A
:1002C000984710BDE0170020E01700200000000054
:1002D00010B5074C2378002B09D1FFF7D5FF054B4C
:1002E000002B02D0044800E000BF0123237010BDA2
:1002F0006825002000000000F0AF0010054B10B58D
:10030000002B03D00449054800E000BFFFF7CCFFF5
:1003100010BDC046000000006C250020F0AF0010AA
:10032000D0B5CE4600B583B000F020F92F4E009036
:10033000019133681A78002A0BD008202C4FB95C41
:10034000084201D1202A0AD8013333601A78002AE2
:10035000F5D10098019903B080BCB946D0BD022008
:10036000FD212B3A082481460A42F2D15A1C326000
:100370005A781878002A0BD00233B95C0C4201D1AC
:10038000202A05D8336001335A1E1278002AF4D18E
:100390002B2818D000F0EAF802000B000098019911
:1003A00002F087FB0090019133681A78002AD0D0C0
:1003B000B95C0C4201D1202A10D8013333601A787D
:1003C000002AF5D1C5E700F0D1F802000B00009833
:1003D000019902F077FB00900191E5E749462B3A3D
:1003E0008A43D2B2002AC1D0B3E7C046642F0020AE
:1003F000B9B90010F0B5C64600B5564C84B02068B7
:100400000378002B00D196E0082553495A1C8A5CDA
:10041000154201D1202B59D8013020600378002BE0
:10042000F4D14A7804210B001340114254D19207B1
:1004300046D00021E8460727484D07E00E2902DC98
:100440004246535401310130206003783E00EA5C9B
:1004500016401742F2D1242BF0D047467E54002B91
:100460000DD00821013000E0EA5C114201D1202BBF
:1004700005D820600130431E1B78002BF4D10025E5
:10048000374C03E001352834402D19D02378002B58
:10049000F8D020004146203809F0C4FD0028F1D1F1
:1004A000AA00304B5219D2009B181A7C002A3FD068
:1004B00045202D4C01340AF03FFD20780028F9D169
:1004C0000020002104B080BCB846F0BD282B1AD013
:1004D000510701D42E2BAAD1694608F059FB009B85
:1004E00023601A78002AEDD008271C4D0133AE5C3A
:1004F000374201D1202AE5D8236001335A1E1278F1
:10050000002AF4D1DEE701302060FFF709FF2368FD
:100510001A78002AD6D00827104DAE5C374201D198
:10052000202A11D8013323601A78002AF5D1C9E7AF
:100530009869D969C6E70421074B5A780B00134024
:10054000114200D173E7C7E7292ABBD101332360E9
:10055000B8E7C046642F0020B8B90010B9B9001040
:10056000881B0020681B0020F4AF0010F0B583B09A
:10057000FFF740FF2E4F009001913B681A78002A48
:100580000BD008202B4CA15C084201D1202A04D8B2
:1005900001333B601A78002AF5D1264E2A2A01D071
:1005A0002F2A35D15A1C3A605A781C78002A0CD070
:1005B00008200233B15C084201D1202A05D83B60F3
:1005C00001335A1E1278002AF4D12A2C24D0FFF7C6
:1005D00011FF0022002304000D0002F0DDFA0028C4
:1005E00007D10098019922002B0002F074FA0090C4
:1005F00001913B681A78002A0AD00820B15C0842B1
:1006000001D1202ACAD801333B601A78002AF5D1DB
:100610000098019903B0F0BDFFF7ECFE02000B005B
:100620000098019902F075FA00900191E1E7C04647
:10063000642F0020B9B90010F0B54E465746DE468B
:10064000C0B52F4F82B0050089463E0000240092BD
:10065000019303E001342836402C30D03378002B4E
:10066000F8D030002900203809F0DCFC0028F1D156
:10067000A3009A46234B9B4653464A461B19DB0070
:100680005B441A74002A15D09869002801D002F042
:1006900065FF0A9B002B30D00A9808F04DFB230021
:1006A0005344DB005B44986102B0E0BCBB46B246F9
:1006B000A946F0BD0099019A9961DA61F4E7002436
:1006C00003E001342837402CEED03E78002EF8D1DC
:1006D000A3000C4A9A461B19DB00934619005944A3
:1006E0000B0029001D000F22180007F06BFA2B00E9
:1006F000012220331A70AE61BEE7034B0A93CBE7A9
:10070000881B0020681B002010B00010F0B5CE46FA
:10071000474680B5404C89B023681A78002A0BD030
:1007200008203E4DA95C084201D1202A11D801338E
:1007300023601A78002AF5D10D20394C01340AF0D3
:10074000FBFB20780028F9D109B0C0BCB946B046FF
:10075000F0BD3449E94688460826222A3BD1591C77
:1007600021605B78002B09D118E04B1C23600878CE
:100770000AF0E2FB21680B78002B0FD0222BF4D17A
:100780004A1C22604B7807E0E95C0E4201D1202B25
:100790000DD8013222601378002BF5D10D20204CAA
:1007A00001340AF0C9FB20780028F9D1CCE72C2BC2
:1007B00027D03B2BF2D1531C23605278002AEDD076
:1007C000A95C0E4201D1202AC7D8013323601A78D0
:1007D000002AF5D1E2E7FFF7A3FD0B000200414636
:1007E000484604F01FFB4B4618784F46002805D0BA
:1007F00001370AF0A1FB38780028F9D12268137874
:10080000CAE72020084F01370AF096FB3878002805
:10081000F9D12268CFE7C046642F0020B9B9001093
:1008200008B0001014B000100CB00010F0B5C646AF
:1008300000B53F4908250B683E4C1A7896B0002A4F
:1008400009D0A05C054201D1202A04D801330B60F5
:100850001A78002AF5D102A800268046072707E06B
:100860000E2E02DC40468255013601330B601A78A9
:100870003D00A05C05400742F2D1242AF0D040465A
:1008800085551A780826002A09D0A05C064201D1B5
:10089000202A11D801330B601A78002AF5D1FFF70E
:1008A0003FFD0B000021020000914046FFF7C4FE0F
:1008B00016B080BCB846F0BD18003D2A04D1581CC3
:1008C00008605A78002AEAD00826A35C1E4201D1AB
:1008D000202A05D8013008600278002AF5D1DEE729
:1008E000222ADCD11726421C0A60447800236E4479
:1008F000002C0AD10BE03F2B09D001320A600133F2
:10090000C45CF4541478002C01D0222CF3D10024C0
:1009100006A8C4541378222B01D101320A6000903A
:100920000022002301214046FFF786FEC0E7C046B3
:10093000642F0020B9B90010F0B5C64600B5C44C0C
:1009400094B0206002780700002A0DD0030008262A
:10095000C04D511C695C0E4201D1202A08D80133D8
:1009600023601A78002AF4D114B080BCB846F0BDD8
:1009700004208046084200D0E4E00135AA5C16421B
:1009800000D07FE16F465A1C22601A783A705A787C
:10099000002A00D188E1AA5C164200D084E19A1CAA
:1009A00022605A787A709A78002A00D17EE1AA5C97
:1009B000164200D07AE1DA1C22609A78BA70DA78AE
:1009C000002A00D174E1AA5C164200D070E11A1D21
:1009D0002260DA781979FA70002900D16AE10822D8
:1009E0009D4D685C024200D064E139715979581D0F
:1009F0002060002900D16CE1685C024200D068E10F
:100A000079719979981D2060002900D163E1685CB3
:100A1000024200D05FE1B971D979D81D2060002968
:100A200000D15AE1685C024200D056E11800F97129
:100A3000197A08302060002900D150E1685C024238
:100A400000D04CE11A003972597A0932226000292B
:100A500000D146E10822685C024200D041E1180062
:100A60007972997A0A302060002900D13DE1685CF2
:100A7000024200D039E11800B972D97A0B302060F7
:100A8000002900D12FE1685C024200D02BE1180060
:100A9000F972197B0C302060002900D1F5E0685C08
:100AA000024200D0F1E018003973597B0D3020600C
:100AB000002900D11BE1685C024200D017E11A0056
:100AC0000E3222609A7B7973002A00D111E1A95C71
:100AD000090700D50DE10F3323600F23BA730022FD
:100AE00038005E49FA5408F0CDFC002827D03800C1
:100AF0005B4908F0C7FC00287CD03800594908F051
:100B0000C1FC00284ED1C823574D5B01EE1803E00D
:100B10004035B54200D127E728782C000028F7D0CF
:100B200001340AF009FA20780028F9D14F4C0D3031
:100B300001340AF001FA20780028F9D1E8E7FFF73C
:100B4000E5FD11E7180009F043F941462268013537
:100B500013788446EE5C314208D00420511C216099
:100B60000B780A00EE5C01313042F8D1002B0FD037
:100B70000821394D013200E0EE5C314202D1202BD8
:100B800000D984E022600132531E1B78002BF3D180
:100B90006346632B00D9E7E6624690010022324BA0
:100BA000C254E1E63800324908F06CFC002824D138
:100BB000C8232D4C5B01E71804AB98460425264E4C
:100BC00003E04034BC4200D1CEE62378002BF8D0BD
:100BD0002100404609F016FA43461B784046F35C74
:100BE0001D4204D043780130F35C1D42FAD1FFF777
:100BF000A3FEE6E7FFF71AFEB6E638001D4908F047
:100C000041FC002811D1A0231B4C1B01E51802E078
:100C10002834AC4250D0237C002BF9D02378012B10
:100C2000F6D1A06802F09AFCF2E73800134908F008
:100C300029FC00285FD03B78002B00D194E653209C
:100C40000F4C01340AF078F920780028F9D18BE6AE
:100C5000642F0020B8B90010B9B9001028B00010F6
:100C600030B0001034B00010C433002008B00010C1
:100C70003CB0001040B00010781B002044B00010C1
:100C800018B0001000236F4629E70C2327E76346BE
:100C9000632B00D968E663469801184B3F22390060
:100CA000C01806F08FFF5FE6012318E7022316E75E
:100CB000032314E7042312E7A022002112011048A5
:100CC00002F058FCC822002152010C4802F052FCEC
:100CD0004AE6052303E7062301E70723FFE6082387
:100CE000FDE60923FBE60B23F9E60A23F7E60D23CD
:100CF000F5E60E23F3E60AF03FF935E6C4330020AB
:100D0000681B0020F0B5CE464746C82280B50021BA
:100D100091B05201294802F02DFCA0220021284860
:100D2000120102F027FC5020264C01340AF004F98D
:100D300020780028F9D1244B6E469946234B244F46
:100D400098463E204C4601340AF0F6F820780028F8
:100D5000F9D100250AF0E8F804000D2811D00A287E
:100D60000FD008281CD07F281AD00AF0E5F86B1C99
:100D700074553E2D20D01D000AF0D6F804000D2831
:100D8000EDD100230D20444675192B7001340AF073
:100D9000D3F820780028F9D13000FFF7CDFDD0E757
:100DA000002DD7DD08203C00013D01340AF0C4F8D5
:100DB00020780028F9D1CDE73F25E2E7C4330020B1
:100DC000681B002048B0001060B0001008B0001090
:100DD000F0AF001010B504F0BBF9FA20C00000F02D
:100DE000F1FEFFF78FFFC046094A83009A1810B53D
:100DF00014684022544080322240064CC000A44671
:100E000063441A60044B9C466044416010BDC04678
:100E100004C0014004D00140004001408023DB05B4
:100E20001868000F7047C0460FB400B5084883B07B
:100E300004F0E0F9049B002B07D005A918000191EC
:100E400004F026F8034804F0D5F9012004F038F83E
:100E500064B0001074B0001070B5EFF3108C72B66F
:100E60000D4D2B68002BFCD0BFF35F8F0724CB0800
:100E7000C618C05C01230C40A3401C000440034280
:100E800007D118433070BFF35F8F2C608CF310884C
:100E900070BD1000FFF7C8FF2C0100D0F8B5474621
:100EA000CE46884680B5EFF3108C72B61C4D2C6888
:100EB000002CFCD0BFF35F8F9A4222D80721012675
:100EC000894602E00132934218D34D46370015405F
:100ED000AF40D4080119045D2742F3D110003C4310
:100EE0000C70BFF35F8F00220D4B1A608CF31088DB
:100EF00000280EDBC0BCB946B046F8BD0120404218
:100F0000EFE7BFF35F8F00232B608CF31088012085
:100F100040424346002BEDD00898FFF785FFC046BE
:100F20002C0100D0044A1078431CDBB2172B00D9E7
:100F3000102313707047C0463010002010B5064BC8
:100F4000064C82B00100009318221F232000FFF7F7
:100F5000A5FF02B010BDC04678B00010342F0020AD
:100F60000021044B044ABFF35F8F02C39342FAD1BE
:100F70007047C046000100D0800100D0054B064AF2
:100F80001360064A136053609360D360136153612A
:100F9000936170478080808000E400E004E400E01A
:100FA0001F2318401E3B8340002905D0C021044A5E
:100FB0004900535013607047802201498B50FAE773
:100FC00000E100E001228240034B1B6813405A1EDF
:100FD0009341D8B27047C04600E100E0012383404E
:100FE000014A13607047C04600E200E0064B103033
:100FF0009B688000C358054A00209B1A2F229A4202
:101000004041C0B27047C04600ED00E034100020FF
:1010100070B50D00EFF3108672B60F4A1368002BFF
:10102000FCD0BFF35F8F0D4B10309B6884001B59C1
:101030000B4A934203D09D4201D001F0ADF9074B1A
:101040009B681D51BFF35F8FBFF35F8F0022024B80
:101050001A6086F3108870BD240100D000ED00E016
:10106000C1010010F0B557464E46DE464546E0B594
:1010700085B0060000911700EFF3108B72B66A4A34
:101080001368002BFCD0BFF35F8F0025674B5D57C3
:101090009A46002D00DAA9E06B00654C01935B19BC
:1010A0009B009846A146C1444B4652469B79103658
:1010B0001370604BB6009B6899590B1B2F2B33D9CB
:1010C0005D4B994200D0ACE0019B42469C465B4B95
:1010D0006544AD0063535A4B0232A218043B9B1A7D
:1010E0001B05584A5B0D651913436B80564B012154
:1010F000AB80FF23AB71009BEF71AB604B460B43A2
:1011000019004C4B9B689951BFF35F8FBFF35F8F02
:101110000022454B1A608BF3108805B0F0BCBB462B
:10112000B246A946A046F0BD01200A008243D37909
:101130008C46BB4231D84546130044491B1B5B41DA
:101140005943090D3D4B63533D4B02356519043B33
:101150005B1B1B053B4D5B0D2B43AA464D466B802D
:101160000425AC465546E044131F44441B1B1B0595
:101170005B0D1D434B46997100999D8099604946CE
:10118000DF71334B01431360BBE75800C018800088
:101190002018C179B9422FD902000623D356002B5B
:1011A000F3DA02932B4B61460393131D9A460423F3
:1011B0005B429C46E14450464B461B1A1B055B0DA7
:1011C0009C46204B95719846634640460343938066
:1011D000019B5A199200039BA418A380029B1C4AEE
:1011E000A371009B2260E771A3608AE701F0D4F845
:1011F000002553465D574FE7908802934005131D25
:101200009A46031561469C464046D44463460430E2
:101210002018181AE0230005400D1B021843039004
:10122000C5E701F0B9F84FE7240100D0F94C0020E0
:101230003410002000ED00E0C101001000A1FFFF0C
:101240006410002000E0FFFF01BDFFFFAAAA00001C
:101250000148804701BD0000F0B5DE4657464E46C6
:101260004546E0B50C0083B0EFF3108872B6634AD0
:101270001368002BFCD0BFF35F8F614B61499A6804
:10128000030010339F00D55901938D4243D0A542EE
:1012900054D05D4EAA1B2F2A3DD85C4B9B461B6841
:1012A000994601231A009C4682404B4613401F2258
:1012B00099466346024093409A4680225B465046D8
:1012C0009850BFF35F8FEFF305839B46002B37D019
:1012D000019B5B4501D001F05FF801232A009A438E
:1012E0009068844208D176E04B005B189B00F318AD
:1012F0009868844236D01A00062151560029F3DA44
:10130000844254D04B46002B27D0C02251463F4B3D
:101310005200995019603A4B9B68DD51BFF35F8FC3
:10132000BFF35F8F0022354B1A6088F3108803B03B
:10133000F0BCBB46B246A946A046F0BD0D00EAE7A8
:101340002A0063469A4390688442D5D106201056FD
:10135000130000280ADA0D0031E0802351462B4AA1
:10136000D150D8E706201856002821DB420011187A
:10137000890074188B46A1689960E179D9710621BA
:1013800061569971002924DBA488F11A640524159B
:101390005C44091909051E4C490D21439980131815
:1013A0001C4A9B001178F31899711070AAE713007A
:1013B0005946002914D1FF3191711749918015497F
:1013C0000A789A71154A9B1B5B415A43120D0A70A9
:1013D00098E71149E2E70620105613000028C5DA05
:1013E0000F4A1049D21A083A5002400D0143998021
:1013F0000D4952080A43DA8084E7C046240100D030
:1014000000ED00E0C10100103410002000E100E018
:1014100000E0FFFFF94C002001BDFFFFAAAA000079
:101420006E10002000F0FFFF00F8FFFF70B50124F0
:101430000443EFF30581EFF3108C72B6214A136871
:10144000002BFCD0BFF35F8F1F4B05001F4AED1A26
:101450006D416A43120D1E4D8900AE6852B2765836
:10146000A6421CD00621595691421CD01221595631
:10147000914222D01E215956914220D02A215956FC
:101480000324914210D0134B19781A708171BFF365
:101490005F8F00220B4B1A608CF3108870BDAB6815
:1014A0000D4C5C50EFE700246100091989005B18BE
:1014B000FF21997109499980E5E70124F4E70224A5
:1014C000F2E7C046240100D034100020AAAA000090
:1014D00000ED00E0F94C0020C101001001BDFFFF4C
:1014E00010B5084B084C82B0010000930022052380
:1014F0002000FFF7D3FC002801DB1F23181A02B0DD
:1015000010BDC04694B00010FD4C0020024B9C461C
:1015100061448900016070474000003470B5114C8F
:10152000114DAC420FD2FF262368002B0CD0FFF7E1
:10153000F9FC01002000FFF7E9FFA680BFF35F8FF1
:101540000834AC42F0D370BDFFF7ECFC0100200082
:10155000FFF7DCFF2671BFF35F8F0834AC42E3D3A3
:10156000F1E7C046D8170020E017002010B50400AE
:10157000FFF7D8FC01002000FFF7C8FFFF2323710D
:10158000BFF35F8F10BDC04610B504000120FFF708
:10159000D5FC034BC3189B002360BFF35F8F10BDC6
:1015A00040000034034B9C46614489000160BFF356
:1015B0005F8F7047400000340A4B1968EFF31080CA
:1015C00072B60A68002AFCD0BFF35F8F1B68BFF3B6
:1015D0005F8F00221A6080F3108840BF0020002136
:1015E0007047C046D04C0020F0B5DE4657464E4608
:1015F0004546E0B587B0EFF30583032201251A4085
:10160000954091008846A946B34B03925C58B34B72
:101610001D60B34B04934B46B24843630823E55E19
:10162000002D37DAA3881BB2002B00DBADE0A379D5
:10163000002B00D0EEE00823E05E002820DB430012
:1016400062691B18DB00D3189E68DD68731C00D12B
:1016500011E1A44801004144826A0B69B71A9B1A40
:101660009F4215D30123026A039883401A420FD088
:101670009C4800F0B5FB8D4202DCCCD18642CAD931
:1016800040BF07B0F0BCBB46B246A946A046F0BD7D
:101690000E61EDE762696B0092465B19DB009A44CC
:1016A00053469E68DF6800F09BFB8F42BADC00D196
:1016B00003E1002F00DAE8E05246534652691B6905
:1016C0009346049A934200D1D9E052460821605EC5
:1016D00052880004594610439847009001910099A0
:1016E000019A0B001000134300D1CEE013000A0052
:1016F000B61A9F41002806DB7A4800F071FB009E75
:10170000019F36184F4153469E60DF6000229A5E6B
:10171000002A00DA86E7530099186069C900411869
:1017200002938B68C9689B46B94200DD7AE702D113
:10173000B34200D976E708239C46A4440595654644
:101740002281A446029B2C0006E053009918C90090
:1017500041188D68C968AB469B18DB00C318B942B5
:1017600006DC00D1B3E01C000023E25E002AECDAC4
:10177000230064469C4653461A806346059D1D809F
:10178000A3881BB2002B00DA51E72269EFF3108126
:1017900072B61368002BFCD0BFF35F8F0123A788BC
:1017A0005B42A3803FB22369BFF35F8F00221A60C0
:1017B00081F31088002F00DA39E723000833220074
:1017C0009A4666697B00DB19DB00F318996850467E
:1017D0008C460824115FDD68002910DB029306E0C7
:1017E000AB4244D00023E15E2000002906DB4C0020
:1017F0006418E4003419E368AB42F1DD029B078012
:1018000000201F5E1980002FDCDA1400A379002B62
:1018100000D110E70023A37126000823E15E0836FB
:101820004B1C00D12CE70800A246656902E03E008F
:101830004B1C1AD04B005B18DB00EF180A008C46DB
:10184000E95E7B881BB2002BF1DA01235B42DC17D7
:10185000BB60FC60824205D0534631801B893B80CF
:1018600053461A8160464B1CE4D15446E5E6A36812
:101870006345B7D9C2E76B1C00D0EAE6F8E65B46E1
:1018800058461B69984700281BD153461B8822697C
:101890002381EFF3108372B611680029FCD0BFF3E7
:1018A0005F8F514662880A8022696580BFF35F8F2F
:1018B0000021116083F31088B4E6864200D8F8E670
:1018C000B0E65B461A685B680092019307E7B34590
:1018D00000D848E74CE7C046B43300203C700540D0
:1018E000E91500100040054070B52E4C2569002D0B
:1018F00004D00A212C48FFF709FE70BD2B4E0321AE
:10190000300000F063FAE660FFF70CFB284B03227F
:101910009C46D02322701B061B6801216370254B57
:101920006044A3600F23800020610220638063690C
:101930004942A18019800231198647311D835852CE
:1019400018315A5275325C39995218320131995214
:101950001832013199521832013199520835183232
:101960009D5202311832995218320131995218326F
:10197000013199521832013199521832013199527C
:101980001832013199520C4B0C49DC600130356240
:10199000FFF73EFB01210320FFF702FB084B1D6010
:1019A000A7E7C0467C100020D04C00200040054036
:1019B00040000034FFFF1000B4330020E915001090
:1019C00038600540004870477C100020F8B51F00C3
:1019D00008AB1B7804001600002B08D100F008FAB1
:1019E00032003B00121A8B41002B00DA52E02269D0
:1019F000EFF3108072B61368002BFCD0BFF35F8F3B
:101A00000223E15E63694A005218D2009B182269E2
:101A1000002936DB1D886580BFF35F8F00251560C8
:101A200080F31088069A9E60DF601A61079A5A61F7
:101A30005A8801325204520C101C002A1FD082B264
:101A40005880080410432669EFF3108772B6326895
:101A5000002AFCD0BFF35F8FA2881A80A18023697F
:101A6000BFF35F8F00221A6087F310880A4923783A
:101A70008C4601329A40E36863441A60F8BD012045
:101A8000DDE7BFF35F8F0023136080F31088012030
:101A90004042F3E70020F1E73C20000070B5010070
:101AA0000469EFF3108C72B620680028FCD0BFF3F5
:101AB0005F8F02200D5E4C6968004019C000241839
:101AC0000869002D36DB26884E80BFF35F8F002625
:101AD00006608CF31088E36063880498013320610A
:101AE0005B0405985B0CA26060611A1C002B1FD080
:101AF00093B22804628018430A69EFF3108C72B61F
:101B00001368002BFCD0BFF35F8F8B8823808D8000
:101B10000B69BFF35F8F00221A608CF310880B787B
:101B200001329A40CB6808498C4663441A6070BD04
:101B30000122DDE7BFF35F8F002303608CF3108881
:101B400001204042F3E7C0463C20000010B5438925
:101B50000A1493421ADD53009B184269DB00D31824
:101B60000469EFF3108C72B62268002AFCD0BFF330
:101B70005F8F5A88090494B2090C8A4208D003691D
:101B8000BFF35F8F00221A608CF31088002010BD15
:101B90008022120214435C80012302698371BFF327
:101BA0005F8F002111608CF31088044902788C4605
:101BB0009340C268012062441360E8E73C200000C3
:101BC00040787047F0B5C64600B582B0040000F01A
:101BD0000FF9FA2206000F002000002300219200D6
:101BE00001F01EFC8019794104000D1E02DA012467
:101BF0002E4D644206267642F71736196F41AF42E2
:101C000014D811D000F0F4F832003B00121A8B41C6
:101C1000002B15DC002B46D02000290000F026F90F
:101C200002B080BCB846F0BDA642EBD90026002722
:101C300000F0DEF832003B00121A8B41002BE9DD88
:101C400000F0D6F832003B00121A8B41002B0ADB61
:101C500000230193164B3200009316483B00FFF718
:101C60001DFF0130D8D000233900B0469C46124AEF
:101C70001248536A994204D8966A4645CCD2994292
:101C8000CAD10668EFF3108772B63368002BFCD018
:101C9000BFF35F8F0368BFF35F8F66461E6087F3F5
:101CA000108820BFE5E7002AB6D0C9E7FFFFFF7F15
:101CB000B91500107C10002000400540D04C0020D9
:101CC000F0B557464E46DE464546E0B506000F00E5
:101CD00085B0EFF3058399468B46002B12D0384927
:101CE00000204B6ABB4206D38A6ADB1B591E8B411C
:101CF000B2424041184305B0F0BCBB46B246A946CB
:101D0000A046F0BD2F4B9A46DB68984653461B7899
:101D10004046039300F064F84246039B04000433FA
:101D20009B009B580D001B1A39003000001BA94175
:101D3000894510DC0DD020BF214A0020536A5B4545
:101D4000D9D3926ADB1B591E8B41B24240411843E2
:101D5000D1E78342EFD900F04BF832003B00121A72
:101D60008B41002B1ADB00230193174B32000093A9
:101D700050463B00FFF792FE011E0FDD104B5A6AE2
:101D80005A451BD39B6AB34216D35046FFF7DEFE7B
:101D90000B4A0020536A5B45ADD3D2E7084A0020C6
:101DA000536A5B45A7D30020926ADB1BB2424041D5
:101DB0005A1E934118439EE75A45E6D120BFE4E7F7
:101DC000004005407C100020B915001010B5024AF3
:101DD0000248FFF741F810BDB0B00010382F0020C6
:101DE0000300416A0A00986A596A8A42FAD1704728
:101DF000034B596A0A00986A596A9142FAD17047AE
:101E00000040054070B504000D00174A536A1900E0
:101E1000966A536A8B42FAD13000190024184D415A
:101E2000AB4216D813D0104B2A005B6A9D4203D9EF
:101E30000D494B6A9342FCD3934207D10A4A02E010
:101E4000516A994202D1916AA142F9D370BDA6426A
:101E5000E9D9054B5B6A1C005A1CEFD00122012412
:101E60006442E5175242E3E700400540064A536AE0
:101E70009942FCD807D1044B02E05A6A914202D140
:101E80009A6A9042F9D8704700400540F8B50400BE
:101E900006200D0000F078F9002844D0374B38496F
:101EA000E3185A1E93418022120494465B429B0D14
:101EB000344A9B0563441360334A136018000A6870
:101EC0009043FBD12D4B314AE31859424B418021BD
:101ED0005B0049000620995200F056F92900C00025
:101EE00000F0ACFB0130C3091ED140270122626221
:101EF000A362266BF30722D4E36A254B0620E5187C
:101F000000232B60266300F03FF93900800000F0C9
:101F100095FB7023E26A5A400E3313402B601D4B31
:101F200023630323A364F8BD1B4A93421ED90023F5
:101F30001A4A1B4F6262A362266BF307DCD5194B6A
:101F4000144AE3181A60656AA36A0620AD01ED1809
:101F500000F01AF9144900F071FBAD0201002800ED
:101F600000F06CFB0021FFF74DFFC5E74006800E37
:101F70009F011A003F180300B9E7C0460080FCBF6C
:101F800008C0004000E0004000F00040DC4C0020B1
:101F90002C10000001030000FEFF0000FFFF000006
:101FA000C0FF3F00303000004E0E0000F8B5DE46A6
:101FB0004E4657464546E0B58B4605000A9918003F
:101FC000160000F03BFB0A9B6C001F02324B6419A9
:101FD0009C46A4006444636881469F4200D96760C0
:101FE0002B1FDBB29846012B30D9C02380229B01E6
:101FF000E31812011A60294BAD0059599A4600297D
:102000001BD17301E026226853401E4080234246C4
:102010005B01E3181E60012A30D9802380229B01D6
:10202000E31812011A6053464A4667605A51F0BCE1
:10203000BB46B246A946A046F8BD586900F0FEFA74
:10204000013043001B18033BFDD2DAE75B46012B4E
:10205000CBD1C02303229B01E3181A60023AA36884
:102060001A42FCD07301E0262268AD0053401E40A6
:1020700080230A4A5B019246E3181E605A46216893
:10208000514003220A401A6001225B469A40A3682D
:102090001A42FCD0C1E7C046008000403C2F00201F
:1020A000F0B546464F46D646C0B51F00344B4400F7
:1020B0009C462418A4006444636888461600FF2BDD
:1020C00002D880235B006360031FDBB29A46012BBA
:1020D00030D9C02380229B01E31812011A60294BDA
:1020E00085005959994600291BD17301E0262268C1
:1020F00053401E40802352465B01E3181E60012AB4
:1021000030D9802380229B01E31812011A608023BA
:102110005B0063604B465F51E0BCBA46B146A846DF
:10212000F0BD586900F08AFA013043001B18033BE8
:10213000FDD2DAE74346012BCBD1C02303229B011A
:10214000E3181A60023AA3681A42FCD07301E02631
:102150002268850053401E4080230A4A5B01914655
:10216000E3181E6042462168514003220A401A606B
:10217000012342469340A2681342FCD0C1E7C04607
:10218000008000403C2F0020014B8000C058704769
:102190003C2F0020F8B5040021481E0017000D0058
:1021A00000F04CFA0100380000F048FA069B3604B3
:1021B0001B031E432368002B20DB1A4B1A49E3182C
:1021C0005A1E93418022920194465B421B0B174A90
:1021D0001B0363441360164A13601F000A68974389
:1021E000FBD1144B2560E2182123A0601360236803
:1021F000002BFCDA0823E6601360F8BD3F23226859
:102200001340AB42D9D1A3681B051B0D8342D4D127
:10221000EE22E368D2021340B342CED1EDE7C046CE
:10222000001BB7000040FDBF08C0004000E00040B8
:1022300000F000400430000010B580241C4BE40581
:102240001C6000281AD001231A4C18431A4BDC6179
:102250001A4C44401C62596298628021144BC90593
:102260001960174817490860E021C9041960002A5D
:1022700007D18022144B12061A6010BD0E4BD86194
:10228000EBE753019B1A9B009A18802312015B0411
:102290009A4209D213000D490B60074B5A60802205
:1022A000094BD2051A60E8E7094B1A00F3E7C0466C
:1022B00000B00540D3C007B0008005402D3FF84F67
:1022C000FCFF01000820014000A00540A4330020CD
:1022D000FFFFFF008023024A9B000B43D36270473D
:1022E00000800540002310B50100988A1B8B984799
:1022F00010BDC046162310B50100188802331B8894
:10230000984710BDF8B54746CE4680B50F1E18D089
:1023100014239946043304000025012698464B46B1
:102320001888434621681B88984701C4431E98417A
:1023300001350640AF42F2D13000C0BCB946B046CC
:10234000F8BD0126F8E7C046002370B504000D0073
:10235000988A05491B8B984703000020002C01DB5D
:102360000130A0402900984755420000AA23064AA0
:102370001B0113608D235B00D3600449044B19607B
:102380005368002BFCDA70470040024000B0FA00AE
:10239000006002407047C04610B50148FEF744FD9A
:1023A000D4B0001070B5074D074EB54209D20024D5
:1023B000013E761BB60808CD984723000134B3428E
:1023C000F9D170BDA8AF0010E4AF0010054B064A6C
:1023D00006491A60064A074B1A6010000B689843BA
:1023E000FBD1704700E00040BFCDFBFE08C00040BD
:1023F000FE7F3C0000F00040044BDB6C002B03D15F
:102400008022034BD2021A607047C0460000115070
:102410004C201150044A054B1A60054A1368DB0131
:102420008033FBD17047C046FFFFFF0100F0004042
:1024300008C000404022034B9A675A671A67DA6661
:102440007047C04600F0014010B5FEF789FD10BD91
:10245000F8B52749274C284D641AA6103200302EB3
:1024600000D930222800920001F08AF8BC2C3BD819
:1024700030202F232C196407204A801BE40F9B1B5C
:10248000052B16D93700002C02D0B300771CEA5078
:10249000001B33199B004108EB18C900C9181A60CA
:1024A0005A6008339942FAD1012303421CD0984361
:1024B000C619B300EA50731C2F2E15D09B00EA50AA
:1024C000B31C2E2E10D09B00EA50F31C2D2E0BD0E7
:1024D0009B00EA50331D2C2E06D09B00EA50731D42
:1024E0002B2E01D09B00EA50054B9D60F8BDC046E5
:1024F00000010010C001001000000020C101001008
:1025000000ED00E0002310B5294C82B0A367FFF76F
:102510002DFF0122274B1A60636C012BFCD1032293
:10252000254B1A60224A936B012BFCD10133009397
:102530000121224A22480433FFF72CFE0523012102
:102540000093204A2048FFF725FE002202210420A4
:102550001E4BFFF7A5FD0022012105201C4BFFF7B4
:102560009FFD0022002107201A4BFFF799FD002252
:1025700000210820174BFFF793FD8023DB00009319
:10258000002200210920134BFFF710FD0022104B01
:1025900000210620FFF784FD0420FFF7F5FD0E491A
:1025A00000F04CF801000020FFF794FE02B010BDCF
:1025B000008000403CB0004030B00040002F68591F
:1025C00000800240008C864700C00240001BB7001C
:1025D00040597307006CDC0240420F00014804219F
:1025E000014B1847A010002005230010124A936FDA
:1025F0009B0815D29066D166002905D0FFE7FFE75A
:10260000FFE7516F106F704704B580210906C217AC
:102610005140002800D0C84308F06EFC002104BDE2
:10262000F0B5146E556E576F166FFFF7E3FF146623
:10263000556657671667F0BD000000D0114A936FCA
:102640009B0813D210665166002905D0FFE7FFE70B
:10265000FFE7516F106F704704B5002801D00020CC
:10266000C04308F049FC002104BDC046F0B5146E1B
:10267000556E576F166FFFF7E5FF1466556657677F
:102680001667F0BD000000D094464A4A926F920847
:10269000624601D228E0C046F0B5464E346E756EF3
:1026A000776F366F00F020F89446424A14665566FC
:1026B000576716676246F0BD94463E4A926F92088D
:1026C000624601D254E0C046F0B53A4E346E756EA3
:1026D000776F366F00F04CF89446364A14665566AC
:1026E000576716676246F0BD002B24DB11D0002926
:1026F0003EDA00B5C943404200D1013100F038F85C
:10270000C943404200D10131DB43524200D1013381
:1027100000BD002AEBD1002801D1002905D00020FE
:10272000C90FC90701D1C043410800B508F0DCFB5F
:102730000022002300BD00B500290ADBDB43524222
:1027400000D1013300F014F8C943404200D10131F7
:1027500000BDC943404200D10131DB43524200D1A8
:10276000013300F005F8DB43524200D1013300BDD4
:10277000002923D1002B18D1002A0CD0BC460D4FC4
:1027800038667A6600210023FFE7FFE7FFE77A6FEC
:10279000386F67467047002801D00748010000B530
:1027A00008F0A2FB0022002300BD02000B00002065
:1027B00000217047000000D0FFFFFFFF002B00D07A
:1027C000BFE0130C28D1002AE7D080B4114F39663E
:1027D0007A66FFE7FFE730B4040C7B6F396F1B04A8
:1027E00023433B667A66FFE7FFE7FFE7C04684B214
:1027F0007B6F3D6F1B0423433B667A66FFE7FFE771
:10280000C04600232C042D0C7A6F386F00196941E3
:10281000B0BC7047000000D0F0B594460025140EFF
:1028200001D112020835140F01D112010435940FA1
:1028300001D192000235D40F01D152000135D40BE1
:102840000134254F7C66254C3C660E0C93B2FFE7A5
:10285000FFE7FFE73C6F6643360C7703BE467343E2
:10286000DF0B5B04C01AB941130C7343DB18C91AA0
:10287000CE086643360CB64493B273431F0F1B0158
:10288000C01AB941130C73431F0B1B05C01AB94181
:10289000860D8F023E436643360C092D24DB520A17
:1028A0007243801A7703460A6643360C16235B1B75
:1028B000DE40DF40BF1964466643821B7046043524
:1028C00006330100D940A840C01900D30131A2420B
:1028D00006D20023F0BD0000000000D0FFFFFFFF84
:1028E000121B0130F3D3F1E709277F1BFE4064463A
:1028F000A2B27243801A00D20139220C7243130C27
:102900001204821A99410B007046043513370100F6
:10291000F940A840801900D30131002B02D1A24216
:102920000AD2F0BD013000D30131121BFAD2013BB3
:10293000F8D1A24200D2F0BD013000D30131121B08
:10294000F7E7F0B51C0C00D080E00CB400251C0AA1
:1029500004D11B02160E3343120208351C0B04D19E
:102960001B01160F3343120104359C0B04D19B004D
:10297000960F334392000235DC0B02D192185B4173
:1029800001351C00971864410134464F7C66464C63
:102990003C660E0CFFE7FFE7FFE7C0463C6F66436F
:1029A000360C7703BE4697B27743C01B00D201397D
:1029B000C01B00D201399FB27743C91BC91B170C3A
:1029C00077437E04FF0B801BB941CE086643360C6B
:1029D0000C2D33DBB644120B1F053A431B0B97B289
:1029E0007743C01B00D201399FB27743C91B170C34
:1029F00077433E043F0C801BB941860D8F023E4356
:102A0000664329277F1BFE400C3D7746AF40BF1928
:102A100030BCA2B2ABB272437343801A9941220C0C
:102A20007243130C1204801A994102000B00013703
:102A3000001BA941F9D2781E0021F0BD0C277F1B95
:102A4000FE4077467F0BAF40FF19E0E700245D1C96
:102A500007D0144F7D663966FFE7FFE7FFE7FFE722
:102A60003C6F95B29EB265436643401BB141150C65
:102A70001E0C6543664336042F0C3E432D04401B59
:102A8000B141994204D202000B0020000021F0BDA8
:102A900001D19042F7D3801A994101349942F2D37F
:102AA000F6E70000000000D0FFFFFFFF4840414074
:102AB000484018B41B4B5B68FC46019308BD04DF1B
:102AC000EF2D001018B4174B1B68FC46019308BD8E
:102AD00000DFF92D00109446134A926F920809D234
:102AE000624618B40F4BDB68FC46019308BD0CDF4F
:102AF000B13000100C4AF0B5146E556E576F166F5A
:102B00006246FFF7EEFF084A146655665767166778
:102B1000F0BD18B4034B9B68FC46019308BD08DF69
:102B2000552F001068190020000000D0FFB550405C
:102B30004240504059404B40594000E0FFB5154FCE
:102B40004C00640D03D0BC4204D10C0314D8002007
:102B5000090D09055C00640D03D0BC4204D11C03BF
:102B60000AD800221B0D1B0501264B4009D44B40FF
:102B700003D58B4200D18242FFBD9942FCD19042E5
:102B8000FFBD0B43DB1803431343F5D0C94349187A
:102B9000FFBD0000FF07000000B5FFF7CFFF01D029
:102BA000002000BD012000BD00B5FFF7C7FF804138
:102BB00000BDC04600B5FFF7C1FF01D9002000BD30
:102BC000012000BD00B5FFF7B1FF01D9002000BD15
:102BD000012000BD00B5FFF7A9FF804100BD012025
:102BE00040054A00121804D85A00121801D80020D3
:102BF00070470120704700000021002805D1704770
:102C0000C1174840401AFAD0C90713B5064B1B68D4
:102C100098470CBC441CA2401005120B0349091B29
:102C200009051943114310BDCC4C00201F040000BE
:102C300010B54C00620D8023D218DB00D21A5B0560
:102C40007E2A10DD9E3A13DACC170903490819438E
:102C50005242D140640001341532202A05DAD040B6
:102C60000843604310BD002010BD0846604310BDFE
:102C7000C80FC018013810BD18B4044B5B6AFC467D
:102C8000019308BD24DF61320010000068190020A4
:102C900018B4044BDB6DFC46019308BD5CDF6D335B
:102CA0000010000068190020C94211D300B5490086
:102CB0004908002200F018F8002904D400224042FC
:102CC0008A41114600BD80210906002000BD000098
:102CD00018B4044BDB6EFC46019308BD6CDF6F3209
:102CE000001000006819002018B4044B9B6FFC46CC
:102CF000019308BD78DF8B320010000068190020B6
:102D000018B4044BDB6FFC46019308BD7CDFF9323D
:102D10000010000068190020132370B51D78012DE4
:102D200019D014DD1F48FFF7E5FA06001E48FFF72B
:102D3000E1FA1E4C80223100200000F021FC022D1F
:102D40002DD01B48FFF7CEFA1A4B186070BD1A4BF6
:102D5000164CA364F5E7184B144C23606360A36022
:102D6000E36023616361A361E36123626362A36241
:102D7000E36223636363A363E36323646364A36421
:102D8000E36423656365A365E36523666366A36601
:102D9000E36623676367A367E367A364D1E7064B32
:102DA000A364CEE753440000534600006819002096
:102DB0004C330000CC4C0020BD2D001007B5604600
:102DC00001880A0A0230DF2AFAD1C9B2820804D384
:102DD000028840880004104300E00068014A505017
:102DE000039007BD681900200FB403BC0CBCF0B5FC
:102DF0000124E407634000E0F0B50C0DCF0F661E20
:102E00003605891B640503D3C943404200D3013111
:102E1000640D03D0661CF60A07D0E41B00207F0077
:102E2000791C89078912803C24031D0DDF0F6E1E5B
:102E300036059B1B6D0503D3DB43524200D30133A0
:102E40006D0D03D06E1CF60A07D0ED1B00227F002B
:102E50007B1C9B079B12803D2D032F1B661B58D4A8
:102E6000A446202E46DA20371400BC401D00BD4089
:102E7000F24033412A4380185941CB0F05D0C94352
:102E8000C043002264425041514162464D0D28D159
:102E90000D0D07D100281FD0241940414941013AA6
:102EA0000D0DF9D0640006D3013000D30131002CA0
:102EB00001D140084000013A0BD4941CE40A04D12B
:102EC00012051144DB071944F0BDD907204B194303
:102ED00000E0D9070020F0BD0029DDD1002CDBD1B6
:102EE000F0BD0132C6074008CD0728434908002E2F
:102EF000E1D0D9E73C2E29DA203E40371400BC400F
:102F000000D00124F24014431A00BB401C43D317E5
:102F1000ACE7AC46202F08DA20360400B4400D00A0
:102F2000B540F84039412843A5E73C2F0CDA203F53
:102F300040360400B44000D00124F84004430800A7
:102F4000B1400C43C117EAE710001900002494E7D0
:102F50000000F07FF0B50C0D661E3605891BE60AF1
:102F60006405640D02D0651CED0A04D00020012127
:102F70000905803C2403A4461C0D671E3F05DB1B8E
:102F8000E70A6405640D02D0651CED0A04D0002236
:102F900001231B05803C24037740644497B484B22A
:102FA00096B27443070C7E43150C6F4380B268439E
:102FB000361802D3012000043F183004350C0019E4
:102FC0007D41844688B29AB250430C0C62431F0C78
:102FD0007C438EB27E43921902D301263604A41993
:102FE0001604170C3618674101BC81B29AB25143DE
:102FF000040C62431B0C5C4380B25843121802D38A
:103000000120000424181004130C401863412D18EB
:103010005E410020474106BC88B293B258430C0C75
:103020006343120C544389B251435B1802D301210C
:103030000904641819041A0C091862416D185641E4
:103040000020474118BCF902720D1143F0026A0DCD
:103050001043ED020A0D03D16D1940414941013B76
:10306000124E9B1B7600B3420ED26D0007D3013087
:10307000002671416646354301D1400840001B05DA
:10308000C918E4072144F0BD0BDA013306D1013041
:1030900004D101314F0D01D04908F2E7E1070020CA
:1030A000F0BD013631050020EBE70000FF03000012
:1030B000F0B51C0D671E3F05DB1BE70A6405640DB8
:1030C00002D0661CF60A04D0002201231B05803CB6
:1030D0002403D0252D060026F6432E661E096E66B3
:1030E000CE0FF619B44649004F0D02D07E1CF60AE9
:1030F00003D000200021403F3F033E1BB600B444F4
:10310000013F7F05C91B49082E6F013676089C02D6
:10311000950D25437543ED137543AD1301356D10C2
:10312000F603761B0CB4CC02450D2C43A2B2B3B20D
:103130005A43270C7B43350C6F43A4B26C431B19D5
:1031400002D3012424043F191C041D0CA4187D4142
:1031500024196D41009A91B2ACB26143170C7C43C3
:103160002B0C5F4392B25A43A41802D301221204DB
:10317000BF182204230C52187B41019C6C431B197D
:10318000520ED9010A434401A01A81B2B2B251438E
:1031900003145A43360C734387B27743D617D219B8
:1031A00000277E4136049B191704160C7F185E41D8
:1031B0007316ED18F301002680337541A90F06D16F
:1031C0006400690AE8055B0A184309D22FE004226B
:1031D000944480337541A90AA8059B0A184326D355
:1031E000404149412404009A019B0D005543641B52
:1031F0004343E41A95B286B27543170C7E43030C21
:103200005F4392B25A43B61802D301221204BF1888
:103210003204330C52197B4152429C41002C02D49F
:103220000022013051414008CA071043490802B04A
:103230006246D7079210084BD218084B9A4203D225
:1032400012058918C919F0BD0020002A01DC3900D7
:10325000F0BD01331905F5E7FD030000FE0700008E
:10326000002200B5203200F010F8080000BD002256
:1032700000B500F00CF8CA179A4200D100BDD8433F
:103280000121C907414000BD00220B150AD410B529
:10329000944600F0A7F81414013400DA0021CB178B
:1032A000144C20470020002170476244343A0CD46B
:1032B0000C2A07DA04009140904052422032D44058
:1032C000214310BDD843D94310BD203207D40C464A
:1032D0009440524220321141D040204310BD08009A
:1032E000C917203203D452422032104110BD1800B9
:1032F000190010BDAB3200104A00520D144BD21A07
:1033000013DDFF2A1EDAD205CB0FDB071A43C300F9
:10331000400F0903490A084310435B0001D301D061
:10332000013070474308FBD2704702D0C80FC00776
:1033300070470A0312130132F8D1420F072AF5D160
:10334000012200E0FF22C80F00028018C00570476C
:103350008003000000210A00002104E000210A008F
:10336000C11704E00022002306E0C0460022CB176C
:1033700058405940C01A994130B5184CA21A00293A
:1033800003D1010010D00020203A4C1512D104D2F4
:10339000013A001849414C0DFAD3114CA24204D213
:1033A00012058918DB07C91830BDD243520D002021
:1033B0000021F5E703D4013A00184941FBD50B324F
:1033C0004405C00A4D052843C90A640003D00024FF
:1033D00060416141E1E7E0D34408F8E732040000CE
:1033E000FE0700000A0DCC0F531E1B05C91A52051B
:1033F00003D3C943404200D30131520D03D0531CC3
:10340000DB0A07D0121B00206400611C89078912A7
:10341000803A1203014BD21A70470000FF030000EC
:1034200051434343C9188C46110C83B24B4310B42B
:10343000040C614392B280B2504362431C041B0CE3
:10344000001910BC59411304120CC01851416144B9
:103450007047000007B548404140484001E0C04681
:1034600007B54200120E03D0FF2A03D1420218D83A
:10347000C00DC0054A00120E03D0FF2A03D14A0234
:103480000FD8C90DC9050122414005D4414001D5DD
:10349000814207BD884207BD0143491801D0C0439E
:1034A000001807BD00B5FFF7DBFF01D9002000BD04
:1034B000012000BD01231B064200D21804D84A0097
:1034C000D21801D80020704701207047132310B58F
:1034D00012481C78FEF70EFF0100012C0AD003DD14
:1034E00080220F4800F04CF80E48FEF7FBFE0E4B12
:1034F000186010BD0A4C5422200000F041F80B4B1C
:103500006365A365E36523666366A366E366236775
:103510006367A367E3672362E361E5E7534600005F
:10352000681A00204C330000CC4C002031350010CC
:1035300007B5604601880A0A0230DF2AFAD1C9B20B
:10354000820804D3028840880004104300E0006829
:10355000014A5050039007BD681A002010B506F0CC
:1035600031FD10BD01480421014B1847B010002067
:1035700005230010014B1B6818470000B010002005
:10358000014B5B6818470000B01000209A4200D23F
:10359000885470477047C046F8B55746DE464E46D9
:1035A0004546E0B599460A9B07009A460D9B88461A
:1035B00093460B9C9B073BD10C9B9C423DD21E1B10
:1035C0000B9415000C005E442A004B460135210087
:1035D0002020B847B542F7D1A0460B9C002C20D044
:1035E000454636195346321B013C185D29004B46AF
:1035F000B847002CF6D12B00350098460D9B9B0751
:103600000FD55B46EC1A0C9BA3420AD94646984656
:103610002A004B46310020200134B847013544458B
:10362000F6D32800F0BCBB46B246A946A046F8BD7A
:1036300016001500002CD3D1E0E716001500002C71
:10364000CED1EEE7F0B54546DE4657464E46E0B5EC
:1036500085B09C4610AB1B78149F934698460F9CF0
:10366000129E139DBB074CD4002D42D1B44248D2C8
:1036700001233B4099460E9B013B9A46302304E0D0
:10368000524601341355A64201D9202CF8D14B469D
:10369000002B00D183E00E9B013B99463023A542CD
:1036A00005D82EE04A4601341355AC4229D0202CCF
:1036B000F8D1FB060CD57B0554D4A64263D0A542B5
:1036C00061D0119B102B50D0022B57D0202C32D11F
:1036D000202301930E9B5A4600930397634602955D
:1036E000FFF75AFF05B0F0BCBB46B246A946A0465C
:1036F000F0BD01233B40994601233B422AD1B4420D
:10370000B9D3FB061CD57B05DBD4002CD5D1119B8E
:10371000102B5BD0119B022B6BD0302301240E9A0F
:1037200013704346002B10D17B073ED52B260E9AF3
:10373000631C1655CDE72300013430260E9AD6546B
:10374000202CC5D04346002BEED02D260E9A631CAC
:103750001655BEE74346002B2FD0013DB44200D2A0
:1037600089E798E7119B102BB2D1BB0637D5202CE7
:10377000AED058230E9A13550134A7E7202CA7D0BA
:103780002300013407E0631E012CC0D0119A102AD7
:1037900031D0022AD1D162260E9AD65496E7FB0682
:1037A000CED57B0500D488E78BE723003E0790D574
:1037B00020260E9A013316558BE70C233B405A1EE8
:1037C0009341ED1AB44200D255E764E7BB060ED42C
:1037D00078230E9A0224137030235370A1E7202C13
:1037E00000D175E778230E9A135501346EE75823FC
:1037F000EFE76033EDE70E9AA61E91464E44BA06F7
:1038000002D55822327098E77822327095E7C04688
:1038100010B5002800D110BD01F0A2FCFBE7C046A6
:10382000F0B55746DE464E464546E0B595B0834670
:103830000F00924698461E9A1F9B10001900209E6A
:10384000FFF7CDF9002800D0EAE11E981F99012268
:10385000C54B5242FFF7A8F9002800D014E11E988A
:103860001F990122C14B5242FFF7B4F9002800D042
:10387000E9E01E981F990022BD4BFFF7ABF9002825
:1038800000D0C8E01E981F990022BA4BFFF78CF9B0
:10389000002800D0BFE01E981F9900220023FFF7E8
:1038A00083F9002800D0E4E000230B93229B5B0502
:1038B00000D406260024302307E0172106AA01348D
:1038C00052181355013E202C01D0092EF5D81E9810
:1038D0001F99FFF7ADF9A84BF2009B181A685B68B7
:1038E000050008920993FFF78BF902000B001E9860
:1038F0001F99FFF7DEF8089A099BFFF70AF906906F
:103900000791FFF7B9F98146FFF776F902000B003E
:1039100006980799FFF7CDF80022984B069007917B
:10392000FFF758F9002800D10DE101239C46E1443E
:103930004846FFF761F902000B0008980999FFF764
:1039400039F9002802D0002399460135002E00D114
:10395000D9E006954D46B94614E006AA94461723C9
:103960000A216344280001341F19FEF767FE303135
:10397000397028000A21013EFEF760FE092D00D8AB
:1039800017E10500202CE8D14F46069D20240CAEFF
:1039900006AA17239446634499465B46B3460693AA
:1039A0000FE04B4628000A210134E618FEF71EFE00
:1039B0003031280031700A21FEF718FE051E00D1B3
:1039C000E4E0202CEDD1069B5E469B460323229A21
:1039D0001340012B18D1219B002B15D00B9B002BE2
:1039E00000D1FDE0219B013B2193202B0CD93023FA
:1039F000219A07E0172006A9013409180B559442B3
:103A000000D3CCE0202CF5D1229B01940393219B81
:103A10000096029322E0229B52460493219B390098
:103A2000039358461E9B1F9C0296009301944346A5
:103A300000F04AF90400200015B0F0BCBB46B246C5
:103A4000A946A046F0BD229B5B070FD403224C4B36
:103A50002299019203912199009302914346524683
:103A600039005846FFF798FD0400E4E70422454B6F
:103A7000EEE71E9A1F9B00200021FFF71AF8012392
:103A80001E901F910B9311E7229B54469B0711D167
:103A9000219B042B0ED9219B55469C465E46043C37
:103AA00064442A004346013539002020B047A5422E
:103AB000F7D1B346344D26002B1F99465B46A346EB
:103AC0001C003200E87843463900013DA04701362A
:103AD0004D45F6D123005C469B46229B04349B0750
:103AE000A9D55346219AE31A9A42A4D95E461500F5
:103AF0002200434639002020B04753460134E31AE0
:103B00009D42F5D897E72800FFF77AF802000B00EE
:103B10001E981F99FEF7CDFF0022184B06900791C3
:103B2000FFF742F80CAE002800D031E7069807995D
:103B30000022124BFFF74EF8002800D028E701239F
:103B400001359D4324E70022069807990B4BFFF7A8
:103B50002BF8002800D0F9E64B46002B5CD101235E
:103B60009C46E144F2E6C046FFFFEFFFFFFFEF7F18
:103B700065CDCD4165CDCDC1C8B400100000E03F9A
:103B800028B1001020B1001030B10010069B5E4635
:103B90009B460323229A1340012B00D181E0202C65
:103BA00000D131E70B9B002B27D02D233355013457
:103BB0002AE74F46069D202C00D1E7E63022331934
:103BC00007E0172006A9013409180A55202C00D156
:103BD000DCE6A342F5D12E220CAE0134F254D7E636
:103BE0000C23229A134257D0219B013B2193A342DD
:103BF00000D9FCE6202C00D106E7229B5B0703D509
:103C00002B2333550134FFE6229B1B0700D4FBE630
:103C1000202333550134F7E6DB0700D496E69EE710
:103C2000229B55469B0711D1219B032B0ED9219B2B
:103C300054469C465E46033D65442200434601349B
:103C400039002020B047AC42F7D1B346B9465F46B1
:103C50001C4EEC1C2A00B078434649460135B84753
:103C6000013EAC42F6D1229BBB464F469B0700D497
:103C7000E1E65346219AE31A9A4200D8DBE65E4613
:103C800015002200434639002020B0475346013436
:103C9000E31AAB42F5D3CEE6219BA34200D9A6E6B8
:103CA000B2E6219B002B00D179E70B9B002B97D02C
:103CB000219B013B21939C4200D298E6202C00D00E
:103CC00073E7A1E62CB10010F0B5DE4657464E462C
:103CD0004546E0B599B081468B4692469846229A71
:103CE000239B10001900FEF77AFF002800D0CAE0DD
:103CF000229823990122824B5242FEF76BFF002843
:103D000000D0C0E02298239901227E4B5242FEF758
:103D10004BFF002800D0B6E0229823990022002310
:103D2000FEF742FF002800D0C9E1229B239C0893A4
:103D30000994089809998023269ADB001A400D926D
:103D40008022269C1201144022000B94269C07001E
:103D50000E001C4200D0ADE00B00034300D0D5E0C4
:103D6000002A00D00AE222000633249302231340E3
:103D70000C930223134200D002E2259B042B00D2B5
:103D80000FE2043B0B93002304250A9300222298A0
:103D900023990023FEF708FF002800D003E25A4BC6
:103DA000269A134004930B9B0393249B0293089B36
:103DB000099C009301945946434652464846FFF7F2
:103DC0002FFD02002020269B1F27034059424B4114
:103DD0005B421840531C0893594643464530C84738
:103DE0000A9AD317D4185C40D30F0A936B1E0B9317
:103DF00008AB9C460025674401E0202D0FD0200031
:103E00000A21FEF71BFC01357E193031317020008C
:103E10000A21FEF713FC26000400092EEDD8052325
:103E200006930B9B59460593002304930A3303938F
:103E30000A9B4846029310AB0093089A43460195AB
:103E4000FFF700FC0C9B002B2DD05346C41A259B7A
:103E5000A34228D94D465F4681461E00534639008D
:103E60001A19202043460134A847A642F6D85346E3
:103E700048462599C21A01320023914200D386E1B7
:103E8000013018180FE0269B0493259B0393249B75
:103E90000293229B239C0093019443465246594629
:103EA0004846FFF7BDFC19B0F0BCBB46B246A94678
:103EB000A046F0BD01432BD10B9B2200002B00D16B
:103EC00054E700230A93249B0A9A0024934200DDBE
:103ED00085E12298239900220023FEF765FE002841
:103EE00000D035E1269B084A02941A408023DB006B
:103EF00013430493259B0393089B099CCBE7C0467F
:103F0000FFFFEF7FFFFFEFFFFFF7FFFF0623249385
:103F1000B44B70009C46400D6044FEF771FEB24AFF
:103F2000B24BFEF7F6FDB24AB24BFEF7CBFD3603BD
:103F3000B14B360B334304000D003800190000224A
:103F4000AE4BFEF7B6FDAE4AAE4BFEF7E2FD020009
:103F50000B0020002900FEF7B5FDFEF769FE0A9070
:103F6000FEF74EFEA84AA94B04000D00FEF7D1FD56
:103F70000022A74BFEF7A6FDFEF75AFEA54A060053
:103F8000A54B20002900FEF7C4FD040030000D0001
:103F90000C96FEF735FEA14AA14BFEF7BAFD0200D2
:103FA0000B0020002900FEF784FD02000B00060034
:103FB0000F00FEF7AEFD320004000D003B003000A4
:103FC0003900FEF77FFD00220E900F91954B2000E7
:103FD0002900FEF780FD0022934BFEF773FD0200DF
:103FE0000B0020002900FEF776FD00228F4BFEF724
:103FF00069FD02000B0020002900FEF76CFD0D009A
:104000008021040032003B000020C905FEF751FD6D
:1040100002000B0020002900FEF754FD02000B00F7
:104020000E980F99FEF757FD0022734BFEF74AFDDD
:104030007F4B0C9C9C46644400222305FEF769FDDF
:1040400006000F0002000B0008980999FEF7ACFD6E
:1040500000280AD00A9B3000013B39000A93002255
:10406000714BFEF738FD06000F000A9A33006332E9
:104070003900C62A12D802222698042510400B9A2D
:104080000C90002A25D1259B042B05D9002800D0AF
:10409000A1E0259B043B0B93042541E002222698D6
:1040A00010400B9A0C90002A12D1259B052B76D933
:1040B000002872D1259B0525053B0B9334E0802217
:1040C00012069446229B0893239B6344099330E68F
:1040D00005250B4300D1F6E608980999554A564B39
:1040E000FEF770FD002808D0089809990022534B6C
:1040F000FEF75AFD002800D0E5E6249B002B1CD0DB
:104100000D9B002B19D0249B013B2493259BAB4294
:1041100004D90C9B002B5AD002230C9300230B9341
:104120000A9B002B00D131E60898099932003B0028
:10413000FEF7D1FC0890099128E6259BAB42EDD90A
:104140000C9B002B43D000230B9302330C93E7E727
:104150008020269B3A4A00061A4080238446029417
:10416000089C099D2900DB0013430493259B6144AF
:10417000220003930B00009201938EE60524A8E62B
:1041800000230B930A93023304250C93FEE5534658
:104190008C46013B63441B1A72E602230C930525EF
:1041A000C2E70423EDE58020089E099F0006390040
:1041B0008446269A224B6144134004930B9B3200A1
:1041C0000393249B02930B0000920193F3E5259B3C
:1041D0005B1B0B93A4E7022304250C93A0E79C1A16
:1041E000013C76E601FCFFFFFB799F501344D33F6F
:1041F000B3C8608B288AC63F0000F03F0000F83F3C
:1042000061436F63A787D23F71A379094F930A4037
:104210000000E03F1655B5BBB16B0240EF39FAFE26
:10422000422EE63F00002C400000244000001840D1
:10423000FF0300002D431CEBE2361A3F80842E4121
:10424000FFF7FFFFF0B5DE4657464E464546E0B560
:10425000A5B01E002E9B92460C93CD4ACD4B8046B6
:104260008B461A60002900D1EAE100233078994694
:10427000002800D1ECE1C84B4C460B93C74B454698
:1042800057460E930AE0631C984622003B005946AD
:10429000A84744463078002800D187E00136252819
:1042A000F1D108239A46043B9946023B9846013BCC
:1042B00000229C460D943078711C0300203BDBB239
:1042C000102B03D80B9C9B00E3589F460300303B08
:1042D00089460D9C092B3AD9002398462A2800D1FB
:1042E000C1E000239A462E284BD00300683BDBB286
:1042F000122B1ED80E999B00CB589F4663460E008A
:104300001A43D8E743460E001A43D4E74B460E0043
:104310001A43D0E710230E001A43CCE753460E0091
:104320001A43C8E780235B001A43FF3B9C46707822
:10433000E1444E4667284FD82428A4D90300253BE2
:10434000DBB2422B9FD896499B00CB589F46002357
:1043500094461E0000E00131B3009B195B001E185B
:104360000878303E0300303B092BF4D90123624624
:1043700089469C460023B0469A460E00E1442E280A
:10438000B3D13021802049428C46C000024370786E
:104390004B4684446146092900D86CE12A2800D1A3
:1043A0007AE101239C464E46E1449EE7A146A84699
:1043B000BA46CA4503D801235B4253449946534643
:1043C0004A4659460020C047200025B0F0BCBB46F5
:1043D000B246A946A046F0BD0300693BDBB20D938F
:1043E0000F2B00D94FE7012199408C466D49894632
:1043F00061464B4619400F91634649460B4200D037
:1044000028E10D9B0A2B3AD0072B00D03BE70C9BF1
:10441000190008C98846002B00D14BE12120024336
:10442000914614A98C461F220F2162448C465146A6
:104430000D950C91A24615000F9902E020290CD091
:10444000130064461C4020003730092C00D8073880
:10445000013168541A090F2BF0D80C9B54460D9D5E
:104460009A460F9133E10C9B02CB8846002947DB2B
:104470000C9301239C4670784E46E14431E70C9B37
:1044800002CB14935346002B00D138E19C460878A8
:104490000B000C908C44002801D100F098FC894658
:1044A0006146944603E05A780133002A01D08B42DA
:1044B000F9D1494662465B1A0C900F93530500D51B
:1044C00020E10223180010400D90134200D1CBE3ED
:1044D0000D930B1BB1469A465E460C9822003B009A
:1044E0003100A84753460134185D0028F6D1B34681
:1044F0004E460D9B002B00D0C7E1149B0C93C9E6E0
:104500000C9301239C462838494202438846707820
:104510004E46E144E5E670786C2800D17FE18023C7
:104520005B001A43FF3B9C46E14402E780239B006B
:104530001A4301239C467078E144FAE670786828B3
:1045400000D173E180231A437F3B9C46E144F0E6AF
:10455000672800D103E1472800D15AE1452800D15E
:104560005AE10492072142460C9B039207335246BC
:104570008B43190002920CC92800009201930C9100
:1045800022003B005946FFF79FFB040082E6C0462D
:1045900045420010A033002028B300106CB3001077
:1045A000B8B3001041900000462800D1DBE004922F
:1045B000072142460C9B0392073352468B43190056
:1045C00002920CC92800009201930C9122003B003A
:1045D0005946FFF725F904005CE6631C9846220063
:1045E0003B0059462520A847444653E60C9B04331C
:1045F0000D93631C9946920700D422E10C9B220084
:10460000187859463B00A84743464444012B00D83C
:1046100085E23300B8462E005F4625004C46994699
:1046200022004346013439002020B047AC42F7D184
:104630002C00BB46350047464E460D9B0C9329E6A1
:10464000DB4B3078984600239946002800D012E6CC
:104650000024AEE66F2800D188E000D80BE31023D9
:10466000782800D1CFE09A430A239C4600230F9379
:104670000A330D9380E05646B10089194900013391
:104680000E181878303E010030390929F4D9B246A5
:104690001E000133994628E60C9B023602CB8A465F
:1046A000C9435046C917084082460C933078731CA2
:1046B00099461AE610231000984311331843814697
:1046C00080201300C0000340024200D1A9E64B46FF
:1046D0000693082305935346049310230393002362
:1046E00002930F9B220001931CAB009359463B00A1
:1046F0002800FEF7A7FF434604000C93CAE50123F8
:104700005B42C3E60F9B534501D953460F930223E7
:10471000180010400D90134200D1B7E10D93D1461F
:104720000B1B9A463300A1442E0022004D460C98E4
:10473000B9465F469B4608E04B463900541CB047DB
:104740005346185D002877D022009542F4D15B468D
:10475000BB464F46A94635004C461E00C9E680239D
:104760001B011A43FDE620231A4320E708239C4639
:1047700000230F9308330D9380231100DB001940B1
:104780001A4200D116E10D239A4310008023020043
:104790009B001A401492184200D0C2E1802302000C
:1047A0005B001A4091460C9A04320F92184200D0D6
:1047B000B7E2430600D59FE1030600D419E30C9B42
:1047C0001B880993002B00D0FCE11033984300298B
:1047D00000D1F7E1002399464346059353460493DD
:1047E0000D9B069003930023D2E0582808D062283E
:1047F00067D102239C4600230F9302330D93BBE73E
:1048000020231A43103B9C4600230F9310330D9333
:10481000B2E780231B011A4320231A43A1E6C023D9
:104820009B001A43F31C9946B07882E5C0231A43D3
:10483000F31C9946B0787CE535005E46BB464F4692
:1048400057E64346012B00D863E1631E43449A4672
:104850003300B9462E005F4655469B46A2462200CD
:104860004B46013439002020B047AC42F7D1350027
:104870005E46BB464F46A14654460C9B4A461878B6
:1048800059463B004444A847D7E6A1460F9B9845AC
:1048900000D832E64444E41A3300B8462E005F469E
:1048A00025004C4699462200434601343900202019
:1048B000B047AC42F7D12C00BB46350047464E46C8
:1048C0001BE680231000DB0018401A4200D10FE1E4
:1048D000112118008A430D920D9A802311009B002C
:1048E00019408C461A4269D1802311005B0019409F
:1048F00089460C9904310F911A4200D0CAE1130085
:104900005B0600D5F0E013001B0600D459E20C9BB7
:1049100000229B5ED9175A184A4092B2D90F0C91C7
:10492000002B00D1F9E1100014AA944642461F233F
:10493000149252466344A84616944D460400B94664
:10494000B2461F00159201E0202D0FD020000A2151
:10495000FDF774FE01357E193031317020000A21D7
:10496000FDF76CFE26000400092EEDD8149B4F467F
:10497000A94645469846159B56469A46169C0D9B59
:10498000069343460593534604930A2303930C9BD3
:1049900002934B4601931CAB2200009359463B0007
:1049A0002800FEF74FFE0F9B04000C9372E4C046F4
:1049B000953500100C239A431000E7E607220C9B64
:1049C00007339343013294469C4462460C920CCBCD
:1049D000D90F0F911100194300D191E0D91713910C
:1049E00012915140109113995940119110981199B9
:1049F000129A139B801A99411090119114AA0023C6
:104A0000944642469946149252461F336344A84640
:104A1000B24616944E46109C119DB94615921F0041
:104A200001E0202E10D0200029000A220023FDF7EB
:104A300043FE013630322B00BA550D00220004002F
:104A4000002BEED1092AECD8149B10941195454601
:104A50009846159B4F46B14656469A46169C0D9B66
:104A6000069343460593534604930A2303930F9BEF
:104A700002934B4601931CAB2200009359463B0026
:104A80002800FEF7DFFD0400FFF704FC0F9B9845AC
:104A900000D8C1E18023DB000D9343460F9A1B1918
:104AA0009B1A994633002E004D46B9465F469B46F9
:104AB0000C9122004B46013439002020B047AC4213
:104AC000F7D143460C9901330F930B7835000C93C3
:104AD0005E46BB464F46002B00D10EE50D9B002BDA
:104AE00000D1F6E4002319E60C9B1B781A0015E7A9
:104AF00010239A430D92EFE60C9B1B78099361E615
:104B0000002399460028AAD1002200231092119375
:104B100074E70C9B2200187859463B00A8474C4686
:104B20008BE50C9AFA3BFF3B07329A4301339946D7
:104B300091444B460C931368526815921A4306D160
:104B40001032904300220992002900D081E06122B6
:104B5000810600D54122D2B20A9214AA91460A9A3D
:104B600000210A3A149242461792524618925A4627
:104B70000991B3461F311E000F9B4944BA46199450
:104B80001A950024674698468946159D16901B92F3
:104B90000AE03032D2B24B4601341A55A8454AD009
:104BA000202C4AD006000D003A00002330002900D6
:104BB000FDF782FDD2B2092AEBD9149B9C466244D0
:104BC000D2B2E8E76123820600D54123DBB20A3B7B
:104BD0000C93434614A91F228C46159353466244F6
:104BE000A046B2464C461797A9461700099D0D9E50
:104BF0001490169308E03033DBB201343B55B542D4
:104C00000ED3202C0CD0050031002800FDF716FD36
:104C1000CBB20929EFD90C9A94466344DBB2ECE796
:104C2000159B4D46A14644469846169B56461498F9
:104C30009A46179FD0E5B742B2D9179B5746984678
:104C4000189B5E469A461B9B09949B461698199C96
:104C50001A9D43460593534604930D9B0690039378
:104C600000230293099B05E70F9B984500D914E7A1
:104C700001330F932DE41023110099430D916928FE
:104C800000D0BAE080231000DB0018401A4200D1A7
:104C900022E61DE60C9B1B68DA0F1100002B00D1E9
:104CA0008CE0DA179818504014AA914642461F2308
:104CB000149252464B44A046A946169704006546F6
:104CC000B2461F000C91159201E0202D0FD020005C
:104CD0000A21FDF7B3FC01357E1930313170200017
:104CE0000A21FDF7ABFC26000400092EEDD8149B29
:104CF000444698460C9BAC461900159B56464D46BB
:104D00009A46169F0D9B0291069343460593534680
:104D100004930A23039363463CE6002800D02EE662
:104D200002E60C9B1B689946002B03D11033984375
:104D3000002938D16123820600D54123DBB20A3B2A
:104D40000C9343461693534614A91F228C4617937F
:104D50002B006244A0464D46B2461897994617006C
:104D6000149C0D9E159008E03033DBB201343B55A6
:104D7000B5420ED3202C0CD0050031002800FDF7E1
:104D80005DFCCBB20929EFD90C9A94466344DBB29F
:104D9000ECE7169B149444469846179B56464D469E
:104DA0009A461598189F43460593534604930D9BC6
:104DB0000690039300230293149BEBE50028A1D1F6
:104DC00072E70C9B1B68D9175A184A40A6E5802346
:104DD0001000DB0018409C460F901A420FD00220B2
:104DE000030013400F93104219D00023A1460F93E4
:104DF0004CE50C9B1B680993E4E40A0034E40223AD
:104E0000180010400D90134200D03EE54346002BA1
:104E100000D042E6FFF771FB01330F937FE4634656
:104E20000D93F3E70EB4012230B584B007AC08CC83
:104E3000064D01000094280052420394FFF702FA45
:104E400004B030BC08BC03B01847C0468D35001014
:104E50000FB430B50C4985B008AA08CA0D68039292
:104E6000002D0CD000920122084C5242200002A9D1
:104E7000A847012005B030BC08BC04B01847180092
:104E800000F0B8F90020F5E7A03300201138001039
:104E900010B5094A0300146884B0002C08D0012220
:104EA00000910648524203A9A047012004B010BD5A
:104EB00000F0A0F90020F9E7A0330020113800101D
:104EC00000BEFDE7094A03001068002805D0084924
:104ED000C3188B4207D81360704706480449C318AB
:104EE00010608B42F7D901204042F5E79C2F00204B
:104EF00000000420004D002010B5FFF7E1FFC04680
:104F000030B50D0083B01900002A0BD0074B084CB8
:104F10000192009302002B002000FFF799FF01206F
:104F2000FFF7CEFF034B1A00F1E7C04638B100107F
:104F300048B1001010B0001070B5FDF733FA074DFE
:104F4000074EB54209D20024013E761BB60808CDB3
:104F5000984723000134B342F9D170BDE4AF00108B
:104F6000F0AF0010030010B5080011001B6898474F
:104F700010BDC046F0B5C64600B5437D07000C0025
:104F80001600002B46D0002A17DD0B780A2B24D000
:104F900000239846012E13D001252900635C0135BA
:104FA0000A2B26D0B542F8D1464509DCA419013CAC
:104FB00023780D3B5A4253413B7580BCB846F0BD47
:104FC0004346E018A419F11A013C3B68984723783E
:104FD0000D3B5A4253413B75EFE7037D002BD7D180
:104FE00002210F483B689847012EDFD001239846E5
:104FF000D2E7631E5B5C0D2BD4D0884504DA4346B0
:10500000C91AE0183B689847022105483B68A84642
:105010009847C7E70368110020009847CDE7C046CE
:1050200018B50010F0B54546DE464E465746E0B589
:1050300083B091461C0080460D00FCF7D9FE00238A
:10504000304A12184B41002B02DA01222E4B5242F9
:105050002E4908008A4605F077FF07006B1C03D134
:10506000404602F0DFFD0500002C27D0284E294BDA
:105070001C68002C18D04B46002B21D1264B99469A
:1050800002E02469002C0FD02368002BF9D04B4696
:105090001B68002B01D09C42F3D120002A0041461E
:1050A000B0472469002CEFD1002F26D1280003B08F
:1050B000F0BCBB46B246A946A046F0BD174ED6E7A7
:1050C000154B99460A239B4602E02469002CEBD03D
:1050D0002368002BF9D04B461B68002B01D0A3425C
:1050E000F3D12A0041462000B0476B465A462000C3
:1050F000DA71D91D0122B047E7E7504605F0ECFE12
:10510000D4E7C04640420F00FFFFFF7FD8170020C2
:10511000754F0010902F0020982F0020654F001031
:105120000A4A1368002B05D10CE01A001B691032E3
:10513000002B07D08342F8D1002902D118691060F2
:10514000196170470029FCD01060FAE7902F002009
:1051500010B500F03BF900F077FB012010BDC04610
:10516000F0B5CE46474680B583B06B460600DD1DE0
:105170002870FCF73DFE0023194A12184B41002B02
:1051800002DA0122174B524217490800884605F0FF
:10519000DBFE164B81461C68002C14D0144F02E035
:1051A0002469002C0FD02368002BF9D03B68002B1A
:1051B00001D09C42F4D1200001222900FFF7DAFE41
:1051C0002469002CEFD14B46002B05D1300003B0F1
:1051D000C0BCB946B046F0BD404605F07DFEF5E7DF
:1051E00040420F00FFFFFF7FD8170020902F0020C4
:1051F000982F002070B5040002F014FD0123010077
:10520000050001222000FFF70DFF084B1C68002C51
:1052100006D06368002B05D098472469002CF8D18C
:10522000280070BD2469002CF3D1F9E7902F0020ED
:10523000F0B5002915DD0E4B0D271A680D4B0E4CED
:10524000D3185D426B41451820215B001E5F047836
:10525000A64207D093691942FCD101301460A842DC
:10526000F5D1F0BD93691942FCD11760F2E7C04651
:10527000E04C00200080FCBFDC4C0020204B70B5CF
:1052800004000D1E1E682ADD002010211D4B013C6C
:105290001A689369194214D1013093691942FCD1FB
:1052A000136823548542F4D1002E08D05023936311
:1052B000516B183B0B4014498C4662441360280024
:1052C00070BD002E08D050239363516B183B0B40E8
:1052D0000D498C46624413600028F1D10CE0002E89
:1052E0000AD05022074B1B689A63596B183A0A4040
:1052F00005498C4663441A6003204042E0E7C046FB
:10530000242F0020E04C002034100000064B10B584
:105310001B68002B06D00021044A12689163044ADE
:105320001068984710BDC046242F0020E04C002094
:105330002C2F00200822034B19688B691A42FCD1DC
:105340007047C046E04C0020F8B51A4F1A4B3A6837
:105350000500D31858424341184E14331C003368DB
:10536000002D02D0002B0FD0F8BD002BFCD0002167
:1053700020009563FBF714FE20001149FBF76CFF3A
:10538000104B35601D60EFE70E4B200019600C4993
:105390003560FBF73DFE01212000FBF701FE5022A6
:1053A0003B689A63596B183A0A4007498C46634434
:1053B0001A60D9E7E04C00200080FCBF242F0020B9
:1053C0000D5300102C2F0020341000000D4B10B591
:1053D0001B780D4B0D4C1B780D4B02211B780D4B90
:1053E00000202360FBF700FD02210120FBF7FCFCFD
:1053F000E12120684902FCF749FD01210648FFF739
:105400008FFE10BD0CBC001008BC0010E04C00204A
:1054100004BC001000400340C01000207047C0468C
:105420000022014B1A707047FA4C00204B79002083
:10543000FF2B0BD18B79002B08D1CB79012B05D118
:10544000082A03D9024B8A7809301A707047C0467F
:10545000FA4C00200120704710B5012913D11249E0
:105460005379107909781B0203430020994200D038
:1054700010BD5378012B08D0022BF9D164220021F2
:105480000020FCF7D9FE0120F2E7D37891781B02C7
:105490001943480ADB0501D4012040427F238A05D5
:1054A000D20F1940FCF750FFFA4C0020004870471B
:1054B00000B6001070B5050014000120012909D1C3
:1054C00053780020012B05D1637912791B02134315
:1054D000072B00D070BD21002800024A9F3301F045
:1054E00055FAF7E758B500100123037000487047DC
:1054F00038B500104B780A781B0213438A7810B530
:1055000012041A43CB781B0613439622D20093420F
:1055100000D010BD0022012011004042FCF714FF12
:10552000024B1860024B19607047C046282F0020BC
:10553000302F002010B5024B1878FBF74FFD10BD3F
:10554000FB4C0020154B70B51A68002A22D0EFF3EF
:10555000108172B610680028FCD0BFF35F8F002066
:105560000F4A596010701B68BFF35F8F186081F39A
:105570001088002400250B4E3078FBF723FD00280F
:1055800004D1002400252900200070BD3078FBF7ED
:1055900025FDF8E7FA240025A400ECE7AC33002051
:1055A000FC4C0020FB4C002070B5040000200E00D5
:1055B00001F00AFB002834D0002001F01BFB00287A
:1055C0002FD0FCF715FC0023174A12184B41002B73
:1055D00016DB164D280005F0B7FC002821D000206E
:1055E00001F0F2FA00280FD101200021404200F022
:1055F00001FD03246442280005F06EFC200070BD0C
:1056000001220B4B5242E4E7002001F0F3FA00289C
:10561000EAD021003200002001F0F6FA041EEAD19F
:10562000E7E703246442E9E740420F00D44C00203E
:10563000FFFFFF7F10B5FCF7DBFB00230D4A1218BC
:105640004B41002B02DA01220B4B52420B4C200043
:1056500005F07AFC00280CD001200021404200F027
:10566000C9FC002001F014FB0028F5D1200005F052
:1056700033FC10BD40420F00FFFFFF7FD44C0020E1
:10568000F8B5DE46574680B505000C00FCF7B0FBC8
:105690000023364A12184B41002B02DA0122344B08
:1056A0005242344908008A4605F04EFC002803D1D6
:1056B000C0BCBB46B246F8BD002001F085FA002808
:1056C0004AD00026002C43DD2B4B9B4614E0A91941
:1056D000002001F017FB070001200021404200F0EC
:1056E00089FC002001F0D4FAFCF782FB224BF6196A
:1056F00018605960B4422BDD002001F023FBA71B8A
:105700000200B84200DD3A00002AE0D10120002169
:10571000404200F06FFC002001F0BAFA002001F0D6
:1057200053FA002814D0002001F00CFB0028E1D12E
:10573000FCF75EFB5B460F001A685B68002184463D
:105740000E4812184B419F4202D8D3D19445D1D96B
:10575000504605F0C1FBABE700200021064B186066
:105760005960504605F0B8FBA2E7C04640420F0022
:10577000FFFFFF7FD44C00206019002020A107000C
:1057800030B52A4C85B00021200005F0BDFB002873
:105790001CD1274B1A68002A16D0EFF3108172B67D
:1057A00010680028FCD0BFF35F8F012421485960A6
:1057B00002781B68D2B20470BFF35F8F00201860BC
:1057C00081F31088002A17D005B030BD01200021D8
:1057D000404200F00FFC002001F00CFA0500200010
:1057E00005F07AFB002DEFD0134B1B68002BEBD09C
:1057F000124A10689847E7E7FCF7E4F80400FCF762
:10580000F7FAFA220023920012184B41002B02DA19
:1058100001220B4B524201210291002101910949C1
:1058200020000091FCF7D2F8CEE7C046D44C00200F
:10583000AC330020FC4C0020282F0020302F00200B
:10584000FFFFFF7F45550010D02310B51B0684B025
:105850001C68FCF7B7F8FCF7B3F9A04202D00020AF
:1058600004B010BD294B002100201B7801F05EFD23
:1058700027480368002B45D00120FBF731FEFF23AA
:10588000244C254920701840FBF7C2FB20780121E9
:10589000FBF786FB0520FBF7A9FB002824D1082293
:1058A00000211E48FDF766FEFCF78CF80400FCF7AB
:1058B0009FFAFA220023920012184B41002B02DAC1
:1058C0000122174B524201210291002101911549F9
:1058D00020000091FCF77AF80028C0DB1248012173
:1058E000FFF71EFC0120BBE70120FBF727FB0B4B5A
:1058F00001001800FBF756FE002205200B49FBF7BC
:10590000B1FBEBE7FBF732FEB6E7C04610BC001078
:10591000D44C0020FB4C002081570010AC330020F9
:10592000FFFFFF7F45550010D810002035550010AF
:10593000004870479CB600100048704748B60010F9
:1059400010B5040017480378002B20D0002C06D196
:10595000154B16484380063BFF3B038010BD052CCA
:105960001DD8134BA400E05812490123013804E06C
:1059700001330A800231142B0DD0C25C002AF7D10A
:10598000C022DBB25B00920008481343E5E7112117
:1059900000F01AF8DAE7CA2304489B00DDE700208C
:1059A000DCE7C046E44C002009040000682F00201A
:1059B00030B600106A2F002010B5024800F0D8F869
:1059C00010BDC046C44C002030B54B1E012900D18B
:1059D000A7E0664A11780D092C0030349F2900D9C0
:1059E000A2E00470012B00D1BEE00F211478214009
:1059F0000C003034092900D998E04470022B00D102
:105A0000B2E054782509290030319F2C00D990E06C
:105A10008170032B00D1A7E00F2121400C0030340E
:105A2000092900D987E0C470042B00D19CE0947848
:105A30002509290030319F2C00D97FE00171052B09
:105A400000D191E00F2121400C003034092900D908
:105A500076E04471062B00D186E0D4782509290030
:105A600030319F2C00D96EE08171072B00D17BE093
:105A70000F2121400C003034092966D8C471082B4D
:105A800000D171E014792509290030319F2C5FD8AD
:105A90000172092B68D00F2121400C0030340929F4
:105AA00058D844720A2B5FD0547925092900303127
:105AB0009F2C52D881720B2B56D00F2121400C0005
:105AC000303409294BD8C4720C2B4DD09479250958
:105AD000290030319F2C00D9073101730D2B43D0A1
:105AE0000F2121400C003034092901D937310C0035
:105AF00044730E2B38D0D1790C09220030329F2903
:105B000000D9073282730F2B2ED00F220A401100CA
:105B10003731092A01D830321100C173102B23D03C
:105B200010300023037030BD07345AE737310C00C2
:105B300063E707316CE737310C0074E707317DE725
:105B400037310C0085E707318EE737310C0095E7D8
:105B500007319DE737310C00A3E70731AAE737315A
:105B60000C00C4720C2BB1D1C018DAE7C44C002071
:105B700010B588B004000D2200216846FDF7FAFC3C
:105B80000D22002104A8FDF7F5FC4B236A46684668
:105B9000137004A90D2205F097F9152108222000A1
:105BA0006944FDF7EDFC08B010BDC046F8B500F043
:105BB00047F90C23194DFF22AB6705201849FBF765
:105BC00051FA184C402200212000FDF7D3FC402759
:105BD000002301262121144A66702783A2601360E6
:105BE00063545F31618445396354104A10496360DE
:105BF000E2602787A1620B606362E26205F05CF9F4
:105C000080239B052E64EB6490230A4A0120EA500E
:105C10008022094B5202DA64F8BDC04600001150E0
:105C200095050020A02F0020840010500001105086
:105C30008000105010D001000020115010B501213B
:105C40000520FBF7ADF910BD10B500220021024878
:105C500000F016F910BDC046C02F0020044B19708B
:105C6000002904D080219023024A8902D150704734
:105C7000F64C0020002011500B785B0602D14B78C7
:105C8000052B00D070478A78014B1A60FAE7C046AE
:105C900000001150F0B5C646C87800B58007830FE4
:105CA0001800012B60D08F780A794B797F21394019
:105CB000FC091B024E001343334D32195201AA183E
:105CC000977001276740577000275B055B0DD77001
:105CD0001383D076B846CA00012C32D02B4FBC4675
:105CE0008F016244BC46AC446746BA6047461760C1
:105CF000002932D0264AC90090466246414451608C
:105D00003F223F339343022837D0224937190A688C
:105D10007F01D3180B602049EF19FA608B422ED80F
:105D200036197601AD19EB7E1C499B064A40134398
:105D30008022120613436A681360012080BCB846B3
:105D4000F0BD174FBC468F016244BC46AC44674669
:105D5000BA6247461760002908D1002364012C1954
:105D60006360104BE360E8E70020E7E70B4AC900F7
:105D70009046624641445162C2E75B00C5E7FCF7CA
:105D80000BFBFA68CCE7C046A02F0020840010501F
:105D900004001050A8330020FF0F105000001050D6
:105DA000800010500001105010B505F085F810BDAE
:105DB00010B57F200C0020404000E40911000019BC
:105DC0001A00034B4001C01800F05AF8012010BD22
:105DD000A02F00207F23180000B5084083B00B429D
:105DE00004D14B424B41084A013393668022C909D2
:105DF0004000064B401840010021C018120105F078
:105E0000C3F803B000BDC04600201150A02F0020F1
:105E10007F22130010B50B400A4200D110BDC90902
:105E20005B005B1804485B01C01800230022034993
:105E3000C37005F0A9F8F1E7A02F0020FFF7FFFFDE
:105E400080220A4B520410B51A60094B09491A60A6
:105E500010000B689843FBD18022002152010648B4
:105E6000FDF788FB0922054B5A6710BD00E0004092
:105E700000F0004008C00040000010500000115029
:105E8000002310B5C382013382828376016104004E
:105E900005F082F8002804D080219023074A890267
:105EA000D150200005F060F8002802D001232377AC
:105EB00010BD200005F050F8FAE7C0460020115050
:105EC0007047C0467047C0460020704700207047AA
:105ED0007047C0467047C0467047C0467047C046CE
:105EE000024B5878431E9841C0B270473C2A0020AC
:105EF000024B18784007C00F7047C0463C2A00206C
:105F0000F0B5D6464F464646C0B52F4B07009A46D9
:105F10001B780E00FF2B50D1002941D000215422C4
:105F20002A48FDF727FB0022294C2A4B20001A7033
:105F3000FBF71CFB284B1C60284C2000143CFBF793
:105F400023FB200001F0FAFD254B264D1C60264B5B
:105F5000002B04D02800FFF7C7FA244B186024490F
:105F6000002489462149002388462A7810E04346C8
:105F70001B6862019B18002B12D05B68002B0FD0AE
:105F800098472A780134E4B2511C2300A14209DB6E
:105F9000A242ECD89B1A5B014B445B68002BEFD10B
:105FA00000200BE05346310038001F70FFF7FEFD64
:105FB0000028F5D03800FFF741FE0120E0BCBA46CA
:105FC000B146A846F0BDC0460C1100203C2A002076
:105FD000342A0020F74C0020902A002004110020D1
:105FE000942A0020F54C0020E95400108C28002051
:105FF00058B70010F0B5DE4657464E464546E0B568
:10600000C84B91B002931B78FF2B00D13EE1C64BE9
:10601000C64E9B465F46C64B0DAC0193C54B0093E5
:1060200035686A69EFF3108172B61368002BFCD0F3
:10603000BFF35F8FA9612800210001F0AFFB6A69FF
:10604000AB69BFF35F8F0021116083F310880028D4
:1060500000D11BE16378082BE2D89B00FB589F46D8
:106060006368002BDCD0A0689847D9E77F222179AC
:10607000AF4D0A405300EB189846C809804440468B
:106080000123303005799D430571057903339D4324
:106090000571002A00D100E14346A74A1B7D127812
:1060A000934200D3EFE0A54A5B011568ED18002D7F
:1060B00000D1EBE0A36862792078AD69A847AFE72B
:1060C0009F4A1378002B00D1E0E01378013BDBB24C
:1060D00013701378002BA3D10122954D01212B7849
:1060E000042013432B703423EA5C8A43EA54EA5CAD
:1060F0008243EA540133EA5C8A43EA54EA5C82430D
:10610000EA54237800209B4600F09EFC602223790D
:106110001A40602A00D1EFE0402A00D1F5E0DB060A
:10612000DB0E012B00D113E1022B00D1C7E0002BC5
:1061300000D0E1E0202A00D11CE2002A00D0DBE000
:106140006379092B00D9D7E07E4A9B00D3589F463C
:10615000774D2B78DB0700D462E7FFF7BFFE5FE7E0
:10616000019BDB78DB0700D45AE76068FFF7AAFEE3
:1061700056E76F4D2B78DB0700D451E728780007EE
:10618000C00FFFF7A9FE4BE723786A4999468B4673
:10619000694B6A4998468A4639001A78474600236F
:1061A000B04600254E46894610E053461B686A01FA
:1061B0009B18002B00D176E0DB68300098473A78D6
:1061C0000135EDB2511C2B008D4244DC9542ECD3DD
:1061D0009B1A5B015B44EFE7237858499946564B7D
:1061E0008A4698463100BB464E461A780025002361
:1061F000474689460FE053461B686A019B18002BEF
:1062000055D0DB68300098473A780135EDB2511C23
:106210002B008D4207DC9542EDD39B1A009A5B015F
:1062200094466344EDE7019D542200212800FDF7C8
:10623000A1F91022FF214448FDF79CF928002022F3
:10624000FF2114304E465F46FDF794F900F0F2FB53
:10625000FFF740FEE4E6364D542200212800FDF70A
:1062600089F91022FF21281DFDF784F9280020223A
:10627000FF21143046464F46FDF77CF900F0DAFB6B
:106280002379AB70CCE6501C984213DA11B0F0BC05
:10629000BB46B246A946A046F0BDA3686279207805
:1062A00000F0E6FBBCE646464F46214DE6E74E468B
:1062B0005F46CBE71F4D9B1A5B015D19FAE6702321
:1062C000217A0B4218D1C80982460F330B405B007C
:1062D00098461948EB1853441B7D00789946834231
:1062E00066D216485B01006881469944002A00D1B5
:1062F0005FE14B46002B68D120780021FFF76AFD53
:1063000080212078FFF766FD8AE6104800F09CFBAC
:10631000012158460EAAFFF7CDF8002800D07FE6ED
:10632000EAE7C0460C110020B0B60010942A002005
:106330003C2A002058B70010F54C00208C28002083
:10634000F74C0020D4B60010402A0020B5540010AD
:10635000237A0F2BD0D8CF4AEB181B791578AB4294
:106360003ED3691C9942C7DB5D1BCB4B6D01ED1819
:10637000686900F069FB012158466B690EAA9847CD
:10638000002800D04CE66022150023791D401A42F7
:10639000B2D163790A3B012BAED800F055FB63798B
:1063A0000A2B00D199E158460EA900F0D9FA37E638
:1063B000431C4B4500DAF7E04B461B1A5B0199463C
:1063C000B5488144002A00D1F3E04B46586900F0FB
:1063D0003BFB4B46012158465B690EAA98479CE758
:1063E000AE4A5B011568ED18002DC1D184E7A37991
:1063F00099466B789945D6D06B78002B00D033E165
:106400004B466B70002B00D12BE148460138C0B2DF
:10641000FFF792FA002800D17EE143780793022B20
:1064200000D079E10122C179B1468B1149111340A5
:106430000A40302112015B0113432A78A8468A439F
:1064400013432B7009239A4682445646BA46C378B2
:1064500082781B021343C31805938E4B04938E4B13
:1064600008938E4B09938E4B0A93059BB34200D839
:1064700055E1737801220B2B03D13378F278F618AB
:106480007378042B00D044E1059B00279B1B9BB233
:106490000693049B0B921D78002303931BE0099A3B
:1064A0007B011568ED18002D00D132E1310058460E
:1064B0002B69069A98478446082803D9069A82428F
:1064C00000D313E1049B01371D78FFB26B1C0397C7
:1064D0009F4200DD1DE1BD42E1D8039B5D1B089B8F
:1064E0006D019C466544E1E76B780CAA023213709B
:1064F000584601230EA900F049FA91E5E3881A0AEB
:10650000D8B20F2A00D9F7E666499300CB589F46C8
:106510000EA800F09FFA5846A179FFF795FB0222DA
:106520002B7813432B707BE5E388012B00D0E3E647
:1065300008222B78584693430EA92B7000F010FACE
:106540006EE5022029780CAB9A1C8B068908DB0FBC
:1065500001400B431380584602230EA900F016FA9F
:106560005EE5E388012B00D0C6E608222B781343B2
:106570002B7018E7237A0F2B00D9BDE6EB181D7995
:10658000444B1B789D4228D2444B6D011B685D191A
:10659000002D00D1B0E6686900F056FA0121584696
:1065A0006B690EAA9847B8E6002A00D0A4E600233B
:1065B000994662790220130003928343012B15D080
:1065C000002A00D098E62B004344534430331B7913
:1065D0000CAA9B07DB0F0232BCE75A1CAA4200DA66
:1065E0008AE6ED1A2C4B6D01ED18D4E7E388002BF9
:1065F00012D1029B1878039B012B23D0FFF7EAFBF3
:1066000043460221EB18534430331A790A430121DF
:106610001A711A790A431A714B46002B00D1FFE414
:10662000586900F011FA4B4601215B690EAA5846E1
:106630009847002000F008FA3523EB5CDB0700D513
:10664000EEE4B0E6FFF7E4FB43460221EB185344C7
:1066500030331A798A431A711A7903998A431A7165
:10666000DAE7FFF737FC9EE600215846FFF7F6FA17
:106670005846FFF799FBAB78074903930491054B04
:10668000064998461A780591002329001D008A467C
:106690001BE0C046F54C002058B700108C280020A5
:1066A000502A0020FCB60010059B6A011B689B184D
:1066B000002B4DD0DB685846984743461A78013581
:1066C000EDB2511C2B008D422EDC9542ECD39B1A6F
:1066D000049A5B0194466344ECE70CAB9A1C584661
:1066E00001230EA9157000F051F999E40B9A012AC3
:1066F0004FD0002A3CD00023B07804E00133DBB255
:106700000F71934234D2C118C9B241440D79FF2DA3
:10671000F4D04E464546574600236B70ECE54E4696
:106720005746FFF7D5FB3EE6554654220021280088
:10673000FCF720FF1022FF21281DFCF71BFF28007B
:106740002022FF211430FCF715FF039BAB7057E6A6
:106750005546FAE7FEF7AAFE021E00D1CCE5D37833
:1067600091781B020B4358460EA900F00FF9D4E5AF
:1067700065463B002A0031000A9800F07FFEAC46D7
:10678000049B039A1B7866440133934200DB6CE65A
:10679000BFE7174B29699942ADD1079AABE7FFF7DD
:1067A00093FB021E00D1A7E5584613780EA900F00E
:1067B000EDF8B2E52189FFF7C3F8021EF4D19BE59D
:1067C000022A0FD0FFF782FB021EC8D194E5FFF723
:1067D000AFF8021E00D18FE5122358460EA900F033
:1067E000D5F89AE5FFF7A8F8021EB8D184E5C046AF
:1067F000456E0010F8B557464E46DE4645460C003D
:10680000E0B516001F00002A3CD0702398461E4BAE
:1068100000259B461D4B9A461AE05B461B782000DC
:1068200099465346997800F0EBFD00281CD02100D2
:106830004846FFF72FFA002816D0A378DA09012A74
:1068400019D00A9A013513702378E418B54219DA81
:106850006378052B08D1E3789B079B0FBB4203D1DC
:106860004246A3781A42D8D00020F0BCBB46B246BC
:10687000A946A046F8BD0B9A013513702378E41899
:10688000B542E5DB0120F0E70C1100203C2A002096
:10689000702270B58B780C001A4201D0002070BDB8
:1068A000064B20001D78064B997800F0A9FD0028C2
:1068B000F4D021002800FFF7EDF9F0E70C110020DB
:1068C0003C2A00200B007F2010B51840DB09343330
:1068D0004000044AC018044B1168C01800F04CFD79
:1068E00010BDC046902A00203C2A00200B007F20CB
:1068F00010B51840DB0934334000044AC018044B7B
:106900001168C01800F060FD10BDC046902A00203C
:106910003C2A002070B57F240F480C406400041905
:10692000CD09641930342079C00701D5002070BD2D
:10693000012625790948354300782571FFF738FA93
:106940000028F4D101222379934323712379033260
:1069500093432371EAE7C0463C2A00200C11002033
:1069600070B5094C0600082220000D00FCF708FE57
:1069700000238021E360A3602B783000994300223C
:106980000023FFF7C7FF70BD1C2A0020F8B5CE46D4
:1069900047469046254E80B58146082230000D00BE
:1069A0001F00FCF7EDFD4346B3600023F381EC7953
:1069B000AB7924021C43231CBC4200D93B1C9FB270
:1069C000B381002C0DD0002F17D04246002A2BD0C7
:1069D000402F1BD89FB233787F2B1CD80021144A3C
:1069E0000FE080212B780022994348460023FFF7CF
:1069F00091FFC0BCB946B046F8BD7F230022317874
:106A000099433B004846FFF785FFF2E740239FB2DA
:106A100033787F2BE2D9064C3A0041462000FCF740
:106A2000AFFD80212200ECE70020E2E71C2A0020D5
:106A3000DC29002010B5142200210248FCF79AFD41
:106A400010BDC0461C2A0020014B18617047C0468B
:106A50001C2A002010B5054C010008222000FCF77C
:106A60008FFD0023A360E36010BDC0461C2A0020F8
:106A700070B5384C1D0023780600DA09C9098A422E
:106A800010D00020002D00D070BD21003000FFF795
:106A9000F3F82369002B03D022000321300098472C
:106AA0000120F1E77F2B06D8A068002834D02A0007
:106AB0002949FCF765FDE289A1685219E38892B281
:106AC0004919E281A160934214D03F2D12D9A389C4
:106AD000981A051C80B240282AD82078ADB27F28A9
:106AE00028D800219A4232D01B4A2B003000FFF7F1
:106AF00011FFC9E72369002B05D0220002213000D5
:106B0000984700280AD0802123780022994330003A
:106B10000023FFF7FFFEB7E70020B5E700213000B4
:106B2000FFF758F930008021FFF754F90120ABE757
:106B30004025D2E79A4207D0074C2A002000FCF7F4
:106B40001FFD80212200D0E780210022CDE7002216
:106B5000CBE7C0461C2A0020DC29002070B50400C9
:106B6000FFF7BEF9002800D170BDFFF7C1F900287A
:106B7000FAD1C8236343124DEE18F1780029F3D0FF
:106B800010335D19280000F0F3FD3F28ECD90020F8
:106B9000F178FFF797FE0028E6D0280000F0E8FD26
:106BA000F1783F2807D9074BE201D2180020402393
:106BB000FFF7B0FED8E70020FFF798FED4E7C04605
:106BC000142900209028002010B50400FFF788F950
:106BD000002801D1002010BDFFF78AF90028F9D163
:106BE000C8226243024B01309B181B791840F2E720
:106BF00014290020C82310B543430248181800F098
:106C000099FD10BD24290020F8B5C82480234443F1
:106C10001C4F103405003C195B029A4200D31A4AFB
:106C2000200092B200F008FE0600FFF759F9002894
:106C300001D13000F8BDFFF75BF90028F9D1C82376
:106C40006B43FF18FB78002BF3D0200000F090FD81
:106C50003F28EED90020F978FFF734FE0028E8D06D
:106C6000200000F085FDF9783F2807D9074BEA019D
:106C7000D21800204023FFF74DFEDAE70020FFF78F
:106C800035FED6E714290020FFFF000090280020E1
:106C9000F8B50400FFF724F9002801D10020F8BD61
:106CA000FFF726F90028F9D1C82565432E00134FB8
:106CB0002436F619300000F03DFD0028EED07F1993
:106CC0000020B978FFF7FEFD0028E7D00C4DE40165
:106CD000651929004022300000F0AEFDB978041E8D
:106CE00008D003002A000020FFF714FE0028D5D0AA
:106CF0002000D4E70020FFF7F9FDCFE7142900209A
:106D0000D028002070B5C82444430C4B0500E4187B
:106D100080235B029A4200D3094A200092B200F01D
:106D200051FE0600200000F005FD3F2801D830008C
:106D300070BD2800FFF7ACFFF9E7C04638290020F6
:106D4000FFFF0000C82310B543430248181800F0A5
:106D50000FFD10BD38290020F0B50025184C83B078
:106D6000C82200212000FCF705FC164B21001D70F5
:106D7000FF236371E1235B02A3602000082340220C
:106D8000A37338310095073B103000F09DFC2700BD
:106D90000123210020002600402278310093B837DB
:106DA000243000F091FCC0363800FAF7DFFB3000E9
:106DB000FAF7DCFBE56127622663656303B0F0BD8B
:106DC00014290020102900200A4A116B136A002997
:106DD0000CD0002B07D00023D3615363136300232F
:106DE00013620120704753631363FAE7002BF8D056
:106DF000D161F4E71429002070B50F4C0522002161
:106E00002000FCF7B7FB0D4D2B78DA0707D50C4CAB
:106E10009B070CD50121200000F0B0FE70BD2000C2
:106E2000103000F08BFE2B78054C9B07F2D420002D
:106E300000F084FEEEE7C04614290020102900204F
:106E400038290020F0B54B79060083B0022B02D11F
:106E50008B79022B03D00025280003B0F0BD204F12
:106E6000BB78002BF7D18B7809253B700C780C1977
:106E70006378242B07D00CE02378E4185D1963783D
:106E8000ADB2242B05D19542F6D90020FFF766FE5E
:106E9000E2E71A00052B15D0042AF6D163790A2BF4
:106EA000F3D1104B27780193013300933000022374
:106EB000E119023AFFF79EFC0028CCD00E35ED19FF
:106EC000ADB2E2E721003000FFF7E2FC0028C2D0BB
:106ED000A3787B7023785D19E4186278ADB2DBE7A4
:106EE0001429002016290020F8B560231400127818
:106EF000050013400020202B07D1304A6379277901
:106F000016781B023B439E4200D0F8BD6378222BCB
:106F10001AD007D8202B34D0212BF6D101293ED00E
:106F20000120F2E7232BF0D1012940D00329F7D12A
:106F3000234B002BF4D0E178A378090200201943F9
:106F400000E000BF0120E0E7012930D00329E7D1AC
:106F500001252E00A378E478023924021C43147121
:106F6000264024321000714000F008FE154B002B23
:106F7000D6D06208002031002A4000E000BF012086
:106F8000C3E701290BD00329CAD10F4B002BC7D06F
:106F9000083200201100FEF7ADFA0120B5E7072303
:106FA00021002800094AFFF7F1FC0120ADE721008C
:106FB0002800FFF7D5FC0120A7E7C04614290020D0
:106FC0000000000000000000F55400101C29002003
:106FD000F0B54F464646D646C0B5364D8046EA78AF
:106FE0000C001F008A423CD0AB788B4210D00020AE
:106FF000E0BCBA46B146A846F0BD2F4B002B04D0EA
:107000002E4800F0ADFB002851D00020FFF7A6FD70
:10701000AB78A34201D00120EAE7294B002B02D034
:10702000002000E000BF0020FFF732FE0028F2D170
:10703000244C200000F07EFB0028ECD1002FEAD089
:10704000BF06E8D1243C4046A178FFF73BFC00286E
:10705000E1D0002300224046A178FFF75BFC01202D
:10706000C6E79AB210239A46174EAA4431005046FA
:1070700000F0A8FC154B002BBFD06B79FF2BBCD0C8
:10708000002FBAD0F219914603E001364E45B4D034
:107090006B7932789A42F8D1504600F061FB0028B3
:1070A000F3D15346103B597900E000BFEDE700E013
:1070B00000BFAAE7142900200000000024290020B6
:1070C0000000000038290020902800200000000067
:1070D0009322F0B5134C85B0002120009200FCF7FC
:1070E00049FA23002000802640270F4D4D337600BB
:1070F000FF332930029500930022002300210397DB
:107100000196FF3000F0D4F94035201D28340023CB
:1071100001220021039702950196009400F0C8F91E
:1071200005B0F0BDD82B0020582B002010B5054C21
:10713000200000F0F3F920002538FF3800F0EEF9C8
:10714000012010BD002D002070B5084C0025200046
:107150003130FF30257000F0F1FC20000C3000F0E1
:10716000EDFC2A23FF33E554657170BDD82B002058
:10717000F8B557464546DE464E46E0B54B79804663
:107180000F00FF2B5BD1404B99462A234946FF3322
:10719000CB5C002B53D14E79002E50D1BB783C787C
:1071A0000B703B793C19002B46D098235B004B4475
:1071B0009A460C234B449B46A51803E0AC423BD2B5
:1071C0002378E4186378052BF8D1AC4234D221003F
:1071D0004046FFF75DFB002831D0A3780136F6B2B8
:1071E000DB09012B32D0504600F0A8FC2A23494687
:1071F000A278FF33CA54637922791B021343234ACE
:107200005B0594465B0D942163445A4253414A46C0
:1072100002204900525C5B00824313434A465354A8
:1072200051464046083900F0E3F9002807D023789A
:10723000E4183B79B342C5D8E01B80B200E00020DF
:10724000F0BCBB46B246A946A046F8BD584600F081
:1072500075FC5A46A3780C3A5371637921791B0265
:107260000B430A495B058C465B0D634459424B4115
:10727000022011795B0081430B43594600200839F5
:10728000137100F081F9D2E7D82B002000FEFFFF38
:10729000F8B52A2506001F48FF35455D1F008D42C1
:1072A00015D043798B4201D00020F8BD1A4B002B3A
:1072B00004D039040020090C00E000BF174C300056
:1072C000210000F061F900281DD00120EDE79A238C
:1072D0005B00C35A002B0DD1114B002B04D00020B2
:1072E0001049BAB200E000BF30000F4900F080F949
:1072F0000120DAE796235B00C1583130BAB2FF3083
:1073000000F060FBE8E73A002100300000F008F9E7
:107310000120CAE7D82B002000000000DC2B002051
:1073200000000000582B0020002D002000B50300B5
:1073300083B0002910D00020012B07D80A78002A3A
:1073400004D00C48C2540120012A01D003B000BD72
:107350001800FEF7D5FDF9E701236A46002001A9D0
:107360009380FEF7CDFD0028F0D00122014B1A706A
:10737000ECE7C046302A0020037870B5DB07040034
:107380000E00DD0F002B17D103785B0701D5280015
:1073900070BD01213000494203F0BEFD2378DB07B8
:1073A000DD0F002B0AD123785B0708D40422237851
:1073B00001251343237002E00025E8E70025300093
:1073C00003F08AFDE3E7C04670B50C00012106001A
:1073D0004942200003F0A0FD33785B07DD0F002B4E
:1073E00004DB200003F078FD280070BD3378DB0754
:1073F00004D40422337893433370F2E70025F0E796
:10740000437902791B021343C2785B0592075B0D37
:10741000920F022A1DD0032A0CD00020012A08D185
:1074200002394A425141124A9446614499424041CC
:10743000C0B2704702394A1E91410E4A494211407A
:107440008022D20094460020614499424041C0B25B
:10745000EFE7022905D0002040229A424041C0B205
:10746000E7E7054A981843425841C0B2E1E7C046F1
:10747000FF03000040FCFFFF00FEFFFF8A1870B50D
:10748000914207D27F264C78052C04D00C7809193C
:107490008A42F8D870BD34008D782C4064000419FD
:1074A000ED0963550C7809198A42ECD8F2E7C04619
:1074B000F0B5C64600B582B0150008AA40CA04005F
:1074C00017886A46928D012090460A002178024072
:1074D00081432000114321703A00009331000123C1
:1074E000083000F0F1F8002E01D0002F08D10A9BDF
:1074F000012063604346638002B080BCB846F0BDA3
:1075000026001C363000FAF731F80023002D01D098
:10751000330000266361A661E9E7C0460120704799
:10752000F8B502240B7807001C4063425C41144B01
:1075300064421C40134B08009C4608300D001600A6
:10754000644400F0F7F8002807D1002E05D034423B
:1075500003D101242B781C4201D00020F8BD380053
:107560006978FFF7AFF90028F7D02B781C42F4D1E7
:107570000023002238006978FFF7CCF9EEE7C04617
:1075800040FEFFFFFF010000F8B50D0008350600C2
:1075900028000C0000F0CEF8002803D00127237843
:1075A0001F4201D00020F8BD30006178FFF78AF952
:1075B0000028F7D028006288616800F03DF9237840
:1075C00005001F4000280BD0002FEBD1030062689C
:1075D00030006178FFF79EF90028E3D02800E2E749
:1075E000002FDFD130006178FFF780F9DAE7C0467D
:1075F000F8B5CE46474680B58A8906000C000B7860
:10760000002A07D101251D4240D00020C0BCB94648
:10761000B046F8BD9B0733D42A4B40259946270036
:107620000837380000F0A4F88542EED8012223780C
:1076300090461A42E9D130006178FFF743F90028FB
:10764000E3D0380000F094F8424623781A4085428F
:1076500031D8002AD9D14A46638802401D1C934282
:1076600000D9151CADB200226178002D00D06268EF
:107670002B003000FFF74EF90028C6D02800C5E7E0
:10768000FE2380251B029946AD00C8E74978FFF725
:1076900019F90028B9D023781D42B6D16388002299
:1076A0006178002B00D062683000FFF733F90028C2
:1076B000ABD06088AAE7002AA7D130006178FFF735
:1076C00015F9A2E7C0FF0000F0B5C64600B50400FA
:1076D0006846057E8020884617001E000002824210
:1076E00026D8E068002803D00121494203F014FCA9
:1076F0002069002803D00121494203F00DFC4346D4
:10770000236073045B0CED031D430023E068638179
:10771000A780E5802381002801D003F0DDFB2069EC
:10772000002801D003F0D8FB012080BCB846F0BD92
:107730000020FAE710B5048941898288A3B288B293
:107740008C4207D31B1A9BB2101C9A4200D9181CFA
:1077500080B210BD5100091A5B189BB2F4E7C04615
:1077600003894089181A43425841C0B27047C04645
:1077700010B5048941898288A3B288B28C4207D3AC
:107780001B1A9BB200209A4201D9D21A90B210BDA6
:107790005100091A5B189BB2F4E7C04670B50400AB
:1077A00000690E00002803D00121494203F0B4FB18
:1077B00025896089A288A9B283B2854232D3CD1AC5
:1077C000ADB2002D28D0AA4208D291422FD3891AF7
:1077D0008BB263819A4203D89B1A9BB29A42FBD91F
:1077E000E28821685204520C53433000C918FBF759
:1077F000C7FE63890125591C89B2A2888B420DD925
:1078000000215200891A89B220696181002801D0C3
:1078100003F062FB280070BD618989B25200914279
:10782000F2DBEFE75500ED1A4D19ADB2C9E7891843
:107830008BB26381CEE7C046F0B546464F46D6468A
:10784000C0B50600006989469046002803D0012192
:10785000494203F061FB31897289B5888BB294B2D9
:10786000914254D31F1BBFB2002F4AD0BD4205D254
:10787000AB4251D25B199CB22F0074814346B8458C
:107880003DD89FB2A54203D8641BA4B2A542FBD940
:10789000F28831685204520C904662432B1B9BB213
:1078A000891842469F4225D953439BB21A00484645
:1078B0009A46FBF765FE434648467D1B64195C43C8
:1078C00031685044A2B2FBF75BFE7189B588CB19D1
:1078D0009BB26A00994216D99B1A9BB23069738198
:1078E000002801D003F0F8FA3800E0BCBA46B146EF
:1078F000A846F0BD48467A43FBF742FEE5E73B1C4D
:10790000BFE773899BB26A009342E7DBE4E76F004D
:107910003F1BDF19BFB2A7E75B1B9CB2ACE7C046B9
:10792000F8B50400C0680E00002803D001214942C8
:1079300003F0F2FA258920896189A288ADB283B269
:107940008FB2884229D3DB1B9BB29A4209D8E779D0
:10795000FF0906D1E068002801D003F0BDFA380025
:10796000F8BD2B0095421DD39B1A9BB29342FBD2CC
:10797000E28820685204520C53433100C018FBF7D0
:10798000FFFD6B1C9BB2A2889D4217D900235200B9
:107990009B1A9BB201272381DCE75100C91B5B18AE
:1079A0009BB2D2E7E28820685204520C5343310064
:1079B000C018FBF7E5FD0135A288ABB25200934237
:1079C000E8DBE5E7F0B54E465746DE464546E0B50E
:1079D00089460600170083B0002A67D0C0680028D7
:1079E00003D00121494203F097FA3389F2799BB21F
:1079F00098467389B5889BB2D20940D198455ED22A
:107A00006A00D31A43449BB2AB425DD2EB1A1A1CF4
:107A10009BB2BB4200D93A1C97B27B1B9BB201932D
:107A2000F3885B045B0C9A464346DB199BB29B468A
:107A30004446A84503D3641BA4B2AC42FBD25346D0
:107A4000634330682D1BADB2C018BD424BD35246C4
:107A500049467A43FBF794FDB3885B00D84501D8CB
:107A60009B4503DB5A46D31A9BB29B465B463D00BF
:107A70003381F06800281AD003F02EFA17E0F2885C
:107A80005204520C9246AF4220D298454DD3424602
:107A9000D21A92B26900781B80B2D21901908A4240
:107AA00033DA4346FB189BB29B46C1E7002528000A
:107AB00003B0F0BCBB46B246A946A046F0BD424664
:107AC000D31A9BB2AB42A1D30025D2E7002DD0D070
:107AD0007F1B574398465A19002392B2B9449346E4
:107AE0002F000193A4E753465D43ADB22A004946F7
:107AF000FBF746FD019B2900E21853465A433068C4
:107B000092B24944FBF73CFDA6E75A1992B293465C
:107B1000D21B92B2904693420CD94346591A8BB26B
:107B20009846FB189BB29B4682E76900CA1A4244FA
:107B300092B2B0E7914200DD7AE7EEE710B50400BB
:107B4000C068002803D00121494203F0E5F920690B
:107B5000002803D00121494203F0DEF90023E06848
:107B600063812381002801D003F0B6F92069002841
:107B700001D003F0B1F9012010BDC04670B504007A
:107B8000C0680D00002803D00121494203F0C4F968
:107B90002069002803D00121494203F0BDF97F216B
:107BA000E379ED011940E0682943E171002801D033
:107BB00003F092F92069002801D003F08DF901202B
:107BC00070BDC0460B00034370B506009B070ED185
:107BD000032A0CD9114D04E0043A043110C6032ADB
:107BE00005D90C680E4BE318A3432B42F4D03300A5
:107BF000002406E00D5D013A355501330134002DB6
:107C000002D0002AF6D170BD00219C18002AFAD0BB
:107C100019700133A342FBD1F5E7C0468080808014
:107C2000FFFEFEFE10B583070AD00300032102E029
:107C300001330B4205D01A78002AF9D1181A10BD69
:107C4000030019680C4A0D4C8A188A4322420FD14E
:107C50005968094A04338A188A43224208D159686C
:107C6000054A04338A188A432242F1D000E00133E6
:107C70001A78002AFBD1E1E7FFFEFEFE80808080BB
:107C800070B516000D0002F049FF002E0DD06B23D9
:107C90006A00520D9B1A002B07DD0024034A1B05C6
:107CA0009D182B002200FAF734FF70BD0000F03F52
:107CB000F0B54546DE4657464E46E0B59FB00792C2
:107CC00000220C001A9200210022804604910592A5
:107CD000210019910A780F002D2A03D8B44D900085
:107CE000285887460021089100210991302A00D1A7
:107CF000B2E015002F2A01D800F044FD0023A4466D
:107D00003800002619001C000BE08B0001305B18C6
:107D1000199005785B00991830392A0001362F2D0B
:107D20000FDD392D37DC082EEFDDA30001301B19E4
:107D3000199005785B009C18303C2A0001362F2DE5
:107D4000EFDC894601229B49A246644601F060FBB4
:107D5000002800D094E0199B0D965A1C19925D786A
:107D60000023129350E00131B3E7002208924F1C28
:107D700019974A78002AB7D1079B00260027002BC5
:107D800000D01C60300039001FB0F0BCBB46B246CA
:107D9000A946A046F0BD894601228649A24664460E
:107DA00001F036FB00286BD1199A130001321992A9
:107DB0005D78002E01D000F075FD302D01D000F06F
:107DC0001DFD13001800013319931D78302DF9D0D3
:107DD000801A01302B00313B082B00D9FCE2302205
:107DE00052429446199B421C129200221F00012607
:107DF000AC440D924A4692004A4452006244914675
:107E000000205A1C19925D782A00303A092A00D9BC
:107E1000E6E29446199B0130002AF2D031188B46D5
:107E20000139012801DC00F089FE55464A469A4690
:107E3000E1462B0006E09500AA185200B14201D19C
:107E400000F08FFC35000136082DF4DD102EF5DC36
:107E50009D00EB185B00F1E77A7820318A437D1CA6
:107E6000582A01D100F023FC2F0019953A780135EA
:107E7000302AF9D0002A00D1B4E20123099338E76F
:107E80000023002000220D961293202329009943FD
:107E90000B0000210C91452B28D0002E00D091E042
:107EA000099B034300D09DE2002A00D064E7692DBE
:107EB00000D11FE301DD00F075FC492D00D119E36D
:107EC0004E2D00D058E73C4919A802F0EFF80028E1
:107ED00000D151E7199B1B78282B01D100F02BFD15
:107EE000364802F0FBF906000F007DE233000999E5
:107EF00003430B4300D13FE7199C631C199365783A
:107F00002B2D00D1C4E32D2D00D07BE201230A9359
:107F1000A31C1993A5782B00303B092B00D979E3DA
:107F20001999302D0DD14B1C19931D78190001336F
:107F3000302DF9D000230C932B00313B082BACD80B
:107F400001334D1C1995AC464D780B932F2D01DC58
:107F500000F02EFC0C92624610910C9983468C46E0
:107F600010000B9B0AE09900C918013249001992D0
:107F70004B194578303B2F2D02DD1000392DF2DDF5
:107F8000604694460B93634610990C900C9A5846A1
:107F9000591A082901DC00F00BFC094B0C930A9BD1
:107FA000002B00D179E70C9B5B420C9375E7C04630
:107FB00098B7001040B2001050B2001010B000107E
:107FC0001F4E00000C9B129A9B1A0B930D9B002BCB
:107FD00000D10D963400102E00DD10244846FAF72B
:107FE0000BFE04900591092E17DD2200624B093A21
:107FF000D2009B181A685B68FAF78BFD0490059114
:108000005046FAF7F9FD02000B0004980599FAF7BB
:1080100059FD049005910F2E25DC0B9B002B00D100
:1080200039E30B9B002B00DC4EE2162B00DCC8E38F
:1080300025230B9A9B1B934215DB049A059B0F2467
:108040004D4DA41BE100691808684968FAF761FD05
:108050000B9B1C1BE4002D192A686B68FAF759FD6D
:1080600006000F00C0E10B9B341B9C466444002CAF
:1080700000DCCAE10F231A00224023420AD03E4B03
:10808000D200991808684968049A059BFAF741FDDF
:10809000049005910F239C43231E4FD09A22520037
:1080A000944200DDA6E324111F2B01DC00F0CBFC81
:1080B00004980599002292460132934652462F4B6E
:1080C000B2461D000993160000235A46224204D0EE
:1080D0002A686B68FAF71DFD012301366410083524
:1080E000012CF2D1320056469246002B01D004906A
:1080F0000591234A059B9446634405935346D90052
:10810000099B9C46049A059B614408684968FAF7F4
:1081100000FD1C4B1C4A049005910B40934200D972
:1081200068E3D42080048446184A61440591934250
:1081300004D90123164C5B420493059400230A934F
:108140004B4639000093404633000D9A02F056F931
:108150001390002800D14DE30B99129ACB430C9851
:10816000DB17101ACA1719400023104099469B4686
:108170000C901491F0E0C04620BB0010F8BA00103B
:108180000000B0FC0000F07F0000A07C0000907CAC
:10819000FFFFEF7FC91A521A1F2900DD3EE20123BB
:1081A0008B40109300231593AB189A460A9BA41892
:1081B0009C462B006444554500DD5346A34200DD38
:1081C0002300002B04DD5246D21A9246E41AED1A1F
:1081D0000C9B002B00DDB1E15346002B00DDC8E114
:1081E0000B9B002B00DD0BE2002C00DDFCE1002DE1
:1081F00008DD49462A00404602F01AFB8146002865
:1082000000D1FAE140461A99099A02F0ADFB834683
:10821000002800D1F1E1C368494612930023C360EE
:1082200002F084FB002800DAC8E3059B0D9300D11F
:108230004AE34946584602F053FD80230022DB05FD
:1082400004000D00FAF7B6FC002800D168E1129B8B
:10825000002B00D0EFE1049B002B00D074E20D9BBB
:108260001B0300D01AE2002220002900D34BFAF7AA
:108270009BFC002800D01EE30022D14B20002900E7
:10828000FAF747FC0A0001001300109111920E90BA
:1082900080221206944663440F930D9BC94A0E9C9C
:1082A0000F9D13409A46C84B9A4500D1CAE10A9BDC
:1082B000002B28D0D423DB049A4524D81098119998
:1082C000C24AC34BFAF776FC002817D010981199D0
:1082D000FAF7D2FC002800D10130FAF78DFC129B8E
:1082E00010901191002B00D0D7E2802212060B00D3
:1082F0009446634416901793169C179DD6235246B6
:10830000DB04EB189D1A3000390002F007FC020074
:108310000B0020002900FAF7FCFB32003B00FAF7C3
:10832000D1FB0E00049005910A9B002B04D1A54BB4
:1083300033409A4500D1D5E140461A9902F000F841
:108340004046099901F0FCFF4946404601F0F8FF1C
:108350005946404601F0F4FF139C4046616801F025
:10836000C7FF031E099000D147E122690C33023296
:108370000C34210018009200FBF702F9049E059FBF
:108380001CAB01931BAB009332003B00404602F054
:1083900041FC1A90002800D1F4E00121404602F08F
:1083A000D9F88146002800D127E11B9B002B00DA79
:1083B000DBE00C9A149C9D180A991C9A5B1A3621D2
:1083C0009B188A1A8349013B8B4200DAE2E60023BC
:1083D000159301331093E7E6002300260D931293C3
:1083E000012252E500260027079A002A01D0199B96
:1083F0001360089B002B00D1C4E4802109067B1880
:108400001F00BFE400230A9385E5002C00D195E608
:108410000F231A006442224023420AD0049805998F
:108420006D4BD2009B181A685B68FAF754FB0490F6
:108430000591241100D181E61F2C3FDC10231A0086
:1084400022400A92234201D05A330A93012204980F
:10845000059900239246614D5246224204D02A6873
:108460006B68FAF756FB012364100835002CF3D132
:10847000002B01D0049005910A9B002B15D0049B82
:10848000059C6B236200520D21009B1A002B0ADD14
:108490001F2B00DC14E300200490342B00DC16E3D7
:1084A000DC239B0405936A230A9300220498059910
:1084B0000023FAF771FB002800D141E6222342464F
:1084C0000026002713608FE70B9B163300DACAE5FE
:1084D0000C99129A404B521AD2009B181A685B688A
:1084E00004980599FAF7F7FA06000F007CE70122D5
:1084F00008923CE43A4919A801F0D8FD002800D1BF
:108500003AE4199B3749013B19A8199301F0CEFDB4
:10851000002802D1199B013319930026294F63E7E4
:10852000274B002220002900FAF7F3FA129B109043
:108530001191002B7AD10B000E90A9E649461A0042
:10854000404602F00DF98146002856D001001A9AE3
:10855000404602F02FF80D9000284ED040461A9960
:1085600001F0EEFE0D9B1A9336E6149A0C9DD41A78
:1085700022E7524640461A9902F05AF91A9000280A
:1085800000D02DE6DA462223424600260D4F136026
:108590000100404601F0D4FE4046099901F0D0FEAA
:1085A0004946404601F0CCFE4046139901F0C8FE12
:1085B0005146404601F0C4FE16E7C0460000F03FB9
:1085C0000000E03F0000F07F0000E07F0000C0FFFF
:1085D000FFFFDF4102FCFFFF20BB001090B800103E
:1085E00044B2001048B2001022004046099902F03F
:1085F0001FF90990002800D0F9E5DA461A98C2E779
:108600004046149A099902F0ABF80990002800D06E
:10861000EAE5F2E7002319940C933EE4CF49CB1A24
:1086200001219940012315911093BDE5109B119CE8
:108630000E930F9431E60023C94C0E930F941093C0
:1086400011942AE6C74A0D9B944663440593049C03
:10865000059D2000290002F061FA0E9A0F9BFAF79F
:1086600058FA22002B00FAF72DFABF4BBF4A0490AC
:1086700005910B40934200D88FE0BD4A974201D14B
:108680000136BAD00123BA4C5B420493059453E6F9
:1086900000230A933CE4049E059FA5E60023B54C05
:1086A0000E930F940023AE4C10931194F5E50293B2
:1086B000089B404601931AAB0093AF4A1BAB19A924
:1086C00000F09CFB0F231E0004000640034200D173
:1086D00088E6062E00D09EE000230026002719958C
:1086E000089381E6109C119D20002900FAF7DCFA1E
:1086F000FAF7CEFA02000B0020002900FAF7D9F9A8
:10870000049A129B36031343360B04000D009B4A58
:1087100033430AD19A4BFAF747FA002800D10BE607
:10872000DA46049E059F1A9832E7964BFAF73CFA10
:108730000028F5D120002900934A944BFAF74AFA11
:10874000002800D1F8E5EBE7012BA7D10D9B002B0A
:10875000A4D1DA4622234246002600271A98136045
:1087600016E749461D00914653460A00AA46594657
:10877000129DAB46834458461290082E2EDC0E0004
:10878000FFF738FB01223800814900F041FE002844
:1087900037D000200022FFF783FBD4239B04CE18A0
:1087A0000596C1E56E2D01D1FFF78DFBFFF7E4FAC9
:1087B0000B99784B0C91994201DCFFF7F0FBFFF726
:1087C000EDFB0B9A744BD100591808684968049A5C
:1087D000059BFAF79EF906000F0005E6102966DCF6
:1087E0005046800050449246400082440E000020D3
:1087F000FFF707FB2223424613608EE60020FFF7B7
:10880000E9FA199A1300013219925D78002399460A
:108810009A46FFF7D2FA1A9A002A07D035211CA8E7
:1088200002F0ACFA40461A9901F08AFD1B9A052E17
:1088300000D981E1594BB6009B599F461C9B584972
:1088400004931D9B0B4057498C4662441205134309
:108850000593E40503D58022120613430593424A8B
:10886000049E059F134200D0BEE501F09BFB22232E
:108870000360B9E501224C4B524204920593E40592
:1088800000D408E7059BE6E7374B0593F7E71C990B
:108890001D9A1D9B04910592DBE7109B119C16937A
:1088A000179429E500230D961293FFF7ADFA0E00F9
:1088B0000020FFF7A6FA00233C4C0E930F940023F0
:1088C000324C10931194E8E4159B12999C460D9B31
:1088D000DA461A03120B002900D1A0E034498A427B
:1088E00000D1D3E06246002A01D1109B049A1342C2
:1088F0000CD0049805990A9AFFF7C2F902000B0000
:1089000030003900FAF7DEF806000F000A9B002B52
:1089100000D108E730003900264B0022FAF7F9F8B9
:10892000114B06000F000B4200D0FCE6222342460A
:108930001A9813602CE620491CAA19A801F0CCFB58
:10894000052801D0FFF7CCFA1D9B074A1A431C9B50
:1089500005920493049E059F46E5C046E2FBFFFF97
:108960000000F03F0000B0FC0000F07FFFFF9F7CA4
:10897000FFFFEF7F0000F0BF68B800109535A094AE
:10898000FFFFCF3FFFFFDF3F35E5AF350000E03FA2
:1089900040B200101F4E000020BB001050B8001065
:1089A000FFFFEFFF33040000FFFFFF7F0000E0BF89
:1089B000FFFF0F00000050397CB80010129B049993
:1089C000059ADA460B43A1D113039FD1D623614CFC
:1089D000DB0414409C4299D95B465B69002B03D1B0
:1089E0005B461B69012B91DD51460122404601F097
:1089F0001FFF4946824601F099FF002800DC85E709
:108A00000A9B002B71D0544B544A9C46012364446A
:108A100022435B4205920493049E059F7AE7002A55
:108A200017D1049A002A59D10A9A002A5DD0494CDC
:108A30001C40D623DB049C42E5D8DC239B049C42EB
:108A400000D967E786E600239A46454B0993FFF76E
:108A500050FB6246002A01D1109B049A134200D1B8
:108A600054E7049805990A9AFFF70AF902000B00E7
:108A700030003900FAF71DF80022002306000F002D
:108A8000FAF78AF8002800D140E763E60A9A0498CA
:108A9000002A49D0D4212F4AC9041A408A4243D817
:108AA0006B21120D8A1A6C39914088422DD0624692
:108AB000002A00D01BE7109B034200D126E718E7ED
:108AC000012252429A40049B13400493EBE44B234F
:108AD0009A1A4C3B934019400591E4E46146002901
:108AE00025D00B4200D111E7BBE7059A194B1A9824
:108AF0001340194A9446194A63441A4301235B42BE
:108B000005920493049E059F42E5164A934217D0AE
:108B1000104A134080225203944663440593002375
:108B20000493049E059FF1E601214942BDE7109B95
:108B3000134200D1EAE694E700238AE6711C17E6A7
:108B40000130E5D12223424600261A98014F1360D6
:108B50001EE5C0460000F07F0000F0FFFFFF0F00A1
:108B6000F8BA0010FFFFEF7F10B5024BFFF7A0F837
:108B700010BDC0461011002010B504001300034AB8
:108B800010680A002100FFF793F810BD901600202E
:108B900010B504000A000349034B08682100FFF7E1
:108BA00087F810BD9016002010110020F8B5CE46B1
:108BB000040047461300274A80B5106891460A0012
:108BC0002100FFF775F802000B0004000D00FAF712
:108BD00006F800282FD129002000FAF791F8460066
:108BE000760880461C49301CFAF764FC00281DD129
:108BF0001949301CFAF756FC002817D101226B00E6
:108C00005F0820003900154B5242F9F7E8FF0028B1
:108C100008D1012220003900104B5242F9F7CAFF57
:108C2000002803D04B4622221B681A604046C0BC75
:108C3000B946B046F8BD0A48002D07DA01F054FBEA
:108C400080231B069C468444E046EFE701F04CFB82
:108C50008046EBE790160020FFFF7F7FFFFFEF7F4E
:108C600010B00010F8B5CE46474604000A002C4963
:108C700080B52C4B086889462100FFF719F80200DF
:108C80000B0006000F00F9F7AAFF002838D13900C1
:108C90003000FAF735F84400640880462249201C69
:108CA000FAF708FC002822D11F49201CFAF7FAFB2A
:108CB00000281CD101227B005D08300029001B4BDD
:108CC0005242F9F78CFF002808D101223000290018
:108CD000164B5242F9F76EFF002808D04B4622226D
:108CE0001B681A604046C0BCB946B046F8BDFF23B9
:108CF0004246DB051342F5D10D4B3B42F2D0EDE786
:108D00000C48002F07DA01F0EFFA80231B069C467F
:108D10008444E046E6E701F0E7FA8046E2E7C04631
:108D20009016002010110020FFFF7F7FFFFFEF7FD4
:108D30000000F07F10B0001010B5034B0100186860
:108D400000F016FC10BDC04690160020F0B5D646C7
:108D50004F4646460369C0B50A009A464F11BB42CA
:108D600008DC0023036100234361E0BCBA46B1463E
:108D7000A846F0BD1F218C460600644614369D00AF
:108D8000BB007519F318114014421FD02022521A4B
:108D9000944604CBCA4090469D4228D9B1466446C9
:108DA0001A68A240444622434C4604C404CBA14660
:108DB000CA4090469D42F2D85346DC1BA400043CB6
:108DC00034192260002A0CD004340AE032009D429B
:108DD000C7D902CB02C29D42FBD85346DC1BA4007C
:108DE0003419A31B9B100361B442BED1BBE742619F
:108DF000002AB6D034000434F3E7C046F0B5DE46AE
:108E0000454657464E46E0B58846096893468A78F7
:108E100087B003900593302A00D006E2CB1C1D00DA
:108E200001335A1E1278302AF9D0691A8B1E9A46DD
:108E3000C04FBB5C002B00D100E1002200242B7846
:108E40009146BD4AFB5C0292002B00D170E12E00DE
:108E500073780136FB5C002BFAD1012230000299B5
:108E600000F0D6FA0190002852D000223378019207
:108E7000002C02D0A41BA2000192202234009343B4
:108E8000502B51D043461E604B46002B7DD1631BB7
:108E9000013B0021072B03DD01315B10072BFBDCBD
:108EA000039801F025FA8246002800D169E21423D4
:108EB00053440493AC4200D8C6E198460023994637
:108EC0003B0000264746A8464D4699460CE0202E1A
:108ED00019D03200043649462378CB5C0F210B4071
:108EE00093401D4344455ED0013C23782E2BEED1A8
:108EF0004445ECD301222000029900F089FA0028B1
:108F0000F0D0202EE5D120C7002204260025E2E77C
:108F1000002C00D17CE12022A41BA3000193337814
:108F200034009343502BADD163782B2B00D15FE1FC
:108F30002D2B00D0DCE00122A378A11CFB5C2600D5
:108F4000581E18289ED84E1C4978103B795C180092
:108F500000290AD10CE083001B185B000136581869
:108F600033781038F95C002901D01929F3DD0300AA
:108F7000002A00D05B42019A94469C4463460193C8
:108F800043461E604B46002B81D053465A42534104
:108F900006245B421C40200007B0F0BCBB46B24632
:108FA000A946A046F0BDB846A94646464B4608C667
:108FB000049B4846F61A5346B6101E6101F076FA35
:108FC0005B461D687601301AA84270DC0026A84274
:108FD00000DA0FE15B46019A9B68934200DA28E1D0
:108FE0005B46019A5B68934246DD9C1AA54200DD10
:108FF00081E05A46D268022A00D1ECE0032A00D16F
:109000003BE1012A00D0EAE0A54200D0E7E0012DD3
:1090100008D05046691E01F0D1FE002800D1DEE0E4
:109020005B465B68059A6224136001235246136114
:10903000049A13605246109B1A60ACE73E4B012223
:1090400019002800029300F0E3F98146002875D149
:109050006B786C1CFA5C002A72D02500302B00D093
:1090600033E16B780135302BFBD0FB5C5942594121
:10907000012289469246E7E60124002E10D05B4685
:10908000DB68022B64D0032B66D0012B06D1B2071C
:1090900004D5049A12681643334260D110231C434E
:1090A0005246109B1A60059B019A1A6073E7441B95
:1090B0002100504601F082FE061E0FD01F21012321
:1090C000601E01408B404211049992008A5801268B
:1090D0001A4203D0012800DDC1E0022621005046DB
:1090E000FFF734FE019B9C46A4446346019371E75D
:1090F0000022611C22E7671E002E00D0A2E0002F94
:1091000000D0A6E01F21012339408B407A11049939
:1091100092008A581A4201D002231E432100504671
:10912000FFF714FE5B465B682D1B01930224A4E746
:109130002E0092E6B8B8001040B200102C002B7838
:1091400020229343502B00D192E043461C601CE741
:109150000123119A9B1A1193119B002B9ED0534609
:109160001F69049BBA0091461800984600214844A4
:1091700003E002C3984200D883E01A68561CF8D076
:1091800001321A60022C00D18BE01F231E00212423
:109190002E402B4200D183E74B464344043B1868E2
:1091A00001F084F920239B1B984200DB78E75346AB
:1091B0001B69002B00DDB2E000235246136100233F
:1091C000524653615B46019A9B6801320192934279
:1091D0002FDB212464E7119A002A00D122E75146AF
:1091E000039801F0ADF80023109A50241360D2E6E2
:1091F0000022A1E62C1A51462200039801F018FB28
:10920000019B82461B1B0193142353440493E1E604
:109210007378741CFA5C2600002A00D12DE673785E
:109220000136FA5C002AFAD124E600238D1C9A4606
:10923000FEE55146039801F083F80023109AA32419
:109240001360A8E601265DE7049B98460023994633
:10925000ABE63900504601F0B1FD060052E750463A
:10926000A11E01F0ABFD002800D136E7032635E74B
:10927000002301930133994656E6119A002AAED095
:10928000D0E653469B689F4222DA524601217B1C5E
:1092900004371361BA0052445160049A9046022C7C
:1092A00087D15B461B682224013BAB4200D0F7E626
:1092B0001F21012329408B4041466A1192005458D6
:1092C0001C4063425C412134EAE601239A46BEE534
:1092D000534659680398013101F00AF8061E56D02A
:1092E000534651461A690C31023292000C30FAF79B
:1092F00047F95146039801F023F801213269B2463B
:10930000531C04329200B21833615160142290460B
:10931000B044022CC5D09F4200DB36E749E79B00F2
:1093200043441A00534650465B6918305B0882423A
:109330001DD9444619000368DB070B4308C402C863
:1093400049088242F7D80B005146521A193A92083E
:109350000132920042441360002B0DD14346514626
:10936000D31A9B100B61424500D02BE727E74246FA
:109370001360002B02D042460432EFE752461361DD
:109380001DE70022E421054B0548FBF7B9FD00224B
:109390008421024B0248FBF7B3FDC0465CB20010CB
:1093A00070B2001030B583B0069D034C0095E425E3
:1093B0006459A04703B030BD1011002082B00029CD
:1093C0000AD0002A0BD0002B0BD013780B6010783A
:1093D000431E984102B0704701A9002AF3D1002032
:1093E000F8E702204042F5E770B5074C074D641BD3
:1093F000A41005D0013CA300EB589847002CF9D1EC
:1094000001F058FD70BDC046F0AF0010F0AF001085
:1094100030B5002A26D003000B439B0724D1032A32
:1094200022D9164D0BE0043A002A1BD0144C1C190B
:109430009C432C4216D104300431032A14D903680A
:109440000C68A342EFD004780D78A54213D1012314
:1094500006E0C45CCD5CAC420DD101339A4201D030
:10946000002CF6D1002030BD04780D78AC4202D13A
:10947000012AECD1F6E7601BF5E7C04680808080CA
:10948000FFFEFEFEF0B50700002403250D4E3B5DF8
:10949000F25C2A40012A00D12033085D325C2A4068
:1094A000012A06D01A1A83420AD101340028EED1CB
:1094B000F0BD02002032981A9342F9D10134E6E758
:1094C0001000F5E7B9B9001070B50B0C0024150CAD
:1094D000002B28D1002D3CD18BB291B2594300F022
:1094E0005BF8051E33D00300083B5A6803239A43F8
:1094F000043A242A12D80300132A0AD904604460CB
:1095000008331B2A05D98460C460242A2AD00300AA
:10951000103300221A605A609A6002E00021FAF7C4
:1095200029F8280070BD002D16D1151C89B292B201
:109530004A43ADB29BB26B43110C5B18190C0BD1B3
:10954000190492B2114300F027F8051ECBD1002573
:10955000E7E72B1C0D1CE9E700F024FD0C23002598
:109560000360DEE70300046118334461D1E7C046BD
:1095700070B5040008000D00FEF754FB461C3100D6
:10958000200000F009F8041E03D032002900F9F78A
:10959000F7FF200070BDC046F0B54E464546DE469A
:1095A0005746E0B50D000B35060085B0162D27D8BF
:1095B000102900D9DAE000F00FFD10251823022150
:1095C000C74FFB181A005C68083A944200D146E184
:1095D00003226368A1689343E268CA609160012135
:1095E000E3185A6830000A435A6000F0F7FC200084
:1095F000083005B0F0BCBB46B246A946A046F0BD57
:1096000007239D4300D5B1E0A94200D9AEE000F0A8
:10961000E3FCFC235B009D4200D294E1690A00D187
:10962000A8E0042900D94FE138239846A9098844C5
:109630003931CB00082252429446A94FFB189C4472
:109640006346DC68A44514D0032399460B006146A9
:109650009C4607E0E068002A00DBFAE0814200D186
:10966000FBE004004A46636893435A1B0F2AF1DD6E
:1096700041463A003C690832944200D1D8E00320C8
:1096800063688343581B0F2800DD60E13A617A610B
:109690000028A4DA7A68904680229200934200D390
:1096A000E3E0DA0858090123834040461843804626
:1096B000D300DB199A687860E360A2609C60D46094
:1096C00001208B10984040455CD8434603420AD1A4
:1096D00003239943434640000431034203D1400031
:1096E00004310342FBD00323B3469C460E00B84628
:1096F0000190F00040440100B246CB680BE06446A4
:109700005A681F00A243DB68541B0F2C00DDEDE0FC
:10971000002C00DB07E19942F1D101239946CA44AC
:10972000534608319B07E8D1032205E00368083857
:10973000013E834200D001E23242F7D14346019A12
:109740005B68934342465360019A520001929A42E9
:1097500016D8002A06D113E004229146019ACA4481
:10976000520001921342F7D05646C2E70C23002064
:1097700033603EE780233F22402190469B0059E71B
:109780005E4647460322BC68636893439846AB42F3
:1097900002D35A1B0F2A4EDC230043440293514B41
:1097A00008209A461B6810335B19019301F02CFBCB
:1097B0004D4903900B688B46013306D08446019BCC
:1097C0004242013B6344134001933000019900F091
:1097D00007FC03008146013300D1D6E0029B83429F
:1097E00000D9D0E053465A68019B51469C466244DA
:1097F0004A60029803990139484500D0E3E04846A1
:10980000084200D0DFE0B9684344894601210B4398
:1098100049464B605146C96A914201D25146CA62DB
:109820005146096B914201D251460A634C46AEE063
:109830007B68984644E7012329001A4319436519B8
:1098400061603000BD606A6000F0C8FB2000083035
:10985000CFE6A268D0608260C1E6614609E7DC68B5
:109860000231A34200D104E7B2E65A0A042A00D822
:1098700082E0142A00D907E110005B3082465C3296
:10988000D200082040428446BA1894446246926846
:109890000B308146944500D1DEE00800A2466146C7
:1098A000844602E09268914204D04C465068A0433E
:1098B0009842F7D8D368614654469C466346A260F6
:1098C000E3609C60D460FBE614296DD9542900D96B
:1098D000E3E06E239846290B88446F31CB00A9E65C
:1098E000881200208425002080120020BA46012022
:1098F00051468446491905435046456085684746A8
:109900006046EB605E469D60534639617961204355
:1099100008374860CF6030008F609C5000F05EFBDD
:109920005046083065E6BA4601205E46524451680A
:1099300001435160BA683000D3609A6000F04EFB7A
:109940003800083055E62B00E908083338E661197D
:10995000884601218C460D43414665603961796135
:10996000CA608A60624602434A60E050300000F0FC
:1099700035FB200008303CE69A09100039323830B7
:109980008246D2007DE7BC4214D0BC6863680322E3
:1099900093435A1BAB4202D30F2A00DD4BE7300042
:1099A00000F01CFB002024E65B23984688445C31D1
:1099B000CB003FE653465A68019B9C46534662449F
:1099C0005A60039B591E5B461B68013370D04B469F
:1099D00002981B1A9B185246536007234A46484672
:1099E0001A400292184240D00398013384469B1AD1
:1099F000019A99444A44019263440A409B1A1940CF
:109A000030008B4600F0ECFA431C77D04B46C01A6E
:109A100003005B44019353465A6801205A445A603C
:109A20004B464946BB60019B03434B60BC4200D19F
:109A3000F0E643460F2B3FD907210C3B8B4361686F
:109A40000140052019436160E118486088600F2BD0
:109A500049D84B465B68DDE65346981001238340A6
:109A6000404618438046786028E7019B039A4B44A0
:109A70000B40D31A194030008B4600F0B1FA431C5A
:109A8000C4D100239B46C6E7542A17D81A0B1000EE
:109A90006F326E308246D200F3E6AA235B00994211
:109AA00017D8DD3B9846E90B88447831CB00C1E5F7
:109AB0005B464A461A6090E7486070E7AA2040007B
:109AC000824226D8DA0B1000783277308246D200F4
:109AD000D7E61C4B994226D87C239846A90C88448B
:109AE0007D31CB00A6E521003000083100F086F87A
:109AF00053465A68BB6899465B688BE6019A029B9D
:109B000094464A46083B63449B1A019300239B46B4
:109B100081E70C4882420CD89A0C10007D327C30D0
:109B20008246D200ADE6FE237E227F2190469B0036
:109B300080E5FE227E2092008246A2E643465B68D4
:109B400002E6C04654050000F0B5C646060000B562
:109B500008200D0001F058F90400300000F03CFA34
:109B6000234B210098469B685F6803239F4338007E
:109B70001138401B0019F8F761FD451E6543AC42E2
:109B800008DC0021300000F02BFA43469B68DB190B
:109B9000984206D0300000F021FA002080BCB84680
:109BA000F0BD3000694200F01BFA01300ED00122F6
:109BB00043467F1B9B6817430E4A5F601368300063
:109BC0005B1B136000F00AFA0120E7E70021300078
:109BD00000F006FA43469A68831A0F2BDADD064C2A
:109BE00004492468001B086001210B435360D1E73E
:109BF000881200208825002080120020F8B5CE466B
:109C0000474605000C0080B5002957D000F0E4F964
:109C1000012321009C46083948686246030003245A
:109C20009343CF187A68654EA243B468BC4200D112
:109C300070E0BC18A14664467A60044221D10868ED
:109C4000091A1B188868804648464068204034003E
:109C500008348146A04551D04046CC68C460A0601D
:109C60004846002811D19B185548BA68824200D155
:109C70007FE0F868D060826001221A434A60CB50CE
:109C800007E0484640682042EDD062461A434A60E9
:109C90003B6080229200934214D2DA0858090123D3
:109CA0008340706803437360D3009B199A68CB604C
:109CB0008A609960D160280000F090F9C0BCB94674
:109CC000B046F8BD5C0A042C3DD89C09200039340C
:109CD0003830E40034192268083C0327944203D149
:109CE00040E09268944203D05068B8439842F8D854
:109CF000D468CC608A60A160D160DCE7002858D1CC
:109D0000B868D218FB68C3609860634613434B6021
:109D10008A50D0E79A186346034206D10B68C91AE5
:109D20008868D218CB68C3609860012313434B60E6
:109D3000244BB1601B689342BDD8234B280019689F
:109D4000FFF702FFB7E7142C07D9542C1AD81C0BC5
:109D500020006F346E30E400BCE720005C345B30E0
:109D6000E400B7E701238010834070680343736009
:109D7000BFE7D1609160CA608A6001221A434A60DD
:109D8000CB5098E7AA225200944205D8DC0B200061
:109D900078347730E4009DE70C4A944205D89C0C57
:109DA00020007D347C30E40094E7FE247E20A40073
:109DB00090E762461A434A603B607CE788120020C5
:109DC00090120020841200208425002054050000F9
:109DD00010B50A22002100F0C3F810BD10B50A2307
:109DE000002200F0ADF810BDF0B557464E4645468E
:109DF000DE46E0B582460F0090461E00994683B0CD
:109E0000242B43D8012B41D00B0008204A4D1A00C7
:109E100014780133295D0842F9D11D002D2C00D1A1
:109E200076E02B2C3ED0454B9B4600230193002E21
:109E300053D1302C00D173E00A2399460A364946A3
:109E40005846F8F7FBFB2B008C463D00020027002C
:109E500000214C460020E146AC463D00303D092D36
:109E600007D9113D192D03D93D00613D192D20D889
:109E70000A35AE421DDD4F1C05D082422AD327D0C1
:109E80000121604328181F780133E6E700F08AF8C3
:109E900016230360002003B0F0BCBB46B246A946BF
:109EA000A046F0BD1C78254B951C9B4600230193D2
:109EB000BDE767464A1C21D0019A002A00D04042E3
:109EC0004246002AE7D0002933D143461F60E2E72B
:109ED000A945D5DA01214942D5E7102EAFD110238B
:109EE0009946302CABD120222B789343582BA6D106
:109EF00010236C78994610260235A0E7222251469D
:109F00000A6042465846002AC5D058465F1EDCE724
:109F10001C7880231B069B460123951C019386E732
:109F200020222B789343582BE2D008230826994609
:109F300085E78346E9E7C046B9B90010FFFFFF7F18
:109F400010B5FFF751FF10BD10B504001300034A10
:109F500010680A002100FFF747FF10BD901600208F
:109F600010B504001300034A10680A002100FFF72F
:109F70003BFF10BD9016002070B5E025014C6459E0
:109F8000A04770BD10110020002909D0FF2A02D877
:109F900001200A7070478A23036001204042F9E7DC
:109FA0000020F7E7014B18687047C0469016002064
:109FB00010B5034B01001868FFF7EEFA10BDC0465C
:109FC0009016002010B5034B01001868FFF716FE2D
:109FD00010BDC046901600207047C0467047C0466E
:109FE000002370B5064C050008002360FAF76AFFED
:109FF000431C00D070BD2368002BFBD02B60F9E719
:10A00000F426002003000A7801311A700133002A77
:10A01000F9D1704710B5010000230022002000F0A4
:10A0200001FF10BD024670B50A4392072AD11E4DAA
:10A03000EE0104C808C9541B9443344017D0D0B271
:10A04000D9B2401A2106014310D190B299B2401AF8
:10A05000210401430AD110021902000A090A401A18
:10A060002102014302D1100E190E401A70BD9A420E
:10A07000DFD010BA19BA884201D9012070BD002082
:10A08000C04370BD02780B7801300131002A09D03D
:10A090009A4207D102780B7801300131002A01D0B1
:10A0A0009A42EFD0D01A70BD0101010130B50268AB
:10A0B00008E013781D00413D192D00D820330131EF
:10A0C000A34206D10C780132002CF2D102600120AB
:10A0D00030BD0020FCE7C046F0B54546DE46574699
:10A0E0004E461F2403000800E0B52500110000685B
:10A0F00087B04211920005408A180395044200D0AF
:10A10000A1E01000171F021F91460022484602607E
:10A1100018684678002E00D1B2E001906E48049392
:10A1200080464B460F20002400228346019801936D
:10A13000434602963D0026008946B84639009246BD
:10A140001F00029C15E0202C00D98DE052450CDD4B
:10A15000A94201D9072E58DD0826A94505D2291F95
:10A16000002392460D0000260B6084780130002CFD
:10A1700012D03B5D002BE6D001360132082E3CDCCC
:10A180002C682401A4465C462340644623432B608C
:10A1900084780130002CECD1019B8C463400494678
:10A1A00047469946002A6BD0654502D2072C00DC51
:10A1B00074E0A9424AD20A002B0001CB01C29F429F
:10A1C000FBD26A1C781C0423904262D20022CB1876
:10A1D00004C39F42FCD24B461B68002B05D1B942F9
:10A1E00050D0043F3B68002BF9D0052007B0F0BCED
:10A1F000BB46B246A946A046F0BDA945B5D200244B
:10A20000043DA44601262C60BDE708239B1B9B0050
:10A210009C46202364462E001C1B02952B68654635
:10A220000590944620002A0075682C0084401C4349
:10A230002B00D340346073600436B142F4D86246D8
:10A24000029D059888E71700101D5CE74B46039AAE
:10A250001B68002AC7D02020801A01225242C24027
:10A2600013404A461360BEE7A246340056464746AE
:10A27000804601988C46049B49468146292E04D08D
:10A280000420B3E701233B60AFE74046023018608B
:10A2900088E77D1BAD080135AB0097E70826202332
:10A2A000361BB6009B1B98462B6828001A000B0033
:10A2B00031006646AC464546984644682300AB40AC
:10A2C00013432200CA400360426004308642F4D83F
:10A2D000654641466DE7C046B8B800100020014908
:10A2E0007047C0460000F87F004870470000C07FFC
:10A2F000436C70B504000D00002B0AD0AA009B1817
:10A30000186800280ED002681A6000230361C36039
:10A3100070BD21220421FFF7D7F8031E6064EDD140
:10A320000020F5E70126AE40721D012120009200B9
:10A33000FFF7CAF80028F3D045608660E5E7C0461D
:10A34000002906D04A68436C92009B181A680A607C
:10A3500019607047F0B5C6461F008046002300B55F
:10A360000E000D6914310C6801332004000C5043B9
:10A37000240C5443C019070CE4190004270C000CEA
:10A380002404241810C19D42EDDC002F08D0B368CE
:10A39000AB4209DD2B1D9B00F31801355F60356171
:10A3A000300080BCB846F0BD716840460131FFF70F
:10A3B0009FFF041E17D0310032690C310232920027
:10A3C0000C30F9F7DDF8434672685B6C92009B181D
:10A3D0001A6832601E6026002B1D9B00F3180135A1
:10A3E0005F603561DCE70022BA21024B0248FAF7D0
:10A3F00087FDC0465CB20010A4B20010F8B5474615
:10A40000CE460600180080B50C00083009211F0058
:10A410009046F8F7EBF8092F3BDD012500216D0090
:10A420000131A842FBDC3000FFF762FF011E32D091
:10A43000089B4361012303614346092B16DC092372
:10A4400098460A3447450CDD4346E719FF1A23783E
:10A450000A223000303BFFF77DFF01340100BC428F
:10A46000F5D10800C0BCB946B046F8BD09239946ED
:10A47000A1444D4644442B780A223000303BFFF77C
:10A4800069FF01350100A542F5D14446083C4C4422
:10A49000D8E70021C7E70022024B0348D331FAF77F
:10A4A0002FFDC0465CB20010A4B200108022030051
:10A4B00052020020934201D21B0410308022520429
:10A4C000934201D208301B0280225205934201D2EE
:10A4D00004301B018022D205934203D3DB43DB0F00
:10A4E000C018704799009B0004D403301142F8D182
:10A4F0002020F6E70230F4E703680200590707D08E
:10A50000D9071ED4990720D55B0803600120704746
:10A510000020190401D11B0C1030FF21194201D178
:10A5200008301B0A190701D104301B09990701D112
:10A5300002309B08D90702D401305B0803D01360B6
:10A54000E5E70020E3E72020E1E79B080360022025
:10A55000DDE7C046436C70B504000D00002B0AD047
:10A560005868002815D002685A600023C360013380
:10A570004561036170BD21220421FEF7A5FF031E82
:10A580006064EDD146210022084B0948FF31FAF7FB
:10A59000B7FC1C2201212000FEF796FF0028F1D015
:10A5A0000123436001338360DFE7C0465CB20010E3
:10A5B000A4B20010F0B54E4657464546DE46E0B51B
:10A5C0000B6916698A469146984685B0B34204DB0A
:10A5D000330089464646924698464B46596843465C
:10A5E000F5184B469B68AB4200DA0131FFF780FE5D
:10A5F000071E00D1A9E014239C4684446346AC00A6
:10A60000644418000022A34202D204C39C42FCD836
:10A6100014234B449B46434651469B0098461431B5
:10A62000B60088445E44414574D204239A464B46A2
:10A6300015339E4200D380E05B460193434600936E
:10A640005346B446A246AB46B9460C00029306E018
:10A650002D0C31D1009B04340430A34257D9256816
:10A660002B04190C002BF3D0019D5346A046002665
:10A670000C0082462F00039308CF01681A04120CC5
:10A6800062431B0C0D0463432D0C52199219090CE3
:10A690005B18110C5B1812041E0C120C1B041343E4
:10A6A00008C0BC45E8D850464446039B9A46029BE6
:10A6B000C65025682D0CCDD0060000220368A046A8
:10A6C000604619001400B446019F3A88090C6A4399
:10A6D000121952181B0411041B0C0B43336010CFCA
:10A6E0007168240C6C430B041B0CE318120C9B18B0
:10A6F0001C0C0436B842E8D8624684461000444632
:10A70000029A04348350009B0430A342A7D85446D5
:10A710005D464F46002D03DC06E0013D002D03D0D1
:10A72000043C2368002BF8D038003D6105B0F0BC34
:10A73000BB46B246A946A046F0BD4B46F31A153BB0
:10A740009B0801339B009A4676E7B1210022024B19
:10A7500002484900FAF7D4FB5CB20010A4B2001022
:10A76000F8B5032347461400CE461A0080B50E0004
:10A7700007002240234234D1A41023D03D6C002D89
:10A7800038D001239846002399464346234208D1F6
:10A79000641017D02868002819D0050043462342CA
:10A7A000F6D02A0031003800FFF704FF002E06D053
:10A7B00072687B6C92009B181A6832601E600600FB
:10A7C0006410E7D13000C0BCB946B046F8BD2A00DD
:10A7D00029003800FFF7EEFE4B46286005000360B5
:10A7E000DCE70F4B013A9200D2580023FFF7B2FD8D
:10A7F0000600C1E701213800FFF77AFD051E07D0EA
:10A80000084B436101230361002338640360B8E708
:10A8100046210022044B0548FF31FAF771FBC04680
:10A82000C0BA0010710200005CB20010A4B20010A7
:10A83000F0B54546DE4657464E46E0B50D002B695D
:10A8400054119846A04443465E1CAB6883461700EB
:10A85000496883B09E4203DD01315B009E42FBDC10
:10A860005846FFF745FD8446002853D001001431B7
:10A870000B000191002C0CDDA400220000201432FA
:10A88000624401C39342FCD1019B9946A1444B46CB
:10A8900001931F222B0011002C691433A4003940AE
:10A8A0008A461C193A422FD00132521A914600278B
:10A8B000019851461A688A403A4304C04A4680CB00
:10A8C000D7409C42F5D82A0015320423944204D381
:10A8D000631B153B9B0801339B00019AD750002F47
:10A8E00000D1464663461E615B4660466A685B6C03
:10A8F00092009B181A682A601D6003B0F0BCBB462A
:10A90000B246A946A046F0BD019904CB04C19C42C1
:10A91000FBD8E6E7EF210022024B03484900FAF793
:10A92000EFFAC0465CB20010A4B2001002690B69D5
:10A9300030B50500D01A9A4214D19B001435143159
:10A94000EA18CB1801E095420CD2043A043B146893
:10A9500019688C42F7D000238C425B4102205B4295
:10A960001840013830BDC046F0B5454690465746C0
:10A97000DE464E464346E0B50A691B690F0083B0C8
:10A98000D11A9A4200D098E03D0042469900143511
:10A9900014326B18521802E09D4200D395E0043B3C
:10A9A000043A1C6811688C42F6D001258C4203D30E
:10A9B00043460025B8461F0043465968FFF798FCF8
:10A9C0008446002800D194E0142242449146142287
:10A9D00043463900624492460022C56038691B69CB
:10A9E000143180004D4608189C004C44BB46142688
:10A9F0000700994610000A0000950194434602CAD8
:10AA00009D590B042C041B0C240CE41A63462418D7
:10AA1000090C2D0C6D1A2114691824040814240C37
:10AA200009040C439C5104369742E7D802003800D1
:10AA30005F4600994B468946390000261531884209
:10AA40007641C01B15388008250083460427019CE9
:10AA5000F1B2002E36D14846C0195744B8463E00E0
:10AA60009946070084423BD9130020CF2904090CE2
:10AA7000891809142A0CED1889182D040A142D0CB4
:10AA800009040D4320C6BC42EED8013C221A9208AC
:10AA9000920042444B461600002D04D1043E326819
:10AAA000013B002AFAD062461361604603B0F0BC55
:10AAB000BB46B246A946A046F0BD0125002900DBF1
:10AAC00076E779E7471CBF00C5E70021FFF710FCD8
:10AAD0008446002813D00123036100234361E4E787
:10AAE0000026002901D15644D6E75A46960056441E
:10AAF000D2E70022054B06480649FAF701FA002280
:10AB0000024B03480449FAF7FBF9C0465CB2001057
:10AB1000A4B2001045020000370200000D4A0E4B9F
:10AB200094460B4063440022002B02DD1900100004
:10AB300070475B421915132903DC80231B030B416B
:10AB4000F4E7143901221E2902DC80221206CA40D1
:10AB50000023EBE70000C0FC0000F07FF8B5060022
:10AB60004746CE4604691436A4003419231F1D68D5
:10AB700080B528000F009846FFF798FC2022111A94
:10AB8000030039600A282EDD07000B3F464519D225
:10AB900008235B429C46A44463461B68002F1AD0DE
:10ABA0001900D21BD140BD409146194A0D432A439A
:10ABB0001100BB40664511D24A460C3C2468D44083
:10ABC00023430BE00B2805D0BD40114B2B4319004C
:10ABD000002303E000230E4A2A4311001800C0BCE2
:10ABE000B946B046F8BD2F00153A121AD740914623
:10ABF000074A3A4311000027464503D24A46083C1B
:10AC00002768D74015339D402B003B43E6E7C046FD
:10AC10000000F03FF0B5012183B014001D00FFF7E4
:10AC200067FB061E4AD02B036F001B0B7F0D02D063
:10AC30008022520313430193002C16D101A8FFF781
:10AC40005BFC0124019B203073613461002F24D010
:10AC50001D4B35249C46089B67443F181F60241AEF
:10AC60003000099B1C6003B0F0BD68460094FFF7FC
:10AC700043FC019C00281FD0202322001B1A9A406D
:10AC8000C4401300009A019413437361B461631EBE
:10AC90009C4101343461002FDAD10C4B9C46089B57
:10ACA000604418600A4BE3189B00F3185869FFF7DB
:10ACB000FDFB6401241AD3E7009BE6E70022054B65
:10ACC00005480649FAF71CF9CDFBFFFFCEFBFFFF55
:10ACD000FFFFFF3F5CB20010A4B200100F030000A2
:10ACE000F0B5CE46474680B585B0884602A9814674
:10ACF000FFF734FF04000D00404603A9FFF72EFFC5
:10AD000002000B0040464946006909690092019320
:10AD1000091A4901884602980399401A01004144E2
:10AD200000290BDD09054F193D0020002900F7F728
:10AD3000D2FE05B0C0BCB946B046F0BD09055B1AED
:10AD40000193009A019BF0E710B50400172809DD74
:10AD5000002007490022074B013CF7F7DAFE002CE0
:10AD6000F8D110BD044BC4001B1918685968F8E7E6
:10AD70000000F03F0000244020BB00101300013908
:10AD800070B54C111169013414338900A4005918AD
:10AD900004198B420AD2050040CB40C59942FBD82A
:10ADA0008B1A153B9B0801339B00C018844203D9C2
:10ADB000002308C08442FCD870BDC04610B5040012
:10ADC00002691434481182420ADA9200A31803E09F
:10ADD000043B1A68002A14D1A342F9D8002010BD00
:10ADE0008300E3188242F7DD1F22100008400A4268
:10ADF000F2D019680A00C240824001209142EED18F
:10AE0000EAE70120EBE7C046802310B55B01082884
:10AE100001D1180010BDFFF7C5F816230360173BDA
:10AE2000F7E7C046F0B5C6461A4C00B52568002DB8
:10AE30002AD06C681F2C2ADC002808D10020631C53
:10AE40000234A4006B60615180BCB846F0BD882715
:10AE5000A600AE19F2510137FF37BC460122AC44BF
:10AE60006746A2403F6890461743624617608427B2
:10AE70007F00F3510228E1D1280042468D30FF3097
:10AE8000036813430360D9E7034D2560D1E7012030
:10AE90004042D9E788280020F8260020034B10B54F
:10AEA000002B02D00248FFF7B5F810BD00000000EB
:10AEB000E9930010F8B5C04601B40248844601BCCD
:10AEC000604700BF8D04002001B40248844601BCE5
:10AED000604700BF5103002001B40248844601BC12
:10AEE000604700BF7502002001B40248844601BCDF
:10AEF000604700BFAD0F002001B40248844601BC8A
:10AF0000604700BFAD0F002001B40248844601BC79
:10AF1000604700BF1101002001B40248844601BC13
:10AF2000604700BFE901002001B40248844601BC2B
:10AF3000604700BFCF00002001B40248844601BC36
:10AF4000604700BFC100002001B40248844601BC34
:10AF5000604700BF5101002001B40248844601BC93
:10AF6000604700BF210D002001B40248844601BCA7
:10AF7000604700BF910C002001B40248844601BC28
:10AF8000604700BFDD00002001B40248844601BCD8
:10AF9000604700BFD10C002001B40248844601BCC8
:10AFA000604700BF690C0020CD230010F92300107A
:10AFB000DD25001065350010192D0010CD3400106E
:10AFC0000525001015240010352400104924001018
:10AFD0001D15001051240010E918001095230010D1
:10AFE0007D0F00109DAE0010B9590010FD02001039
:10AFF000082008004572726F723A205479706520FB
:10B000004D69736D617463680D0A00002020202073
:10B01000000000002567000053796E7461782045B8
:10B0200072726F720D0A00005052494E54000000B7
:10B030004C4554004C4953540000000052554E00FA
:10B040004E455700434C53005049434F2D42415306
:10B0500049432056312E362052454144590D0A00AD
:10B060003E2000000A2A2A2A2050414E4943202A25
:10B070002A2A0A000A0000004E6F207370696E6C65
:10B080006F636B732061726520617661696C6162C8
:10B090006C6500004E6F20757365722049525173C4
:10B0A0002061726520617661696C61626C65000087
:10B0B000486172647761726520616C61726D2025F0
:10B0C0006420616C726561647920636C61696D658F
:10B0D00064000000486172642061737365727400DB
:10B0E00052656C6561736500626F6F74325F7732B1
:10B0F0003571303830000000322E322E3000000022
:10B100007069636F00000000696E7465727072652B
:10B1100074650000466562203230203230323600DD
:10B12000666E692B00000000666E69006E616E003D
:10B13000666E692D000000002C2066756E637469D0
:10B140006F6E3A2000000000617373657274696F5E
:10B150006E2022257322206661696C65643A206640
:10B16000696C6520222573222C206C696E65202570
:10B1700064257325730A000055415254207374648A
:10B18000696E000055415254207374646F757400E9
:10B190005541525420737464696E202F2073746477
:10B1A0006F75740055534220737464696E202F20AC
:10B1B0007374646F757400005261737062657272AB
:10B1C00079205069000000005069636F00000000A2
:10B1D000426F61726420434443000000526573650E
:10B1E00074000000556E68616E646C65642049529D
:10B1F0005120307825780A0065702025303258209B
:10B2000077617320616C7265616479206176616930
:10B210006C61626C6500000043616E277420636F8F
:10B220006E74696E75652078666572206F6E206930
:10B230006E61637469766520657020253032580030
:10B240002E0000006E660000696E697479000000CF
:10B25000616E0000504F53495800000042616C6C11
:10B260006F63207375636365656465640000000047
:10B270002E2E2F2E2E2F2E2E2F2E2E2F2E2E2F2EE9
:10B280002E2F6E65776C69622F6C6962632F737401
:10B29000646C69622F6764746F612D67657468659B
:10B2A000782E63002E2E2F2E2E2F2E2E2F2E2E2F69
:10B2B0002E2E2F2E2E2F6E65776C69622F6C696291
:10B2C000632F7374646C69622F6D707265632E6393
:10B2D0000000000006005250D3F07542E0B00010AC
:10B2E00006005250E182887FE8B0001006005250FC
:10B2F000ABB36053F8B0001006005250BBFF3CB631
:10B3000000B1001006005250861C030208B1001064
:10B31000060052505422A29D14B100100500525054
:10B32000DE65F46834D300101C430010CC420010DA
:10B33000CC42001014430010CC420010CC4200104C
:10B34000CC420010CC420010CC420010CC42001085
:10B35000CC4200100C430010CC42001004430010FB
:10B36000CC420010CC420010FC4200103C450010C2
:10B37000324300102C4500103243001016450010D7
:10B3800032430010324300103243001032430010A9
:10B3900032430010324300103243001024430010A7
:10B3A0003243001032430010324300103243001089
:10B3B0003243001024430010DA450010864200108A
:10B3C000864200108642001086420010864200101D
:10B3D000864200108642001086420010864200100D
:10B3E00086420010864200108642001086420010FD
:10B3F00086420010864200108642001086420010ED
:10B4000086420010864200108642001086420010DC
:10B4100086420010864200108642001086420010CC
:10B4200086420010864200108642001086420010BC
:10B43000864200108642001050450010A8450010BA
:10B4400050450010864200108642001086420010CF
:10B45000864200108642001086420010864200108C
:10B46000864200108642001086420010864200107C
:10B47000864200108642001086420010864200106C
:10B4800086420010EA4700108642001086420010F3
:10B49000864200108642001086420010864200104C
:10B4A000864200108642001086420010EA470010D3
:10B4B000EC450010EA47001050450010A845001068
:10B4C0005045001000000000000000000000F03FA8
:10B4D000000000000000244000000000000059406F
:10B4E0000000000000408F40000000000088C340C2
:10B4F00000000000006AF8400000000080842E4137
:10B5000000000000D01263410000000084D7974182
:10B510000000000065CDCD410D0A0000060052502C
:10B5200053B4F4A190B10010080052501200000072
:10B530000800525092100000000000001D5400103E
:10B5400000000000215400102D5400105954001028
:10B5500055540010000000000A000000000003061F
:10B56000A6000800020002009C00140003005749D6
:10B570004E55534200000000000000000000800013
:10B5800004000100280044006500760069006300A3
:10B59000650049006E00740065007200660061007D
:10B5A00063006500470055004900440000004E005C
:10B5B0007B0062006300370033003900380063000D
:10B5C00031002D0037003300630064002D0034008B
:10B5D0006300620037002D00390038006200380037
:10B5E0002D0039003100330061003800660063002F
:10B5F000610037006200660036007D000000000038
:10B60000050F2100011C100500DF60DDD88945C74A
:10B610004C9CD2659D9E648A9F00000306A6000193
:10B62000000000000600525053B4F4A1A4B1001071
:10B6300000000000B8B10010C8B10010E44C0020B8
:10B64000D0B10010DCB100100902540003010080E9
:10B650007D080B0002020200000904000001020242
:10B660000004052400200105240100010424020631
:10B6700005240600010705810308001009040100E4
:10B68000020A0000000705020240000007058202CE
:10B690004000000904020000FF0001051201100231
:10B6A000EF0201408A2E0A0000010102030100009E
:10B6B0002060001088610010D861001060610010E7
:10B6C0007261001050610010C06000106C600010CA
:10B6D000606000104265001028650010F8620010DC
:10B6E00062650010F862001010650010FC64001024
:10B6F000F8620010E8640010EE630010F8620010B9
:10B70000CE670010C0670010B4670010F862001028
:10B71000F86200109E670010C0670010F862001009
:10B72000F8620010F8620010F8620010F862001071
:10B73000F8620010F862001054670010EE0D00204F
:10B74000EE0D0020380E0020580E00209C0E002028
:10B75000AE0E0020E40D002000000000596D001026
:10B76000C96D0010F96D0010456E0010E96E0010F3
:10B77000D16F00100000000000000000D170001028
:10B780002D7100104971001071710010B554001036
:10B790009172001000000000787D0010E47C001021
:10B7A000E47C0010E47C0010E47C0010E47C0010D9
:10B7B000E47C0010E47C0010E47C0010667D001046
:10B7C000667D0010667D0010667D0010667D0010AD
:10B7D000E47C0010E47C0010E47C0010E47C0010A9
:10B7E000E47C0010E47C0010E47C0010E47C001099
:10B7F000E47C0010E47C0010E47C0010E47C001089
:10B80000E47C0010E47C0010E47C0010E47C001078
:10B81000E47C0010E47C0010667D0010E47C0010E5
:10B82000E47C0010E47C0010E47C0010E47C001058
:10B83000E47C0010E47C0010E47C0010E47C001048
:10B84000E47C00106A7D0010E47C0010EE8400109F
:10B85000388B00103C8800108E88001088880010FB
:10B86000748800103C88001035000000CEFBFFFFFC
:10B87000CB030000010000000000000034000000C5
:10B88000CEFBFFFFCB030000010000000000000022
:10B89000BC89D897B2D29C3C33A7A8D523F64939A6
:10B8A0003DA7F444FD0FA5329D978CCF08BA5B25C8
:10B8B000436FAC642806681100000000000000001F
:10B8C0000000000000000000000000000000000078
:10B8D0000000000000000000000000000000000068
:10B8E00000000000000000001011121314151617BC
:10B8F0001819000000000000001A1B1C1D1E1F006C
:10B900000000000000000000000000000000000037
:10B910000000000000000000001A1B1C1D1E1F007C
:10B920000000000000000000000000000000000017
:10B930000000000000000000000000000000000007
:10B9400000000000000000000000000000000000F7
:10B9500000000000000000000000000000000000E7
:10B9600000000000000000000000000000000000D7
:10B9700000000000000000000000000000000000C7
:10B9800000000000000000000000000000000000B7
:10B9900000000000000000000000000000000000A7
:10B9A0000000000000000000000000000000000097
:10B9B00000000000000000000020202020202020A7
:10B9C000202028282828282020202020202020204F
:10B9D000202020202020202020881010101010105F
:10B9E00010101010101010101004040404040404AB
:10B9F0000404041010101010101041414141414145
:10BA00000101010101010101010101010101010126
:10BA10000101010110101010101042424242424236
:10BA200002020202020202020202020202020202F6
:10BA3000020202021010101020000000000000009E
:10BA400000000000000000000000000000000000F6
:10BA500000000000000000000000000000000000E6
:10BA600000000000000000000000000000000000D6
:10BA700000000000000000000000000000000000C6
:10BA800000000000000000000000000000000000B6
:10BA900000000000000000000000000000000000A6
:10BAA0000000000000000000000000000000000096
:10BAB0000000000000000000000000000000000086
:10BAC00005000000190000007D00000000000000DB
:10BAD000BC89D897B2D29C3C33A7A8D523F6493964
:10BAE0003DA7F444FD0FA5329D978CCF08BA5B2586
:10BAF000436FAC642806C80A0080E03779C341432D
:10BB0000176E05B5B5B89346F5F93FE9034F384DC3
:10BB1000321D30F94877825A3CBF737FDD4F15756F
:10BB2000000000000000F03F000000000000244082
:10BB300000000000000059400000000000408F405D
:10BB4000000000000088C34000000000006AF840C8
:10BB50000000000080842E4100000000D0126341EC
:10BB60000000000084D797410000000065CDCD4162
:10BB7000000000205FA00242000000E87648374243
:10BB8000000000A2941A6D42000040E59C30A242E1
:10BB90000000901EC4BCD64200003426F56B0C4356
:10BBA0000080E03779C3414300A0D88557347643FD
:10BBB00000C84E676DC1AB43003D9160E458E1435E
:10BBC000408CB5781DAF154450EFE2D6E41A4B44D3
:10BBD00092D54D06CFF08044F64AE1C7022DB54418
:08BBE000B49DD9794378EA44D1
:10BBE800D4B20010E0B20010ECB20010F8B20010AD
:10BBF80004B3001010B300101CB3001030B50010CF
:0CBC080028B500101CB5001024B6001078
:10BC140012498A6920231A42FBD1086070470F49F0
:10BC24008A6910231A42FBD10868704700B51B20AB
:10BC3400FFF7EEFF5B20FFF7EBFF3220FFF7E8FF93
:10BC44004A20FFF7E5FF1B20FFF7E2FF5B20FFF729
:10BC5400DFFF4820FFF7DCFF00BD00000040034089
:10BC640003000068EFF3108C72B60268002AFCD05F
:10BC7400BFF35F8F04229A56002A0BDB002900D001
:10BC84000A6000201B68BFF35F8F00221A608CF3E8
:10BC940010887047D0221206126801201A71F1E749
:10BCA400F0B5C646150000B504001E000268EFF3A7
:10BCB400108172B61368002BFCD0BFF35F8F04238E
:10BCC400E3562268002B2BDBBFF35F8F002010604C
:10BCD40081F31088D02212061278002752B29046BF
:10BCE4009A420ED1002080BCB846F0BDBFF35F8FEE
:10BCF400176081F310882800310000F001FF00284C
:10BD0400F0D12268EFF3108172B61368002BFCD0D7
:10BD1400BFF35F8F237922687F2BE7D9434602E084
:10BD2400D0231B061B682371BFF35F8F00231360AE
:10BD340081F310880120D6E7F0B5C64600B50D00A2
:10BD4400040000F0FDFEFA2206000F000023280084
:10BD54000021920000F0FCFE36184F41002F02DA59
:10BD64000126174F7642D0231B061B6800259846F0
:10BD74000AE0BFF35F8F156081F31088300039004B
:10BD840000F0BEFE002818D12268EFF3108172B6CD
:10BD94001368002BFCD0BFF35F8F237922687F2BBD
:10BDA400E7D943462371BFF35F8F0023136081F308
:10BDB4001088012080BCB846F0BD0020FAE7C046D8
:10BDC400FFFFFF7F0268EFF3108172B61368002B48
:10BDD400FCD0BFF35F8FFF2303710368BFF35F8F52
:10BDE40000221A6081F3108840BF704710B5084CD8
:10BDF4002378002B0AD18023064807495B051A687B
:10BE0400C25004338B42FAD10123237010BDC046C3
:10BE1400F84C0020242E00100001001010B5014B36
:10BE2400984710BD252E0020064B5A6802609A6878
:10BE34004260DA6882601A69C2605A6902619B6969
:10BE440043617047000002400268064B5A60426832
:10BE54009A608268DA60C2681A6102695A6142694A
:10BE64009A61704700000240034B1A68C0239B008C
:10BE74009343024A136070470C8001400C900140C8
:10BE8400054B1A6880239B005340C0229200134044
:10BE9400024A13607047C0460C8001400C90014078
:10BEA4000023F0B5DE4657464E4645469A46E0B571
:10BEB40089B001900E00988A45491B8B140098475D
:10BEC400534681464349988A1B8B984753464249B7
:10BED4000500988A1B8B98478046FFF787FF02A8C6
:10BEE400FFF7A2FFC847A847FFF7CAFF251E22D0C5
:10BEF4000823C0219C460220490562468B6A1A40E9
:10BF040018423FD0631B002D2FD1002A11D1002CE1
:10BF140011D0C0235B059B4602239A4606339946FB
:10BF24005B464A4657469B6A1A401F4242D0002A43
:10BF3400F6D0002C30D1FFF797FFC047FFF76EFF14
:10BF440002A8FFF781FF09B0F0BCBB46B246A94680
:10BF5400A046F0BD002C2FD1C0225205926A914612
:10BF640008224F463A40BF072DD50D2B1BD9002A76
:10BF7400F0D1C0225205926A914608224F463A40B7
:10BF8400BF07F2D4002A04D12B002343002BB4D1E1
:10BF9400D1E72B00002CF9D00B6E013C3370230049
:10BFA40001362B43F2E7019F013D3B7801370B66D5
:10BFB4000197E7E70025E5E7C0235B051B6E013C1D
:10BFC4003370013699E72B00002ADFD1DCE7C04645
:10BFD4004946000045580000464300000022154B26
:10BFE40010B59A60DA601A615A619A61DA611A626C
:10BFF4005A629A62DA621A635A639A63DA631A6457
:10C004005A649A64DA641A655A659A65DA651A6636
:10C014005A669A66DA661A675A679A67DA67F03276
:10C0240092000021044800F073FD044B044A1A6096
:10C0340010BDC04600001050E02F0020A83300209F
:10C0440080011050F0B54E464546DE465746E0B5F1
:10C05400214B00249E6D012585B0002E22D01F4B5C
:10C064009A46012399461E4B984601E0202C19D08C
:10C074002A00230001342F003240E4B26D00002A6C
:10C08400F4D0524697654A465B085B0022409B18F1
:10C094005B01434418009B4600F01EFC002808D1B5
:10C0A400BE43E3D105B0F0BCBB46B246A946A046A8
:10C0B400F0BD5B46E0219A78DB8A01A88360002307
:10C0C400C900018001210271437100F025FC58462A
:10C0D40000F0A0FBE4E7C04600001150003011500E
:10C0E400A02F00209823F0B5C646C84A00B5D558FD
:10C0F40080232E009B02102484B01E401D4274D065
:10C10400C34BC44C9A6AC44B00261A603B23E35CBD
:10C11400022B00D14FE17B23E35C022B00D1F3E03F
:10C12400BB23E35C022B00D1FAE0FB23E35C022B8C
:10C1340000D101E13C23FF33E35C022B00D12DE16C
:10C144007C23FF33E35C022B00D10EE1BC23FF33DD
:10C15400E35C022B00D13FE1FC23FF33E35C022BC1
:10C1640000D1F5E0AD4BE35C022B00D174E1AC4BA4
:10C17400E35C022B00D105E1AA4BE35C022B00D166
:10C1840075E1A94BE35C022B00D132E1A74BE35CE0
:10C19400022B00D1A0E1A64BE35C022B00D171E19C
:10C1A400A44BE35C022B00D1A1E1A34BE35C022B83
:10C1B40000D17FE1002E08D1A04B1B78002B04D1C5
:10C1C40080219F4A90338902D150C02269468F4B07
:10C1D40092009B6C80265B058A805B0D012101A87F
:10C1E400029300F099FB974CB602EB0600D57FE072
:10C1F40080235B021D4231D01E4301230224984652
:10C20400844FBB7E002B14D000F0B2FC012800D96F
:10C2140072E0C02200213800920100F001FB3800D6
:10C2240000F0F8FA00F0A4FC012802D9844B5C6603
:10C234001C664346FB702037012C22D1C0236A467A
:10C24400DB009380804A02AB03CA03C3012101A827
:10C2540000F062FB80227A4B92021A6580235B0114
:10C264001D4210D18023DB011D4223D180231B02F8
:10C274001D422FD1AE4200D0C0E104B080BCB8460C
:10C28400F0BD0124BDE700241E43604B1C60FFF792
:10C29400A5FE80236A465B0093801472012101A8E5
:10C2A40000F03AFB8022664B12031A658023DB01FF
:10C2B4001D42DBD01E4380236A46DB0093800121AC
:10C2C40001A800F029FB10225D4B1A6580231B0294
:10C2D4001D42CFD01E43A0236A46DB009380012178
:10C2E40001A800F019FB8022554B12011A65C1E721
:10C2F400FFF7A8FE26007BE7544B444A1C66536EA6
:10C304002340A342FBD184E77833E75C002F00D1BC
:10C3140006E70233E25C002A00D00DE13E00FFE6AE
:10C32400B833E75C002F00D1FFE60233E25C002A59
:10C3340000D0F9E03E00F8E6F833E75C002F00D1C6
:10C34400F8E60233E25C002A00D041E13E00F1E667
:10C35400F933FF33E75C002F00D103E70233E25CDB
:10C36400002A00D02BE13E00FCE67933FF33E75C82
:10C37400002F00D1EAE60233E25C002A00D015E186
:10C384003E00E3E6324BE75C002F00D1F4E60233D3
:10C39400E25C002A00D001E13E00EDE63933FF33D0
:10C3A400E75C002F00D1CBE60233E25C002A00D028
:10C3B400EBE03E00C4E63833E65C002E00D1AAE68A
:10C3C4000233E25C002A00D1A5E6200000222030DE
:10C3D400E25400F04DFA9EE6B933FF33E75C002FD8
:10C3E40000D1B9E60233E25C002A00D0C4E03E008A
:10C3F400B2E6184BE75C002F00D1C7E60233E25CDB
:10C40400002A00D0B0E03E00C0E6C0460000115053
:10C4140000400540A02F0020942F00203B02000084
:10C424007B020000BB020000FB0200003B03000093
:10C434007B030000BB030000FB030000F64C00205C
:10C444000030115010000200000010500020115064
:10C454007A020000FA0200006B4BE75C002F00D167
:10C4640085E60233E25C002A76D13E007FE6674B24
:10C47400E75C002F00D184E60233E25C002A63D13A
:10C484003E007EE6624BE75C002F00D188E6023373
:10C49400E25C002A00D0A3E05E4BE35C022B30D1C7
:10C4A4005D4BE35C002B27D15C4BE35C022B00D09B
:10C4B4008BE63E005A4BE35C002B00D17AE6FF2367
:10C4C4009B00E25C002A00D17FE60022E2541C3B80
:10C4D400E01800F0CDF978E6524BE75C002F00D16C
:10C4E40059E60233E25C002A16D13E0053E64A4B79
:10C4F400E35C002B00D158E6EF239B00E25C002AAA
:10C5040075D1464BE35C022B00D05EE6444BE35C02
:10C51400002B00D159E6D2E70022E2541C3BE0187C
:10C5240000F0A6F93E0036E620000022A030E254D6
:10C534003E0000F09DF9F8E5200000226030E2544E
:10C544003E0000F095F9EBE50022E2541C3BE018B4
:10C5540000F08EF93E0014E60022E2541C3BE01881
:10C5640000F086F93E0002E60022E2541C3BE0188B
:10C5740000F07EF93E0009E620000022A130FF30E1
:10C58400E2543E0000F074F9E6E520000022213078
:10C59400FF30E2543E0000F06BF9D1E50022E25492
:10C5A4001C3BE01800F064F93E00E5E520000022A1
:10C5B4006130FF30E2543E0000F05AF9C6E5200035
:10C5C4000022E130FF30E2543E0000F051F9C9E5A9
:10C5D40020000022E030E2543E0000F049F9A9E5D1
:10C5E4000022E2541C3BE01800F042F954E7002218
:10C5F400E2541C3BE01800F03BF982E731000A48A2
:10C60400694000F095FAC0463A020000BA02000000
:10C614007A030000BB030000BA030000FB03000020
:10C62400FA0300003A030000E4B10010F0B5C64676
:10C6340000B50200838A008B8C46011C984200D905
:10C64400191CD47880252000461EB04189B2ED0023
:10C654000D434003284301256C405B1AD470547881
:10C664009BB29382002C31D16446D568A4014E1E3E
:10C674002D19B0461469002923D0062E32D92B0077
:10C6840023439B072ED1631CEB1A022B2AD90023C8
:10C694008F08BF00E658EE5004339F42FAD1434658
:10C6A400ED19DB1BE419B94209D026782E70002B52
:10C6B40005D066786E70012B01D0A378AB70146935
:10C6C400938A64181461802212021043002B02D151
:10C6D4008023DB0118436346002B00D0000480BC98
:10C6E400B846F0BD0023E65CEE5401339942FAD11A
:10C6F400E5E7C0468368F0B51A680400002900D055
:10C70400120C63789205900D002B08D1E38AC318AC
:10C71400E382238B834201D90023A382F0BDE36823
:10C72400890125695E18471E002822D0062F26D9C4
:10C7340001315B18EB1A022B21D92B0033439B07E1
:10C744001DD10023120E9200F158E95004339A428D
:10C75400FAD1BF1AAD18B618904209D032782A70AF
:10C76400002F05D072786A70012F01D0B278AA70B8
:10C774002569E38A2D18C318E3822561C9E70022DD
:10C78400B35CAB5401329042FAD12569F1E7C0465B
:10C7940010B50400836800211B68FFF7ABFF6368D2
:10C7A4001B685B0002D5238B834200D010BD01219E
:10C7B4002000FFF79FFFF9E7084A0300126C0020EE
:10C7C400920703D49A78D209012A00D07047D87E00
:10C7D400023843425841C0B2F8E7C0460000115045
:10C7E40010B5FFF7E9FF00280CD00749074B8C462A
:10C7F400074A9B6A126863449B1A0020C6229A4225
:10C804004041C0B210BDC046E0FCFFFF00400540FF
:10C81400942F002000238376436103617047C04650
:10C8240010B58368002901D01C682140002A12D069
:10C834008024E400114322420DD01A6822420CD114
:10C84400084A0A401A60084A126C920703D40C235F
:10C85400033BFDD28368196010BD8178034800F062
:10C8640067F9C046FFFBFFFF00001150F8B100104C
:10C87400436870B50021802504001E68FFF7D6FECA
:10C88400124B6D011A6C0543A37892070ED55B0613
:10C894000ED00F4B1E4080239B053343626800215A
:10C8A400136020002A00FFF7BBFF70BDDB09F0D046
:10C8B400A38A002BEDD001212000FFF7B7FEA023AF
:10C8C400044ADB05324005431343E7E700001150F7
:10C8D400FFFFFFAFFFFFFFDF70B5857E0400002D73
:10C8E40014D0FFF755FFA38A002B01D1280070BD97
:10C8F4002000FFF775FF002803D0012300252377CC
:10C90400F4E72000FFF7B4FF0025EFE78178014842
:10C9140000F00EF918B20010F0B5CE46474680B5C7
:10C92400437805000E0085B0062B08D86C4A9B009E
:10C93400D3589F466B4A13780133DBB213706A4BAA
:10C944001C686269EFF3108172B61368002BFCD087
:10C95400BFF35F8FA1612000290000F001F9626933
:10C96400A369BFF35F8F0021116083F3108800284F
:10C9740004D105B0C0BCB946B046F0BD32006978F8
:10C98400287800F0CDF8F4E70121584B1A788A434F
:10C994001A701A7801318A431A7000225A701A7870
:10C9A40002318A431A70CAE75149524F89465249A3
:10C9B4000024002388463A7812E043461B6861014C
:10C9C4005B18002B06D0DB69002B03D0696828783C
:10C9D40098473A780134E4B2511C2300A14217DB92
:10C9E400A242EAD89B1A5B014B44ECE73F4B1A780E
:10C9F400D207BED504211A780A431A709FE73B4B2D
:10CA04001A78D207B5D504211A788A431A7096E7A2
:10CA1400364F3B785B072BD504223B7800219343A8
:10CA24003B706B460632981D00F072F82B7801AC0F
:10CA34002370052363702C4B1B6898465A69EFF3E7
:10CA4400108172B61368002BFCD0BFF35F8F43468E
:10CA540040469961210000F083F843465A699B6976
:10CA6400BFF35F8F0021116083F31088002831D158
:10CA7400FB78DB0700D47CE76B460A220021981D73
:10CA840000F046F82B7801AC2370032363706B68C5
:10CA94006360154B1D686A69EFF3108172B6136801
:10CAA400002BFCD0BFF35F8FA9612800210000F0A8
:10CAB40057F86A69AB69BFF35F8F0021116083F394
:10CAC4001088002800D154E732006178207800F003
:10CAD40027F84EE732006178207800F021F8C7E7A4
:10CAE4003CB70010F74C0020942A00203C2A002078
:10CAF40058B70010F54C00208C2800207047C04621
:10CB040001B40248844601BC604700BFC11C001048
:10CB140001B40248844601BC604700BF753500106B
:10CB240001B40248844601BC604700BFC15E0010E6
:10CB340001B40248844601BC604700BF290E0010BE
:10CB440001B40248844601BC604700BFF11D0010D7
:10CB540001B40248844601BC604700BF2134001080
:10CB640001B40248844601BC604700BF217900102B
:10CB740001B40248844601BC604700BF1D0E00108A
:10CB84001000000000000000000001000000000090
:10CB9400000000000000020000000000000000008F
:10CBA4000000030000000000000000000000FF007F
:10CBB4000000000001B5486801318E460047704608
:10CBC40009380149884701BD2D14001000000000F8
:10CBD4000000000000000000000000000000000051
:10CBE400E01700200000000000000000000000002A
:10CBF400503300004C330000543300005233000023
:10CC04004D5300004D4300005334000043340000F2
:10CC140031520010355300107D520010495300105A
:10CC2400000000000001000081560010355600107D
:10CC3400A95500102155001000000000000100005B
:10CC4400982A002010000C000000000000000000E2
:10CC5400000000000000000000000000FF000000D1
:10CC6400430000000000000000000000000000007D
:10CC740000000000000000000000000000000000B0
:10CC8400430000000000000000000000000000005D
:10CC94000000000000000000000000000000000090
:10CCA400430000000000000000000000000000003D
:10CCB4000000000000000000000000000000000070
:10CCC400430000000000000000000000000000001D
:10CCD4000000000000000000000000000000000050
:10CCE40043000000000000000000000000000000FD
:10CCF4000000000000000000000000000000000030
:10CD040043000000000000000000000000000000DC
:10CD1400000000000000000000000000000000000F
:10CD240043000000000000000000000000000000BC
:10CD340000000000000000000000000000000000EF
:10CD4400899F0010BD93001000000000B8B90010C6
:10CD540040B2001010B0001010B0001010B000105D
:10CD640010B0001010B0001010B0001010B000107F
:10CD740010B0001010B00010FFFFFFFFFFFFFFFF17
:10CD8400FFFFFFFFFFFF000001004153434949003B
:10CD9400000000000000000000000000000000008F
:10CDA4000000000000000000000041534349490016
:10CDB400000000000000000000000000000000006F
:10CDC400000000000000000000000000000000005F
:10CDD400FFFFFFFF00000200000000000000000051
:10CDE4008812002088120020901200209012002047
:10CDF4009812002098120020A0120020A0120020F7
:10CE0400A8120020A8120020B0120020B0120020A6
:10CE1400B8120020B8120020C0120020C012002056
:10CE2400C8120020C8120020D0120020D012002006
:10CE3400D8120020D8120020E0120020E0120020B6
:10CE4400E8120020E8120020F0120020F012002066
:10CE5400F8120020F8120020001300200013002014
:10CE640008130020081300201013002010130020C2
:10CE74001813002018130020201300202013002072
:10CE84002813002028130020301300203013002022
:10CE940038130020381300204013002040130020D2
:10CEA4004813002048130020501300205013002082
:10CEB4005813002058130020601300206013002032
:10CEC40068130020681300207013002070130020E2
:10CED4007813002078130020801300208013002092
:10CEE4008813002088130020901300209013002042
:10CEF4009813002098130020A0130020A0130020F2
:10CF0400A8130020A8130020B0130020B0130020A1
:10CF1400B8130020B8130020C0130020C013002051
:10CF2400C8130020C8130020D0130020D013002001
:10CF3400D8130020D8130020E0130020E0130020B1
:10CF4400E8130020E8130020F0130020F013002061
:10CF5400F8130020F813002000140020001400200F
:10CF640008140020081400201014002010140020BD
:10CF7400181400201814002020140020201400206D
:10CF8400281400202814002030140020301400201D
:10CF940038140020381400204014002040140020CD
:10CFA400481400204814002050140020501400207D
:10CFB400581400205814002060140020601400202D
:10CFC40068140020681400207014002070140020DD
:10CFD400781400207814002080140020801400208D
:10CFE400881400208814002090140020901400203D
:10CFF4009814002098140020A0140020A0140020ED
:10D00400A8140020A8140020B0140020B01400209C
:10D01400B8140020B8140020C0140020C01400204C
:10D02400C8140020C8140020D0140020D0140020FC
:10D03400D8140020D8140020E0140020E0140020AC
:10D04400E8140020E8140020F0140020F01400205C
:10D05400F8140020F814002000150020001500200A
:10D0640008150020081500201015002010150020B8
:10D074001815002018150020201500202015002068
:10D084002815002028150020301500203015002018
:10D0940038150020381500204015002040150020C8
:10D0A4004815002048150020501500205015002078
:10D0B4005815002058150020601500206015002028
:10D0C40068150020681500207015002070150020D8
:10D0D4007815002078150020801500208015002088
:10D0E4008815002088150020901500209015002038
:10D0F4009815002098150020A0150020A0150020E8
:10D10400A8150020A8150020B0150020B015002097
:10D11400B8150020B8150020C0150020C015002047
:10D12400C8150020C8150020D0150020D0150020F7
:10D13400D8150020D8150020E0150020E0150020A7
:10D14400E8150020E8150020F0150020F015002057
:10D15400F8150020F8150020001600200016002005
:10D1640008160020081600201016002010160020B3
:10D174001816002018160020201600202016002063
:10D184002816002028160020301600203016002013
:10D1940038160020381600204016002040160020C3
:10D1A4004816002048160020501600205016002073
:10D1B4005816002058160020601600206016002023
:10D1C40068160020681600207016002070160020D3
:10D1D4007816002078160020801600208016002083
:10D1E400981600200000000000000000BC2500206C
:10D1F400242600208C2600200000000000000000EF
:10D20400000000000000000000000000000000001A
:10D21400000000000000000000000000000000000A
:10D2240000000000000000000000000000000000FA
:10D2340000000000000000000000000000000000EA
:10D2440000000000000000000000000000000000DA
:10D2540000000000000000000000000000000000CA
:10D2640000000000000000000000000000000000BA
:10D2740000000000000000000000000000000000AA
:10D2840001000000000000000E33CDAB34126DE647
:10D29400ECDE05000B0000000000000000000000B0
:10D2A400000000000000000000000000000000007A
:10D2B400000000000000000000000000000000006A
:10D2C400000000000000000000000000000000005A
:10D2D400000000000000000000000000000000004A
:10D2E400000000000000000000000000000000003A
:10D2F400000000000000000000000000000000002A
:10D304000000000000000000000000000000000019
:10D314000000000000000000000000000000000009
:10D3240000000000000000000000000000000000F9
:04000005100001E9FD
:00000001FF
