
/home/jfvera/SO/build/interprete.elf:     file format elf32-littlearm

Sections:
Idx Name          Size      VMA       LMA       File off  Algn
  0 .boot2        00000100  10000000  10000000  00001000  2**0
                  CONTENTS, ALLOC, LOAD, READONLY, CODE
  1 .text         0000aef0  10000100  10000100  00001100  2**3
                  CONTENTS, ALLOC, LOAD, READONLY, CODE
  2 .rodata       00000bf8  1000aff0  1000aff0  0000bff0  2**3
                  CONTENTS, ALLOC, LOAD, READONLY, DATA
  3 .binary_info  0000002c  1000bbe8  1000bbe8  0000cbe8  2**2
                  CONTENTS, ALLOC, LOAD, READONLY, DATA
  4 .ram_vector_table 000000c0  20000000  20000000  0000f000  2**2
                  ALLOC
  5 .uninitialized_data 00000000  200000c0  200000c0  0000e7e0  2**0
                  CONTENTS
  6 .data         00001720  200000c0  1000bc14  0000d0c0  2**4
                  CONTENTS, ALLOC, LOAD, READONLY, CODE
  7 .tdata        00000000  200017e0  200017e0  0000e7e0  2**0
                  CONTENTS, ALLOC, LOAD, DATA, THREAD_LOCAL
  8 .tbss         00000000  200017e0  200017e0  00000000  2**0
                  ALLOC, THREAD_LOCAL
  9 .bss          00003520  200017e0  1000d334  0000e7e0  2**3
                  ALLOC
 10 .heap         00000800  20004d00  1000d334  0000ed00  2**2
                  ALLOC, READONLY
 11 .scratch_x    00000000  20040000  20040000  0000e7e0  2**0
                  CONTENTS
 12 .scratch_y    00000000  20041000  20041000  0000e7e0  2**0
                  CONTENTS
 13 .stack_dummy  00000800  20041000  20041000  0000f000  2**5
                  ALLOC, READONLY
 14 .ARM.attributes 00000028  00000000  00000000  0000e7e0  2**0
                  CONTENTS, READONLY
 15 .comment      0000004c  00000000  00000000  0000e808  2**0
                  CONTENTS, READONLY
 16 .debug_info   0004495d  00000000  00000000  0000e854  2**0
                  CONTENTS, READONLY, DEBUGGING, OCTETS
 17 .debug_abbrev 0000d6f5  00000000  00000000  000531b1  2**0
                  CONTENTS, READONLY, DEBUGGING, OCTETS
 18 .debug_loclists 00023ea4  00000000  00000000  000608a6  2**0
                  CONTENTS, READONLY, DEBUGGING, OCTETS
 19 .debug_aranges 00001c80  00000000  00000000  00084750  2**3
                  CONTENTS, READONLY, DEBUGGING, OCTETS
 20 .debug_rnglists 00004e82  00000000  00000000  000863d0  2**0
                  CONTENTS, READONLY, DEBUGGING, OCTETS
 21 .debug_line   0002c616  00000000  00000000  0008b252  2**0
                  CONTENTS, READONLY, DEBUGGING, OCTETS
 22 .debug_str    0000a5ef  00000000  00000000  000b7868  2**0
                  CONTENTS, READONLY, DEBUGGING, OCTETS
 23 .debug_frame  00003df0  00000000  00000000  000c1e58  2**2
                  CONTENTS, READONLY, DEBUGGING, OCTETS
 24 .debug_line_str 0000038c  00000000  00000000  000c5c48  2**0
                  CONTENTS, READONLY, DEBUGGING, OCTETS

/home/jfvera/SO/build/interprete.elf:     file format elf32-littlearm


Disassembly of section .boot2:

10000000 <__boot2_start__>:
10000000:	4b32b500 	.word	0x4b32b500
10000004:	60582021 	.word	0x60582021
10000008:	21026898 	.word	0x21026898
1000000c:	60984388 	.word	0x60984388
10000010:	611860d8 	.word	0x611860d8
10000014:	4b2e6158 	.word	0x4b2e6158
10000018:	60992100 	.word	0x60992100
1000001c:	61592102 	.word	0x61592102
10000020:	22f02101 	.word	0x22f02101
10000024:	492b5099 	.word	0x492b5099
10000028:	21016019 	.word	0x21016019
1000002c:	20356099 	.word	0x20356099
10000030:	f844f000 	.word	0xf844f000
10000034:	42902202 	.word	0x42902202
10000038:	2106d014 	.word	0x2106d014
1000003c:	f0006619 	.word	0xf0006619
10000040:	6e19f834 	.word	0x6e19f834
10000044:	66192101 	.word	0x66192101
10000048:	66182000 	.word	0x66182000
1000004c:	f000661a 	.word	0xf000661a
10000050:	6e19f82c 	.word	0x6e19f82c
10000054:	6e196e19 	.word	0x6e196e19
10000058:	f0002005 	.word	0xf0002005
1000005c:	2101f82f 	.word	0x2101f82f
10000060:	d1f94208 	.word	0xd1f94208
10000064:	60992100 	.word	0x60992100
10000068:	6019491b 	.word	0x6019491b
1000006c:	60592100 	.word	0x60592100
10000070:	481b491a 	.word	0x481b491a
10000074:	21016001 	.word	0x21016001
10000078:	21eb6099 	.word	0x21eb6099
1000007c:	21a06619 	.word	0x21a06619
10000080:	f0006619 	.word	0xf0006619
10000084:	2100f812 	.word	0x2100f812
10000088:	49166099 	.word	0x49166099
1000008c:	60014814 	.word	0x60014814
10000090:	60992101 	.word	0x60992101
10000094:	2800bc01 	.word	0x2800bc01
10000098:	4700d000 	.word	0x4700d000
1000009c:	49134812 	.word	0x49134812
100000a0:	c8036008 	.word	0xc8036008
100000a4:	8808f380 	.word	0x8808f380
100000a8:	b5034708 	.word	0xb5034708
100000ac:	20046a99 	.word	0x20046a99
100000b0:	d0fb4201 	.word	0xd0fb4201
100000b4:	42012001 	.word	0x42012001
100000b8:	bd03d1f8 	.word	0xbd03d1f8
100000bc:	6618b502 	.word	0x6618b502
100000c0:	f7ff6618 	.word	0xf7ff6618
100000c4:	6e18fff2 	.word	0x6e18fff2
100000c8:	bd026e18 	.word	0xbd026e18
100000cc:	40020000 	.word	0x40020000
100000d0:	18000000 	.word	0x18000000
100000d4:	00070000 	.word	0x00070000
100000d8:	005f0300 	.word	0x005f0300
100000dc:	00002221 	.word	0x00002221
100000e0:	180000f4 	.word	0x180000f4
100000e4:	a0002022 	.word	0xa0002022
100000e8:	10000100 	.word	0x10000100
100000ec:	e000ed08 	.word	0xe000ed08
	...
100000fc:	7a4eb274 	.word	0x7a4eb274

Disassembly of section .text:

10000100 <__VECTOR_TABLE>:
10000100:	20042000 	.word	0x20042000
10000104:	100001f7 	.word	0x100001f7
10000108:	100001cb 	.word	0x100001cb
1000010c:	100001cd 	.word	0x100001cd
10000110:	100001c9 	.word	0x100001c9
10000114:	100001c9 	.word	0x100001c9
10000118:	100001c9 	.word	0x100001c9
1000011c:	100001c9 	.word	0x100001c9
10000120:	100001c9 	.word	0x100001c9
10000124:	100001c9 	.word	0x100001c9
10000128:	100001c9 	.word	0x100001c9
1000012c:	100001cf 	.word	0x100001cf
10000130:	100001c9 	.word	0x100001c9
10000134:	100001c9 	.word	0x100001c9
10000138:	100001d1 	.word	0x100001d1
1000013c:	100001d3 	.word	0x100001d3
10000140:	100001c1 	.word	0x100001c1
10000144:	100001c1 	.word	0x100001c1
10000148:	100001c1 	.word	0x100001c1
1000014c:	100001c1 	.word	0x100001c1
10000150:	100001c1 	.word	0x100001c1
10000154:	100001c1 	.word	0x100001c1
10000158:	100001c1 	.word	0x100001c1
1000015c:	100001c1 	.word	0x100001c1
10000160:	100001c1 	.word	0x100001c1
10000164:	100001c1 	.word	0x100001c1
10000168:	100001c1 	.word	0x100001c1
1000016c:	100001c1 	.word	0x100001c1
10000170:	100001c1 	.word	0x100001c1
10000174:	100001c1 	.word	0x100001c1
10000178:	100001c1 	.word	0x100001c1
1000017c:	100001c1 	.word	0x100001c1
10000180:	100001c1 	.word	0x100001c1
10000184:	100001c1 	.word	0x100001c1
10000188:	100001c1 	.word	0x100001c1
1000018c:	100001c1 	.word	0x100001c1
10000190:	100001c1 	.word	0x100001c1
10000194:	100001c1 	.word	0x100001c1
10000198:	100001c1 	.word	0x100001c1
1000019c:	100001c1 	.word	0x100001c1
100001a0:	100001c1 	.word	0x100001c1
100001a4:	100001c1 	.word	0x100001c1
100001a8:	100001c1 	.word	0x100001c1
100001ac:	100001c1 	.word	0x100001c1
100001b0:	100001c1 	.word	0x100001c1
100001b4:	100001c1 	.word	0x100001c1
100001b8:	100001c1 	.word	0x100001c1
100001bc:	100001c1 	.word	0x100001c1

100001c0 <__unhandled_user_irq>:
100001c0:	f3ef 8005 	mrs	r0, IPSR
100001c4:	3810      	subs	r0, #16

100001c6 <unhandled_user_irq_num_in_r0>:
100001c6:	be00      	bkpt	0x0000

100001c8 <isr_invalid>:
100001c8:	be00      	bkpt	0x0000

100001ca <isr_nmi>:
100001ca:	be00      	bkpt	0x0000

100001cc <isr_hardfault>:
100001cc:	be00      	bkpt	0x0000

100001ce <isr_svcall>:
100001ce:	be00      	bkpt	0x0000

100001d0 <isr_pendsv>:
100001d0:	be00      	bkpt	0x0000

100001d2 <isr_systick>:
100001d2:	be00      	bkpt	0x0000

100001d4 <__default_isrs_end>:
100001d4:	7188ebf2 	.word	0x7188ebf2
100001d8:	1000bbe8 	.word	0x1000bbe8
100001dc:	1000bc14 	.word	0x1000bc14
100001e0:	10000238 	.word	0x10000238
100001e4:	e71aa390 	.word	0xe71aa390

100001e8 <_entry_point>:
100001e8:	481e      	ldr	r0, [pc, #120]	@ (10000264 <data_cpy_table+0x2c>)

100001ea <_enter_vtable_in_r0>:
100001ea:	491f      	ldr	r1, [pc, #124]	@ (10000268 <data_cpy_table+0x30>)
100001ec:	6008      	str	r0, [r1, #0]
100001ee:	c806      	ldmia	r0!, {r1, r2}
100001f0:	f381 8808 	msr	MSP, r1
100001f4:	4710      	bx	r2

100001f6 <_reset_handler>:
100001f6:	481d      	ldr	r0, [pc, #116]	@ (1000026c <data_cpy_table+0x34>)
100001f8:	6800      	ldr	r0, [r0, #0]
100001fa:	2800      	cmp	r0, #0
100001fc:	d001      	beq.n	10000202 <hold_non_core0_in_bootrom+0x4>

100001fe <hold_non_core0_in_bootrom>:
100001fe:	4819      	ldr	r0, [pc, #100]	@ (10000264 <data_cpy_table+0x2c>)
10000200:	e7f3      	b.n	100001ea <_enter_vtable_in_r0>
10000202:	a40d      	add	r4, pc, #52	@ (adr r4, 10000238 <data_cpy_table>)
10000204:	cc0e      	ldmia	r4!, {r1, r2, r3}
10000206:	2900      	cmp	r1, #0
10000208:	d002      	beq.n	10000210 <hold_non_core0_in_bootrom+0x12>
1000020a:	f000 f812 	bl	10000232 <data_cpy>
1000020e:	e7f9      	b.n	10000204 <hold_non_core0_in_bootrom+0x6>
10000210:	4917      	ldr	r1, [pc, #92]	@ (10000270 <data_cpy_table+0x38>)
10000212:	4a18      	ldr	r2, [pc, #96]	@ (10000274 <data_cpy_table+0x3c>)
10000214:	2000      	movs	r0, #0
10000216:	e000      	b.n	1000021a <bss_fill_test>

10000218 <bss_fill_loop>:
10000218:	c101      	stmia	r1!, {r0}

1000021a <bss_fill_test>:
1000021a:	4291      	cmp	r1, r2
1000021c:	d1fc      	bne.n	10000218 <bss_fill_loop>

1000021e <platform_entry>:
1000021e:	4916      	ldr	r1, [pc, #88]	@ (10000278 <data_cpy_table+0x40>)
10000220:	4788      	blx	r1
10000222:	4916      	ldr	r1, [pc, #88]	@ (1000027c <data_cpy_table+0x44>)
10000224:	4788      	blx	r1
10000226:	4916      	ldr	r1, [pc, #88]	@ (10000280 <data_cpy_table+0x48>)
10000228:	4788      	blx	r1
1000022a:	be00      	bkpt	0x0000
1000022c:	e7fd      	b.n	1000022a <platform_entry+0xc>

1000022e <data_cpy_loop>:
1000022e:	c901      	ldmia	r1!, {r0}
10000230:	c201      	stmia	r2!, {r0}

10000232 <data_cpy>:
10000232:	429a      	cmp	r2, r3
10000234:	d3fb      	bcc.n	1000022e <data_cpy_loop>
10000236:	4770      	bx	lr

10000238 <data_cpy_table>:
10000238:	1000bc14 	.word	0x1000bc14
1000023c:	200000c0 	.word	0x200000c0
10000240:	200017e0 	.word	0x200017e0
10000244:	1000d334 	.word	0x1000d334
10000248:	20040000 	.word	0x20040000
1000024c:	20040000 	.word	0x20040000
10000250:	1000d334 	.word	0x1000d334
10000254:	20041000 	.word	0x20041000
10000258:	20041000 	.word	0x20041000
1000025c:	00000000 	.word	0x00000000
10000260:	4770      	bx	lr
10000262:	0000      	.short	0x0000
10000264:	00000000 	.word	0x00000000
10000268:	e000ed08 	.word	0xe000ed08
1000026c:	d0000000 	.word	0xd0000000
10000270:	200017e0 	.word	0x200017e0
10000274:	20004d00 	.word	0x20004d00
10000278:	10004f39 	.word	0x10004f39
1000027c:	10000dd5 	.word	0x10000dd5
10000280:	10004ef9 	.word	0x10004ef9

10000284 <_init>:
10000284:	b5f8      	push	{r3, r4, r5, r6, r7, lr}
10000286:	46c0      	nop			@ (mov r8, r8)

10000288 <deregister_tm_clones>:
10000288:	4804      	ldr	r0, [pc, #16]	@ (1000029c <deregister_tm_clones+0x14>)
1000028a:	4b05      	ldr	r3, [pc, #20]	@ (100002a0 <deregister_tm_clones+0x18>)
1000028c:	b510      	push	{r4, lr}
1000028e:	4283      	cmp	r3, r0
10000290:	d003      	beq.n	1000029a <deregister_tm_clones+0x12>
10000292:	4b04      	ldr	r3, [pc, #16]	@ (100002a4 <deregister_tm_clones+0x1c>)
10000294:	2b00      	cmp	r3, #0
10000296:	d000      	beq.n	1000029a <deregister_tm_clones+0x12>
10000298:	4798      	blx	r3
1000029a:	bd10      	pop	{r4, pc}
1000029c:	200017e0 	.word	0x200017e0
100002a0:	200017e0 	.word	0x200017e0
100002a4:	00000000 	.word	0x00000000

100002a8 <register_tm_clones>:
100002a8:	4806      	ldr	r0, [pc, #24]	@ (100002c4 <register_tm_clones+0x1c>)
100002aa:	4907      	ldr	r1, [pc, #28]	@ (100002c8 <register_tm_clones+0x20>)
100002ac:	1a09      	subs	r1, r1, r0
100002ae:	108b      	asrs	r3, r1, #2
100002b0:	0fc9      	lsrs	r1, r1, #31
100002b2:	18c9      	adds	r1, r1, r3
100002b4:	b510      	push	{r4, lr}
100002b6:	1049      	asrs	r1, r1, #1
100002b8:	d003      	beq.n	100002c2 <register_tm_clones+0x1a>
100002ba:	4b04      	ldr	r3, [pc, #16]	@ (100002cc <register_tm_clones+0x24>)
100002bc:	2b00      	cmp	r3, #0
100002be:	d000      	beq.n	100002c2 <register_tm_clones+0x1a>
100002c0:	4798      	blx	r3
100002c2:	bd10      	pop	{r4, pc}
100002c4:	200017e0 	.word	0x200017e0
100002c8:	200017e0 	.word	0x200017e0
100002cc:	00000000 	.word	0x00000000

100002d0 <__do_global_dtors_aux>:
100002d0:	b510      	push	{r4, lr}
100002d2:	4c07      	ldr	r4, [pc, #28]	@ (100002f0 <__do_global_dtors_aux+0x20>)
100002d4:	7823      	ldrb	r3, [r4, #0]
100002d6:	2b00      	cmp	r3, #0
100002d8:	d109      	bne.n	100002ee <__do_global_dtors_aux+0x1e>
100002da:	f7ff ffd5 	bl	10000288 <deregister_tm_clones>
100002de:	4b05      	ldr	r3, [pc, #20]	@ (100002f4 <__do_global_dtors_aux+0x24>)
100002e0:	2b00      	cmp	r3, #0
100002e2:	d002      	beq.n	100002ea <__do_global_dtors_aux+0x1a>
100002e4:	4804      	ldr	r0, [pc, #16]	@ (100002f8 <__do_global_dtors_aux+0x28>)
100002e6:	e000      	b.n	100002ea <__do_global_dtors_aux+0x1a>
100002e8:	bf00      	nop
100002ea:	2301      	movs	r3, #1
100002ec:	7023      	strb	r3, [r4, #0]
100002ee:	bd10      	pop	{r4, pc}
100002f0:	20002568 	.word	0x20002568
100002f4:	00000000 	.word	0x00000000
100002f8:	1000aff0 	.word	0x1000aff0

100002fc <frame_dummy>:
100002fc:	4b05      	ldr	r3, [pc, #20]	@ (10000314 <frame_dummy+0x18>)
100002fe:	b510      	push	{r4, lr}
10000300:	2b00      	cmp	r3, #0
10000302:	d003      	beq.n	1000030c <frame_dummy+0x10>
10000304:	4904      	ldr	r1, [pc, #16]	@ (10000318 <frame_dummy+0x1c>)
10000306:	4805      	ldr	r0, [pc, #20]	@ (1000031c <frame_dummy+0x20>)
10000308:	e000      	b.n	1000030c <frame_dummy+0x10>
1000030a:	bf00      	nop
1000030c:	f7ff ffcc 	bl	100002a8 <register_tm_clones>
10000310:	bd10      	pop	{r4, pc}
10000312:	46c0      	nop			@ (mov r8, r8)
10000314:	00000000 	.word	0x00000000
10000318:	2000256c 	.word	0x2000256c
1000031c:	1000aff0 	.word	0x1000aff0

10000320 <evaluar_expresion>:
10000320:	b5d0      	push	{r4, r6, r7, lr}
10000322:	46ce      	mov	lr, r9
10000324:	b500      	push	{lr}
10000326:	b083      	sub	sp, #12
10000328:	f000 f920 	bl	1000056c <evaluar_termino>
1000032c:	4e2f      	ldr	r6, [pc, #188]	@ (100003ec <evaluar_expresion+0xcc>)
1000032e:	9000      	str	r0, [sp, #0]
10000330:	9101      	str	r1, [sp, #4]
10000332:	6833      	ldr	r3, [r6, #0]
10000334:	781a      	ldrb	r2, [r3, #0]
10000336:	2a00      	cmp	r2, #0
10000338:	d00b      	beq.n	10000352 <evaluar_expresion+0x32>
1000033a:	2008      	movs	r0, #8
1000033c:	4f2c      	ldr	r7, [pc, #176]	@ (100003f0 <evaluar_expresion+0xd0>)
1000033e:	5cb9      	ldrb	r1, [r7, r2]
10000340:	4208      	tst	r0, r1
10000342:	d101      	bne.n	10000348 <evaluar_expresion+0x28>
10000344:	2a20      	cmp	r2, #32
10000346:	d80a      	bhi.n	1000035e <evaluar_expresion+0x3e>
10000348:	3301      	adds	r3, #1
1000034a:	6033      	str	r3, [r6, #0]
1000034c:	781a      	ldrb	r2, [r3, #0]
1000034e:	2a00      	cmp	r2, #0
10000350:	d1f5      	bne.n	1000033e <evaluar_expresion+0x1e>
10000352:	9800      	ldr	r0, [sp, #0]
10000354:	9901      	ldr	r1, [sp, #4]
10000356:	b003      	add	sp, #12
10000358:	bc80      	pop	{r7}
1000035a:	46b9      	mov	r9, r7
1000035c:	bdd0      	pop	{r4, r6, r7, pc}
1000035e:	2002      	movs	r0, #2
10000360:	21fd      	movs	r1, #253	@ 0xfd
10000362:	3a2b      	subs	r2, #43	@ 0x2b
10000364:	2408      	movs	r4, #8
10000366:	4681      	mov	r9, r0
10000368:	420a      	tst	r2, r1
1000036a:	d1f2      	bne.n	10000352 <evaluar_expresion+0x32>
1000036c:	1c5a      	adds	r2, r3, #1
1000036e:	6032      	str	r2, [r6, #0]
10000370:	785a      	ldrb	r2, [r3, #1]
10000372:	7818      	ldrb	r0, [r3, #0]
10000374:	2a00      	cmp	r2, #0
10000376:	d00b      	beq.n	10000390 <evaluar_expresion+0x70>
10000378:	3302      	adds	r3, #2
1000037a:	5cb9      	ldrb	r1, [r7, r2]
1000037c:	420c      	tst	r4, r1
1000037e:	d101      	bne.n	10000384 <evaluar_expresion+0x64>
10000380:	2a20      	cmp	r2, #32
10000382:	d805      	bhi.n	10000390 <evaluar_expresion+0x70>
10000384:	6033      	str	r3, [r6, #0]
10000386:	3301      	adds	r3, #1
10000388:	1e5a      	subs	r2, r3, #1
1000038a:	7812      	ldrb	r2, [r2, #0]
1000038c:	2a00      	cmp	r2, #0
1000038e:	d1f4      	bne.n	1000037a <evaluar_expresion+0x5a>
10000390:	282b      	cmp	r0, #43	@ 0x2b
10000392:	d018      	beq.n	100003c6 <evaluar_expresion+0xa6>
10000394:	f000 f8ea 	bl	1000056c <evaluar_termino>
10000398:	0002      	movs	r2, r0
1000039a:	000b      	movs	r3, r1
1000039c:	9800      	ldr	r0, [sp, #0]
1000039e:	9901      	ldr	r1, [sp, #4]
100003a0:	f002 fb87 	bl	10002ab2 <__wrap___aeabi_dsub>
100003a4:	9000      	str	r0, [sp, #0]
100003a6:	9101      	str	r1, [sp, #4]
100003a8:	6833      	ldr	r3, [r6, #0]
100003aa:	781a      	ldrb	r2, [r3, #0]
100003ac:	2a00      	cmp	r2, #0
100003ae:	d0d0      	beq.n	10000352 <evaluar_expresion+0x32>
100003b0:	5cb9      	ldrb	r1, [r7, r2]
100003b2:	420c      	tst	r4, r1
100003b4:	d101      	bne.n	100003ba <evaluar_expresion+0x9a>
100003b6:	2a20      	cmp	r2, #32
100003b8:	d810      	bhi.n	100003dc <evaluar_expresion+0xbc>
100003ba:	3301      	adds	r3, #1
100003bc:	6033      	str	r3, [r6, #0]
100003be:	781a      	ldrb	r2, [r3, #0]
100003c0:	2a00      	cmp	r2, #0
100003c2:	d1f5      	bne.n	100003b0 <evaluar_expresion+0x90>
100003c4:	e7c5      	b.n	10000352 <evaluar_expresion+0x32>
100003c6:	f000 f8d1 	bl	1000056c <evaluar_termino>
100003ca:	0002      	movs	r2, r0
100003cc:	000b      	movs	r3, r1
100003ce:	9800      	ldr	r0, [sp, #0]
100003d0:	9901      	ldr	r1, [sp, #4]
100003d2:	f002 fb77 	bl	10002ac4 <__wrap___aeabi_dadd>
100003d6:	9000      	str	r0, [sp, #0]
100003d8:	9101      	str	r1, [sp, #4]
100003da:	e7e5      	b.n	100003a8 <evaluar_expresion+0x88>
100003dc:	4649      	mov	r1, r9
100003de:	3a2b      	subs	r2, #43	@ 0x2b
100003e0:	438a      	bics	r2, r1
100003e2:	b2d2      	uxtb	r2, r2
100003e4:	2a00      	cmp	r2, #0
100003e6:	d0c1      	beq.n	1000036c <evaluar_expresion+0x4c>
100003e8:	e7b3      	b.n	10000352 <evaluar_expresion+0x32>
100003ea:	46c0      	nop			@ (mov r8, r8)
100003ec:	20002f64 	.word	0x20002f64
100003f0:	1000b9b9 	.word	0x1000b9b9

100003f4 <evaluar_factor>:
100003f4:	b5f0      	push	{r4, r5, r6, r7, lr}
100003f6:	46c6      	mov	lr, r8
100003f8:	b500      	push	{lr}
100003fa:	4c56      	ldr	r4, [pc, #344]	@ (10000554 <evaluar_factor+0x160>)
100003fc:	b084      	sub	sp, #16
100003fe:	6820      	ldr	r0, [r4, #0]
10000400:	7803      	ldrb	r3, [r0, #0]
10000402:	2b00      	cmp	r3, #0
10000404:	d100      	bne.n	10000408 <evaluar_factor+0x14>
10000406:	e096      	b.n	10000536 <evaluar_factor+0x142>
10000408:	2508      	movs	r5, #8
1000040a:	4953      	ldr	r1, [pc, #332]	@ (10000558 <evaluar_factor+0x164>)
1000040c:	1c5a      	adds	r2, r3, #1
1000040e:	5c8a      	ldrb	r2, [r1, r2]
10000410:	4215      	tst	r5, r2
10000412:	d101      	bne.n	10000418 <evaluar_factor+0x24>
10000414:	2b20      	cmp	r3, #32
10000416:	d859      	bhi.n	100004cc <evaluar_factor+0xd8>
10000418:	3001      	adds	r0, #1
1000041a:	6020      	str	r0, [r4, #0]
1000041c:	7803      	ldrb	r3, [r0, #0]
1000041e:	2b00      	cmp	r3, #0
10000420:	d1f4      	bne.n	1000040c <evaluar_factor+0x18>
10000422:	784a      	ldrb	r2, [r1, #1]
10000424:	2104      	movs	r1, #4
10000426:	000b      	movs	r3, r1
10000428:	4013      	ands	r3, r2
1000042a:	4211      	tst	r1, r2
1000042c:	d154      	bne.n	100004d8 <evaluar_factor+0xe4>
1000042e:	0792      	lsls	r2, r2, #30
10000430:	d046      	beq.n	100004c0 <evaluar_factor+0xcc>
10000432:	2100      	movs	r1, #0
10000434:	46e8      	mov	r8, sp
10000436:	2707      	movs	r7, #7
10000438:	4d48      	ldr	r5, [pc, #288]	@ (1000055c <evaluar_factor+0x168>)
1000043a:	e007      	b.n	1000044c <evaluar_factor+0x58>
1000043c:	290e      	cmp	r1, #14
1000043e:	dc02      	bgt.n	10000446 <evaluar_factor+0x52>
10000440:	4642      	mov	r2, r8
10000442:	5453      	strb	r3, [r2, r1]
10000444:	3101      	adds	r1, #1
10000446:	3001      	adds	r0, #1
10000448:	6020      	str	r0, [r4, #0]
1000044a:	7803      	ldrb	r3, [r0, #0]
1000044c:	003e      	movs	r6, r7
1000044e:	5cea      	ldrb	r2, [r5, r3]
10000450:	4016      	ands	r6, r2
10000452:	4217      	tst	r7, r2
10000454:	d1f2      	bne.n	1000043c <evaluar_factor+0x48>
10000456:	2b24      	cmp	r3, #36	@ 0x24
10000458:	d0f0      	beq.n	1000043c <evaluar_factor+0x48>
1000045a:	4647      	mov	r7, r8
1000045c:	547e      	strb	r6, [r7, r1]
1000045e:	2b00      	cmp	r3, #0
10000460:	d00d      	beq.n	1000047e <evaluar_factor+0x8a>
10000462:	2108      	movs	r1, #8
10000464:	3001      	adds	r0, #1
10000466:	e000      	b.n	1000046a <evaluar_factor+0x76>
10000468:	5cea      	ldrb	r2, [r5, r3]
1000046a:	4211      	tst	r1, r2
1000046c:	d101      	bne.n	10000472 <evaluar_factor+0x7e>
1000046e:	2b20      	cmp	r3, #32
10000470:	d805      	bhi.n	1000047e <evaluar_factor+0x8a>
10000472:	6020      	str	r0, [r4, #0]
10000474:	3001      	adds	r0, #1
10000476:	1e43      	subs	r3, r0, #1
10000478:	781b      	ldrb	r3, [r3, #0]
1000047a:	2b00      	cmp	r3, #0
1000047c:	d1f4      	bne.n	10000468 <evaluar_factor+0x74>
1000047e:	2500      	movs	r5, #0
10000480:	4c37      	ldr	r4, [pc, #220]	@ (10000560 <evaluar_factor+0x16c>)
10000482:	e003      	b.n	1000048c <evaluar_factor+0x98>
10000484:	3501      	adds	r5, #1
10000486:	3428      	adds	r4, #40	@ 0x28
10000488:	2d40      	cmp	r5, #64	@ 0x40
1000048a:	d019      	beq.n	100004c0 <evaluar_factor+0xcc>
1000048c:	7823      	ldrb	r3, [r4, #0]
1000048e:	2b00      	cmp	r3, #0
10000490:	d0f8      	beq.n	10000484 <evaluar_factor+0x90>
10000492:	0020      	movs	r0, r4
10000494:	4641      	mov	r1, r8
10000496:	3820      	subs	r0, #32
10000498:	f009 fdc4 	bl	1000a024 <strcmp>
1000049c:	2800      	cmp	r0, #0
1000049e:	d1f1      	bne.n	10000484 <evaluar_factor+0x90>
100004a0:	00aa      	lsls	r2, r5, #2
100004a2:	4b30      	ldr	r3, [pc, #192]	@ (10000564 <evaluar_factor+0x170>)
100004a4:	1952      	adds	r2, r2, r5
100004a6:	00d2      	lsls	r2, r2, #3
100004a8:	189b      	adds	r3, r3, r2
100004aa:	7c1a      	ldrb	r2, [r3, #16]
100004ac:	2a00      	cmp	r2, #0
100004ae:	d03f      	beq.n	10000530 <evaluar_factor+0x13c>
100004b0:	2045      	movs	r0, #69	@ 0x45
100004b2:	4c2d      	ldr	r4, [pc, #180]	@ (10000568 <evaluar_factor+0x174>)
100004b4:	3401      	adds	r4, #1
100004b6:	f00a fd3f 	bl	1000af38 <__bios_putchar_veneer>
100004ba:	7820      	ldrb	r0, [r4, #0]
100004bc:	2800      	cmp	r0, #0
100004be:	d1f9      	bne.n	100004b4 <evaluar_factor+0xc0>
100004c0:	2000      	movs	r0, #0
100004c2:	2100      	movs	r1, #0
100004c4:	b004      	add	sp, #16
100004c6:	bc80      	pop	{r7}
100004c8:	46b8      	mov	r8, r7
100004ca:	bdf0      	pop	{r4, r5, r6, r7, pc}
100004cc:	2b28      	cmp	r3, #40	@ 0x28
100004ce:	d01a      	beq.n	10000506 <evaluar_factor+0x112>
100004d0:	0751      	lsls	r1, r2, #29
100004d2:	d401      	bmi.n	100004d8 <evaluar_factor+0xe4>
100004d4:	2b2e      	cmp	r3, #46	@ 0x2e
100004d6:	d1aa      	bne.n	1000042e <evaluar_factor+0x3a>
100004d8:	4669      	mov	r1, sp
100004da:	f008 fb59 	bl	10008b90 <strtod>
100004de:	9b00      	ldr	r3, [sp, #0]
100004e0:	6023      	str	r3, [r4, #0]
100004e2:	781a      	ldrb	r2, [r3, #0]
100004e4:	2a00      	cmp	r2, #0
100004e6:	d0ed      	beq.n	100004c4 <evaluar_factor+0xd0>
100004e8:	2708      	movs	r7, #8
100004ea:	4d1c      	ldr	r5, [pc, #112]	@ (1000055c <evaluar_factor+0x168>)
100004ec:	3301      	adds	r3, #1
100004ee:	5cae      	ldrb	r6, [r5, r2]
100004f0:	4237      	tst	r7, r6
100004f2:	d101      	bne.n	100004f8 <evaluar_factor+0x104>
100004f4:	2a20      	cmp	r2, #32
100004f6:	d8e5      	bhi.n	100004c4 <evaluar_factor+0xd0>
100004f8:	6023      	str	r3, [r4, #0]
100004fa:	3301      	adds	r3, #1
100004fc:	1e5a      	subs	r2, r3, #1
100004fe:	7812      	ldrb	r2, [r2, #0]
10000500:	2a00      	cmp	r2, #0
10000502:	d1f4      	bne.n	100004ee <evaluar_factor+0xfa>
10000504:	e7de      	b.n	100004c4 <evaluar_factor+0xd0>
10000506:	3001      	adds	r0, #1
10000508:	6020      	str	r0, [r4, #0]
1000050a:	f7ff ff09 	bl	10000320 <evaluar_expresion>
1000050e:	6823      	ldr	r3, [r4, #0]
10000510:	781a      	ldrb	r2, [r3, #0]
10000512:	2a00      	cmp	r2, #0
10000514:	d0d6      	beq.n	100004c4 <evaluar_factor+0xd0>
10000516:	2708      	movs	r7, #8
10000518:	4d10      	ldr	r5, [pc, #64]	@ (1000055c <evaluar_factor+0x168>)
1000051a:	5cae      	ldrb	r6, [r5, r2]
1000051c:	4237      	tst	r7, r6
1000051e:	d101      	bne.n	10000524 <evaluar_factor+0x130>
10000520:	2a20      	cmp	r2, #32
10000522:	d811      	bhi.n	10000548 <evaluar_factor+0x154>
10000524:	3301      	adds	r3, #1
10000526:	6023      	str	r3, [r4, #0]
10000528:	781a      	ldrb	r2, [r3, #0]
1000052a:	2a00      	cmp	r2, #0
1000052c:	d1f5      	bne.n	1000051a <evaluar_factor+0x126>
1000052e:	e7c9      	b.n	100004c4 <evaluar_factor+0xd0>
10000530:	6998      	ldr	r0, [r3, #24]
10000532:	69d9      	ldr	r1, [r3, #28]
10000534:	e7c6      	b.n	100004c4 <evaluar_factor+0xd0>
10000536:	2104      	movs	r1, #4
10000538:	4b07      	ldr	r3, [pc, #28]	@ (10000558 <evaluar_factor+0x164>)
1000053a:	785a      	ldrb	r2, [r3, #1]
1000053c:	000b      	movs	r3, r1
1000053e:	4013      	ands	r3, r2
10000540:	4211      	tst	r1, r2
10000542:	d100      	bne.n	10000546 <evaluar_factor+0x152>
10000544:	e773      	b.n	1000042e <evaluar_factor+0x3a>
10000546:	e7c7      	b.n	100004d8 <evaluar_factor+0xe4>
10000548:	2a29      	cmp	r2, #41	@ 0x29
1000054a:	d1bb      	bne.n	100004c4 <evaluar_factor+0xd0>
1000054c:	3301      	adds	r3, #1
1000054e:	6023      	str	r3, [r4, #0]
10000550:	e7b8      	b.n	100004c4 <evaluar_factor+0xd0>
10000552:	46c0      	nop			@ (mov r8, r8)
10000554:	20002f64 	.word	0x20002f64
10000558:	1000b9b8 	.word	0x1000b9b8
1000055c:	1000b9b9 	.word	0x1000b9b9
10000560:	20001b88 	.word	0x20001b88
10000564:	20001b68 	.word	0x20001b68
10000568:	1000aff4 	.word	0x1000aff4

1000056c <evaluar_termino>:
1000056c:	b5f0      	push	{r4, r5, r6, r7, lr}
1000056e:	b083      	sub	sp, #12
10000570:	f7ff ff40 	bl	100003f4 <evaluar_factor>
10000574:	4f2e      	ldr	r7, [pc, #184]	@ (10000630 <evaluar_termino+0xc4>)
10000576:	9000      	str	r0, [sp, #0]
10000578:	9101      	str	r1, [sp, #4]
1000057a:	683b      	ldr	r3, [r7, #0]
1000057c:	781a      	ldrb	r2, [r3, #0]
1000057e:	2a00      	cmp	r2, #0
10000580:	d00b      	beq.n	1000059a <evaluar_termino+0x2e>
10000582:	2008      	movs	r0, #8
10000584:	4c2b      	ldr	r4, [pc, #172]	@ (10000634 <evaluar_termino+0xc8>)
10000586:	5ca1      	ldrb	r1, [r4, r2]
10000588:	4208      	tst	r0, r1
1000058a:	d101      	bne.n	10000590 <evaluar_termino+0x24>
1000058c:	2a20      	cmp	r2, #32
1000058e:	d804      	bhi.n	1000059a <evaluar_termino+0x2e>
10000590:	3301      	adds	r3, #1
10000592:	603b      	str	r3, [r7, #0]
10000594:	781a      	ldrb	r2, [r3, #0]
10000596:	2a00      	cmp	r2, #0
10000598:	d1f5      	bne.n	10000586 <evaluar_termino+0x1a>
1000059a:	4e26      	ldr	r6, [pc, #152]	@ (10000634 <evaluar_termino+0xc8>)
1000059c:	2a2a      	cmp	r2, #42	@ 0x2a
1000059e:	d001      	beq.n	100005a4 <evaluar_termino+0x38>
100005a0:	2a2f      	cmp	r2, #47	@ 0x2f
100005a2:	d135      	bne.n	10000610 <evaluar_termino+0xa4>
100005a4:	1c5a      	adds	r2, r3, #1
100005a6:	603a      	str	r2, [r7, #0]
100005a8:	785a      	ldrb	r2, [r3, #1]
100005aa:	781c      	ldrb	r4, [r3, #0]
100005ac:	2a00      	cmp	r2, #0
100005ae:	d00c      	beq.n	100005ca <evaluar_termino+0x5e>
100005b0:	2008      	movs	r0, #8
100005b2:	3302      	adds	r3, #2
100005b4:	5cb1      	ldrb	r1, [r6, r2]
100005b6:	4208      	tst	r0, r1
100005b8:	d101      	bne.n	100005be <evaluar_termino+0x52>
100005ba:	2a20      	cmp	r2, #32
100005bc:	d805      	bhi.n	100005ca <evaluar_termino+0x5e>
100005be:	603b      	str	r3, [r7, #0]
100005c0:	3301      	adds	r3, #1
100005c2:	1e5a      	subs	r2, r3, #1
100005c4:	7812      	ldrb	r2, [r2, #0]
100005c6:	2a00      	cmp	r2, #0
100005c8:	d1f4      	bne.n	100005b4 <evaluar_termino+0x48>
100005ca:	2c2a      	cmp	r4, #42	@ 0x2a
100005cc:	d024      	beq.n	10000618 <evaluar_termino+0xac>
100005ce:	f7ff ff11 	bl	100003f4 <evaluar_factor>
100005d2:	2200      	movs	r2, #0
100005d4:	2300      	movs	r3, #0
100005d6:	0004      	movs	r4, r0
100005d8:	000d      	movs	r5, r1
100005da:	f002 fadd 	bl	10002b98 <__wrap___aeabi_dcmpeq>
100005de:	2800      	cmp	r0, #0
100005e0:	d107      	bne.n	100005f2 <evaluar_termino+0x86>
100005e2:	9800      	ldr	r0, [sp, #0]
100005e4:	9901      	ldr	r1, [sp, #4]
100005e6:	0022      	movs	r2, r4
100005e8:	002b      	movs	r3, r5
100005ea:	f002 fa74 	bl	10002ad6 <__wrap___aeabi_ddiv>
100005ee:	9000      	str	r0, [sp, #0]
100005f0:	9101      	str	r1, [sp, #4]
100005f2:	683b      	ldr	r3, [r7, #0]
100005f4:	781a      	ldrb	r2, [r3, #0]
100005f6:	2a00      	cmp	r2, #0
100005f8:	d00a      	beq.n	10000610 <evaluar_termino+0xa4>
100005fa:	2008      	movs	r0, #8
100005fc:	5cb1      	ldrb	r1, [r6, r2]
100005fe:	4208      	tst	r0, r1
10000600:	d101      	bne.n	10000606 <evaluar_termino+0x9a>
10000602:	2a20      	cmp	r2, #32
10000604:	d8ca      	bhi.n	1000059c <evaluar_termino+0x30>
10000606:	3301      	adds	r3, #1
10000608:	603b      	str	r3, [r7, #0]
1000060a:	781a      	ldrb	r2, [r3, #0]
1000060c:	2a00      	cmp	r2, #0
1000060e:	d1f5      	bne.n	100005fc <evaluar_termino+0x90>
10000610:	9800      	ldr	r0, [sp, #0]
10000612:	9901      	ldr	r1, [sp, #4]
10000614:	b003      	add	sp, #12
10000616:	bdf0      	pop	{r4, r5, r6, r7, pc}
10000618:	f7ff feec 	bl	100003f4 <evaluar_factor>
1000061c:	0002      	movs	r2, r0
1000061e:	000b      	movs	r3, r1
10000620:	9800      	ldr	r0, [sp, #0]
10000622:	9901      	ldr	r1, [sp, #4]
10000624:	f002 fa75 	bl	10002b12 <__wrap___aeabi_dmul>
10000628:	9000      	str	r0, [sp, #0]
1000062a:	9101      	str	r1, [sp, #4]
1000062c:	e7e1      	b.n	100005f2 <evaluar_termino+0x86>
1000062e:	46c0      	nop			@ (mov r8, r8)
10000630:	20002f64 	.word	0x20002f64
10000634:	1000b9b9 	.word	0x1000b9b9

10000638 <establecer_variable>:
10000638:	b5f0      	push	{r4, r5, r6, r7, lr}
1000063a:	464e      	mov	r6, r9
1000063c:	4657      	mov	r7, sl
1000063e:	46de      	mov	lr, fp
10000640:	b5c0      	push	{r6, r7, lr}
10000642:	4f2f      	ldr	r7, [pc, #188]	@ (10000700 <establecer_variable+0xc8>)
10000644:	b082      	sub	sp, #8
10000646:	0005      	movs	r5, r0
10000648:	4689      	mov	r9, r1
1000064a:	003e      	movs	r6, r7
1000064c:	2400      	movs	r4, #0
1000064e:	9200      	str	r2, [sp, #0]
10000650:	9301      	str	r3, [sp, #4]
10000652:	e003      	b.n	1000065c <establecer_variable+0x24>
10000654:	3401      	adds	r4, #1
10000656:	3628      	adds	r6, #40	@ 0x28
10000658:	2c40      	cmp	r4, #64	@ 0x40
1000065a:	d030      	beq.n	100006be <establecer_variable+0x86>
1000065c:	7833      	ldrb	r3, [r6, #0]
1000065e:	2b00      	cmp	r3, #0
10000660:	d0f8      	beq.n	10000654 <establecer_variable+0x1c>
10000662:	0030      	movs	r0, r6
10000664:	0029      	movs	r1, r5
10000666:	3820      	subs	r0, #32
10000668:	f009 fcdc 	bl	1000a024 <strcmp>
1000066c:	2800      	cmp	r0, #0
1000066e:	d1f1      	bne.n	10000654 <establecer_variable+0x1c>
10000670:	00a3      	lsls	r3, r4, #2
10000672:	469a      	mov	sl, r3
10000674:	4b23      	ldr	r3, [pc, #140]	@ (10000704 <establecer_variable+0xcc>)
10000676:	469b      	mov	fp, r3
10000678:	4653      	mov	r3, sl
1000067a:	464a      	mov	r2, r9
1000067c:	191b      	adds	r3, r3, r4
1000067e:	00db      	lsls	r3, r3, #3
10000680:	445b      	add	r3, fp
10000682:	741a      	strb	r2, [r3, #16]
10000684:	2a00      	cmp	r2, #0
10000686:	d015      	beq.n	100006b4 <establecer_variable+0x7c>
10000688:	6998      	ldr	r0, [r3, #24]
1000068a:	2800      	cmp	r0, #0
1000068c:	d001      	beq.n	10000692 <establecer_variable+0x5a>
1000068e:	f002 ff65 	bl	1000355c <__wrap_free>
10000692:	9b0a      	ldr	r3, [sp, #40]	@ 0x28
10000694:	2b00      	cmp	r3, #0
10000696:	d030      	beq.n	100006fa <establecer_variable+0xc2>
10000698:	980a      	ldr	r0, [sp, #40]	@ 0x28
1000069a:	f008 fb4d 	bl	10008d38 <strdup>
1000069e:	0023      	movs	r3, r4
100006a0:	4453      	add	r3, sl
100006a2:	00db      	lsls	r3, r3, #3
100006a4:	445b      	add	r3, fp
100006a6:	6198      	str	r0, [r3, #24]
100006a8:	b002      	add	sp, #8
100006aa:	bce0      	pop	{r5, r6, r7}
100006ac:	46bb      	mov	fp, r7
100006ae:	46b2      	mov	sl, r6
100006b0:	46a9      	mov	r9, r5
100006b2:	bdf0      	pop	{r4, r5, r6, r7, pc}
100006b4:	9900      	ldr	r1, [sp, #0]
100006b6:	9a01      	ldr	r2, [sp, #4]
100006b8:	6199      	str	r1, [r3, #24]
100006ba:	61da      	str	r2, [r3, #28]
100006bc:	e7f4      	b.n	100006a8 <establecer_variable+0x70>
100006be:	2400      	movs	r4, #0
100006c0:	e003      	b.n	100006ca <establecer_variable+0x92>
100006c2:	3401      	adds	r4, #1
100006c4:	3728      	adds	r7, #40	@ 0x28
100006c6:	2c40      	cmp	r4, #64	@ 0x40
100006c8:	d0ee      	beq.n	100006a8 <establecer_variable+0x70>
100006ca:	783e      	ldrb	r6, [r7, #0]
100006cc:	2e00      	cmp	r6, #0
100006ce:	d1f8      	bne.n	100006c2 <establecer_variable+0x8a>
100006d0:	00a3      	lsls	r3, r4, #2
100006d2:	4a0c      	ldr	r2, [pc, #48]	@ (10000704 <establecer_variable+0xcc>)
100006d4:	469a      	mov	sl, r3
100006d6:	191b      	adds	r3, r3, r4
100006d8:	00db      	lsls	r3, r3, #3
100006da:	4693      	mov	fp, r2
100006dc:	0019      	movs	r1, r3
100006de:	4459      	add	r1, fp
100006e0:	000b      	movs	r3, r1
100006e2:	0029      	movs	r1, r5
100006e4:	001d      	movs	r5, r3
100006e6:	220f      	movs	r2, #15
100006e8:	0018      	movs	r0, r3
100006ea:	f007 fa6b 	bl	10007bc4 <strncpy>
100006ee:	002b      	movs	r3, r5
100006f0:	2201      	movs	r2, #1
100006f2:	3320      	adds	r3, #32
100006f4:	701a      	strb	r2, [r3, #0]
100006f6:	61ae      	str	r6, [r5, #24]
100006f8:	e7be      	b.n	10000678 <establecer_variable+0x40>
100006fa:	4b03      	ldr	r3, [pc, #12]	@ (10000708 <establecer_variable+0xd0>)
100006fc:	930a      	str	r3, [sp, #40]	@ 0x28
100006fe:	e7cb      	b.n	10000698 <establecer_variable+0x60>
10000700:	20001b88 	.word	0x20001b88
10000704:	20001b68 	.word	0x20001b68
10000708:	1000b010 	.word	0x1000b010

1000070c <ejecutar_print>:
1000070c:	b5f0      	push	{r4, r5, r6, r7, lr}
1000070e:	46ce      	mov	lr, r9
10000710:	4647      	mov	r7, r8
10000712:	b580      	push	{r7, lr}
10000714:	4c40      	ldr	r4, [pc, #256]	@ (10000818 <ejecutar_print+0x10c>)
10000716:	b089      	sub	sp, #36	@ 0x24
10000718:	6823      	ldr	r3, [r4, #0]
1000071a:	781a      	ldrb	r2, [r3, #0]
1000071c:	2a00      	cmp	r2, #0
1000071e:	d00b      	beq.n	10000738 <ejecutar_print+0x2c>
10000720:	2008      	movs	r0, #8
10000722:	4d3e      	ldr	r5, [pc, #248]	@ (1000081c <ejecutar_print+0x110>)
10000724:	5ca9      	ldrb	r1, [r5, r2]
10000726:	4208      	tst	r0, r1
10000728:	d101      	bne.n	1000072e <ejecutar_print+0x22>
1000072a:	2a20      	cmp	r2, #32
1000072c:	d811      	bhi.n	10000752 <ejecutar_print+0x46>
1000072e:	3301      	adds	r3, #1
10000730:	6023      	str	r3, [r4, #0]
10000732:	781a      	ldrb	r2, [r3, #0]
10000734:	2a00      	cmp	r2, #0
10000736:	d1f5      	bne.n	10000724 <ejecutar_print+0x18>
10000738:	200d      	movs	r0, #13
1000073a:	4c39      	ldr	r4, [pc, #228]	@ (10000820 <ejecutar_print+0x114>)
1000073c:	3401      	adds	r4, #1
1000073e:	f00a fbfb 	bl	1000af38 <__bios_putchar_veneer>
10000742:	7820      	ldrb	r0, [r4, #0]
10000744:	2800      	cmp	r0, #0
10000746:	d1f9      	bne.n	1000073c <ejecutar_print+0x30>
10000748:	b009      	add	sp, #36	@ 0x24
1000074a:	bcc0      	pop	{r6, r7}
1000074c:	46b9      	mov	r9, r7
1000074e:	46b0      	mov	r8, r6
10000750:	bdf0      	pop	{r4, r5, r6, r7, pc}
10000752:	4934      	ldr	r1, [pc, #208]	@ (10000824 <ejecutar_print+0x118>)
10000754:	46e9      	mov	r9, sp
10000756:	4688      	mov	r8, r1
10000758:	2608      	movs	r6, #8
1000075a:	2a22      	cmp	r2, #34	@ 0x22
1000075c:	d13b      	bne.n	100007d6 <ejecutar_print+0xca>
1000075e:	1c59      	adds	r1, r3, #1
10000760:	6021      	str	r1, [r4, #0]
10000762:	785b      	ldrb	r3, [r3, #1]
10000764:	2b00      	cmp	r3, #0
10000766:	d109      	bne.n	1000077c <ejecutar_print+0x70>
10000768:	e018      	b.n	1000079c <ejecutar_print+0x90>
1000076a:	1c4b      	adds	r3, r1, #1
1000076c:	6023      	str	r3, [r4, #0]
1000076e:	7808      	ldrb	r0, [r1, #0]
10000770:	f00a fbe2 	bl	1000af38 <__bios_putchar_veneer>
10000774:	6821      	ldr	r1, [r4, #0]
10000776:	780b      	ldrb	r3, [r1, #0]
10000778:	2b00      	cmp	r3, #0
1000077a:	d00f      	beq.n	1000079c <ejecutar_print+0x90>
1000077c:	2b22      	cmp	r3, #34	@ 0x22
1000077e:	d1f4      	bne.n	1000076a <ejecutar_print+0x5e>
10000780:	1c4a      	adds	r2, r1, #1
10000782:	6022      	str	r2, [r4, #0]
10000784:	784b      	ldrb	r3, [r1, #1]
10000786:	e007      	b.n	10000798 <ejecutar_print+0x8c>
10000788:	5ce9      	ldrb	r1, [r5, r3]
1000078a:	420e      	tst	r6, r1
1000078c:	d101      	bne.n	10000792 <ejecutar_print+0x86>
1000078e:	2b20      	cmp	r3, #32
10000790:	d80d      	bhi.n	100007ae <ejecutar_print+0xa2>
10000792:	3201      	adds	r2, #1
10000794:	6022      	str	r2, [r4, #0]
10000796:	7813      	ldrb	r3, [r2, #0]
10000798:	2b00      	cmp	r3, #0
1000079a:	d1f5      	bne.n	10000788 <ejecutar_print+0x7c>
1000079c:	200d      	movs	r0, #13
1000079e:	4c20      	ldr	r4, [pc, #128]	@ (10000820 <ejecutar_print+0x114>)
100007a0:	3401      	adds	r4, #1
100007a2:	f00a fbc9 	bl	1000af38 <__bios_putchar_veneer>
100007a6:	7820      	ldrb	r0, [r4, #0]
100007a8:	2800      	cmp	r0, #0
100007aa:	d1f9      	bne.n	100007a0 <ejecutar_print+0x94>
100007ac:	e7cc      	b.n	10000748 <ejecutar_print+0x3c>
100007ae:	2b2c      	cmp	r3, #44	@ 0x2c
100007b0:	d027      	beq.n	10000802 <ejecutar_print+0xf6>
100007b2:	2b3b      	cmp	r3, #59	@ 0x3b
100007b4:	d1f2      	bne.n	1000079c <ejecutar_print+0x90>
100007b6:	1c53      	adds	r3, r2, #1
100007b8:	6023      	str	r3, [r4, #0]
100007ba:	7852      	ldrb	r2, [r2, #1]
100007bc:	2a00      	cmp	r2, #0
100007be:	d0ed      	beq.n	1000079c <ejecutar_print+0x90>
100007c0:	5ca9      	ldrb	r1, [r5, r2]
100007c2:	420e      	tst	r6, r1
100007c4:	d101      	bne.n	100007ca <ejecutar_print+0xbe>
100007c6:	2a20      	cmp	r2, #32
100007c8:	d8c7      	bhi.n	1000075a <ejecutar_print+0x4e>
100007ca:	3301      	adds	r3, #1
100007cc:	6023      	str	r3, [r4, #0]
100007ce:	781a      	ldrb	r2, [r3, #0]
100007d0:	2a00      	cmp	r2, #0
100007d2:	d1f5      	bne.n	100007c0 <ejecutar_print+0xb4>
100007d4:	e7e2      	b.n	1000079c <ejecutar_print+0x90>
100007d6:	f7ff fda3 	bl	10000320 <evaluar_expresion>
100007da:	000b      	movs	r3, r1
100007dc:	0002      	movs	r2, r0
100007de:	4641      	mov	r1, r8
100007e0:	4648      	mov	r0, r9
100007e2:	f004 fb1f 	bl	10004e24 <__wrap_sprintf>
100007e6:	464b      	mov	r3, r9
100007e8:	7818      	ldrb	r0, [r3, #0]
100007ea:	464f      	mov	r7, r9
100007ec:	2800      	cmp	r0, #0
100007ee:	d005      	beq.n	100007fc <ejecutar_print+0xf0>
100007f0:	3701      	adds	r7, #1
100007f2:	f00a fba1 	bl	1000af38 <__bios_putchar_veneer>
100007f6:	7838      	ldrb	r0, [r7, #0]
100007f8:	2800      	cmp	r0, #0
100007fa:	d1f9      	bne.n	100007f0 <ejecutar_print+0xe4>
100007fc:	6822      	ldr	r2, [r4, #0]
100007fe:	7813      	ldrb	r3, [r2, #0]
10000800:	e7ca      	b.n	10000798 <ejecutar_print+0x8c>
10000802:	2020      	movs	r0, #32
10000804:	4f08      	ldr	r7, [pc, #32]	@ (10000828 <ejecutar_print+0x11c>)
10000806:	3701      	adds	r7, #1
10000808:	f00a fb96 	bl	1000af38 <__bios_putchar_veneer>
1000080c:	7838      	ldrb	r0, [r7, #0]
1000080e:	2800      	cmp	r0, #0
10000810:	d1f9      	bne.n	10000806 <ejecutar_print+0xfa>
10000812:	6822      	ldr	r2, [r4, #0]
10000814:	e7cf      	b.n	100007b6 <ejecutar_print+0xaa>
10000816:	46c0      	nop			@ (mov r8, r8)
10000818:	20002f64 	.word	0x20002f64
1000081c:	1000b9b9 	.word	0x1000b9b9
10000820:	1000b008 	.word	0x1000b008
10000824:	1000b014 	.word	0x1000b014
10000828:	1000b00c 	.word	0x1000b00c

1000082c <ejecutar_let>:
1000082c:	b5f0      	push	{r4, r5, r6, r7, lr}
1000082e:	46c6      	mov	lr, r8
10000830:	b500      	push	{lr}
10000832:	493f      	ldr	r1, [pc, #252]	@ (10000930 <ejecutar_let+0x104>)
10000834:	2508      	movs	r5, #8
10000836:	680b      	ldr	r3, [r1, #0]
10000838:	4c3e      	ldr	r4, [pc, #248]	@ (10000934 <ejecutar_let+0x108>)
1000083a:	781a      	ldrb	r2, [r3, #0]
1000083c:	b096      	sub	sp, #88	@ 0x58
1000083e:	2a00      	cmp	r2, #0
10000840:	d009      	beq.n	10000856 <ejecutar_let+0x2a>
10000842:	5ca0      	ldrb	r0, [r4, r2]
10000844:	4205      	tst	r5, r0
10000846:	d101      	bne.n	1000084c <ejecutar_let+0x20>
10000848:	2a20      	cmp	r2, #32
1000084a:	d804      	bhi.n	10000856 <ejecutar_let+0x2a>
1000084c:	3301      	adds	r3, #1
1000084e:	600b      	str	r3, [r1, #0]
10000850:	781a      	ldrb	r2, [r3, #0]
10000852:	2a00      	cmp	r2, #0
10000854:	d1f5      	bne.n	10000842 <ejecutar_let+0x16>
10000856:	a802      	add	r0, sp, #8
10000858:	2600      	movs	r6, #0
1000085a:	4680      	mov	r8, r0
1000085c:	2707      	movs	r7, #7
1000085e:	e007      	b.n	10000870 <ejecutar_let+0x44>
10000860:	2e0e      	cmp	r6, #14
10000862:	dc02      	bgt.n	1000086a <ejecutar_let+0x3e>
10000864:	4640      	mov	r0, r8
10000866:	5582      	strb	r2, [r0, r6]
10000868:	3601      	adds	r6, #1
1000086a:	3301      	adds	r3, #1
1000086c:	600b      	str	r3, [r1, #0]
1000086e:	781a      	ldrb	r2, [r3, #0]
10000870:	003d      	movs	r5, r7
10000872:	5ca0      	ldrb	r0, [r4, r2]
10000874:	4005      	ands	r5, r0
10000876:	4207      	tst	r7, r0
10000878:	d1f2      	bne.n	10000860 <ejecutar_let+0x34>
1000087a:	2a24      	cmp	r2, #36	@ 0x24
1000087c:	d0f0      	beq.n	10000860 <ejecutar_let+0x34>
1000087e:	4640      	mov	r0, r8
10000880:	5585      	strb	r5, [r0, r6]
10000882:	781a      	ldrb	r2, [r3, #0]
10000884:	2608      	movs	r6, #8
10000886:	2a00      	cmp	r2, #0
10000888:	d009      	beq.n	1000089e <ejecutar_let+0x72>
1000088a:	5ca0      	ldrb	r0, [r4, r2]
1000088c:	4206      	tst	r6, r0
1000088e:	d101      	bne.n	10000894 <ejecutar_let+0x68>
10000890:	2a20      	cmp	r2, #32
10000892:	d811      	bhi.n	100008b8 <ejecutar_let+0x8c>
10000894:	3301      	adds	r3, #1
10000896:	600b      	str	r3, [r1, #0]
10000898:	781a      	ldrb	r2, [r3, #0]
1000089a:	2a00      	cmp	r2, #0
1000089c:	d1f5      	bne.n	1000088a <ejecutar_let+0x5e>
1000089e:	f7ff fd3f 	bl	10000320 <evaluar_expresion>
100008a2:	000b      	movs	r3, r1
100008a4:	2100      	movs	r1, #0
100008a6:	0002      	movs	r2, r0
100008a8:	9100      	str	r1, [sp, #0]
100008aa:	4640      	mov	r0, r8
100008ac:	f7ff fec4 	bl	10000638 <establecer_variable>
100008b0:	b016      	add	sp, #88	@ 0x58
100008b2:	bc80      	pop	{r7}
100008b4:	46b8      	mov	r8, r7
100008b6:	bdf0      	pop	{r4, r5, r6, r7, pc}
100008b8:	0018      	movs	r0, r3
100008ba:	2a3d      	cmp	r2, #61	@ 0x3d
100008bc:	d104      	bne.n	100008c8 <ejecutar_let+0x9c>
100008be:	1c58      	adds	r0, r3, #1
100008c0:	6008      	str	r0, [r1, #0]
100008c2:	785a      	ldrb	r2, [r3, #1]
100008c4:	2a00      	cmp	r2, #0
100008c6:	d0ea      	beq.n	1000089e <ejecutar_let+0x72>
100008c8:	2608      	movs	r6, #8
100008ca:	5ca3      	ldrb	r3, [r4, r2]
100008cc:	421e      	tst	r6, r3
100008ce:	d101      	bne.n	100008d4 <ejecutar_let+0xa8>
100008d0:	2a20      	cmp	r2, #32
100008d2:	d805      	bhi.n	100008e0 <ejecutar_let+0xb4>
100008d4:	3001      	adds	r0, #1
100008d6:	6008      	str	r0, [r1, #0]
100008d8:	7802      	ldrb	r2, [r0, #0]
100008da:	2a00      	cmp	r2, #0
100008dc:	d1f5      	bne.n	100008ca <ejecutar_let+0x9e>
100008de:	e7de      	b.n	1000089e <ejecutar_let+0x72>
100008e0:	2a22      	cmp	r2, #34	@ 0x22
100008e2:	d1dc      	bne.n	1000089e <ejecutar_let+0x72>
100008e4:	2617      	movs	r6, #23
100008e6:	1c42      	adds	r2, r0, #1
100008e8:	600a      	str	r2, [r1, #0]
100008ea:	7844      	ldrb	r4, [r0, #1]
100008ec:	2300      	movs	r3, #0
100008ee:	446e      	add	r6, sp
100008f0:	2c00      	cmp	r4, #0
100008f2:	d10a      	bne.n	1000090a <ejecutar_let+0xde>
100008f4:	e00b      	b.n	1000090e <ejecutar_let+0xe2>
100008f6:	2b3f      	cmp	r3, #63	@ 0x3f
100008f8:	d009      	beq.n	1000090e <ejecutar_let+0xe2>
100008fa:	3201      	adds	r2, #1
100008fc:	600a      	str	r2, [r1, #0]
100008fe:	3301      	adds	r3, #1
10000900:	5cc4      	ldrb	r4, [r0, r3]
10000902:	54f4      	strb	r4, [r6, r3]
10000904:	7814      	ldrb	r4, [r2, #0]
10000906:	2c00      	cmp	r4, #0
10000908:	d001      	beq.n	1000090e <ejecutar_let+0xe2>
1000090a:	2c22      	cmp	r4, #34	@ 0x22
1000090c:	d1f3      	bne.n	100008f6 <ejecutar_let+0xca>
1000090e:	2400      	movs	r4, #0
10000910:	a806      	add	r0, sp, #24
10000912:	54c4      	strb	r4, [r0, r3]
10000914:	7813      	ldrb	r3, [r2, #0]
10000916:	2b22      	cmp	r3, #34	@ 0x22
10000918:	d101      	bne.n	1000091e <ejecutar_let+0xf2>
1000091a:	3201      	adds	r2, #1
1000091c:	600a      	str	r2, [r1, #0]
1000091e:	9000      	str	r0, [sp, #0]
10000920:	2200      	movs	r2, #0
10000922:	2300      	movs	r3, #0
10000924:	2101      	movs	r1, #1
10000926:	4640      	mov	r0, r8
10000928:	f7ff fe86 	bl	10000638 <establecer_variable>
1000092c:	e7c0      	b.n	100008b0 <ejecutar_let+0x84>
1000092e:	46c0      	nop			@ (mov r8, r8)
10000930:	20002f64 	.word	0x20002f64
10000934:	1000b9b9 	.word	0x1000b9b9

10000938 <interpretar_linea>:
10000938:	b5f0      	push	{r4, r5, r6, r7, lr}
1000093a:	46c6      	mov	lr, r8
1000093c:	b500      	push	{lr}
1000093e:	4cc4      	ldr	r4, [pc, #784]	@ (10000c50 <interpretar_linea+0x318>)
10000940:	b094      	sub	sp, #80	@ 0x50
10000942:	6020      	str	r0, [r4, #0]
10000944:	7802      	ldrb	r2, [r0, #0]
10000946:	0007      	movs	r7, r0
10000948:	2a00      	cmp	r2, #0
1000094a:	d00d      	beq.n	10000968 <interpretar_linea+0x30>
1000094c:	0003      	movs	r3, r0
1000094e:	2608      	movs	r6, #8
10000950:	4dc0      	ldr	r5, [pc, #768]	@ (10000c54 <interpretar_linea+0x31c>)
10000952:	1c51      	adds	r1, r2, #1
10000954:	5c69      	ldrb	r1, [r5, r1]
10000956:	420e      	tst	r6, r1
10000958:	d101      	bne.n	1000095e <interpretar_linea+0x26>
1000095a:	2a20      	cmp	r2, #32
1000095c:	d808      	bhi.n	10000970 <interpretar_linea+0x38>
1000095e:	3301      	adds	r3, #1
10000960:	6023      	str	r3, [r4, #0]
10000962:	781a      	ldrb	r2, [r3, #0]
10000964:	2a00      	cmp	r2, #0
10000966:	d1f4      	bne.n	10000952 <interpretar_linea+0x1a>
10000968:	b014      	add	sp, #80	@ 0x50
1000096a:	bc80      	pop	{r7}
1000096c:	46b8      	mov	r8, r7
1000096e:	bdf0      	pop	{r4, r5, r6, r7, pc}
10000970:	2004      	movs	r0, #4
10000972:	4680      	mov	r8, r0
10000974:	4208      	tst	r0, r1
10000976:	d000      	beq.n	1000097a <interpretar_linea+0x42>
10000978:	e0e4      	b.n	10000b44 <interpretar_linea+0x20c>
1000097a:	3501      	adds	r5, #1
1000097c:	5caa      	ldrb	r2, [r5, r2]
1000097e:	4216      	tst	r6, r2
10000980:	d000      	beq.n	10000984 <interpretar_linea+0x4c>
10000982:	e17f      	b.n	10000c84 <interpretar_linea+0x34c>
10000984:	466f      	mov	r7, sp
10000986:	1c5a      	adds	r2, r3, #1
10000988:	6022      	str	r2, [r4, #0]
1000098a:	781a      	ldrb	r2, [r3, #0]
1000098c:	703a      	strb	r2, [r7, #0]
1000098e:	785a      	ldrb	r2, [r3, #1]
10000990:	2a00      	cmp	r2, #0
10000992:	d100      	bne.n	10000996 <interpretar_linea+0x5e>
10000994:	e188      	b.n	10000ca8 <interpretar_linea+0x370>
10000996:	5caa      	ldrb	r2, [r5, r2]
10000998:	4216      	tst	r6, r2
1000099a:	d000      	beq.n	1000099e <interpretar_linea+0x66>
1000099c:	e184      	b.n	10000ca8 <interpretar_linea+0x370>
1000099e:	1c9a      	adds	r2, r3, #2
100009a0:	6022      	str	r2, [r4, #0]
100009a2:	785a      	ldrb	r2, [r3, #1]
100009a4:	707a      	strb	r2, [r7, #1]
100009a6:	789a      	ldrb	r2, [r3, #2]
100009a8:	2a00      	cmp	r2, #0
100009aa:	d100      	bne.n	100009ae <interpretar_linea+0x76>
100009ac:	e17e      	b.n	10000cac <interpretar_linea+0x374>
100009ae:	5caa      	ldrb	r2, [r5, r2]
100009b0:	4216      	tst	r6, r2
100009b2:	d000      	beq.n	100009b6 <interpretar_linea+0x7e>
100009b4:	e17a      	b.n	10000cac <interpretar_linea+0x374>
100009b6:	1cda      	adds	r2, r3, #3
100009b8:	6022      	str	r2, [r4, #0]
100009ba:	789a      	ldrb	r2, [r3, #2]
100009bc:	70ba      	strb	r2, [r7, #2]
100009be:	78da      	ldrb	r2, [r3, #3]
100009c0:	2a00      	cmp	r2, #0
100009c2:	d100      	bne.n	100009c6 <interpretar_linea+0x8e>
100009c4:	e174      	b.n	10000cb0 <interpretar_linea+0x378>
100009c6:	5caa      	ldrb	r2, [r5, r2]
100009c8:	4216      	tst	r6, r2
100009ca:	d000      	beq.n	100009ce <interpretar_linea+0x96>
100009cc:	e170      	b.n	10000cb0 <interpretar_linea+0x378>
100009ce:	1d1a      	adds	r2, r3, #4
100009d0:	6022      	str	r2, [r4, #0]
100009d2:	78da      	ldrb	r2, [r3, #3]
100009d4:	7919      	ldrb	r1, [r3, #4]
100009d6:	70fa      	strb	r2, [r7, #3]
100009d8:	2900      	cmp	r1, #0
100009da:	d100      	bne.n	100009de <interpretar_linea+0xa6>
100009dc:	e16a      	b.n	10000cb4 <interpretar_linea+0x37c>
100009de:	2208      	movs	r2, #8
100009e0:	4d9d      	ldr	r5, [pc, #628]	@ (10000c58 <interpretar_linea+0x320>)
100009e2:	5c68      	ldrb	r0, [r5, r1]
100009e4:	4202      	tst	r2, r0
100009e6:	d000      	beq.n	100009ea <interpretar_linea+0xb2>
100009e8:	e164      	b.n	10000cb4 <interpretar_linea+0x37c>
100009ea:	7139      	strb	r1, [r7, #4]
100009ec:	7959      	ldrb	r1, [r3, #5]
100009ee:	1d58      	adds	r0, r3, #5
100009f0:	6020      	str	r0, [r4, #0]
100009f2:	2900      	cmp	r1, #0
100009f4:	d100      	bne.n	100009f8 <interpretar_linea+0xc0>
100009f6:	e16c      	b.n	10000cd2 <interpretar_linea+0x39a>
100009f8:	5c68      	ldrb	r0, [r5, r1]
100009fa:	4202      	tst	r2, r0
100009fc:	d000      	beq.n	10000a00 <interpretar_linea+0xc8>
100009fe:	e168      	b.n	10000cd2 <interpretar_linea+0x39a>
10000a00:	7179      	strb	r1, [r7, #5]
10000a02:	7999      	ldrb	r1, [r3, #6]
10000a04:	1d98      	adds	r0, r3, #6
10000a06:	6020      	str	r0, [r4, #0]
10000a08:	2900      	cmp	r1, #0
10000a0a:	d100      	bne.n	10000a0e <interpretar_linea+0xd6>
10000a0c:	e163      	b.n	10000cd6 <interpretar_linea+0x39e>
10000a0e:	5c68      	ldrb	r0, [r5, r1]
10000a10:	4202      	tst	r2, r0
10000a12:	d000      	beq.n	10000a16 <interpretar_linea+0xde>
10000a14:	e15f      	b.n	10000cd6 <interpretar_linea+0x39e>
10000a16:	71b9      	strb	r1, [r7, #6]
10000a18:	79d9      	ldrb	r1, [r3, #7]
10000a1a:	1dd8      	adds	r0, r3, #7
10000a1c:	6020      	str	r0, [r4, #0]
10000a1e:	2900      	cmp	r1, #0
10000a20:	d100      	bne.n	10000a24 <interpretar_linea+0xec>
10000a22:	e15a      	b.n	10000cda <interpretar_linea+0x3a2>
10000a24:	5c68      	ldrb	r0, [r5, r1]
10000a26:	4202      	tst	r2, r0
10000a28:	d000      	beq.n	10000a2c <interpretar_linea+0xf4>
10000a2a:	e156      	b.n	10000cda <interpretar_linea+0x3a2>
10000a2c:	0018      	movs	r0, r3
10000a2e:	71f9      	strb	r1, [r7, #7]
10000a30:	7a19      	ldrb	r1, [r3, #8]
10000a32:	3008      	adds	r0, #8
10000a34:	6020      	str	r0, [r4, #0]
10000a36:	2900      	cmp	r1, #0
10000a38:	d100      	bne.n	10000a3c <interpretar_linea+0x104>
10000a3a:	e150      	b.n	10000cde <interpretar_linea+0x3a6>
10000a3c:	5c68      	ldrb	r0, [r5, r1]
10000a3e:	4202      	tst	r2, r0
10000a40:	d000      	beq.n	10000a44 <interpretar_linea+0x10c>
10000a42:	e14c      	b.n	10000cde <interpretar_linea+0x3a6>
10000a44:	001a      	movs	r2, r3
10000a46:	7239      	strb	r1, [r7, #8]
10000a48:	7a59      	ldrb	r1, [r3, #9]
10000a4a:	3209      	adds	r2, #9
10000a4c:	6022      	str	r2, [r4, #0]
10000a4e:	2900      	cmp	r1, #0
10000a50:	d100      	bne.n	10000a54 <interpretar_linea+0x11c>
10000a52:	e146      	b.n	10000ce2 <interpretar_linea+0x3aa>
10000a54:	2208      	movs	r2, #8
10000a56:	5c68      	ldrb	r0, [r5, r1]
10000a58:	4202      	tst	r2, r0
10000a5a:	d000      	beq.n	10000a5e <interpretar_linea+0x126>
10000a5c:	e141      	b.n	10000ce2 <interpretar_linea+0x3aa>
10000a5e:	0018      	movs	r0, r3
10000a60:	7279      	strb	r1, [r7, #9]
10000a62:	7a99      	ldrb	r1, [r3, #10]
10000a64:	300a      	adds	r0, #10
10000a66:	6020      	str	r0, [r4, #0]
10000a68:	2900      	cmp	r1, #0
10000a6a:	d100      	bne.n	10000a6e <interpretar_linea+0x136>
10000a6c:	e13d      	b.n	10000cea <interpretar_linea+0x3b2>
10000a6e:	5c68      	ldrb	r0, [r5, r1]
10000a70:	4202      	tst	r2, r0
10000a72:	d000      	beq.n	10000a76 <interpretar_linea+0x13e>
10000a74:	e139      	b.n	10000cea <interpretar_linea+0x3b2>
10000a76:	0018      	movs	r0, r3
10000a78:	72b9      	strb	r1, [r7, #10]
10000a7a:	7ad9      	ldrb	r1, [r3, #11]
10000a7c:	300b      	adds	r0, #11
10000a7e:	6020      	str	r0, [r4, #0]
10000a80:	2900      	cmp	r1, #0
10000a82:	d100      	bne.n	10000a86 <interpretar_linea+0x14e>
10000a84:	e12f      	b.n	10000ce6 <interpretar_linea+0x3ae>
10000a86:	5c68      	ldrb	r0, [r5, r1]
10000a88:	4202      	tst	r2, r0
10000a8a:	d000      	beq.n	10000a8e <interpretar_linea+0x156>
10000a8c:	e12b      	b.n	10000ce6 <interpretar_linea+0x3ae>
10000a8e:	0018      	movs	r0, r3
10000a90:	72f9      	strb	r1, [r7, #11]
10000a92:	7b19      	ldrb	r1, [r3, #12]
10000a94:	300c      	adds	r0, #12
10000a96:	6020      	str	r0, [r4, #0]
10000a98:	2900      	cmp	r1, #0
10000a9a:	d100      	bne.n	10000a9e <interpretar_linea+0x166>
10000a9c:	e0f5      	b.n	10000c8a <interpretar_linea+0x352>
10000a9e:	5c68      	ldrb	r0, [r5, r1]
10000aa0:	4202      	tst	r2, r0
10000aa2:	d000      	beq.n	10000aa6 <interpretar_linea+0x16e>
10000aa4:	e0f1      	b.n	10000c8a <interpretar_linea+0x352>
10000aa6:	0018      	movs	r0, r3
10000aa8:	7339      	strb	r1, [r7, #12]
10000aaa:	7b59      	ldrb	r1, [r3, #13]
10000aac:	300d      	adds	r0, #13
10000aae:	6020      	str	r0, [r4, #0]
10000ab0:	2900      	cmp	r1, #0
10000ab2:	d100      	bne.n	10000ab6 <interpretar_linea+0x17e>
10000ab4:	e11b      	b.n	10000cee <interpretar_linea+0x3b6>
10000ab6:	5c68      	ldrb	r0, [r5, r1]
10000ab8:	4202      	tst	r2, r0
10000aba:	d000      	beq.n	10000abe <interpretar_linea+0x186>
10000abc:	e117      	b.n	10000cee <interpretar_linea+0x3b6>
10000abe:	001a      	movs	r2, r3
10000ac0:	320e      	adds	r2, #14
10000ac2:	6022      	str	r2, [r4, #0]
10000ac4:	7b9a      	ldrb	r2, [r3, #14]
10000ac6:	7379      	strb	r1, [r7, #13]
10000ac8:	2a00      	cmp	r2, #0
10000aca:	d100      	bne.n	10000ace <interpretar_linea+0x196>
10000acc:	e111      	b.n	10000cf2 <interpretar_linea+0x3ba>
10000ace:	5ca9      	ldrb	r1, [r5, r2]
10000ad0:	0709      	lsls	r1, r1, #28
10000ad2:	d500      	bpl.n	10000ad6 <interpretar_linea+0x19e>
10000ad4:	e10d      	b.n	10000cf2 <interpretar_linea+0x3ba>
10000ad6:	330f      	adds	r3, #15
10000ad8:	6023      	str	r3, [r4, #0]
10000ada:	230f      	movs	r3, #15
10000adc:	73ba      	strb	r2, [r7, #14]
10000ade:	2200      	movs	r2, #0
10000ae0:	0038      	movs	r0, r7
10000ae2:	495e      	ldr	r1, [pc, #376]	@ (10000c5c <interpretar_linea+0x324>)
10000ae4:	54fa      	strb	r2, [r7, r3]
10000ae6:	f008 fccd 	bl	10009484 <strcasecmp>
10000aea:	2800      	cmp	r0, #0
10000aec:	d027      	beq.n	10000b3e <interpretar_linea+0x206>
10000aee:	0038      	movs	r0, r7
10000af0:	495b      	ldr	r1, [pc, #364]	@ (10000c60 <interpretar_linea+0x328>)
10000af2:	f008 fcc7 	bl	10009484 <strcasecmp>
10000af6:	2800      	cmp	r0, #0
10000af8:	d07c      	beq.n	10000bf4 <interpretar_linea+0x2bc>
10000afa:	0038      	movs	r0, r7
10000afc:	4959      	ldr	r1, [pc, #356]	@ (10000c64 <interpretar_linea+0x32c>)
10000afe:	f008 fcc1 	bl	10009484 <strcasecmp>
10000b02:	2800      	cmp	r0, #0
10000b04:	d14e      	bne.n	10000ba4 <interpretar_linea+0x26c>
10000b06:	23c8      	movs	r3, #200	@ 0xc8
10000b08:	4d57      	ldr	r5, [pc, #348]	@ (10000c68 <interpretar_linea+0x330>)
10000b0a:	015b      	lsls	r3, r3, #5
10000b0c:	18ee      	adds	r6, r5, r3
10000b0e:	e003      	b.n	10000b18 <interpretar_linea+0x1e0>
10000b10:	3540      	adds	r5, #64	@ 0x40
10000b12:	42b5      	cmp	r5, r6
10000b14:	d100      	bne.n	10000b18 <interpretar_linea+0x1e0>
10000b16:	e727      	b.n	10000968 <interpretar_linea+0x30>
10000b18:	7828      	ldrb	r0, [r5, #0]
10000b1a:	002c      	movs	r4, r5
10000b1c:	2800      	cmp	r0, #0
10000b1e:	d0f7      	beq.n	10000b10 <interpretar_linea+0x1d8>
10000b20:	3401      	adds	r4, #1
10000b22:	f00a fa09 	bl	1000af38 <__bios_putchar_veneer>
10000b26:	7820      	ldrb	r0, [r4, #0]
10000b28:	2800      	cmp	r0, #0
10000b2a:	d1f9      	bne.n	10000b20 <interpretar_linea+0x1e8>
10000b2c:	4c4f      	ldr	r4, [pc, #316]	@ (10000c6c <interpretar_linea+0x334>)
10000b2e:	300d      	adds	r0, #13
10000b30:	3401      	adds	r4, #1
10000b32:	f00a fa01 	bl	1000af38 <__bios_putchar_veneer>
10000b36:	7820      	ldrb	r0, [r4, #0]
10000b38:	2800      	cmp	r0, #0
10000b3a:	d1f9      	bne.n	10000b30 <interpretar_linea+0x1f8>
10000b3c:	e7e8      	b.n	10000b10 <interpretar_linea+0x1d8>
10000b3e:	f7ff fde5 	bl	1000070c <ejecutar_print>
10000b42:	e711      	b.n	10000968 <interpretar_linea+0x30>
10000b44:	0018      	movs	r0, r3
10000b46:	f009 f943 	bl	10009dd0 <atoi>
10000b4a:	4641      	mov	r1, r8
10000b4c:	6822      	ldr	r2, [r4, #0]
10000b4e:	3501      	adds	r5, #1
10000b50:	7813      	ldrb	r3, [r2, #0]
10000b52:	4684      	mov	ip, r0
10000b54:	5cee      	ldrb	r6, [r5, r3]
10000b56:	4231      	tst	r1, r6
10000b58:	d008      	beq.n	10000b6c <interpretar_linea+0x234>
10000b5a:	2004      	movs	r0, #4
10000b5c:	1c51      	adds	r1, r2, #1
10000b5e:	6021      	str	r1, [r4, #0]
10000b60:	780b      	ldrb	r3, [r1, #0]
10000b62:	000a      	movs	r2, r1
10000b64:	5cee      	ldrb	r6, [r5, r3]
10000b66:	3101      	adds	r1, #1
10000b68:	4230      	tst	r0, r6
10000b6a:	d1f8      	bne.n	10000b5e <interpretar_linea+0x226>
10000b6c:	2b00      	cmp	r3, #0
10000b6e:	d00f      	beq.n	10000b90 <interpretar_linea+0x258>
10000b70:	2108      	movs	r1, #8
10000b72:	4d39      	ldr	r5, [pc, #228]	@ (10000c58 <interpretar_linea+0x320>)
10000b74:	3201      	adds	r2, #1
10000b76:	e000      	b.n	10000b7a <interpretar_linea+0x242>
10000b78:	5cee      	ldrb	r6, [r5, r3]
10000b7a:	4231      	tst	r1, r6
10000b7c:	d102      	bne.n	10000b84 <interpretar_linea+0x24c>
10000b7e:	2b20      	cmp	r3, #32
10000b80:	d900      	bls.n	10000b84 <interpretar_linea+0x24c>
10000b82:	e084      	b.n	10000c8e <interpretar_linea+0x356>
10000b84:	6022      	str	r2, [r4, #0]
10000b86:	3201      	adds	r2, #1
10000b88:	1e53      	subs	r3, r2, #1
10000b8a:	781b      	ldrb	r3, [r3, #0]
10000b8c:	2b00      	cmp	r3, #0
10000b8e:	d1f3      	bne.n	10000b78 <interpretar_linea+0x240>
10000b90:	4663      	mov	r3, ip
10000b92:	2b63      	cmp	r3, #99	@ 0x63
10000b94:	d900      	bls.n	10000b98 <interpretar_linea+0x260>
10000b96:	e6e7      	b.n	10000968 <interpretar_linea+0x30>
10000b98:	4662      	mov	r2, ip
10000b9a:	0190      	lsls	r0, r2, #6
10000b9c:	2200      	movs	r2, #0
10000b9e:	4b32      	ldr	r3, [pc, #200]	@ (10000c68 <interpretar_linea+0x330>)
10000ba0:	54c2      	strb	r2, [r0, r3]
10000ba2:	e6e1      	b.n	10000968 <interpretar_linea+0x30>
10000ba4:	0038      	movs	r0, r7
10000ba6:	4932      	ldr	r1, [pc, #200]	@ (10000c70 <interpretar_linea+0x338>)
10000ba8:	f008 fc6c 	bl	10009484 <strcasecmp>
10000bac:	2800      	cmp	r0, #0
10000bae:	d124      	bne.n	10000bfa <interpretar_linea+0x2c2>
10000bb0:	23c8      	movs	r3, #200	@ 0xc8
10000bb2:	4c2d      	ldr	r4, [pc, #180]	@ (10000c68 <interpretar_linea+0x330>)
10000bb4:	015b      	lsls	r3, r3, #5
10000bb6:	18e7      	adds	r7, r4, r3
10000bb8:	ab04      	add	r3, sp, #16
10000bba:	4698      	mov	r8, r3
10000bbc:	2504      	movs	r5, #4
10000bbe:	4e26      	ldr	r6, [pc, #152]	@ (10000c58 <interpretar_linea+0x320>)
10000bc0:	e003      	b.n	10000bca <interpretar_linea+0x292>
10000bc2:	3440      	adds	r4, #64	@ 0x40
10000bc4:	42bc      	cmp	r4, r7
10000bc6:	d100      	bne.n	10000bca <interpretar_linea+0x292>
10000bc8:	e6ce      	b.n	10000968 <interpretar_linea+0x30>
10000bca:	7823      	ldrb	r3, [r4, #0]
10000bcc:	2b00      	cmp	r3, #0
10000bce:	d0f8      	beq.n	10000bc2 <interpretar_linea+0x28a>
10000bd0:	0021      	movs	r1, r4
10000bd2:	4640      	mov	r0, r8
10000bd4:	f009 fa16 	bl	1000a004 <strcpy>
10000bd8:	4643      	mov	r3, r8
10000bda:	781b      	ldrb	r3, [r3, #0]
10000bdc:	4640      	mov	r0, r8
10000bde:	5cf3      	ldrb	r3, [r6, r3]
10000be0:	421d      	tst	r5, r3
10000be2:	d004      	beq.n	10000bee <interpretar_linea+0x2b6>
10000be4:	7843      	ldrb	r3, [r0, #1]
10000be6:	3001      	adds	r0, #1
10000be8:	5cf3      	ldrb	r3, [r6, r3]
10000bea:	421d      	tst	r5, r3
10000bec:	d1fa      	bne.n	10000be4 <interpretar_linea+0x2ac>
10000bee:	f7ff fea3 	bl	10000938 <interpretar_linea>
10000bf2:	e7e6      	b.n	10000bc2 <interpretar_linea+0x28a>
10000bf4:	f7ff fe1a 	bl	1000082c <ejecutar_let>
10000bf8:	e6b6      	b.n	10000968 <interpretar_linea+0x30>
10000bfa:	0038      	movs	r0, r7
10000bfc:	491d      	ldr	r1, [pc, #116]	@ (10000c74 <interpretar_linea+0x33c>)
10000bfe:	f008 fc41 	bl	10009484 <strcasecmp>
10000c02:	2800      	cmp	r0, #0
10000c04:	d111      	bne.n	10000c2a <interpretar_linea+0x2f2>
10000c06:	23a0      	movs	r3, #160	@ 0xa0
10000c08:	4c1b      	ldr	r4, [pc, #108]	@ (10000c78 <interpretar_linea+0x340>)
10000c0a:	011b      	lsls	r3, r3, #4
10000c0c:	18e5      	adds	r5, r4, r3
10000c0e:	e002      	b.n	10000c16 <interpretar_linea+0x2de>
10000c10:	3428      	adds	r4, #40	@ 0x28
10000c12:	42ac      	cmp	r4, r5
10000c14:	d050      	beq.n	10000cb8 <interpretar_linea+0x380>
10000c16:	7c23      	ldrb	r3, [r4, #16]
10000c18:	2b00      	cmp	r3, #0
10000c1a:	d0f9      	beq.n	10000c10 <interpretar_linea+0x2d8>
10000c1c:	7823      	ldrb	r3, [r4, #0]
10000c1e:	2b01      	cmp	r3, #1
10000c20:	d1f6      	bne.n	10000c10 <interpretar_linea+0x2d8>
10000c22:	68a0      	ldr	r0, [r4, #8]
10000c24:	f002 fc9a 	bl	1000355c <__wrap_free>
10000c28:	e7f2      	b.n	10000c10 <interpretar_linea+0x2d8>
10000c2a:	0038      	movs	r0, r7
10000c2c:	4913      	ldr	r1, [pc, #76]	@ (10000c7c <interpretar_linea+0x344>)
10000c2e:	f008 fc29 	bl	10009484 <strcasecmp>
10000c32:	2800      	cmp	r0, #0
10000c34:	d05f      	beq.n	10000cf6 <interpretar_linea+0x3be>
10000c36:	783b      	ldrb	r3, [r7, #0]
10000c38:	2b00      	cmp	r3, #0
10000c3a:	d100      	bne.n	10000c3e <interpretar_linea+0x306>
10000c3c:	e694      	b.n	10000968 <interpretar_linea+0x30>
10000c3e:	2053      	movs	r0, #83	@ 0x53
10000c40:	4c0f      	ldr	r4, [pc, #60]	@ (10000c80 <interpretar_linea+0x348>)
10000c42:	3401      	adds	r4, #1
10000c44:	f00a f978 	bl	1000af38 <__bios_putchar_veneer>
10000c48:	7820      	ldrb	r0, [r4, #0]
10000c4a:	2800      	cmp	r0, #0
10000c4c:	d1f9      	bne.n	10000c42 <interpretar_linea+0x30a>
10000c4e:	e68b      	b.n	10000968 <interpretar_linea+0x30>
10000c50:	20002f64 	.word	0x20002f64
10000c54:	1000b9b8 	.word	0x1000b9b8
10000c58:	1000b9b9 	.word	0x1000b9b9
10000c5c:	1000b028 	.word	0x1000b028
10000c60:	1000b030 	.word	0x1000b030
10000c64:	1000b034 	.word	0x1000b034
10000c68:	200033c4 	.word	0x200033c4
10000c6c:	1000b008 	.word	0x1000b008
10000c70:	1000b03c 	.word	0x1000b03c
10000c74:	1000b040 	.word	0x1000b040
10000c78:	20001b78 	.word	0x20001b78
10000c7c:	1000b044 	.word	0x1000b044
10000c80:	1000b018 	.word	0x1000b018
10000c84:	2300      	movs	r3, #0
10000c86:	466f      	mov	r7, sp
10000c88:	e729      	b.n	10000ade <interpretar_linea+0x1a6>
10000c8a:	230c      	movs	r3, #12
10000c8c:	e727      	b.n	10000ade <interpretar_linea+0x1a6>
10000c8e:	4663      	mov	r3, ip
10000c90:	2b63      	cmp	r3, #99	@ 0x63
10000c92:	d900      	bls.n	10000c96 <interpretar_linea+0x35e>
10000c94:	e668      	b.n	10000968 <interpretar_linea+0x30>
10000c96:	4663      	mov	r3, ip
10000c98:	0198      	lsls	r0, r3, #6
10000c9a:	4b18      	ldr	r3, [pc, #96]	@ (10000cfc <interpretar_linea+0x3c4>)
10000c9c:	223f      	movs	r2, #63	@ 0x3f
10000c9e:	0039      	movs	r1, r7
10000ca0:	18c0      	adds	r0, r0, r3
10000ca2:	f006 ff8f 	bl	10007bc4 <strncpy>
10000ca6:	e65f      	b.n	10000968 <interpretar_linea+0x30>
10000ca8:	2301      	movs	r3, #1
10000caa:	e718      	b.n	10000ade <interpretar_linea+0x1a6>
10000cac:	2302      	movs	r3, #2
10000cae:	e716      	b.n	10000ade <interpretar_linea+0x1a6>
10000cb0:	2303      	movs	r3, #3
10000cb2:	e714      	b.n	10000ade <interpretar_linea+0x1a6>
10000cb4:	2304      	movs	r3, #4
10000cb6:	e712      	b.n	10000ade <interpretar_linea+0x1a6>
10000cb8:	22a0      	movs	r2, #160	@ 0xa0
10000cba:	2100      	movs	r1, #0
10000cbc:	0112      	lsls	r2, r2, #4
10000cbe:	4810      	ldr	r0, [pc, #64]	@ (10000d00 <interpretar_linea+0x3c8>)
10000cc0:	f002 fc58 	bl	10003574 <__wrap_memset>
10000cc4:	22c8      	movs	r2, #200	@ 0xc8
10000cc6:	2100      	movs	r1, #0
10000cc8:	0152      	lsls	r2, r2, #5
10000cca:	480c      	ldr	r0, [pc, #48]	@ (10000cfc <interpretar_linea+0x3c4>)
10000ccc:	f002 fc52 	bl	10003574 <__wrap_memset>
10000cd0:	e64a      	b.n	10000968 <interpretar_linea+0x30>
10000cd2:	2305      	movs	r3, #5
10000cd4:	e703      	b.n	10000ade <interpretar_linea+0x1a6>
10000cd6:	2306      	movs	r3, #6
10000cd8:	e701      	b.n	10000ade <interpretar_linea+0x1a6>
10000cda:	2307      	movs	r3, #7
10000cdc:	e6ff      	b.n	10000ade <interpretar_linea+0x1a6>
10000cde:	2308      	movs	r3, #8
10000ce0:	e6fd      	b.n	10000ade <interpretar_linea+0x1a6>
10000ce2:	2309      	movs	r3, #9
10000ce4:	e6fb      	b.n	10000ade <interpretar_linea+0x1a6>
10000ce6:	230b      	movs	r3, #11
10000ce8:	e6f9      	b.n	10000ade <interpretar_linea+0x1a6>
10000cea:	230a      	movs	r3, #10
10000cec:	e6f7      	b.n	10000ade <interpretar_linea+0x1a6>
10000cee:	230d      	movs	r3, #13
10000cf0:	e6f5      	b.n	10000ade <interpretar_linea+0x1a6>
10000cf2:	230e      	movs	r3, #14
10000cf4:	e6f3      	b.n	10000ade <interpretar_linea+0x1a6>
10000cf6:	f00a f93f 	bl	1000af78 <__bios_cls_veneer>
10000cfa:	e635      	b.n	10000968 <interpretar_linea+0x30>
10000cfc:	200033c4 	.word	0x200033c4
10000d00:	20001b68 	.word	0x20001b68

10000d04 <ejecutar_interprete>:
10000d04:	b5f0      	push	{r4, r5, r6, r7, lr}
10000d06:	46ce      	mov	lr, r9
10000d08:	4647      	mov	r7, r8
10000d0a:	22c8      	movs	r2, #200	@ 0xc8
10000d0c:	b580      	push	{r7, lr}
10000d0e:	2100      	movs	r1, #0
10000d10:	b091      	sub	sp, #68	@ 0x44
10000d12:	0152      	lsls	r2, r2, #5
10000d14:	4829      	ldr	r0, [pc, #164]	@ (10000dbc <ejecutar_interprete+0xb8>)
10000d16:	f002 fc2d 	bl	10003574 <__wrap_memset>
10000d1a:	22a0      	movs	r2, #160	@ 0xa0
10000d1c:	2100      	movs	r1, #0
10000d1e:	4828      	ldr	r0, [pc, #160]	@ (10000dc0 <ejecutar_interprete+0xbc>)
10000d20:	0112      	lsls	r2, r2, #4
10000d22:	f002 fc27 	bl	10003574 <__wrap_memset>
10000d26:	2050      	movs	r0, #80	@ 0x50
10000d28:	4c26      	ldr	r4, [pc, #152]	@ (10000dc4 <ejecutar_interprete+0xc0>)
10000d2a:	3401      	adds	r4, #1
10000d2c:	f00a f904 	bl	1000af38 <__bios_putchar_veneer>
10000d30:	7820      	ldrb	r0, [r4, #0]
10000d32:	2800      	cmp	r0, #0
10000d34:	d1f9      	bne.n	10000d2a <ejecutar_interprete+0x26>
10000d36:	4b24      	ldr	r3, [pc, #144]	@ (10000dc8 <ejecutar_interprete+0xc4>)
10000d38:	466e      	mov	r6, sp
10000d3a:	4699      	mov	r9, r3
10000d3c:	4b23      	ldr	r3, [pc, #140]	@ (10000dcc <ejecutar_interprete+0xc8>)
10000d3e:	4f24      	ldr	r7, [pc, #144]	@ (10000dd0 <ejecutar_interprete+0xcc>)
10000d40:	4698      	mov	r8, r3
10000d42:	203e      	movs	r0, #62	@ 0x3e
10000d44:	464c      	mov	r4, r9
10000d46:	3401      	adds	r4, #1
10000d48:	f00a f8f6 	bl	1000af38 <__bios_putchar_veneer>
10000d4c:	7820      	ldrb	r0, [r4, #0]
10000d4e:	2800      	cmp	r0, #0
10000d50:	d1f9      	bne.n	10000d46 <ejecutar_interprete+0x42>
10000d52:	2500      	movs	r5, #0
10000d54:	f00a f8e8 	bl	1000af28 <__bios_getchar_veneer>
10000d58:	0004      	movs	r4, r0
10000d5a:	280d      	cmp	r0, #13
10000d5c:	d011      	beq.n	10000d82 <ejecutar_interprete+0x7e>
10000d5e:	280a      	cmp	r0, #10
10000d60:	d00f      	beq.n	10000d82 <ejecutar_interprete+0x7e>
10000d62:	2808      	cmp	r0, #8
10000d64:	d01c      	beq.n	10000da0 <ejecutar_interprete+0x9c>
10000d66:	287f      	cmp	r0, #127	@ 0x7f
10000d68:	d01a      	beq.n	10000da0 <ejecutar_interprete+0x9c>
10000d6a:	f00a f8e5 	bl	1000af38 <__bios_putchar_veneer>
10000d6e:	1c6b      	adds	r3, r5, #1
10000d70:	5574      	strb	r4, [r6, r5]
10000d72:	2d3e      	cmp	r5, #62	@ 0x3e
10000d74:	d020      	beq.n	10000db8 <ejecutar_interprete+0xb4>
10000d76:	001d      	movs	r5, r3
10000d78:	f00a f8d6 	bl	1000af28 <__bios_getchar_veneer>
10000d7c:	0004      	movs	r4, r0
10000d7e:	280d      	cmp	r0, #13
10000d80:	d1ed      	bne.n	10000d5e <ejecutar_interprete+0x5a>
10000d82:	2300      	movs	r3, #0
10000d84:	200d      	movs	r0, #13
10000d86:	4644      	mov	r4, r8
10000d88:	1975      	adds	r5, r6, r5
10000d8a:	702b      	strb	r3, [r5, #0]
10000d8c:	3401      	adds	r4, #1
10000d8e:	f00a f8d3 	bl	1000af38 <__bios_putchar_veneer>
10000d92:	7820      	ldrb	r0, [r4, #0]
10000d94:	2800      	cmp	r0, #0
10000d96:	d1f9      	bne.n	10000d8c <ejecutar_interprete+0x88>
10000d98:	0030      	movs	r0, r6
10000d9a:	f7ff fdcd 	bl	10000938 <interpretar_linea>
10000d9e:	e7d0      	b.n	10000d42 <ejecutar_interprete+0x3e>
10000da0:	2d00      	cmp	r5, #0
10000da2:	ddd7      	ble.n	10000d54 <ejecutar_interprete+0x50>
10000da4:	2008      	movs	r0, #8
10000da6:	003c      	movs	r4, r7
10000da8:	3d01      	subs	r5, #1
10000daa:	3401      	adds	r4, #1
10000dac:	f00a f8c4 	bl	1000af38 <__bios_putchar_veneer>
10000db0:	7820      	ldrb	r0, [r4, #0]
10000db2:	2800      	cmp	r0, #0
10000db4:	d1f9      	bne.n	10000daa <ejecutar_interprete+0xa6>
10000db6:	e7cd      	b.n	10000d54 <ejecutar_interprete+0x50>
10000db8:	253f      	movs	r5, #63	@ 0x3f
10000dba:	e7e2      	b.n	10000d82 <ejecutar_interprete+0x7e>
10000dbc:	200033c4 	.word	0x200033c4
10000dc0:	20001b68 	.word	0x20001b68
10000dc4:	1000b048 	.word	0x1000b048
10000dc8:	1000b060 	.word	0x1000b060
10000dcc:	1000b008 	.word	0x1000b008
10000dd0:	1000aff0 	.word	0x1000aff0

10000dd4 <main>:
10000dd4:	b510      	push	{r4, lr}
10000dd6:	f004 f9bb 	bl	10005150 <stdio_init_all>
10000dda:	20fa      	movs	r0, #250	@ 0xfa
10000ddc:	00c0      	lsls	r0, r0, #3
10000dde:	f000 fef1 	bl	10001bc4 <sleep_ms>
10000de2:	f7ff ff8f 	bl	10000d04 <ejecutar_interprete>
10000de6:	46c0      	nop			@ (mov r8, r8)

10000de8 <gpio_set_function>:
10000de8:	4a09      	ldr	r2, [pc, #36]	@ (10000e10 <gpio_set_function+0x28>)
10000dea:	0083      	lsls	r3, r0, #2
10000dec:	189a      	adds	r2, r3, r2
10000dee:	b510      	push	{r4, lr}
10000df0:	6814      	ldr	r4, [r2, #0]
10000df2:	2240      	movs	r2, #64	@ 0x40
10000df4:	4054      	eors	r4, r2
10000df6:	3280      	adds	r2, #128	@ 0x80
10000df8:	4022      	ands	r2, r4
10000dfa:	4c06      	ldr	r4, [pc, #24]	@ (10000e14 <gpio_set_function+0x2c>)
10000dfc:	00c0      	lsls	r0, r0, #3
10000dfe:	46a4      	mov	ip, r4
10000e00:	4463      	add	r3, ip
10000e02:	601a      	str	r2, [r3, #0]
10000e04:	4b04      	ldr	r3, [pc, #16]	@ (10000e18 <gpio_set_function+0x30>)
10000e06:	469c      	mov	ip, r3
10000e08:	4460      	add	r0, ip
10000e0a:	6041      	str	r1, [r0, #4]
10000e0c:	bd10      	pop	{r4, pc}
10000e0e:	46c0      	nop			@ (mov r8, r8)
10000e10:	4001c004 	.word	0x4001c004
10000e14:	4001d004 	.word	0x4001d004
10000e18:	40014000 	.word	0x40014000

10000e1c <rp2040_chip_version>:
10000e1c:	2380      	movs	r3, #128	@ 0x80
10000e1e:	05db      	lsls	r3, r3, #23
10000e20:	6818      	ldr	r0, [r3, #0]
10000e22:	0f00      	lsrs	r0, r0, #28
10000e24:	4770      	bx	lr
10000e26:	46c0      	nop			@ (mov r8, r8)

10000e28 <panic>:
10000e28:	b40f      	push	{r0, r1, r2, r3}
10000e2a:	b500      	push	{lr}
10000e2c:	4808      	ldr	r0, [pc, #32]	@ (10000e50 <panic+0x28>)
10000e2e:	b083      	sub	sp, #12
10000e30:	f004 f9e0 	bl	100051f4 <__wrap_puts>
10000e34:	9b04      	ldr	r3, [sp, #16]
10000e36:	2b00      	cmp	r3, #0
10000e38:	d007      	beq.n	10000e4a <panic+0x22>
10000e3a:	a905      	add	r1, sp, #20
10000e3c:	0018      	movs	r0, r3
10000e3e:	9101      	str	r1, [sp, #4]
10000e40:	f004 f826 	bl	10004e90 <weak_raw_vprintf>
10000e44:	4803      	ldr	r0, [pc, #12]	@ (10000e54 <panic+0x2c>)
10000e46:	f004 f9d5 	bl	100051f4 <__wrap_puts>
10000e4a:	2001      	movs	r0, #1
10000e4c:	f004 f838 	bl	10004ec0 <_exit>
10000e50:	1000b064 	.word	0x1000b064
10000e54:	1000b074 	.word	0x1000b074

10000e58 <hw_claim_or_assert>:
10000e58:	b570      	push	{r4, r5, r6, lr}
10000e5a:	f3ef 8c10 	mrs	ip, PRIMASK
10000e5e:	b672      	cpsid	i
10000e60:	4d0d      	ldr	r5, [pc, #52]	@ (10000e98 <hw_claim_or_assert+0x40>)
10000e62:	682b      	ldr	r3, [r5, #0]
10000e64:	2b00      	cmp	r3, #0
10000e66:	d0fc      	beq.n	10000e62 <hw_claim_or_assert+0xa>
10000e68:	f3bf 8f5f 	dmb	sy
10000e6c:	2407      	movs	r4, #7
10000e6e:	08cb      	lsrs	r3, r1, #3
10000e70:	18c6      	adds	r6, r0, r3
10000e72:	5cc0      	ldrb	r0, [r0, r3]
10000e74:	2301      	movs	r3, #1
10000e76:	400c      	ands	r4, r1
10000e78:	40a3      	lsls	r3, r4
10000e7a:	001c      	movs	r4, r3
10000e7c:	4004      	ands	r4, r0
10000e7e:	4203      	tst	r3, r0
10000e80:	d107      	bne.n	10000e92 <hw_claim_or_assert+0x3a>
10000e82:	4318      	orrs	r0, r3
10000e84:	7030      	strb	r0, [r6, #0]
10000e86:	f3bf 8f5f 	dmb	sy
10000e8a:	602c      	str	r4, [r5, #0]
10000e8c:	f38c 8810 	msr	PRIMASK, ip
10000e90:	bd70      	pop	{r4, r5, r6, pc}
10000e92:	0010      	movs	r0, r2
10000e94:	f7ff ffc8 	bl	10000e28 <panic>
10000e98:	d000012c 	.word	0xd000012c

10000e9c <hw_claim_unused_from_range>:
10000e9c:	b5f8      	push	{r3, r4, r5, r6, r7, lr}
10000e9e:	4647      	mov	r7, r8
10000ea0:	46ce      	mov	lr, r9
10000ea2:	4688      	mov	r8, r1
10000ea4:	b580      	push	{r7, lr}
10000ea6:	f3ef 8c10 	mrs	ip, PRIMASK
10000eaa:	b672      	cpsid	i
10000eac:	4d1c      	ldr	r5, [pc, #112]	@ (10000f20 <hw_claim_unused_from_range+0x84>)
10000eae:	682c      	ldr	r4, [r5, #0]
10000eb0:	2c00      	cmp	r4, #0
10000eb2:	d0fc      	beq.n	10000eae <hw_claim_unused_from_range+0x12>
10000eb4:	f3bf 8f5f 	dmb	sy
10000eb8:	429a      	cmp	r2, r3
10000eba:	d822      	bhi.n	10000f02 <hw_claim_unused_from_range+0x66>
10000ebc:	2107      	movs	r1, #7
10000ebe:	2601      	movs	r6, #1
10000ec0:	4689      	mov	r9, r1
10000ec2:	e002      	b.n	10000eca <hw_claim_unused_from_range+0x2e>
10000ec4:	3201      	adds	r2, #1
10000ec6:	4293      	cmp	r3, r2
10000ec8:	d318      	bcc.n	10000efc <hw_claim_unused_from_range+0x60>
10000eca:	464d      	mov	r5, r9
10000ecc:	0037      	movs	r7, r6
10000ece:	4015      	ands	r5, r2
10000ed0:	40af      	lsls	r7, r5
10000ed2:	08d4      	lsrs	r4, r2, #3
10000ed4:	1901      	adds	r1, r0, r4
10000ed6:	5d04      	ldrb	r4, [r0, r4]
10000ed8:	4227      	tst	r7, r4
10000eda:	d1f3      	bne.n	10000ec4 <hw_claim_unused_from_range+0x28>
10000edc:	0010      	movs	r0, r2
10000ede:	433c      	orrs	r4, r7
10000ee0:	700c      	strb	r4, [r1, #0]
10000ee2:	f3bf 8f5f 	dmb	sy
10000ee6:	2200      	movs	r2, #0
10000ee8:	4b0d      	ldr	r3, [pc, #52]	@ (10000f20 <hw_claim_unused_from_range+0x84>)
10000eea:	601a      	str	r2, [r3, #0]
10000eec:	f38c 8810 	msr	PRIMASK, ip
10000ef0:	2800      	cmp	r0, #0
10000ef2:	db0e      	blt.n	10000f12 <hw_claim_unused_from_range+0x76>
10000ef4:	bcc0      	pop	{r6, r7}
10000ef6:	46b9      	mov	r9, r7
10000ef8:	46b0      	mov	r8, r6
10000efa:	bdf8      	pop	{r3, r4, r5, r6, r7, pc}
10000efc:	2001      	movs	r0, #1
10000efe:	4240      	negs	r0, r0
10000f00:	e7ef      	b.n	10000ee2 <hw_claim_unused_from_range+0x46>
10000f02:	f3bf 8f5f 	dmb	sy
10000f06:	2300      	movs	r3, #0
10000f08:	602b      	str	r3, [r5, #0]
10000f0a:	f38c 8810 	msr	PRIMASK, ip
10000f0e:	2001      	movs	r0, #1
10000f10:	4240      	negs	r0, r0
10000f12:	4643      	mov	r3, r8
10000f14:	2b00      	cmp	r3, #0
10000f16:	d0ed      	beq.n	10000ef4 <hw_claim_unused_from_range+0x58>
10000f18:	9808      	ldr	r0, [sp, #32]
10000f1a:	f7ff ff85 	bl	10000e28 <panic>
10000f1e:	46c0      	nop			@ (mov r8, r8)
10000f20:	d000012c 	.word	0xd000012c

10000f24 <next_striped_spin_lock_num>:
10000f24:	4a04      	ldr	r2, [pc, #16]	@ (10000f38 <next_striped_spin_lock_num+0x14>)
10000f26:	7810      	ldrb	r0, [r2, #0]
10000f28:	1c43      	adds	r3, r0, #1
10000f2a:	b2db      	uxtb	r3, r3
10000f2c:	2b17      	cmp	r3, #23
10000f2e:	d900      	bls.n	10000f32 <next_striped_spin_lock_num+0xe>
10000f30:	2310      	movs	r3, #16
10000f32:	7013      	strb	r3, [r2, #0]
10000f34:	4770      	bx	lr
10000f36:	46c0      	nop			@ (mov r8, r8)
10000f38:	20001030 	.word	0x20001030

10000f3c <spin_lock_claim_unused>:
10000f3c:	b510      	push	{r4, lr}
10000f3e:	4b06      	ldr	r3, [pc, #24]	@ (10000f58 <spin_lock_claim_unused+0x1c>)
10000f40:	4c06      	ldr	r4, [pc, #24]	@ (10000f5c <spin_lock_claim_unused+0x20>)
10000f42:	b082      	sub	sp, #8
10000f44:	0001      	movs	r1, r0
10000f46:	9300      	str	r3, [sp, #0]
10000f48:	2218      	movs	r2, #24
10000f4a:	231f      	movs	r3, #31
10000f4c:	0020      	movs	r0, r4
10000f4e:	f7ff ffa5 	bl	10000e9c <hw_claim_unused_from_range>
10000f52:	b002      	add	sp, #8
10000f54:	bd10      	pop	{r4, pc}
10000f56:	46c0      	nop			@ (mov r8, r8)
10000f58:	1000b078 	.word	0x1000b078
10000f5c:	20002f34 	.word	0x20002f34

10000f60 <spin_locks_reset>:
10000f60:	2100      	movs	r1, #0
10000f62:	4b04      	ldr	r3, [pc, #16]	@ (10000f74 <spin_locks_reset+0x14>)
10000f64:	4a04      	ldr	r2, [pc, #16]	@ (10000f78 <spin_locks_reset+0x18>)
10000f66:	f3bf 8f5f 	dmb	sy
10000f6a:	c302      	stmia	r3!, {r1}
10000f6c:	4293      	cmp	r3, r2
10000f6e:	d1fa      	bne.n	10000f66 <spin_locks_reset+0x6>
10000f70:	4770      	bx	lr
10000f72:	46c0      	nop			@ (mov r8, r8)
10000f74:	d0000100 	.word	0xd0000100
10000f78:	d0000180 	.word	0xd0000180

10000f7c <runtime_init_per_core_irq_priorities>:
10000f7c:	4b05      	ldr	r3, [pc, #20]	@ (10000f94 <runtime_init_per_core_irq_priorities+0x18>)
10000f7e:	4a06      	ldr	r2, [pc, #24]	@ (10000f98 <runtime_init_per_core_irq_priorities+0x1c>)
10000f80:	6013      	str	r3, [r2, #0]
10000f82:	4a06      	ldr	r2, [pc, #24]	@ (10000f9c <runtime_init_per_core_irq_priorities+0x20>)
10000f84:	6013      	str	r3, [r2, #0]
10000f86:	6053      	str	r3, [r2, #4]
10000f88:	6093      	str	r3, [r2, #8]
10000f8a:	60d3      	str	r3, [r2, #12]
10000f8c:	6113      	str	r3, [r2, #16]
10000f8e:	6153      	str	r3, [r2, #20]
10000f90:	6193      	str	r3, [r2, #24]
10000f92:	4770      	bx	lr
10000f94:	80808080 	.word	0x80808080
10000f98:	e000e400 	.word	0xe000e400
10000f9c:	e000e404 	.word	0xe000e404

10000fa0 <irq_set_enabled>:
10000fa0:	231f      	movs	r3, #31
10000fa2:	4018      	ands	r0, r3
10000fa4:	3b1e      	subs	r3, #30
10000fa6:	4083      	lsls	r3, r0
10000fa8:	2900      	cmp	r1, #0
10000faa:	d005      	beq.n	10000fb8 <irq_set_enabled+0x18>
10000fac:	21c0      	movs	r1, #192	@ 0xc0
10000fae:	4a04      	ldr	r2, [pc, #16]	@ (10000fc0 <irq_set_enabled+0x20>)
10000fb0:	0049      	lsls	r1, r1, #1
10000fb2:	5053      	str	r3, [r2, r1]
10000fb4:	6013      	str	r3, [r2, #0]
10000fb6:	4770      	bx	lr
10000fb8:	2280      	movs	r2, #128	@ 0x80
10000fba:	4901      	ldr	r1, [pc, #4]	@ (10000fc0 <irq_set_enabled+0x20>)
10000fbc:	508b      	str	r3, [r1, r2]
10000fbe:	e7fa      	b.n	10000fb6 <irq_set_enabled+0x16>
10000fc0:	e000e100 	.word	0xe000e100

10000fc4 <irq_is_enabled>:
10000fc4:	2201      	movs	r2, #1
10000fc6:	4082      	lsls	r2, r0
10000fc8:	4b03      	ldr	r3, [pc, #12]	@ (10000fd8 <irq_is_enabled+0x14>)
10000fca:	681b      	ldr	r3, [r3, #0]
10000fcc:	4013      	ands	r3, r2
10000fce:	1e5a      	subs	r2, r3, #1
10000fd0:	4193      	sbcs	r3, r2
10000fd2:	b2d8      	uxtb	r0, r3
10000fd4:	4770      	bx	lr
10000fd6:	46c0      	nop			@ (mov r8, r8)
10000fd8:	e000e100 	.word	0xe000e100

10000fdc <irq_set_pending>:
10000fdc:	2301      	movs	r3, #1
10000fde:	4083      	lsls	r3, r0
10000fe0:	4a01      	ldr	r2, [pc, #4]	@ (10000fe8 <irq_set_pending+0xc>)
10000fe2:	6013      	str	r3, [r2, #0]
10000fe4:	4770      	bx	lr
10000fe6:	46c0      	nop			@ (mov r8, r8)
10000fe8:	e000e200 	.word	0xe000e200

10000fec <irq_has_shared_handler>:
10000fec:	4b06      	ldr	r3, [pc, #24]	@ (10001008 <irq_has_shared_handler+0x1c>)
10000fee:	3010      	adds	r0, #16
10000ff0:	689b      	ldr	r3, [r3, #8]
10000ff2:	0080      	lsls	r0, r0, #2
10000ff4:	58c3      	ldr	r3, [r0, r3]
10000ff6:	4a05      	ldr	r2, [pc, #20]	@ (1000100c <irq_has_shared_handler+0x20>)
10000ff8:	2000      	movs	r0, #0
10000ffa:	1a9b      	subs	r3, r3, r2
10000ffc:	222f      	movs	r2, #47	@ 0x2f
10000ffe:	429a      	cmp	r2, r3
10001000:	4140      	adcs	r0, r0
10001002:	b2c0      	uxtb	r0, r0
10001004:	4770      	bx	lr
10001006:	46c0      	nop			@ (mov r8, r8)
10001008:	e000ed00 	.word	0xe000ed00
1000100c:	20001034 	.word	0x20001034

10001010 <irq_set_exclusive_handler>:
10001010:	b570      	push	{r4, r5, r6, lr}
10001012:	000d      	movs	r5, r1
10001014:	f3ef 8610 	mrs	r6, PRIMASK
10001018:	b672      	cpsid	i
1000101a:	4a0f      	ldr	r2, [pc, #60]	@ (10001058 <irq_set_exclusive_handler+0x48>)
1000101c:	6813      	ldr	r3, [r2, #0]
1000101e:	2b00      	cmp	r3, #0
10001020:	d0fc      	beq.n	1000101c <irq_set_exclusive_handler+0xc>
10001022:	f3bf 8f5f 	dmb	sy
10001026:	4b0d      	ldr	r3, [pc, #52]	@ (1000105c <irq_set_exclusive_handler+0x4c>)
10001028:	3010      	adds	r0, #16
1000102a:	689b      	ldr	r3, [r3, #8]
1000102c:	0084      	lsls	r4, r0, #2
1000102e:	591b      	ldr	r3, [r3, r4]
10001030:	4a0b      	ldr	r2, [pc, #44]	@ (10001060 <irq_set_exclusive_handler+0x50>)
10001032:	4293      	cmp	r3, r2
10001034:	d003      	beq.n	1000103e <irq_set_exclusive_handler+0x2e>
10001036:	429d      	cmp	r5, r3
10001038:	d001      	beq.n	1000103e <irq_set_exclusive_handler+0x2e>
1000103a:	f001 f9ad 	bl	10002398 <hard_assertion_failure>
1000103e:	4b07      	ldr	r3, [pc, #28]	@ (1000105c <irq_set_exclusive_handler+0x4c>)
10001040:	689b      	ldr	r3, [r3, #8]
10001042:	511d      	str	r5, [r3, r4]
10001044:	f3bf 8f5f 	dmb	sy
10001048:	f3bf 8f5f 	dmb	sy
1000104c:	2200      	movs	r2, #0
1000104e:	4b02      	ldr	r3, [pc, #8]	@ (10001058 <irq_set_exclusive_handler+0x48>)
10001050:	601a      	str	r2, [r3, #0]
10001052:	f386 8810 	msr	PRIMASK, r6
10001056:	bd70      	pop	{r4, r5, r6, pc}
10001058:	d0000124 	.word	0xd0000124
1000105c:	e000ed00 	.word	0xe000ed00
10001060:	100001c1 	.word	0x100001c1

10001064 <irq_add_shared_handler>:
10001064:	b5f0      	push	{r4, r5, r6, r7, lr}
10001066:	4657      	mov	r7, sl
10001068:	464e      	mov	r6, r9
1000106a:	46de      	mov	lr, fp
1000106c:	4645      	mov	r5, r8
1000106e:	b5e0      	push	{r5, r6, r7, lr}
10001070:	b085      	sub	sp, #20
10001072:	0006      	movs	r6, r0
10001074:	9100      	str	r1, [sp, #0]
10001076:	0017      	movs	r7, r2
10001078:	f3ef 8b10 	mrs	fp, PRIMASK
1000107c:	b672      	cpsid	i
1000107e:	4a6a      	ldr	r2, [pc, #424]	@ (10001228 <irq_add_shared_handler+0x1c4>)
10001080:	6813      	ldr	r3, [r2, #0]
10001082:	2b00      	cmp	r3, #0
10001084:	d0fc      	beq.n	10001080 <irq_add_shared_handler+0x1c>
10001086:	f3bf 8f5f 	dmb	sy
1000108a:	2500      	movs	r5, #0
1000108c:	4b67      	ldr	r3, [pc, #412]	@ (1000122c <irq_add_shared_handler+0x1c8>)
1000108e:	575d      	ldrsb	r5, [r3, r5]
10001090:	469a      	mov	sl, r3
10001092:	2d00      	cmp	r5, #0
10001094:	da00      	bge.n	10001098 <irq_add_shared_handler+0x34>
10001096:	e0a9      	b.n	100011ec <irq_add_shared_handler+0x188>
10001098:	006b      	lsls	r3, r5, #1
1000109a:	4c65      	ldr	r4, [pc, #404]	@ (10001230 <irq_add_shared_handler+0x1cc>)
1000109c:	9301      	str	r3, [sp, #4]
1000109e:	195b      	adds	r3, r3, r5
100010a0:	009b      	lsls	r3, r3, #2
100010a2:	4698      	mov	r8, r3
100010a4:	46a1      	mov	r9, r4
100010a6:	44c1      	add	r9, r8
100010a8:	464b      	mov	r3, r9
100010aa:	4652      	mov	r2, sl
100010ac:	799b      	ldrb	r3, [r3, #6]
100010ae:	3610      	adds	r6, #16
100010b0:	7013      	strb	r3, [r2, #0]
100010b2:	4b60      	ldr	r3, [pc, #384]	@ (10001234 <irq_add_shared_handler+0x1d0>)
100010b4:	00b6      	lsls	r6, r6, #2
100010b6:	689b      	ldr	r3, [r3, #8]
100010b8:	5999      	ldr	r1, [r3, r6]
100010ba:	1b0b      	subs	r3, r1, r4
100010bc:	2b2f      	cmp	r3, #47	@ 0x2f
100010be:	d933      	bls.n	10001128 <irq_add_shared_handler+0xc4>
100010c0:	4b5d      	ldr	r3, [pc, #372]	@ (10001238 <irq_add_shared_handler+0x1d4>)
100010c2:	4299      	cmp	r1, r3
100010c4:	d000      	beq.n	100010c8 <irq_add_shared_handler+0x64>
100010c6:	e0ac      	b.n	10001222 <irq_add_shared_handler+0x1be>
100010c8:	9b01      	ldr	r3, [sp, #4]
100010ca:	4642      	mov	r2, r8
100010cc:	469c      	mov	ip, r3
100010ce:	4b5b      	ldr	r3, [pc, #364]	@ (1000123c <irq_add_shared_handler+0x1d8>)
100010d0:	4465      	add	r5, ip
100010d2:	00ad      	lsls	r5, r5, #2
100010d4:	5363      	strh	r3, [r4, r5]
100010d6:	4b5a      	ldr	r3, [pc, #360]	@ (10001240 <irq_add_shared_handler+0x1dc>)
100010d8:	3202      	adds	r2, #2
100010da:	18a2      	adds	r2, r4, r2
100010dc:	3b04      	subs	r3, #4
100010de:	1a9b      	subs	r3, r3, r2
100010e0:	051b      	lsls	r3, r3, #20
100010e2:	4a58      	ldr	r2, [pc, #352]	@ (10001244 <irq_add_shared_handler+0x1e0>)
100010e4:	0d5b      	lsrs	r3, r3, #21
100010e6:	1965      	adds	r5, r4, r5
100010e8:	4313      	orrs	r3, r2
100010ea:	806b      	strh	r3, [r5, #2]
100010ec:	4b56      	ldr	r3, [pc, #344]	@ (10001248 <irq_add_shared_handler+0x1e4>)
100010ee:	2101      	movs	r1, #1
100010f0:	80ab      	strh	r3, [r5, #4]
100010f2:	23ff      	movs	r3, #255	@ 0xff
100010f4:	71ab      	strb	r3, [r5, #6]
100010f6:	9b00      	ldr	r3, [sp, #0]
100010f8:	71ef      	strb	r7, [r5, #7]
100010fa:	60ab      	str	r3, [r5, #8]
100010fc:	464b      	mov	r3, r9
100010fe:	430b      	orrs	r3, r1
10001100:	0019      	movs	r1, r3
10001102:	4b4c      	ldr	r3, [pc, #304]	@ (10001234 <irq_add_shared_handler+0x1d0>)
10001104:	689b      	ldr	r3, [r3, #8]
10001106:	5199      	str	r1, [r3, r6]
10001108:	f3bf 8f5f 	dmb	sy
1000110c:	f3bf 8f5f 	dmb	sy
10001110:	2200      	movs	r2, #0
10001112:	4b45      	ldr	r3, [pc, #276]	@ (10001228 <irq_add_shared_handler+0x1c4>)
10001114:	601a      	str	r2, [r3, #0]
10001116:	f38b 8810 	msr	PRIMASK, fp
1000111a:	b005      	add	sp, #20
1000111c:	bcf0      	pop	{r4, r5, r6, r7}
1000111e:	46bb      	mov	fp, r7
10001120:	46b2      	mov	sl, r6
10001122:	46a9      	mov	r9, r5
10001124:	46a0      	mov	r8, r4
10001126:	bdf0      	pop	{r4, r5, r6, r7, pc}
10001128:	2001      	movs	r0, #1
1000112a:	000a      	movs	r2, r1
1000112c:	4382      	bics	r2, r0
1000112e:	79d3      	ldrb	r3, [r2, #7]
10001130:	468c      	mov	ip, r1
10001132:	42bb      	cmp	r3, r7
10001134:	d831      	bhi.n	1000119a <irq_add_shared_handler+0x136>
10001136:	4645      	mov	r5, r8
10001138:	0013      	movs	r3, r2
1000113a:	4944      	ldr	r1, [pc, #272]	@ (1000124c <irq_add_shared_handler+0x1e8>)
1000113c:	1b1b      	subs	r3, r3, r4
1000113e:	415b      	adcs	r3, r3
10001140:	4359      	muls	r1, r3
10001142:	0d09      	lsrs	r1, r1, #20
10001144:	4b3d      	ldr	r3, [pc, #244]	@ (1000123c <irq_add_shared_handler+0x1d8>)
10001146:	5363      	strh	r3, [r4, r5]
10001148:	4b3d      	ldr	r3, [pc, #244]	@ (10001240 <irq_add_shared_handler+0x1dc>)
1000114a:	3502      	adds	r5, #2
1000114c:	1965      	adds	r5, r4, r5
1000114e:	3b04      	subs	r3, #4
10001150:	1b5b      	subs	r3, r3, r5
10001152:	051b      	lsls	r3, r3, #20
10001154:	4d3b      	ldr	r5, [pc, #236]	@ (10001244 <irq_add_shared_handler+0x1e0>)
10001156:	0d5b      	lsrs	r3, r3, #21
10001158:	432b      	orrs	r3, r5
1000115a:	46aa      	mov	sl, r5
1000115c:	464d      	mov	r5, r9
1000115e:	806b      	strh	r3, [r5, #2]
10001160:	2504      	movs	r5, #4
10001162:	46ac      	mov	ip, r5
10001164:	4655      	mov	r5, sl
10001166:	44e0      	add	r8, ip
10001168:	1f13      	subs	r3, r2, #4
1000116a:	4444      	add	r4, r8
1000116c:	1b1b      	subs	r3, r3, r4
1000116e:	051b      	lsls	r3, r3, #20
10001170:	0d5b      	lsrs	r3, r3, #21
10001172:	431d      	orrs	r5, r3
10001174:	464b      	mov	r3, r9
10001176:	7199      	strb	r1, [r3, #6]
10001178:	9900      	ldr	r1, [sp, #0]
1000117a:	809d      	strh	r5, [r3, #4]
1000117c:	6099      	str	r1, [r3, #8]
1000117e:	4649      	mov	r1, r9
10001180:	71df      	strb	r7, [r3, #7]
10001182:	4b33      	ldr	r3, [pc, #204]	@ (10001250 <irq_add_shared_handler+0x1ec>)
10001184:	4301      	orrs	r1, r0
10001186:	6013      	str	r3, [r2, #0]
10001188:	e7bb      	b.n	10001102 <irq_add_shared_handler+0x9e>
1000118a:	0058      	lsls	r0, r3, #1
1000118c:	18c0      	adds	r0, r0, r3
1000118e:	0080      	lsls	r0, r0, #2
10001190:	1820      	adds	r0, r4, r0
10001192:	79c1      	ldrb	r1, [r0, #7]
10001194:	42b9      	cmp	r1, r7
10001196:	d92f      	bls.n	100011f8 <irq_add_shared_handler+0x194>
10001198:	0002      	movs	r2, r0
1000119a:	2306      	movs	r3, #6
1000119c:	56d3      	ldrsb	r3, [r2, r3]
1000119e:	2b00      	cmp	r3, #0
100011a0:	daf3      	bge.n	1000118a <irq_add_shared_handler+0x126>
100011a2:	9302      	str	r3, [sp, #8]
100011a4:	4b2b      	ldr	r3, [pc, #172]	@ (10001254 <irq_add_shared_handler+0x1f0>)
100011a6:	4661      	mov	r1, ip
100011a8:	9303      	str	r3, [sp, #12]
100011aa:	1d13      	adds	r3, r2, #4
100011ac:	469a      	mov	sl, r3
100011ae:	2304      	movs	r3, #4
100011b0:	425b      	negs	r3, r3
100011b2:	469c      	mov	ip, r3
100011b4:	44e1      	add	r9, ip
100011b6:	4650      	mov	r0, sl
100011b8:	464b      	mov	r3, r9
100011ba:	1a1b      	subs	r3, r3, r0
100011bc:	051b      	lsls	r3, r3, #20
100011be:	0d5b      	lsrs	r3, r3, #21
100011c0:	469c      	mov	ip, r3
100011c2:	4b20      	ldr	r3, [pc, #128]	@ (10001244 <irq_add_shared_handler+0x1e0>)
100011c4:	7195      	strb	r5, [r2, #6]
100011c6:	4698      	mov	r8, r3
100011c8:	4663      	mov	r3, ip
100011ca:	4640      	mov	r0, r8
100011cc:	4303      	orrs	r3, r0
100011ce:	8093      	strh	r3, [r2, #4]
100011d0:	9b01      	ldr	r3, [sp, #4]
100011d2:	195a      	adds	r2, r3, r5
100011d4:	0092      	lsls	r2, r2, #2
100011d6:	9b03      	ldr	r3, [sp, #12]
100011d8:	18a4      	adds	r4, r4, r2
100011da:	80a3      	strh	r3, [r4, #4]
100011dc:	9b02      	ldr	r3, [sp, #8]
100011de:	4a1c      	ldr	r2, [pc, #112]	@ (10001250 <irq_add_shared_handler+0x1ec>)
100011e0:	71a3      	strb	r3, [r4, #6]
100011e2:	9b00      	ldr	r3, [sp, #0]
100011e4:	6022      	str	r2, [r4, #0]
100011e6:	71e7      	strb	r7, [r4, #7]
100011e8:	60a3      	str	r3, [r4, #8]
100011ea:	e78a      	b.n	10001102 <irq_add_shared_handler+0x9e>
100011ec:	f001 f8d4 	bl	10002398 <hard_assertion_failure>
100011f0:	2500      	movs	r5, #0
100011f2:	4653      	mov	r3, sl
100011f4:	575d      	ldrsb	r5, [r3, r5]
100011f6:	e74f      	b.n	10001098 <irq_add_shared_handler+0x34>
100011f8:	8890      	ldrh	r0, [r2, #4]
100011fa:	9302      	str	r3, [sp, #8]
100011fc:	0540      	lsls	r0, r0, #21
100011fe:	1d13      	adds	r3, r2, #4
10001200:	469a      	mov	sl, r3
10001202:	1503      	asrs	r3, r0, #20
10001204:	4661      	mov	r1, ip
10001206:	469c      	mov	ip, r3
10001208:	4640      	mov	r0, r8
1000120a:	44d4      	add	ip, sl
1000120c:	4663      	mov	r3, ip
1000120e:	3004      	adds	r0, #4
10001210:	1820      	adds	r0, r4, r0
10001212:	1a18      	subs	r0, r3, r0
10001214:	23e0      	movs	r3, #224	@ 0xe0
10001216:	0500      	lsls	r0, r0, #20
10001218:	0d40      	lsrs	r0, r0, #21
1000121a:	021b      	lsls	r3, r3, #8
1000121c:	4318      	orrs	r0, r3
1000121e:	9003      	str	r0, [sp, #12]
10001220:	e7c5      	b.n	100011ae <irq_add_shared_handler+0x14a>
10001222:	f001 f8b9 	bl	10002398 <hard_assertion_failure>
10001226:	e74f      	b.n	100010c8 <irq_add_shared_handler+0x64>
10001228:	d0000124 	.word	0xd0000124
1000122c:	20004cf9 	.word	0x20004cf9
10001230:	20001034 	.word	0x20001034
10001234:	e000ed00 	.word	0xe000ed00
10001238:	100001c1 	.word	0x100001c1
1000123c:	ffffa100 	.word	0xffffa100
10001240:	20001064 	.word	0x20001064
10001244:	ffffe000 	.word	0xffffe000
10001248:	ffffbd01 	.word	0xffffbd01
1000124c:	0000aaaa 	.word	0x0000aaaa
10001250:	47804801 	.word	0x47804801
10001254:	0000bd01 	.word	0x0000bd01

10001258 <irq_remove_handler>:
10001258:	b5f0      	push	{r4, r5, r6, r7, lr}
1000125a:	46de      	mov	lr, fp
1000125c:	4657      	mov	r7, sl
1000125e:	464e      	mov	r6, r9
10001260:	4645      	mov	r5, r8
10001262:	b5e0      	push	{r5, r6, r7, lr}
10001264:	000c      	movs	r4, r1
10001266:	b083      	sub	sp, #12
10001268:	f3ef 8810 	mrs	r8, PRIMASK
1000126c:	b672      	cpsid	i
1000126e:	4a63      	ldr	r2, [pc, #396]	@ (100013fc <irq_remove_handler+0x1a4>)
10001270:	6813      	ldr	r3, [r2, #0]
10001272:	2b00      	cmp	r3, #0
10001274:	d0fc      	beq.n	10001270 <irq_remove_handler+0x18>
10001276:	f3bf 8f5f 	dmb	sy
1000127a:	4b61      	ldr	r3, [pc, #388]	@ (10001400 <irq_remove_handler+0x1a8>)
1000127c:	4961      	ldr	r1, [pc, #388]	@ (10001404 <irq_remove_handler+0x1ac>)
1000127e:	689a      	ldr	r2, [r3, #8]
10001280:	0003      	movs	r3, r0
10001282:	3310      	adds	r3, #16
10001284:	009f      	lsls	r7, r3, #2
10001286:	59d5      	ldr	r5, [r2, r7]
10001288:	9301      	str	r3, [sp, #4]
1000128a:	428d      	cmp	r5, r1
1000128c:	d043      	beq.n	10001316 <irq_remove_handler+0xbe>
1000128e:	42a5      	cmp	r5, r4
10001290:	d054      	beq.n	1000133c <irq_remove_handler+0xe4>
10001292:	4e5d      	ldr	r6, [pc, #372]	@ (10001408 <irq_remove_handler+0x1b0>)
10001294:	1baa      	subs	r2, r5, r6
10001296:	2a2f      	cmp	r2, #47	@ 0x2f
10001298:	d83d      	bhi.n	10001316 <irq_remove_handler+0xbe>
1000129a:	4b5c      	ldr	r3, [pc, #368]	@ (1000140c <irq_remove_handler+0x1b4>)
1000129c:	469b      	mov	fp, r3
1000129e:	681b      	ldr	r3, [r3, #0]
100012a0:	4699      	mov	r9, r3
100012a2:	2301      	movs	r3, #1
100012a4:	001a      	movs	r2, r3
100012a6:	469c      	mov	ip, r3
100012a8:	4082      	lsls	r2, r0
100012aa:	464b      	mov	r3, r9
100012ac:	4013      	ands	r3, r2
100012ae:	221f      	movs	r2, #31
100012b0:	4699      	mov	r9, r3
100012b2:	4663      	mov	r3, ip
100012b4:	4002      	ands	r2, r0
100012b6:	4093      	lsls	r3, r2
100012b8:	469a      	mov	sl, r3
100012ba:	2280      	movs	r2, #128	@ 0x80
100012bc:	465b      	mov	r3, fp
100012be:	4650      	mov	r0, sl
100012c0:	5098      	str	r0, [r3, r2]
100012c2:	f3bf 8f5f 	dmb	sy
100012c6:	f3ef 8305 	mrs	r3, IPSR
100012ca:	469b      	mov	fp, r3
100012cc:	2b00      	cmp	r3, #0
100012ce:	d037      	beq.n	10001340 <irq_remove_handler+0xe8>
100012d0:	9b01      	ldr	r3, [sp, #4]
100012d2:	455b      	cmp	r3, fp
100012d4:	d001      	beq.n	100012da <irq_remove_handler+0x82>
100012d6:	f001 f85f 	bl	10002398 <hard_assertion_failure>
100012da:	2301      	movs	r3, #1
100012dc:	002a      	movs	r2, r5
100012de:	439a      	bics	r2, r3
100012e0:	6890      	ldr	r0, [r2, #8]
100012e2:	4284      	cmp	r4, r0
100012e4:	d108      	bne.n	100012f8 <irq_remove_handler+0xa0>
100012e6:	e076      	b.n	100013d6 <irq_remove_handler+0x17e>
100012e8:	004b      	lsls	r3, r1, #1
100012ea:	185b      	adds	r3, r3, r1
100012ec:	009b      	lsls	r3, r3, #2
100012ee:	18f3      	adds	r3, r6, r3
100012f0:	6898      	ldr	r0, [r3, #8]
100012f2:	4284      	cmp	r4, r0
100012f4:	d036      	beq.n	10001364 <irq_remove_handler+0x10c>
100012f6:	001a      	movs	r2, r3
100012f8:	2106      	movs	r1, #6
100012fa:	5651      	ldrsb	r1, [r2, r1]
100012fc:	2900      	cmp	r1, #0
100012fe:	daf3      	bge.n	100012e8 <irq_remove_handler+0x90>
10001300:	4284      	cmp	r4, r0
10001302:	d054      	beq.n	100013ae <irq_remove_handler+0x156>
10001304:	464b      	mov	r3, r9
10001306:	2b00      	cmp	r3, #0
10001308:	d027      	beq.n	1000135a <irq_remove_handler+0x102>
1000130a:	22c0      	movs	r2, #192	@ 0xc0
1000130c:	4651      	mov	r1, sl
1000130e:	4b3f      	ldr	r3, [pc, #252]	@ (1000140c <irq_remove_handler+0x1b4>)
10001310:	0052      	lsls	r2, r2, #1
10001312:	5099      	str	r1, [r3, r2]
10001314:	6019      	str	r1, [r3, #0]
10001316:	4b3a      	ldr	r3, [pc, #232]	@ (10001400 <irq_remove_handler+0x1a8>)
10001318:	689b      	ldr	r3, [r3, #8]
1000131a:	51dd      	str	r5, [r3, r7]
1000131c:	f3bf 8f5f 	dmb	sy
10001320:	f3bf 8f5f 	dmb	sy
10001324:	2200      	movs	r2, #0
10001326:	4b35      	ldr	r3, [pc, #212]	@ (100013fc <irq_remove_handler+0x1a4>)
10001328:	601a      	str	r2, [r3, #0]
1000132a:	f388 8810 	msr	PRIMASK, r8
1000132e:	b003      	add	sp, #12
10001330:	bcf0      	pop	{r4, r5, r6, r7}
10001332:	46bb      	mov	fp, r7
10001334:	46b2      	mov	sl, r6
10001336:	46a9      	mov	r9, r5
10001338:	46a0      	mov	r8, r4
1000133a:	bdf0      	pop	{r4, r5, r6, r7, pc}
1000133c:	000d      	movs	r5, r1
1000133e:	e7ea      	b.n	10001316 <irq_remove_handler+0xbe>
10001340:	002a      	movs	r2, r5
10001342:	4663      	mov	r3, ip
10001344:	439a      	bics	r2, r3
10001346:	6890      	ldr	r0, [r2, #8]
10001348:	4284      	cmp	r4, r0
1000134a:	d1d5      	bne.n	100012f8 <irq_remove_handler+0xa0>
1000134c:	2006      	movs	r0, #6
1000134e:	5610      	ldrsb	r0, [r2, r0]
10001350:	0013      	movs	r3, r2
10001352:	2800      	cmp	r0, #0
10001354:	da0a      	bge.n	1000136c <irq_remove_handler+0x114>
10001356:	000d      	movs	r5, r1
10001358:	e031      	b.n	100013be <irq_remove_handler+0x166>
1000135a:	2380      	movs	r3, #128	@ 0x80
1000135c:	4651      	mov	r1, sl
1000135e:	4a2b      	ldr	r2, [pc, #172]	@ (1000140c <irq_remove_handler+0x1b4>)
10001360:	50d1      	str	r1, [r2, r3]
10001362:	e7d8      	b.n	10001316 <irq_remove_handler+0xbe>
10001364:	2006      	movs	r0, #6
10001366:	5618      	ldrsb	r0, [r3, r0]
10001368:	2800      	cmp	r0, #0
1000136a:	db21      	blt.n	100013b0 <irq_remove_handler+0x158>
1000136c:	0042      	lsls	r2, r0, #1
1000136e:	1811      	adds	r1, r2, r0
10001370:	0089      	lsls	r1, r1, #2
10001372:	1874      	adds	r4, r6, r1
10001374:	468b      	mov	fp, r1
10001376:	68a1      	ldr	r1, [r4, #8]
10001378:	6099      	str	r1, [r3, #8]
1000137a:	79e1      	ldrb	r1, [r4, #7]
1000137c:	71d9      	strb	r1, [r3, #7]
1000137e:	2106      	movs	r1, #6
10001380:	5661      	ldrsb	r1, [r4, r1]
10001382:	7199      	strb	r1, [r3, #6]
10001384:	2900      	cmp	r1, #0
10001386:	db24      	blt.n	100013d2 <irq_remove_handler+0x17a>
10001388:	88a4      	ldrh	r4, [r4, #4]
1000138a:	1af1      	subs	r1, r6, r3
1000138c:	0564      	lsls	r4, r4, #21
1000138e:	1524      	asrs	r4, r4, #20
10001390:	445c      	add	r4, fp
10001392:	1909      	adds	r1, r1, r4
10001394:	0509      	lsls	r1, r1, #20
10001396:	4c1e      	ldr	r4, [pc, #120]	@ (10001410 <irq_remove_handler+0x1b8>)
10001398:	0d49      	lsrs	r1, r1, #21
1000139a:	4321      	orrs	r1, r4
1000139c:	8099      	strh	r1, [r3, #4]
1000139e:	1813      	adds	r3, r2, r0
100013a0:	4a1c      	ldr	r2, [pc, #112]	@ (10001414 <irq_remove_handler+0x1bc>)
100013a2:	009b      	lsls	r3, r3, #2
100013a4:	7811      	ldrb	r1, [r2, #0]
100013a6:	18f3      	adds	r3, r6, r3
100013a8:	7199      	strb	r1, [r3, #6]
100013aa:	7010      	strb	r0, [r2, #0]
100013ac:	e7aa      	b.n	10001304 <irq_remove_handler+0xac>
100013ae:	0013      	movs	r3, r2
100013b0:	4659      	mov	r1, fp
100013b2:	2900      	cmp	r1, #0
100013b4:	d114      	bne.n	100013e0 <irq_remove_handler+0x188>
100013b6:	31ff      	adds	r1, #255	@ 0xff
100013b8:	7191      	strb	r1, [r2, #6]
100013ba:	4917      	ldr	r1, [pc, #92]	@ (10001418 <irq_remove_handler+0x1c0>)
100013bc:	8091      	strh	r1, [r2, #4]
100013be:	4915      	ldr	r1, [pc, #84]	@ (10001414 <irq_remove_handler+0x1bc>)
100013c0:	780a      	ldrb	r2, [r1, #0]
100013c2:	719a      	strb	r2, [r3, #6]
100013c4:	4a15      	ldr	r2, [pc, #84]	@ (1000141c <irq_remove_handler+0x1c4>)
100013c6:	1b9b      	subs	r3, r3, r6
100013c8:	415b      	adcs	r3, r3
100013ca:	435a      	muls	r2, r3
100013cc:	0d12      	lsrs	r2, r2, #20
100013ce:	700a      	strb	r2, [r1, #0]
100013d0:	e798      	b.n	10001304 <irq_remove_handler+0xac>
100013d2:	4911      	ldr	r1, [pc, #68]	@ (10001418 <irq_remove_handler+0x1c0>)
100013d4:	e7e2      	b.n	1000139c <irq_remove_handler+0x144>
100013d6:	2006      	movs	r0, #6
100013d8:	5610      	ldrsb	r0, [r2, r0]
100013da:	0013      	movs	r3, r2
100013dc:	2800      	cmp	r0, #0
100013de:	dac5      	bge.n	1000136c <irq_remove_handler+0x114>
100013e0:	4a0f      	ldr	r2, [pc, #60]	@ (10001420 <irq_remove_handler+0x1c8>)
100013e2:	4910      	ldr	r1, [pc, #64]	@ (10001424 <irq_remove_handler+0x1cc>)
100013e4:	1ad2      	subs	r2, r2, r3
100013e6:	3a08      	subs	r2, #8
100013e8:	0250      	lsls	r0, r2, #9
100013ea:	0d40      	lsrs	r0, r0, #21
100013ec:	4301      	orrs	r1, r0
100013ee:	8099      	strh	r1, [r3, #4]
100013f0:	490d      	ldr	r1, [pc, #52]	@ (10001428 <irq_remove_handler+0x1d0>)
100013f2:	0852      	lsrs	r2, r2, #1
100013f4:	430a      	orrs	r2, r1
100013f6:	80da      	strh	r2, [r3, #6]
100013f8:	e784      	b.n	10001304 <irq_remove_handler+0xac>
100013fa:	46c0      	nop			@ (mov r8, r8)
100013fc:	d0000124 	.word	0xd0000124
10001400:	e000ed00 	.word	0xe000ed00
10001404:	100001c1 	.word	0x100001c1
10001408:	20001034 	.word	0x20001034
1000140c:	e000e100 	.word	0xe000e100
10001410:	ffffe000 	.word	0xffffe000
10001414:	20004cf9 	.word	0x20004cf9
10001418:	ffffbd01 	.word	0xffffbd01
1000141c:	0000aaaa 	.word	0x0000aaaa
10001420:	2000106e 	.word	0x2000106e
10001424:	fffff000 	.word	0xfffff000
10001428:	fffff800 	.word	0xfffff800

1000142c <irq_add_tail_to_free_list>:
1000142c:	b570      	push	{r4, r5, r6, lr}
1000142e:	2401      	movs	r4, #1
10001430:	4304      	orrs	r4, r0
10001432:	f3ef 8105 	mrs	r1, IPSR
10001436:	f3ef 8c10 	mrs	ip, PRIMASK
1000143a:	b672      	cpsid	i
1000143c:	4a21      	ldr	r2, [pc, #132]	@ (100014c4 <irq_add_tail_to_free_list+0x98>)
1000143e:	6813      	ldr	r3, [r2, #0]
10001440:	2b00      	cmp	r3, #0
10001442:	d0fc      	beq.n	1000143e <irq_add_tail_to_free_list+0x12>
10001444:	f3bf 8f5f 	dmb	sy
10001448:	4b1f      	ldr	r3, [pc, #124]	@ (100014c8 <irq_add_tail_to_free_list+0x9c>)
1000144a:	0005      	movs	r5, r0
1000144c:	4a1f      	ldr	r2, [pc, #124]	@ (100014cc <irq_add_tail_to_free_list+0xa0>)
1000144e:	1aed      	subs	r5, r5, r3
10001450:	416d      	adcs	r5, r5
10001452:	436a      	muls	r2, r5
10001454:	0d12      	lsrs	r2, r2, #20
10001456:	4d1e      	ldr	r5, [pc, #120]	@ (100014d0 <irq_add_tail_to_free_list+0xa4>)
10001458:	0089      	lsls	r1, r1, #2
1000145a:	68ae      	ldr	r6, [r5, #8]
1000145c:	b252      	sxtb	r2, r2
1000145e:	5876      	ldr	r6, [r6, r1]
10001460:	42a6      	cmp	r6, r4
10001462:	d01c      	beq.n	1000149e <irq_add_tail_to_free_list+0x72>
10001464:	2106      	movs	r1, #6
10001466:	5659      	ldrsb	r1, [r3, r1]
10001468:	4291      	cmp	r1, r2
1000146a:	d01c      	beq.n	100014a6 <irq_add_tail_to_free_list+0x7a>
1000146c:	2112      	movs	r1, #18
1000146e:	5659      	ldrsb	r1, [r3, r1]
10001470:	4291      	cmp	r1, r2
10001472:	d022      	beq.n	100014ba <irq_add_tail_to_free_list+0x8e>
10001474:	211e      	movs	r1, #30
10001476:	5659      	ldrsb	r1, [r3, r1]
10001478:	4291      	cmp	r1, r2
1000147a:	d020      	beq.n	100014be <irq_add_tail_to_free_list+0x92>
1000147c:	212a      	movs	r1, #42	@ 0x2a
1000147e:	5659      	ldrsb	r1, [r3, r1]
10001480:	2403      	movs	r4, #3
10001482:	4291      	cmp	r1, r2
10001484:	d010      	beq.n	100014a8 <irq_add_tail_to_free_list+0x7c>
10001486:	4b13      	ldr	r3, [pc, #76]	@ (100014d4 <irq_add_tail_to_free_list+0xa8>)
10001488:	7819      	ldrb	r1, [r3, #0]
1000148a:	701a      	strb	r2, [r3, #0]
1000148c:	7181      	strb	r1, [r0, #6]
1000148e:	f3bf 8f5f 	dmb	sy
10001492:	2200      	movs	r2, #0
10001494:	4b0b      	ldr	r3, [pc, #44]	@ (100014c4 <irq_add_tail_to_free_list+0x98>)
10001496:	601a      	str	r2, [r3, #0]
10001498:	f38c 8810 	msr	PRIMASK, ip
1000149c:	bd70      	pop	{r4, r5, r6, pc}
1000149e:	68ab      	ldr	r3, [r5, #8]
100014a0:	4c0d      	ldr	r4, [pc, #52]	@ (100014d8 <irq_add_tail_to_free_list+0xac>)
100014a2:	505c      	str	r4, [r3, r1]
100014a4:	e7ef      	b.n	10001486 <irq_add_tail_to_free_list+0x5a>
100014a6:	2400      	movs	r4, #0
100014a8:	0061      	lsls	r1, r4, #1
100014aa:	1909      	adds	r1, r1, r4
100014ac:	0089      	lsls	r1, r1, #2
100014ae:	185b      	adds	r3, r3, r1
100014b0:	21ff      	movs	r1, #255	@ 0xff
100014b2:	7199      	strb	r1, [r3, #6]
100014b4:	4909      	ldr	r1, [pc, #36]	@ (100014dc <irq_add_tail_to_free_list+0xb0>)
100014b6:	8099      	strh	r1, [r3, #4]
100014b8:	e7e5      	b.n	10001486 <irq_add_tail_to_free_list+0x5a>
100014ba:	2401      	movs	r4, #1
100014bc:	e7f4      	b.n	100014a8 <irq_add_tail_to_free_list+0x7c>
100014be:	2402      	movs	r4, #2
100014c0:	e7f2      	b.n	100014a8 <irq_add_tail_to_free_list+0x7c>
100014c2:	46c0      	nop			@ (mov r8, r8)
100014c4:	d0000124 	.word	0xd0000124
100014c8:	20001034 	.word	0x20001034
100014cc:	0000aaaa 	.word	0x0000aaaa
100014d0:	e000ed00 	.word	0xe000ed00
100014d4:	20004cf9 	.word	0x20004cf9
100014d8:	100001c1 	.word	0x100001c1
100014dc:	ffffbd01 	.word	0xffffbd01

100014e0 <user_irq_claim_unused>:
100014e0:	b510      	push	{r4, lr}
100014e2:	4b08      	ldr	r3, [pc, #32]	@ (10001504 <user_irq_claim_unused+0x24>)
100014e4:	4c08      	ldr	r4, [pc, #32]	@ (10001508 <user_irq_claim_unused+0x28>)
100014e6:	b082      	sub	sp, #8
100014e8:	0001      	movs	r1, r0
100014ea:	9300      	str	r3, [sp, #0]
100014ec:	2200      	movs	r2, #0
100014ee:	2305      	movs	r3, #5
100014f0:	0020      	movs	r0, r4
100014f2:	f7ff fcd3 	bl	10000e9c <hw_claim_unused_from_range>
100014f6:	2800      	cmp	r0, #0
100014f8:	db01      	blt.n	100014fe <user_irq_claim_unused+0x1e>
100014fa:	231f      	movs	r3, #31
100014fc:	1a18      	subs	r0, r3, r0
100014fe:	b002      	add	sp, #8
10001500:	bd10      	pop	{r4, pc}
10001502:	46c0      	nop			@ (mov r8, r8)
10001504:	1000b094 	.word	0x1000b094
10001508:	20004cfd 	.word	0x20004cfd

1000150c <lock_init>:
1000150c:	4b02      	ldr	r3, [pc, #8]	@ (10001518 <lock_init+0xc>)
1000150e:	469c      	mov	ip, r3
10001510:	4461      	add	r1, ip
10001512:	0089      	lsls	r1, r1, #2
10001514:	6001      	str	r1, [r0, #0]
10001516:	4770      	bx	lr
10001518:	34000040 	.word	0x34000040

1000151c <runtime_init_mutex>:
1000151c:	b570      	push	{r4, r5, r6, lr}
1000151e:	4c11      	ldr	r4, [pc, #68]	@ (10001564 <runtime_init_mutex+0x48>)
10001520:	4d11      	ldr	r5, [pc, #68]	@ (10001568 <runtime_init_mutex+0x4c>)
10001522:	42ac      	cmp	r4, r5
10001524:	d20f      	bcs.n	10001546 <runtime_init_mutex+0x2a>
10001526:	26ff      	movs	r6, #255	@ 0xff
10001528:	6823      	ldr	r3, [r4, #0]
1000152a:	2b00      	cmp	r3, #0
1000152c:	d00c      	beq.n	10001548 <runtime_init_mutex+0x2c>
1000152e:	f7ff fcf9 	bl	10000f24 <next_striped_spin_lock_num>
10001532:	0001      	movs	r1, r0
10001534:	0020      	movs	r0, r4
10001536:	f7ff ffe9 	bl	1000150c <lock_init>
1000153a:	80a6      	strh	r6, [r4, #4]
1000153c:	f3bf 8f5f 	dmb	sy
10001540:	3408      	adds	r4, #8
10001542:	42ac      	cmp	r4, r5
10001544:	d3f0      	bcc.n	10001528 <runtime_init_mutex+0xc>
10001546:	bd70      	pop	{r4, r5, r6, pc}
10001548:	f7ff fcec 	bl	10000f24 <next_striped_spin_lock_num>
1000154c:	0001      	movs	r1, r0
1000154e:	0020      	movs	r0, r4
10001550:	f7ff ffdc 	bl	1000150c <lock_init>
10001554:	7126      	strb	r6, [r4, #4]
10001556:	f3bf 8f5f 	dmb	sy
1000155a:	3408      	adds	r4, #8
1000155c:	42ac      	cmp	r4, r5
1000155e:	d3e3      	bcc.n	10001528 <runtime_init_mutex+0xc>
10001560:	e7f1      	b.n	10001546 <runtime_init_mutex+0x2a>
10001562:	46c0      	nop			@ (mov r8, r8)
10001564:	200017d8 	.word	0x200017d8
10001568:	200017e0 	.word	0x200017e0

1000156c <mutex_init>:
1000156c:	b510      	push	{r4, lr}
1000156e:	0004      	movs	r4, r0
10001570:	f7ff fcd8 	bl	10000f24 <next_striped_spin_lock_num>
10001574:	0001      	movs	r1, r0
10001576:	0020      	movs	r0, r4
10001578:	f7ff ffc8 	bl	1000150c <lock_init>
1000157c:	23ff      	movs	r3, #255	@ 0xff
1000157e:	7123      	strb	r3, [r4, #4]
10001580:	f3bf 8f5f 	dmb	sy
10001584:	bd10      	pop	{r4, pc}
10001586:	46c0      	nop			@ (mov r8, r8)

10001588 <critical_section_init>:
10001588:	b510      	push	{r4, lr}
1000158a:	0004      	movs	r4, r0
1000158c:	2001      	movs	r0, #1
1000158e:	f7ff fcd5 	bl	10000f3c <spin_lock_claim_unused>
10001592:	4b03      	ldr	r3, [pc, #12]	@ (100015a0 <critical_section_init+0x18>)
10001594:	18c3      	adds	r3, r0, r3
10001596:	009b      	lsls	r3, r3, #2
10001598:	6023      	str	r3, [r4, #0]
1000159a:	f3bf 8f5f 	dmb	sy
1000159e:	bd10      	pop	{r4, pc}
100015a0:	34000040 	.word	0x34000040

100015a4 <critical_section_init_with_lock_num>:
100015a4:	4b03      	ldr	r3, [pc, #12]	@ (100015b4 <critical_section_init_with_lock_num+0x10>)
100015a6:	469c      	mov	ip, r3
100015a8:	4461      	add	r1, ip
100015aa:	0089      	lsls	r1, r1, #2
100015ac:	6001      	str	r1, [r0, #0]
100015ae:	f3bf 8f5f 	dmb	sy
100015b2:	4770      	bx	lr
100015b4:	34000040 	.word	0x34000040

100015b8 <sleep_until_callback>:
100015b8:	4b0a      	ldr	r3, [pc, #40]	@ (100015e4 <sleep_until_callback+0x2c>)
100015ba:	6819      	ldr	r1, [r3, #0]
100015bc:	f3ef 8010 	mrs	r0, PRIMASK
100015c0:	b672      	cpsid	i
100015c2:	680a      	ldr	r2, [r1, #0]
100015c4:	2a00      	cmp	r2, #0
100015c6:	d0fc      	beq.n	100015c2 <sleep_until_callback+0xa>
100015c8:	f3bf 8f5f 	dmb	sy
100015cc:	681b      	ldr	r3, [r3, #0]
100015ce:	f3bf 8f5f 	dmb	sy
100015d2:	2200      	movs	r2, #0
100015d4:	601a      	str	r2, [r3, #0]
100015d6:	f380 8810 	msr	PRIMASK, r0
100015da:	bf40      	sev
100015dc:	2000      	movs	r0, #0
100015de:	2100      	movs	r1, #0
100015e0:	4770      	bx	lr
100015e2:	46c0      	nop			@ (mov r8, r8)
100015e4:	20004cd0 	.word	0x20004cd0

100015e8 <alarm_pool_irq_handler>:
100015e8:	b5f0      	push	{r4, r5, r6, r7, lr}
100015ea:	46de      	mov	lr, fp
100015ec:	4657      	mov	r7, sl
100015ee:	464e      	mov	r6, r9
100015f0:	4645      	mov	r5, r8
100015f2:	b5e0      	push	{r5, r6, r7, lr}
100015f4:	b087      	sub	sp, #28
100015f6:	f3ef 8305 	mrs	r3, IPSR
100015fa:	2203      	movs	r2, #3
100015fc:	2501      	movs	r5, #1
100015fe:	401a      	ands	r2, r3
10001600:	4095      	lsls	r5, r2
10001602:	0091      	lsls	r1, r2, #2
10001604:	4688      	mov	r8, r1
10001606:	46a9      	mov	r9, r5
10001608:	4bb3      	ldr	r3, [pc, #716]	@ (100018d8 <alarm_pool_irq_handler+0x2f0>)
1000160a:	9203      	str	r2, [sp, #12]
1000160c:	585c      	ldr	r4, [r3, r1]
1000160e:	4bb3      	ldr	r3, [pc, #716]	@ (100018dc <alarm_pool_irq_handler+0x2f4>)
10001610:	601d      	str	r5, [r3, #0]
10001612:	4bb3      	ldr	r3, [pc, #716]	@ (100018e0 <alarm_pool_irq_handler+0x2f8>)
10001614:	9304      	str	r3, [sp, #16]
10001616:	464b      	mov	r3, r9
10001618:	48b2      	ldr	r0, [pc, #712]	@ (100018e4 <alarm_pool_irq_handler+0x2fc>)
1000161a:	6343      	str	r3, [r0, #52]	@ 0x34
1000161c:	2308      	movs	r3, #8
1000161e:	5ee5      	ldrsh	r5, [r4, r3]
10001620:	2d00      	cmp	r5, #0
10001622:	da37      	bge.n	10001694 <alarm_pool_irq_handler+0xac>
10001624:	88a3      	ldrh	r3, [r4, #4]
10001626:	b21b      	sxth	r3, r3
10001628:	2b00      	cmp	r3, #0
1000162a:	db00      	blt.n	1000162e <alarm_pool_irq_handler+0x46>
1000162c:	e0ad      	b.n	1000178a <alarm_pool_irq_handler+0x1a2>
1000162e:	79a3      	ldrb	r3, [r4, #6]
10001630:	2b00      	cmp	r3, #0
10001632:	d000      	beq.n	10001636 <alarm_pool_irq_handler+0x4e>
10001634:	e0ee      	b.n	10001814 <alarm_pool_irq_handler+0x22c>
10001636:	2308      	movs	r3, #8
10001638:	5ee0      	ldrsh	r0, [r4, r3]
1000163a:	2800      	cmp	r0, #0
1000163c:	db20      	blt.n	10001680 <alarm_pool_irq_handler+0x98>
1000163e:	0043      	lsls	r3, r0, #1
10001640:	6962      	ldr	r2, [r4, #20]
10001642:	181b      	adds	r3, r3, r0
10001644:	00db      	lsls	r3, r3, #3
10001646:	18d3      	adds	r3, r2, r3
10001648:	689e      	ldr	r6, [r3, #8]
1000164a:	68dd      	ldr	r5, [r3, #12]
1000164c:	1c73      	adds	r3, r6, #1
1000164e:	d100      	bne.n	10001652 <alarm_pool_irq_handler+0x6a>
10001650:	e111      	b.n	10001876 <alarm_pool_irq_handler+0x28e>
10001652:	48a4      	ldr	r0, [pc, #656]	@ (100018e4 <alarm_pool_irq_handler+0x2fc>)
10001654:	0001      	movs	r1, r0
10001656:	4441      	add	r1, r8
10001658:	6a82      	ldr	r2, [r0, #40]	@ 0x28
1000165a:	690b      	ldr	r3, [r1, #16]
1000165c:	1ab7      	subs	r7, r6, r2
1000165e:	1a9b      	subs	r3, r3, r2
10001660:	429f      	cmp	r7, r3
10001662:	d315      	bcc.n	10001690 <alarm_pool_irq_handler+0xa8>
10001664:	2301      	movs	r3, #1
10001666:	6a02      	ldr	r2, [r0, #32]
10001668:	9803      	ldr	r0, [sp, #12]
1000166a:	4083      	lsls	r3, r0
1000166c:	421a      	tst	r2, r3
1000166e:	d00f      	beq.n	10001690 <alarm_pool_irq_handler+0xa8>
10001670:	489c      	ldr	r0, [pc, #624]	@ (100018e4 <alarm_pool_irq_handler+0x2fc>)
10001672:	f000 fbb5 	bl	10001de0 <timer_time_us_64>
10001676:	428d      	cmp	r5, r1
10001678:	dc02      	bgt.n	10001680 <alarm_pool_irq_handler+0x98>
1000167a:	d1cc      	bne.n	10001616 <alarm_pool_irq_handler+0x2e>
1000167c:	4286      	cmp	r6, r0
1000167e:	d9ca      	bls.n	10001616 <alarm_pool_irq_handler+0x2e>
10001680:	bf40      	sev
10001682:	b007      	add	sp, #28
10001684:	bcf0      	pop	{r4, r5, r6, r7}
10001686:	46bb      	mov	fp, r7
10001688:	46b2      	mov	sl, r6
1000168a:	46a9      	mov	r9, r5
1000168c:	46a0      	mov	r8, r4
1000168e:	bdf0      	pop	{r4, r5, r6, r7, pc}
10001690:	610e      	str	r6, [r1, #16]
10001692:	e7ed      	b.n	10001670 <alarm_pool_irq_handler+0x88>
10001694:	6962      	ldr	r2, [r4, #20]
10001696:	006b      	lsls	r3, r5, #1
10001698:	4692      	mov	sl, r2
1000169a:	195b      	adds	r3, r3, r5
1000169c:	00db      	lsls	r3, r3, #3
1000169e:	449a      	add	sl, r3
100016a0:	4653      	mov	r3, sl
100016a2:	689e      	ldr	r6, [r3, #8]
100016a4:	68df      	ldr	r7, [r3, #12]
100016a6:	f000 fb9b 	bl	10001de0 <timer_time_us_64>
100016aa:	428f      	cmp	r7, r1
100016ac:	dcba      	bgt.n	10001624 <alarm_pool_irq_handler+0x3c>
100016ae:	d100      	bne.n	100016b2 <alarm_pool_irq_handler+0xca>
100016b0:	e103      	b.n	100018ba <alarm_pool_irq_handler+0x2d2>
100016b2:	2f00      	cmp	r7, #0
100016b4:	da00      	bge.n	100016b8 <alarm_pool_irq_handler+0xd0>
100016b6:	e0e8      	b.n	1000188a <alarm_pool_irq_handler+0x2a2>
100016b8:	4652      	mov	r2, sl
100016ba:	4653      	mov	r3, sl
100016bc:	6952      	ldr	r2, [r2, #20]
100016be:	691b      	ldr	r3, [r3, #16]
100016c0:	4693      	mov	fp, r2
100016c2:	9a04      	ldr	r2, [sp, #16]
100016c4:	4293      	cmp	r3, r2
100016c6:	d100      	bne.n	100016ca <alarm_pool_irq_handler+0xe2>
100016c8:	e0d9      	b.n	1000187e <alarm_pool_irq_handler+0x296>
100016ca:	4652      	mov	r2, sl
100016cc:	2108      	movs	r1, #8
100016ce:	5e60      	ldrsh	r0, [r4, r1]
100016d0:	8852      	ldrh	r2, [r2, #2]
100016d2:	0400      	lsls	r0, r0, #16
100016d4:	4659      	mov	r1, fp
100016d6:	4310      	orrs	r0, r2
100016d8:	4798      	blx	r3
100016da:	9000      	str	r0, [sp, #0]
100016dc:	9101      	str	r1, [sp, #4]
100016de:	9900      	ldr	r1, [sp, #0]
100016e0:	9a01      	ldr	r2, [sp, #4]
100016e2:	000b      	movs	r3, r1
100016e4:	0010      	movs	r0, r2
100016e6:	4313      	orrs	r3, r2
100016e8:	d100      	bne.n	100016ec <alarm_pool_irq_handler+0x104>
100016ea:	e0ce      	b.n	1000188a <alarm_pool_irq_handler+0x2a2>
100016ec:	0013      	movs	r3, r2
100016ee:	000a      	movs	r2, r1
100016f0:	1ab6      	subs	r6, r6, r2
100016f2:	419f      	sbcs	r7, r3
100016f4:	2800      	cmp	r0, #0
100016f6:	db06      	blt.n	10001706 <alarm_pool_irq_handler+0x11e>
100016f8:	487a      	ldr	r0, [pc, #488]	@ (100018e4 <alarm_pool_irq_handler+0x2fc>)
100016fa:	f000 fb71 	bl	10001de0 <timer_time_us_64>
100016fe:	9e00      	ldr	r6, [sp, #0]
10001700:	9f01      	ldr	r7, [sp, #4]
10001702:	1836      	adds	r6, r6, r0
10001704:	414f      	adcs	r7, r1
10001706:	4653      	mov	r3, sl
10001708:	609e      	str	r6, [r3, #8]
1000170a:	60df      	str	r7, [r3, #12]
1000170c:	2200      	movs	r2, #0
1000170e:	5e9a      	ldrsh	r2, [r3, r2]
10001710:	2a00      	cmp	r2, #0
10001712:	da00      	bge.n	10001716 <alarm_pool_irq_handler+0x12e>
10001714:	e786      	b.n	10001624 <alarm_pool_irq_handler+0x3c>
10001716:	0053      	lsls	r3, r2, #1
10001718:	1899      	adds	r1, r3, r2
1000171a:	6960      	ldr	r0, [r4, #20]
1000171c:	00c9      	lsls	r1, r1, #3
1000171e:	1841      	adds	r1, r0, r1
10001720:	9302      	str	r3, [sp, #8]
10001722:	688b      	ldr	r3, [r1, #8]
10001724:	68c9      	ldr	r1, [r1, #12]
10001726:	469b      	mov	fp, r3
10001728:	42b9      	cmp	r1, r7
1000172a:	dd00      	ble.n	1000172e <alarm_pool_irq_handler+0x146>
1000172c:	e77a      	b.n	10001624 <alarm_pool_irq_handler+0x3c>
1000172e:	d102      	bne.n	10001736 <alarm_pool_irq_handler+0x14e>
10001730:	42b3      	cmp	r3, r6
10001732:	d900      	bls.n	10001736 <alarm_pool_irq_handler+0x14e>
10001734:	e776      	b.n	10001624 <alarm_pool_irq_handler+0x3c>
10001736:	2308      	movs	r3, #8
10001738:	469c      	mov	ip, r3
1000173a:	44a4      	add	ip, r4
1000173c:	9505      	str	r5, [sp, #20]
1000173e:	4665      	mov	r5, ip
10001740:	8122      	strh	r2, [r4, #8]
10001742:	46a4      	mov	ip, r4
10001744:	9b02      	ldr	r3, [sp, #8]
10001746:	002c      	movs	r4, r5
10001748:	e006      	b.n	10001758 <alarm_pool_irq_handler+0x170>
1000174a:	0053      	lsls	r3, r2, #1
1000174c:	1899      	adds	r1, r3, r2
1000174e:	00c9      	lsls	r1, r1, #3
10001750:	1841      	adds	r1, r0, r1
10001752:	688d      	ldr	r5, [r1, #8]
10001754:	68c9      	ldr	r1, [r1, #12]
10001756:	46ab      	mov	fp, r5
10001758:	189b      	adds	r3, r3, r2
1000175a:	00db      	lsls	r3, r3, #3
1000175c:	18c3      	adds	r3, r0, r3
1000175e:	42b9      	cmp	r1, r7
10001760:	dc06      	bgt.n	10001770 <alarm_pool_irq_handler+0x188>
10001762:	d100      	bne.n	10001766 <alarm_pool_irq_handler+0x17e>
10001764:	e0b3      	b.n	100018ce <alarm_pool_irq_handler+0x2e6>
10001766:	001c      	movs	r4, r3
10001768:	2300      	movs	r3, #0
1000176a:	5ee2      	ldrsh	r2, [r4, r3]
1000176c:	2a00      	cmp	r2, #0
1000176e:	daec      	bge.n	1000174a <alarm_pool_irq_handler+0x162>
10001770:	0023      	movs	r3, r4
10001772:	4664      	mov	r4, ip
10001774:	469c      	mov	ip, r3
10001776:	4653      	mov	r3, sl
10001778:	801a      	strh	r2, [r3, #0]
1000177a:	4663      	mov	r3, ip
1000177c:	9d05      	ldr	r5, [sp, #20]
1000177e:	801d      	strh	r5, [r3, #0]
10001780:	88a3      	ldrh	r3, [r4, #4]
10001782:	b21b      	sxth	r3, r3
10001784:	2b00      	cmp	r3, #0
10001786:	da00      	bge.n	1000178a <alarm_pool_irq_handler+0x1a2>
10001788:	e751      	b.n	1000162e <alarm_pool_irq_handler+0x46>
1000178a:	6922      	ldr	r2, [r4, #16]
1000178c:	f3ef 8110 	mrs	r1, PRIMASK
10001790:	b672      	cpsid	i
10001792:	6813      	ldr	r3, [r2, #0]
10001794:	2b00      	cmp	r3, #0
10001796:	d0fc      	beq.n	10001792 <alarm_pool_irq_handler+0x1aa>
10001798:	f3bf 8f5f 	dmb	sy
1000179c:	2301      	movs	r3, #1
1000179e:	88a7      	ldrh	r7, [r4, #4]
100017a0:	425b      	negs	r3, r3
100017a2:	80a3      	strh	r3, [r4, #4]
100017a4:	b23f      	sxth	r7, r7
100017a6:	6923      	ldr	r3, [r4, #16]
100017a8:	f3bf 8f5f 	dmb	sy
100017ac:	2200      	movs	r2, #0
100017ae:	601a      	str	r2, [r3, #0]
100017b0:	f381 8810 	msr	PRIMASK, r1
100017b4:	2f00      	cmp	r7, #0
100017b6:	da00      	bge.n	100017ba <alarm_pool_irq_handler+0x1d2>
100017b8:	e739      	b.n	1000162e <alarm_pool_irq_handler+0x46>
100017ba:	0023      	movs	r3, r4
100017bc:	3308      	adds	r3, #8
100017be:	0022      	movs	r2, r4
100017c0:	469a      	mov	sl, r3
100017c2:	6966      	ldr	r6, [r4, #20]
100017c4:	007b      	lsls	r3, r7, #1
100017c6:	19db      	adds	r3, r3, r7
100017c8:	00db      	lsls	r3, r3, #3
100017ca:	18f3      	adds	r3, r6, r3
100017cc:	6899      	ldr	r1, [r3, #8]
100017ce:	4650      	mov	r0, sl
100017d0:	468c      	mov	ip, r1
100017d2:	2408      	movs	r4, #8
100017d4:	5f11      	ldrsh	r1, [r2, r4]
100017d6:	68dd      	ldr	r5, [r3, #12]
100017d8:	2900      	cmp	r1, #0
100017da:	db10      	blt.n	100017fe <alarm_pool_irq_handler+0x216>
100017dc:	9302      	str	r3, [sp, #8]
100017de:	e006      	b.n	100017ee <alarm_pool_irq_handler+0x206>
100017e0:	42ab      	cmp	r3, r5
100017e2:	d044      	beq.n	1000186e <alarm_pool_irq_handler+0x286>
100017e4:	2300      	movs	r3, #0
100017e6:	5ee1      	ldrsh	r1, [r4, r3]
100017e8:	0020      	movs	r0, r4
100017ea:	2900      	cmp	r1, #0
100017ec:	db06      	blt.n	100017fc <alarm_pool_irq_handler+0x214>
100017ee:	004c      	lsls	r4, r1, #1
100017f0:	1864      	adds	r4, r4, r1
100017f2:	00e4      	lsls	r4, r4, #3
100017f4:	1934      	adds	r4, r6, r4
100017f6:	68e3      	ldr	r3, [r4, #12]
100017f8:	42ab      	cmp	r3, r5
100017fa:	ddf1      	ble.n	100017e0 <alarm_pool_irq_handler+0x1f8>
100017fc:	9b02      	ldr	r3, [sp, #8]
100017fe:	8007      	strh	r7, [r0, #0]
10001800:	2000      	movs	r0, #0
10001802:	5e1f      	ldrsh	r7, [r3, r0]
10001804:	8019      	strh	r1, [r3, #0]
10001806:	2f00      	cmp	r7, #0
10001808:	dadc      	bge.n	100017c4 <alarm_pool_irq_handler+0x1dc>
1000180a:	0014      	movs	r4, r2
1000180c:	79a3      	ldrb	r3, [r4, #6]
1000180e:	2b00      	cmp	r3, #0
10001810:	d100      	bne.n	10001814 <alarm_pool_irq_handler+0x22c>
10001812:	e710      	b.n	10001636 <alarm_pool_irq_handler+0x4e>
10001814:	2300      	movs	r3, #0
10001816:	71a3      	strb	r3, [r4, #6]
10001818:	0026      	movs	r6, r4
1000181a:	2308      	movs	r3, #8
1000181c:	5ee1      	ldrsh	r1, [r4, r3]
1000181e:	3608      	adds	r6, #8
10001820:	1c4b      	adds	r3, r1, #1
10001822:	d100      	bne.n	10001826 <alarm_pool_irq_handler+0x23e>
10001824:	e72c      	b.n	10001680 <alarm_pool_irq_handler+0x98>
10001826:	0008      	movs	r0, r1
10001828:	46a2      	mov	sl, r4
1000182a:	6965      	ldr	r5, [r4, #20]
1000182c:	e002      	b.n	10001834 <alarm_pool_irq_handler+0x24c>
1000182e:	003e      	movs	r6, r7
10001830:	1c4b      	adds	r3, r1, #1
10001832:	d01a      	beq.n	1000186a <alarm_pool_irq_handler+0x282>
10001834:	004b      	lsls	r3, r1, #1
10001836:	185b      	adds	r3, r3, r1
10001838:	00db      	lsls	r3, r3, #3
1000183a:	18ef      	adds	r7, r5, r3
1000183c:	000a      	movs	r2, r1
1000183e:	468c      	mov	ip, r1
10001840:	5ee9      	ldrsh	r1, [r5, r3]
10001842:	887b      	ldrh	r3, [r7, #2]
10001844:	b21b      	sxth	r3, r3
10001846:	2b00      	cmp	r3, #0
10001848:	daf1      	bge.n	1000182e <alarm_pool_irq_handler+0x246>
1000184a:	2301      	movs	r3, #1
1000184c:	425b      	negs	r3, r3
1000184e:	17dc      	asrs	r4, r3, #31
10001850:	60bb      	str	r3, [r7, #8]
10001852:	60fc      	str	r4, [r7, #12]
10001854:	4282      	cmp	r2, r0
10001856:	d005      	beq.n	10001864 <alarm_pool_irq_handler+0x27c>
10001858:	4653      	mov	r3, sl
1000185a:	8031      	strh	r1, [r6, #0]
1000185c:	891b      	ldrh	r3, [r3, #8]
1000185e:	803b      	strh	r3, [r7, #0]
10001860:	4653      	mov	r3, sl
10001862:	811a      	strh	r2, [r3, #8]
10001864:	4660      	mov	r0, ip
10001866:	1c4b      	adds	r3, r1, #1
10001868:	d1e4      	bne.n	10001834 <alarm_pool_irq_handler+0x24c>
1000186a:	4654      	mov	r4, sl
1000186c:	e6e5      	b.n	1000163a <alarm_pool_irq_handler+0x52>
1000186e:	68a3      	ldr	r3, [r4, #8]
10001870:	4563      	cmp	r3, ip
10001872:	d9b7      	bls.n	100017e4 <alarm_pool_irq_handler+0x1fc>
10001874:	e7c2      	b.n	100017fc <alarm_pool_irq_handler+0x214>
10001876:	1c6b      	adds	r3, r5, #1
10001878:	d000      	beq.n	1000187c <alarm_pool_irq_handler+0x294>
1000187a:	e6ea      	b.n	10001652 <alarm_pool_irq_handler+0x6a>
1000187c:	e6f8      	b.n	10001670 <alarm_pool_irq_handler+0x88>
1000187e:	465b      	mov	r3, fp
10001880:	4658      	mov	r0, fp
10001882:	691b      	ldr	r3, [r3, #16]
10001884:	4798      	blx	r3
10001886:	2800      	cmp	r0, #0
10001888:	d11b      	bne.n	100018c2 <alarm_pool_irq_handler+0x2da>
1000188a:	4653      	mov	r3, sl
1000188c:	881b      	ldrh	r3, [r3, #0]
1000188e:	6922      	ldr	r2, [r4, #16]
10001890:	8123      	strh	r3, [r4, #8]
10001892:	f3ef 8310 	mrs	r3, PRIMASK
10001896:	b672      	cpsid	i
10001898:	6811      	ldr	r1, [r2, #0]
1000189a:	2900      	cmp	r1, #0
1000189c:	d0fc      	beq.n	10001898 <alarm_pool_irq_handler+0x2b0>
1000189e:	f3bf 8f5f 	dmb	sy
100018a2:	4651      	mov	r1, sl
100018a4:	8862      	ldrh	r2, [r4, #2]
100018a6:	800a      	strh	r2, [r1, #0]
100018a8:	6922      	ldr	r2, [r4, #16]
100018aa:	8065      	strh	r5, [r4, #2]
100018ac:	f3bf 8f5f 	dmb	sy
100018b0:	2100      	movs	r1, #0
100018b2:	6011      	str	r1, [r2, #0]
100018b4:	f383 8810 	msr	PRIMASK, r3
100018b8:	e6b4      	b.n	10001624 <alarm_pool_irq_handler+0x3c>
100018ba:	4286      	cmp	r6, r0
100018bc:	d800      	bhi.n	100018c0 <alarm_pool_irq_handler+0x2d8>
100018be:	e6f8      	b.n	100016b2 <alarm_pool_irq_handler+0xca>
100018c0:	e6b0      	b.n	10001624 <alarm_pool_irq_handler+0x3c>
100018c2:	465b      	mov	r3, fp
100018c4:	681a      	ldr	r2, [r3, #0]
100018c6:	685b      	ldr	r3, [r3, #4]
100018c8:	9200      	str	r2, [sp, #0]
100018ca:	9301      	str	r3, [sp, #4]
100018cc:	e707      	b.n	100016de <alarm_pool_irq_handler+0xf6>
100018ce:	45b3      	cmp	fp, r6
100018d0:	d800      	bhi.n	100018d4 <alarm_pool_irq_handler+0x2ec>
100018d2:	e748      	b.n	10001766 <alarm_pool_irq_handler+0x17e>
100018d4:	e74c      	b.n	10001770 <alarm_pool_irq_handler+0x188>
100018d6:	46c0      	nop			@ (mov r8, r8)
100018d8:	200033b4 	.word	0x200033b4
100018dc:	4005703c 	.word	0x4005703c
100018e0:	100015e9 	.word	0x100015e9
100018e4:	40054000 	.word	0x40054000

100018e8 <runtime_init_default_alarm_pool>:
100018e8:	b570      	push	{r4, r5, r6, lr}
100018ea:	4c2e      	ldr	r4, [pc, #184]	@ (100019a4 <runtime_init_default_alarm_pool+0xbc>)
100018ec:	6925      	ldr	r5, [r4, #16]
100018ee:	2d00      	cmp	r5, #0
100018f0:	d004      	beq.n	100018fc <runtime_init_default_alarm_pool+0x14>
100018f2:	210a      	movs	r1, #10
100018f4:	482c      	ldr	r0, [pc, #176]	@ (100019a8 <runtime_init_default_alarm_pool+0xc0>)
100018f6:	f7ff fe09 	bl	1000150c <lock_init>
100018fa:	bd70      	pop	{r4, r5, r6, pc}
100018fc:	4e2b      	ldr	r6, [pc, #172]	@ (100019ac <runtime_init_default_alarm_pool+0xc4>)
100018fe:	2103      	movs	r1, #3
10001900:	0030      	movs	r0, r6
10001902:	f000 fa63 	bl	10001dcc <timer_hardware_alarm_claim>
10001906:	60e6      	str	r6, [r4, #12]
10001908:	f7ff fb0c 	bl	10000f24 <next_striped_spin_lock_num>
1000190c:	4b28      	ldr	r3, [pc, #160]	@ (100019b0 <runtime_init_default_alarm_pool+0xc8>)
1000190e:	2203      	movs	r2, #3
10001910:	469c      	mov	ip, r3
10001912:	23d0      	movs	r3, #208	@ 0xd0
10001914:	7022      	strb	r2, [r4, #0]
10001916:	061b      	lsls	r3, r3, #24
10001918:	681b      	ldr	r3, [r3, #0]
1000191a:	2101      	movs	r1, #1
1000191c:	7063      	strb	r3, [r4, #1]
1000191e:	4b25      	ldr	r3, [pc, #148]	@ (100019b4 <runtime_init_default_alarm_pool+0xcc>)
10001920:	4460      	add	r0, ip
10001922:	60a3      	str	r3, [r4, #8]
10001924:	230f      	movs	r3, #15
10001926:	0080      	lsls	r0, r0, #2
10001928:	6120      	str	r0, [r4, #16]
1000192a:	2002      	movs	r0, #2
1000192c:	8063      	strh	r3, [r4, #2]
1000192e:	6963      	ldr	r3, [r4, #20]
10001930:	4249      	negs	r1, r1
10001932:	80a1      	strh	r1, [r4, #4]
10001934:	8019      	strh	r1, [r3, #0]
10001936:	3102      	adds	r1, #2
10001938:	8619      	strh	r1, [r3, #48]	@ 0x30
1000193a:	3147      	adds	r1, #71	@ 0x47
1000193c:	831d      	strh	r5, [r3, #24]
1000193e:	5258      	strh	r0, [r3, r1]
10001940:	3118      	adds	r1, #24
10001942:	525a      	strh	r2, [r3, r1]
10001944:	3275      	adds	r2, #117	@ 0x75
10001946:	395c      	subs	r1, #92	@ 0x5c
10001948:	5299      	strh	r1, [r3, r2]
1000194a:	3218      	adds	r2, #24
1000194c:	3101      	adds	r1, #1
1000194e:	5299      	strh	r1, [r3, r2]
10001950:	3218      	adds	r2, #24
10001952:	3101      	adds	r1, #1
10001954:	5299      	strh	r1, [r3, r2]
10001956:	3218      	adds	r2, #24
10001958:	3101      	adds	r1, #1
1000195a:	5299      	strh	r1, [r3, r2]
1000195c:	3508      	adds	r5, #8
1000195e:	3218      	adds	r2, #24
10001960:	529d      	strh	r5, [r3, r2]
10001962:	3102      	adds	r1, #2
10001964:	3218      	adds	r2, #24
10001966:	5299      	strh	r1, [r3, r2]
10001968:	3218      	adds	r2, #24
1000196a:	3101      	adds	r1, #1
1000196c:	5299      	strh	r1, [r3, r2]
1000196e:	3218      	adds	r2, #24
10001970:	3101      	adds	r1, #1
10001972:	5299      	strh	r1, [r3, r2]
10001974:	3218      	adds	r2, #24
10001976:	3101      	adds	r1, #1
10001978:	5299      	strh	r1, [r3, r2]
1000197a:	3218      	adds	r2, #24
1000197c:	3101      	adds	r1, #1
1000197e:	5299      	strh	r1, [r3, r2]
10001980:	3218      	adds	r2, #24
10001982:	3101      	adds	r1, #1
10001984:	5299      	strh	r1, [r3, r2]
10001986:	4b0c      	ldr	r3, [pc, #48]	@ (100019b8 <runtime_init_default_alarm_pool+0xd0>)
10001988:	490c      	ldr	r1, [pc, #48]	@ (100019bc <runtime_init_default_alarm_pool+0xd4>)
1000198a:	60dc      	str	r4, [r3, #12]
1000198c:	3001      	adds	r0, #1
1000198e:	6235      	str	r5, [r6, #32]
10001990:	f7ff fb3e 	bl	10001010 <irq_set_exclusive_handler>
10001994:	2101      	movs	r1, #1
10001996:	2003      	movs	r0, #3
10001998:	f7ff fb02 	bl	10000fa0 <irq_set_enabled>
1000199c:	4b08      	ldr	r3, [pc, #32]	@ (100019c0 <runtime_init_default_alarm_pool+0xd8>)
1000199e:	601d      	str	r5, [r3, #0]
100019a0:	e7a7      	b.n	100018f2 <runtime_init_default_alarm_pool+0xa>
100019a2:	46c0      	nop			@ (mov r8, r8)
100019a4:	2000107c 	.word	0x2000107c
100019a8:	20004cd0 	.word	0x20004cd0
100019ac:	40054000 	.word	0x40054000
100019b0:	34000040 	.word	0x34000040
100019b4:	0010ffff 	.word	0x0010ffff
100019b8:	200033b4 	.word	0x200033b4
100019bc:	100015e9 	.word	0x100015e9
100019c0:	40056038 	.word	0x40056038

100019c4 <alarm_pool_get_default>:
100019c4:	4800      	ldr	r0, [pc, #0]	@ (100019c8 <alarm_pool_get_default+0x4>)
100019c6:	4770      	bx	lr
100019c8:	2000107c 	.word	0x2000107c

100019cc <alarm_pool_add_alarm_at>:
100019cc:	b5f8      	push	{r3, r4, r5, r6, r7, lr}
100019ce:	001f      	movs	r7, r3
100019d0:	ab08      	add	r3, sp, #32
100019d2:	781b      	ldrb	r3, [r3, #0]
100019d4:	0004      	movs	r4, r0
100019d6:	0016      	movs	r6, r2
100019d8:	2b00      	cmp	r3, #0
100019da:	d108      	bne.n	100019ee <alarm_pool_add_alarm_at+0x22>
100019dc:	f000 fa08 	bl	10001df0 <time_us_64>
100019e0:	0032      	movs	r2, r6
100019e2:	003b      	movs	r3, r7
100019e4:	1a12      	subs	r2, r2, r0
100019e6:	418b      	sbcs	r3, r1
100019e8:	2b00      	cmp	r3, #0
100019ea:	da00      	bge.n	100019ee <alarm_pool_add_alarm_at+0x22>
100019ec:	e052      	b.n	10001a94 <alarm_pool_add_alarm_at+0xc8>
100019ee:	6922      	ldr	r2, [r4, #16]
100019f0:	f3ef 8010 	mrs	r0, PRIMASK
100019f4:	b672      	cpsid	i
100019f6:	6813      	ldr	r3, [r2, #0]
100019f8:	2b00      	cmp	r3, #0
100019fa:	d0fc      	beq.n	100019f6 <alarm_pool_add_alarm_at+0x2a>
100019fc:	f3bf 8f5f 	dmb	sy
10001a00:	2302      	movs	r3, #2
10001a02:	5ee1      	ldrsh	r1, [r4, r3]
10001a04:	6963      	ldr	r3, [r4, #20]
10001a06:	004a      	lsls	r2, r1, #1
10001a08:	1852      	adds	r2, r2, r1
10001a0a:	00d2      	lsls	r2, r2, #3
10001a0c:	189b      	adds	r3, r3, r2
10001a0e:	6922      	ldr	r2, [r4, #16]
10001a10:	2900      	cmp	r1, #0
10001a12:	db36      	blt.n	10001a82 <alarm_pool_add_alarm_at+0xb6>
10001a14:	881d      	ldrh	r5, [r3, #0]
10001a16:	8065      	strh	r5, [r4, #2]
10001a18:	f3bf 8f5f 	dmb	sy
10001a1c:	2500      	movs	r5, #0
10001a1e:	6015      	str	r5, [r2, #0]
10001a20:	f380 8810 	msr	PRIMASK, r0
10001a24:	9a06      	ldr	r2, [sp, #24]
10001a26:	609e      	str	r6, [r3, #8]
10001a28:	60df      	str	r7, [r3, #12]
10001a2a:	611a      	str	r2, [r3, #16]
10001a2c:	9a07      	ldr	r2, [sp, #28]
10001a2e:	615a      	str	r2, [r3, #20]
10001a30:	885a      	ldrh	r2, [r3, #2]
10001a32:	3201      	adds	r2, #1
10001a34:	0452      	lsls	r2, r2, #17
10001a36:	0c52      	lsrs	r2, r2, #17
10001a38:	1c10      	adds	r0, r2, #0
10001a3a:	2a00      	cmp	r2, #0
10001a3c:	d01f      	beq.n	10001a7e <alarm_pool_add_alarm_at+0xb2>
10001a3e:	b282      	uxth	r2, r0
10001a40:	8058      	strh	r0, [r3, #2]
10001a42:	0408      	lsls	r0, r1, #16
10001a44:	4310      	orrs	r0, r2
10001a46:	6926      	ldr	r6, [r4, #16]
10001a48:	f3ef 8710 	mrs	r7, PRIMASK
10001a4c:	b672      	cpsid	i
10001a4e:	6832      	ldr	r2, [r6, #0]
10001a50:	2a00      	cmp	r2, #0
10001a52:	d0fc      	beq.n	10001a4e <alarm_pool_add_alarm_at+0x82>
10001a54:	f3bf 8f5f 	dmb	sy
10001a58:	88a2      	ldrh	r2, [r4, #4]
10001a5a:	801a      	strh	r2, [r3, #0]
10001a5c:	80a1      	strh	r1, [r4, #4]
10001a5e:	6923      	ldr	r3, [r4, #16]
10001a60:	f3bf 8f5f 	dmb	sy
10001a64:	2200      	movs	r2, #0
10001a66:	601a      	str	r2, [r3, #0]
10001a68:	f387 8810 	msr	PRIMASK, r7
10001a6c:	490a      	ldr	r1, [pc, #40]	@ (10001a98 <alarm_pool_add_alarm_at+0xcc>)
10001a6e:	7823      	ldrb	r3, [r4, #0]
10001a70:	468c      	mov	ip, r1
10001a72:	3201      	adds	r2, #1
10001a74:	409a      	lsls	r2, r3
10001a76:	68e3      	ldr	r3, [r4, #12]
10001a78:	4463      	add	r3, ip
10001a7a:	601a      	str	r2, [r3, #0]
10001a7c:	bdf8      	pop	{r3, r4, r5, r6, r7, pc}
10001a7e:	2001      	movs	r0, #1
10001a80:	e7dd      	b.n	10001a3e <alarm_pool_add_alarm_at+0x72>
10001a82:	f3bf 8f5f 	dmb	sy
10001a86:	2300      	movs	r3, #0
10001a88:	6013      	str	r3, [r2, #0]
10001a8a:	f380 8810 	msr	PRIMASK, r0
10001a8e:	2001      	movs	r0, #1
10001a90:	4240      	negs	r0, r0
10001a92:	e7f3      	b.n	10001a7c <alarm_pool_add_alarm_at+0xb0>
10001a94:	2000      	movs	r0, #0
10001a96:	e7f1      	b.n	10001a7c <alarm_pool_add_alarm_at+0xb0>
10001a98:	0000203c 	.word	0x0000203c

10001a9c <alarm_pool_add_alarm_at_force_in_context>:
10001a9c:	b570      	push	{r4, r5, r6, lr}
10001a9e:	0001      	movs	r1, r0
10001aa0:	6904      	ldr	r4, [r0, #16]
10001aa2:	f3ef 8c10 	mrs	ip, PRIMASK
10001aa6:	b672      	cpsid	i
10001aa8:	6820      	ldr	r0, [r4, #0]
10001aaa:	2800      	cmp	r0, #0
10001aac:	d0fc      	beq.n	10001aa8 <alarm_pool_add_alarm_at_force_in_context+0xc>
10001aae:	f3bf 8f5f 	dmb	sy
10001ab2:	2002      	movs	r0, #2
10001ab4:	5e0d      	ldrsh	r5, [r1, r0]
10001ab6:	694c      	ldr	r4, [r1, #20]
10001ab8:	0068      	lsls	r0, r5, #1
10001aba:	1940      	adds	r0, r0, r5
10001abc:	00c0      	lsls	r0, r0, #3
10001abe:	1824      	adds	r4, r4, r0
10001ac0:	6908      	ldr	r0, [r1, #16]
10001ac2:	2d00      	cmp	r5, #0
10001ac4:	db36      	blt.n	10001b34 <alarm_pool_add_alarm_at_force_in_context+0x98>
10001ac6:	8826      	ldrh	r6, [r4, #0]
10001ac8:	804e      	strh	r6, [r1, #2]
10001aca:	f3bf 8f5f 	dmb	sy
10001ace:	2600      	movs	r6, #0
10001ad0:	6006      	str	r6, [r0, #0]
10001ad2:	f38c 8810 	msr	PRIMASK, ip
10001ad6:	60e3      	str	r3, [r4, #12]
10001ad8:	8863      	ldrh	r3, [r4, #2]
10001ada:	9804      	ldr	r0, [sp, #16]
10001adc:	3301      	adds	r3, #1
10001ade:	6120      	str	r0, [r4, #16]
10001ae0:	045b      	lsls	r3, r3, #17
10001ae2:	9805      	ldr	r0, [sp, #20]
10001ae4:	0c5b      	lsrs	r3, r3, #17
10001ae6:	60a2      	str	r2, [r4, #8]
10001ae8:	6160      	str	r0, [r4, #20]
10001aea:	1c1a      	adds	r2, r3, #0
10001aec:	2b00      	cmp	r3, #0
10001aee:	d01f      	beq.n	10001b30 <alarm_pool_add_alarm_at_force_in_context+0x94>
10001af0:	b293      	uxth	r3, r2
10001af2:	0428      	lsls	r0, r5, #16
10001af4:	8062      	strh	r2, [r4, #2]
10001af6:	4318      	orrs	r0, r3
10001af8:	690a      	ldr	r2, [r1, #16]
10001afa:	f3ef 8c10 	mrs	ip, PRIMASK
10001afe:	b672      	cpsid	i
10001b00:	6813      	ldr	r3, [r2, #0]
10001b02:	2b00      	cmp	r3, #0
10001b04:	d0fc      	beq.n	10001b00 <alarm_pool_add_alarm_at_force_in_context+0x64>
10001b06:	f3bf 8f5f 	dmb	sy
10001b0a:	888b      	ldrh	r3, [r1, #4]
10001b0c:	8023      	strh	r3, [r4, #0]
10001b0e:	808d      	strh	r5, [r1, #4]
10001b10:	690b      	ldr	r3, [r1, #16]
10001b12:	f3bf 8f5f 	dmb	sy
10001b16:	2200      	movs	r2, #0
10001b18:	601a      	str	r2, [r3, #0]
10001b1a:	f38c 8810 	msr	PRIMASK, ip
10001b1e:	780b      	ldrb	r3, [r1, #0]
10001b20:	3201      	adds	r2, #1
10001b22:	409a      	lsls	r2, r3
10001b24:	68cb      	ldr	r3, [r1, #12]
10001b26:	4908      	ldr	r1, [pc, #32]	@ (10001b48 <alarm_pool_add_alarm_at_force_in_context+0xac>)
10001b28:	468c      	mov	ip, r1
10001b2a:	4463      	add	r3, ip
10001b2c:	601a      	str	r2, [r3, #0]
10001b2e:	bd70      	pop	{r4, r5, r6, pc}
10001b30:	2201      	movs	r2, #1
10001b32:	e7dd      	b.n	10001af0 <alarm_pool_add_alarm_at_force_in_context+0x54>
10001b34:	f3bf 8f5f 	dmb	sy
10001b38:	2300      	movs	r3, #0
10001b3a:	6003      	str	r3, [r0, #0]
10001b3c:	f38c 8810 	msr	PRIMASK, ip
10001b40:	2001      	movs	r0, #1
10001b42:	4240      	negs	r0, r0
10001b44:	e7f3      	b.n	10001b2e <alarm_pool_add_alarm_at_force_in_context+0x92>
10001b46:	46c0      	nop			@ (mov r8, r8)
10001b48:	0000203c 	.word	0x0000203c

10001b4c <alarm_pool_cancel_alarm>:
10001b4c:	b510      	push	{r4, lr}
10001b4e:	8943      	ldrh	r3, [r0, #10]
10001b50:	140a      	asrs	r2, r1, #16
10001b52:	4293      	cmp	r3, r2
10001b54:	dd1a      	ble.n	10001b8c <alarm_pool_cancel_alarm+0x40>
10001b56:	0053      	lsls	r3, r2, #1
10001b58:	189b      	adds	r3, r3, r2
10001b5a:	6942      	ldr	r2, [r0, #20]
10001b5c:	00db      	lsls	r3, r3, #3
10001b5e:	18d3      	adds	r3, r2, r3
10001b60:	6904      	ldr	r4, [r0, #16]
10001b62:	f3ef 8c10 	mrs	ip, PRIMASK
10001b66:	b672      	cpsid	i
10001b68:	6822      	ldr	r2, [r4, #0]
10001b6a:	2a00      	cmp	r2, #0
10001b6c:	d0fc      	beq.n	10001b68 <alarm_pool_cancel_alarm+0x1c>
10001b6e:	f3bf 8f5f 	dmb	sy
10001b72:	885a      	ldrh	r2, [r3, #2]
10001b74:	0409      	lsls	r1, r1, #16
10001b76:	b294      	uxth	r4, r2
10001b78:	0c09      	lsrs	r1, r1, #16
10001b7a:	428a      	cmp	r2, r1
10001b7c:	d008      	beq.n	10001b90 <alarm_pool_cancel_alarm+0x44>
10001b7e:	6903      	ldr	r3, [r0, #16]
10001b80:	f3bf 8f5f 	dmb	sy
10001b84:	2200      	movs	r2, #0
10001b86:	601a      	str	r2, [r3, #0]
10001b88:	f38c 8810 	msr	PRIMASK, ip
10001b8c:	2000      	movs	r0, #0
10001b8e:	bd10      	pop	{r4, pc}
10001b90:	2280      	movs	r2, #128	@ 0x80
10001b92:	0212      	lsls	r2, r2, #8
10001b94:	4314      	orrs	r4, r2
10001b96:	805c      	strh	r4, [r3, #2]
10001b98:	2301      	movs	r3, #1
10001b9a:	6902      	ldr	r2, [r0, #16]
10001b9c:	7183      	strb	r3, [r0, #6]
10001b9e:	f3bf 8f5f 	dmb	sy
10001ba2:	2100      	movs	r1, #0
10001ba4:	6011      	str	r1, [r2, #0]
10001ba6:	f38c 8810 	msr	PRIMASK, ip
10001baa:	4904      	ldr	r1, [pc, #16]	@ (10001bbc <alarm_pool_cancel_alarm+0x70>)
10001bac:	7802      	ldrb	r2, [r0, #0]
10001bae:	468c      	mov	ip, r1
10001bb0:	4093      	lsls	r3, r2
10001bb2:	68c2      	ldr	r2, [r0, #12]
10001bb4:	2001      	movs	r0, #1
10001bb6:	4462      	add	r2, ip
10001bb8:	6013      	str	r3, [r2, #0]
10001bba:	e7e8      	b.n	10001b8e <alarm_pool_cancel_alarm+0x42>
10001bbc:	0000203c 	.word	0x0000203c

10001bc0 <alarm_pool_core_num>:
10001bc0:	7840      	ldrb	r0, [r0, #1]
10001bc2:	4770      	bx	lr

10001bc4 <sleep_ms>:
10001bc4:	b5f0      	push	{r4, r5, r6, r7, lr}
10001bc6:	46c6      	mov	lr, r8
10001bc8:	b500      	push	{lr}
10001bca:	b082      	sub	sp, #8
10001bcc:	0004      	movs	r4, r0
10001bce:	f000 f90f 	bl	10001df0 <time_us_64>
10001bd2:	22fa      	movs	r2, #250	@ 0xfa
10001bd4:	0006      	movs	r6, r0
10001bd6:	000f      	movs	r7, r1
10001bd8:	0020      	movs	r0, r4
10001bda:	2300      	movs	r3, #0
10001bdc:	2100      	movs	r1, #0
10001bde:	0092      	lsls	r2, r2, #2
10001be0:	f001 fc1e 	bl	10003420 <__wrap___aeabi_lmul>
10001be4:	1980      	adds	r0, r0, r6
10001be6:	4179      	adcs	r1, r7
10001be8:	0004      	movs	r4, r0
10001bea:	1e0d      	subs	r5, r1, #0
10001bec:	da02      	bge.n	10001bf4 <sleep_ms+0x30>
10001bee:	2401      	movs	r4, #1
10001bf0:	4d2e      	ldr	r5, [pc, #184]	@ (10001cac <sleep_ms+0xe8>)
10001bf2:	4264      	negs	r4, r4
10001bf4:	2606      	movs	r6, #6
10001bf6:	4276      	negs	r6, r6
10001bf8:	17f7      	asrs	r7, r6, #31
10001bfa:	1936      	adds	r6, r6, r4
10001bfc:	416f      	adcs	r7, r5
10001bfe:	42af      	cmp	r7, r5
10001c00:	d814      	bhi.n	10001c2c <sleep_ms+0x68>
10001c02:	d011      	beq.n	10001c28 <sleep_ms+0x64>
10001c04:	f000 f8f4 	bl	10001df0 <time_us_64>
10001c08:	0032      	movs	r2, r6
10001c0a:	003b      	movs	r3, r7
10001c0c:	1a12      	subs	r2, r2, r0
10001c0e:	418b      	sbcs	r3, r1
10001c10:	2b00      	cmp	r3, #0
10001c12:	dc15      	bgt.n	10001c40 <sleep_ms+0x7c>
10001c14:	2b00      	cmp	r3, #0
10001c16:	d046      	beq.n	10001ca6 <sleep_ms+0xe2>
10001c18:	0020      	movs	r0, r4
10001c1a:	0029      	movs	r1, r5
10001c1c:	f000 f926 	bl	10001e6c <busy_wait_until>
10001c20:	b002      	add	sp, #8
10001c22:	bc80      	pop	{r7}
10001c24:	46b8      	mov	r8, r7
10001c26:	bdf0      	pop	{r4, r5, r6, r7, pc}
10001c28:	42a6      	cmp	r6, r4
10001c2a:	d9eb      	bls.n	10001c04 <sleep_ms+0x40>
10001c2c:	2600      	movs	r6, #0
10001c2e:	2700      	movs	r7, #0
10001c30:	f000 f8de 	bl	10001df0 <time_us_64>
10001c34:	0032      	movs	r2, r6
10001c36:	003b      	movs	r3, r7
10001c38:	1a12      	subs	r2, r2, r0
10001c3a:	418b      	sbcs	r3, r1
10001c3c:	2b00      	cmp	r3, #0
10001c3e:	dde9      	ble.n	10001c14 <sleep_ms+0x50>
10001c40:	f000 f8d6 	bl	10001df0 <time_us_64>
10001c44:	0032      	movs	r2, r6
10001c46:	003b      	movs	r3, r7
10001c48:	1a12      	subs	r2, r2, r0
10001c4a:	418b      	sbcs	r3, r1
10001c4c:	2b00      	cmp	r3, #0
10001c4e:	db0a      	blt.n	10001c66 <sleep_ms+0xa2>
10001c50:	2300      	movs	r3, #0
10001c52:	9301      	str	r3, [sp, #4]
10001c54:	4b16      	ldr	r3, [pc, #88]	@ (10001cb0 <sleep_ms+0xec>)
10001c56:	0032      	movs	r2, r6
10001c58:	9300      	str	r3, [sp, #0]
10001c5a:	4816      	ldr	r0, [pc, #88]	@ (10001cb4 <sleep_ms+0xf0>)
10001c5c:	003b      	movs	r3, r7
10001c5e:	f7ff ff1d 	bl	10001a9c <alarm_pool_add_alarm_at_force_in_context>
10001c62:	3001      	adds	r0, #1
10001c64:	d0d8      	beq.n	10001c18 <sleep_ms+0x54>
10001c66:	2300      	movs	r3, #0
10001c68:	0039      	movs	r1, r7
10001c6a:	46b0      	mov	r8, r6
10001c6c:	469c      	mov	ip, r3
10001c6e:	4a12      	ldr	r2, [pc, #72]	@ (10001cb8 <sleep_ms+0xf4>)
10001c70:	4812      	ldr	r0, [pc, #72]	@ (10001cbc <sleep_ms+0xf8>)
10001c72:	6a53      	ldr	r3, [r2, #36]	@ 0x24
10001c74:	4299      	cmp	r1, r3
10001c76:	d804      	bhi.n	10001c82 <sleep_ms+0xbe>
10001c78:	6a96      	ldr	r6, [r2, #40]	@ 0x28
10001c7a:	4546      	cmp	r6, r8
10001c7c:	d2cc      	bcs.n	10001c18 <sleep_ms+0x54>
10001c7e:	4299      	cmp	r1, r3
10001c80:	d1ca      	bne.n	10001c18 <sleep_ms+0x54>
10001c82:	6806      	ldr	r6, [r0, #0]
10001c84:	f3ef 8710 	mrs	r7, PRIMASK
10001c88:	b672      	cpsid	i
10001c8a:	6833      	ldr	r3, [r6, #0]
10001c8c:	2b00      	cmp	r3, #0
10001c8e:	d0fc      	beq.n	10001c8a <sleep_ms+0xc6>
10001c90:	f3bf 8f5f 	dmb	sy
10001c94:	6803      	ldr	r3, [r0, #0]
10001c96:	f3bf 8f5f 	dmb	sy
10001c9a:	4666      	mov	r6, ip
10001c9c:	601e      	str	r6, [r3, #0]
10001c9e:	f387 8810 	msr	PRIMASK, r7
10001ca2:	bf20      	wfe
10001ca4:	e7e5      	b.n	10001c72 <sleep_ms+0xae>
10001ca6:	2a00      	cmp	r2, #0
10001ca8:	d0b6      	beq.n	10001c18 <sleep_ms+0x54>
10001caa:	e7c9      	b.n	10001c40 <sleep_ms+0x7c>
10001cac:	7fffffff 	.word	0x7fffffff
10001cb0:	100015b9 	.word	0x100015b9
10001cb4:	2000107c 	.word	0x2000107c
10001cb8:	40054000 	.word	0x40054000
10001cbc:	20004cd0 	.word	0x20004cd0

10001cc0 <best_effort_wfe_or_timeout>:
10001cc0:	b5f0      	push	{r4, r5, r6, r7, lr}
10001cc2:	4657      	mov	r7, sl
10001cc4:	464e      	mov	r6, r9
10001cc6:	46de      	mov	lr, fp
10001cc8:	4645      	mov	r5, r8
10001cca:	b5e0      	push	{r5, r6, r7, lr}
10001ccc:	0006      	movs	r6, r0
10001cce:	000f      	movs	r7, r1
10001cd0:	b085      	sub	sp, #20
10001cd2:	f3ef 8305 	mrs	r3, IPSR
10001cd6:	4699      	mov	r9, r3
10001cd8:	468b      	mov	fp, r1
10001cda:	2b00      	cmp	r3, #0
10001cdc:	d012      	beq.n	10001d04 <best_effort_wfe_or_timeout+0x44>
10001cde:	4938      	ldr	r1, [pc, #224]	@ (10001dc0 <best_effort_wfe_or_timeout+0x100>)
10001ce0:	2000      	movs	r0, #0
10001ce2:	6a4b      	ldr	r3, [r1, #36]	@ 0x24
10001ce4:	42bb      	cmp	r3, r7
10001ce6:	d306      	bcc.n	10001cf6 <best_effort_wfe_or_timeout+0x36>
10001ce8:	6a8a      	ldr	r2, [r1, #40]	@ 0x28
10001cea:	1bdb      	subs	r3, r3, r7
10001cec:	1e59      	subs	r1, r3, #1
10001cee:	418b      	sbcs	r3, r1
10001cf0:	42b2      	cmp	r2, r6
10001cf2:	4140      	adcs	r0, r0
10001cf4:	4318      	orrs	r0, r3
10001cf6:	b005      	add	sp, #20
10001cf8:	bcf0      	pop	{r4, r5, r6, r7}
10001cfa:	46bb      	mov	fp, r7
10001cfc:	46b2      	mov	sl, r6
10001cfe:	46a9      	mov	r9, r5
10001d00:	46a0      	mov	r8, r4
10001d02:	bdf0      	pop	{r4, r5, r6, r7, pc}
10001d04:	4b2f      	ldr	r3, [pc, #188]	@ (10001dc4 <best_effort_wfe_or_timeout+0x104>)
10001d06:	469a      	mov	sl, r3
10001d08:	68db      	ldr	r3, [r3, #12]
10001d0a:	4698      	mov	r8, r3
10001d0c:	4653      	mov	r3, sl
10001d0e:	781b      	ldrb	r3, [r3, #0]
10001d10:	4640      	mov	r0, r8
10001d12:	9303      	str	r3, [sp, #12]
10001d14:	f000 f864 	bl	10001de0 <timer_time_us_64>
10001d18:	4642      	mov	r2, r8
10001d1a:	9b03      	ldr	r3, [sp, #12]
10001d1c:	0004      	movs	r4, r0
10001d1e:	3304      	adds	r3, #4
10001d20:	009b      	lsls	r3, r3, #2
10001d22:	589b      	ldr	r3, [r3, r2]
10001d24:	000d      	movs	r5, r1
10001d26:	1a1b      	subs	r3, r3, r0
10001d28:	0039      	movs	r1, r7
10001d2a:	0030      	movs	r0, r6
10001d2c:	1b00      	subs	r0, r0, r4
10001d2e:	41a9      	sbcs	r1, r5
10001d30:	4589      	cmp	r9, r1
10001d32:	dc10      	bgt.n	10001d56 <best_effort_wfe_or_timeout+0x96>
10001d34:	d00d      	beq.n	10001d52 <best_effort_wfe_or_timeout+0x92>
10001d36:	bf20      	wfe
10001d38:	4a21      	ldr	r2, [pc, #132]	@ (10001dc0 <best_effort_wfe_or_timeout+0x100>)
10001d3a:	2000      	movs	r0, #0
10001d3c:	6a53      	ldr	r3, [r2, #36]	@ 0x24
10001d3e:	455b      	cmp	r3, fp
10001d40:	d3d9      	bcc.n	10001cf6 <best_effort_wfe_or_timeout+0x36>
10001d42:	6a92      	ldr	r2, [r2, #40]	@ 0x28
10001d44:	1bdb      	subs	r3, r3, r7
10001d46:	1e59      	subs	r1, r3, #1
10001d48:	418b      	sbcs	r3, r1
10001d4a:	42b2      	cmp	r2, r6
10001d4c:	4140      	adcs	r0, r0
10001d4e:	4318      	orrs	r0, r3
10001d50:	e7d1      	b.n	10001cf6 <best_effort_wfe_or_timeout+0x36>
10001d52:	4283      	cmp	r3, r0
10001d54:	d9ef      	bls.n	10001d36 <best_effort_wfe_or_timeout+0x76>
10001d56:	f000 f84b 	bl	10001df0 <time_us_64>
10001d5a:	0032      	movs	r2, r6
10001d5c:	003b      	movs	r3, r7
10001d5e:	1a12      	subs	r2, r2, r0
10001d60:	418b      	sbcs	r3, r1
10001d62:	2b00      	cmp	r3, #0
10001d64:	db1a      	blt.n	10001d9c <best_effort_wfe_or_timeout+0xdc>
10001d66:	2300      	movs	r3, #0
10001d68:	9301      	str	r3, [sp, #4]
10001d6a:	4b17      	ldr	r3, [pc, #92]	@ (10001dc8 <best_effort_wfe_or_timeout+0x108>)
10001d6c:	0032      	movs	r2, r6
10001d6e:	9300      	str	r3, [sp, #0]
10001d70:	4650      	mov	r0, sl
10001d72:	003b      	movs	r3, r7
10001d74:	f7ff fe92 	bl	10001a9c <alarm_pool_add_alarm_at_force_in_context>
10001d78:	1e01      	subs	r1, r0, #0
10001d7a:	dd0f      	ble.n	10001d9c <best_effort_wfe_or_timeout+0xdc>
10001d7c:	4b10      	ldr	r3, [pc, #64]	@ (10001dc0 <best_effort_wfe_or_timeout+0x100>)
10001d7e:	6a5a      	ldr	r2, [r3, #36]	@ 0x24
10001d80:	455a      	cmp	r2, fp
10001d82:	d31b      	bcc.n	10001dbc <best_effort_wfe_or_timeout+0xfc>
10001d84:	6a9b      	ldr	r3, [r3, #40]	@ 0x28
10001d86:	42b3      	cmp	r3, r6
10001d88:	d316      	bcc.n	10001db8 <best_effort_wfe_or_timeout+0xf8>
10001d8a:	4650      	mov	r0, sl
10001d8c:	f7ff fede 	bl	10001b4c <alarm_pool_cancel_alarm>
10001d90:	4a0b      	ldr	r2, [pc, #44]	@ (10001dc0 <best_effort_wfe_or_timeout+0x100>)
10001d92:	2000      	movs	r0, #0
10001d94:	6a53      	ldr	r3, [r2, #36]	@ 0x24
10001d96:	455b      	cmp	r3, fp
10001d98:	d3ad      	bcc.n	10001cf6 <best_effort_wfe_or_timeout+0x36>
10001d9a:	e7d2      	b.n	10001d42 <best_effort_wfe_or_timeout+0x82>
10001d9c:	4a08      	ldr	r2, [pc, #32]	@ (10001dc0 <best_effort_wfe_or_timeout+0x100>)
10001d9e:	2000      	movs	r0, #0
10001da0:	6a53      	ldr	r3, [r2, #36]	@ 0x24
10001da2:	455b      	cmp	r3, fp
10001da4:	d3a7      	bcc.n	10001cf6 <best_effort_wfe_or_timeout+0x36>
10001da6:	2000      	movs	r0, #0
10001da8:	6a92      	ldr	r2, [r2, #40]	@ 0x28
10001daa:	1bdb      	subs	r3, r3, r7
10001dac:	42b2      	cmp	r2, r6
10001dae:	4140      	adcs	r0, r0
10001db0:	1e5a      	subs	r2, r3, #1
10001db2:	4193      	sbcs	r3, r2
10001db4:	4318      	orrs	r0, r3
10001db6:	e79e      	b.n	10001cf6 <best_effort_wfe_or_timeout+0x36>
10001db8:	455a      	cmp	r2, fp
10001dba:	d1e6      	bne.n	10001d8a <best_effort_wfe_or_timeout+0xca>
10001dbc:	bf20      	wfe
10001dbe:	e7e4      	b.n	10001d8a <best_effort_wfe_or_timeout+0xca>
10001dc0:	40054000 	.word	0x40054000
10001dc4:	2000107c 	.word	0x2000107c
10001dc8:	100015b9 	.word	0x100015b9

10001dcc <timer_hardware_alarm_claim>:
10001dcc:	b510      	push	{r4, lr}
10001dce:	4a02      	ldr	r2, [pc, #8]	@ (10001dd8 <timer_hardware_alarm_claim+0xc>)
10001dd0:	4802      	ldr	r0, [pc, #8]	@ (10001ddc <timer_hardware_alarm_claim+0x10>)
10001dd2:	f7ff f841 	bl	10000e58 <hw_claim_or_assert>
10001dd6:	bd10      	pop	{r4, pc}
10001dd8:	1000b0b0 	.word	0x1000b0b0
10001ddc:	20002f38 	.word	0x20002f38

10001de0 <timer_time_us_64>:
10001de0:	0003      	movs	r3, r0
10001de2:	6a41      	ldr	r1, [r0, #36]	@ 0x24
10001de4:	000a      	movs	r2, r1
10001de6:	6a98      	ldr	r0, [r3, #40]	@ 0x28
10001de8:	6a59      	ldr	r1, [r3, #36]	@ 0x24
10001dea:	428a      	cmp	r2, r1
10001dec:	d1fa      	bne.n	10001de4 <timer_time_us_64+0x4>
10001dee:	4770      	bx	lr

10001df0 <time_us_64>:
10001df0:	4b03      	ldr	r3, [pc, #12]	@ (10001e00 <time_us_64+0x10>)
10001df2:	6a59      	ldr	r1, [r3, #36]	@ 0x24
10001df4:	000a      	movs	r2, r1
10001df6:	6a98      	ldr	r0, [r3, #40]	@ 0x28
10001df8:	6a59      	ldr	r1, [r3, #36]	@ 0x24
10001dfa:	4291      	cmp	r1, r2
10001dfc:	d1fa      	bne.n	10001df4 <time_us_64+0x4>
10001dfe:	4770      	bx	lr
10001e00:	40054000 	.word	0x40054000

10001e04 <busy_wait_us>:
10001e04:	b570      	push	{r4, r5, r6, lr}
10001e06:	0004      	movs	r4, r0
10001e08:	000d      	movs	r5, r1
10001e0a:	4a17      	ldr	r2, [pc, #92]	@ (10001e68 <busy_wait_us+0x64>)
10001e0c:	6a53      	ldr	r3, [r2, #36]	@ 0x24
10001e0e:	0019      	movs	r1, r3
10001e10:	6a96      	ldr	r6, [r2, #40]	@ 0x28
10001e12:	6a53      	ldr	r3, [r2, #36]	@ 0x24
10001e14:	428b      	cmp	r3, r1
10001e16:	d1fa      	bne.n	10001e0e <busy_wait_us+0xa>
10001e18:	0030      	movs	r0, r6
10001e1a:	0019      	movs	r1, r3
10001e1c:	1824      	adds	r4, r4, r0
10001e1e:	414d      	adcs	r5, r1
10001e20:	42ab      	cmp	r3, r5
10001e22:	d816      	bhi.n	10001e52 <busy_wait_us+0x4e>
10001e24:	d013      	beq.n	10001e4e <busy_wait_us+0x4a>
10001e26:	4b10      	ldr	r3, [pc, #64]	@ (10001e68 <busy_wait_us+0x64>)
10001e28:	002a      	movs	r2, r5
10001e2a:	6a5b      	ldr	r3, [r3, #36]	@ 0x24
10001e2c:	429d      	cmp	r5, r3
10001e2e:	d903      	bls.n	10001e38 <busy_wait_us+0x34>
10001e30:	490d      	ldr	r1, [pc, #52]	@ (10001e68 <busy_wait_us+0x64>)
10001e32:	6a4b      	ldr	r3, [r1, #36]	@ 0x24
10001e34:	4293      	cmp	r3, r2
10001e36:	d3fc      	bcc.n	10001e32 <busy_wait_us+0x2e>
10001e38:	4293      	cmp	r3, r2
10001e3a:	d107      	bne.n	10001e4c <busy_wait_us+0x48>
10001e3c:	4a0a      	ldr	r2, [pc, #40]	@ (10001e68 <busy_wait_us+0x64>)
10001e3e:	e002      	b.n	10001e46 <busy_wait_us+0x42>
10001e40:	6a51      	ldr	r1, [r2, #36]	@ 0x24
10001e42:	4299      	cmp	r1, r3
10001e44:	d102      	bne.n	10001e4c <busy_wait_us+0x48>
10001e46:	6a91      	ldr	r1, [r2, #40]	@ 0x28
10001e48:	42a1      	cmp	r1, r4
10001e4a:	d3f9      	bcc.n	10001e40 <busy_wait_us+0x3c>
10001e4c:	bd70      	pop	{r4, r5, r6, pc}
10001e4e:	42a6      	cmp	r6, r4
10001e50:	d9e9      	bls.n	10001e26 <busy_wait_us+0x22>
10001e52:	4b05      	ldr	r3, [pc, #20]	@ (10001e68 <busy_wait_us+0x64>)
10001e54:	6a5b      	ldr	r3, [r3, #36]	@ 0x24
10001e56:	001c      	movs	r4, r3
10001e58:	1c5a      	adds	r2, r3, #1
10001e5a:	d0ef      	beq.n	10001e3c <busy_wait_us+0x38>
10001e5c:	2201      	movs	r2, #1
10001e5e:	2401      	movs	r4, #1
10001e60:	4264      	negs	r4, r4
10001e62:	17e5      	asrs	r5, r4, #31
10001e64:	4252      	negs	r2, r2
10001e66:	e7e3      	b.n	10001e30 <busy_wait_us+0x2c>
10001e68:	40054000 	.word	0x40054000

10001e6c <busy_wait_until>:
10001e6c:	4a06      	ldr	r2, [pc, #24]	@ (10001e88 <busy_wait_until+0x1c>)
10001e6e:	6a53      	ldr	r3, [r2, #36]	@ 0x24
10001e70:	4299      	cmp	r1, r3
10001e72:	d8fc      	bhi.n	10001e6e <busy_wait_until+0x2>
10001e74:	d107      	bne.n	10001e86 <busy_wait_until+0x1a>
10001e76:	4b04      	ldr	r3, [pc, #16]	@ (10001e88 <busy_wait_until+0x1c>)
10001e78:	e002      	b.n	10001e80 <busy_wait_until+0x14>
10001e7a:	6a5a      	ldr	r2, [r3, #36]	@ 0x24
10001e7c:	4291      	cmp	r1, r2
10001e7e:	d102      	bne.n	10001e86 <busy_wait_until+0x1a>
10001e80:	6a9a      	ldr	r2, [r3, #40]	@ 0x28
10001e82:	4290      	cmp	r0, r2
10001e84:	d8f9      	bhi.n	10001e7a <busy_wait_until+0xe>
10001e86:	4770      	bx	lr
10001e88:	40054000 	.word	0x40054000

10001e8c <uart_init>:
10001e8c:	b5f8      	push	{r3, r4, r5, r6, r7, lr}
10001e8e:	0004      	movs	r4, r0
10001e90:	2006      	movs	r0, #6
10001e92:	000d      	movs	r5, r1
10001e94:	f000 f978 	bl	10002188 <clock_get_hz>
10001e98:	2800      	cmp	r0, #0
10001e9a:	d044      	beq.n	10001f26 <uart_init+0x9a>
10001e9c:	4b37      	ldr	r3, [pc, #220]	@ (10001f7c <uart_init+0xf0>)
10001e9e:	4938      	ldr	r1, [pc, #224]	@ (10001f80 <uart_init+0xf4>)
10001ea0:	18e3      	adds	r3, r4, r3
10001ea2:	1e5a      	subs	r2, r3, #1
10001ea4:	4193      	sbcs	r3, r2
10001ea6:	2280      	movs	r2, #128	@ 0x80
10001ea8:	0412      	lsls	r2, r2, #16
10001eaa:	4694      	mov	ip, r2
10001eac:	425b      	negs	r3, r3
10001eae:	0d9b      	lsrs	r3, r3, #22
10001eb0:	4a34      	ldr	r2, [pc, #208]	@ (10001f84 <uart_init+0xf8>)
10001eb2:	059b      	lsls	r3, r3, #22
10001eb4:	4463      	add	r3, ip
10001eb6:	6013      	str	r3, [r2, #0]
10001eb8:	4a33      	ldr	r2, [pc, #204]	@ (10001f88 <uart_init+0xfc>)
10001eba:	6013      	str	r3, [r2, #0]
10001ebc:	0018      	movs	r0, r3
10001ebe:	680a      	ldr	r2, [r1, #0]
10001ec0:	4390      	bics	r0, r2
10001ec2:	d1fb      	bne.n	10001ebc <uart_init+0x30>
10001ec4:	4b2d      	ldr	r3, [pc, #180]	@ (10001f7c <uart_init+0xf0>)
10001ec6:	4a31      	ldr	r2, [pc, #196]	@ (10001f8c <uart_init+0x100>)
10001ec8:	18e3      	adds	r3, r4, r3
10001eca:	4259      	negs	r1, r3
10001ecc:	414b      	adcs	r3, r1
10001ece:	2180      	movs	r1, #128	@ 0x80
10001ed0:	005b      	lsls	r3, r3, #1
10001ed2:	0049      	lsls	r1, r1, #1
10001ed4:	2006      	movs	r0, #6
10001ed6:	5299      	strh	r1, [r3, r2]
10001ed8:	f000 f956 	bl	10002188 <clock_get_hz>
10001edc:	0029      	movs	r1, r5
10001ede:	00c0      	lsls	r0, r0, #3
10001ee0:	f000 fbac 	bl	1000263c <__wrap___aeabi_uidiv>
10001ee4:	3001      	adds	r0, #1
10001ee6:	09c3      	lsrs	r3, r0, #7
10001ee8:	d11e      	bne.n	10001f28 <uart_init+0x9c>
10001eea:	2740      	movs	r7, #64	@ 0x40
10001eec:	2201      	movs	r2, #1
10001eee:	6262      	str	r2, [r4, #36]	@ 0x24
10001ef0:	62a3      	str	r3, [r4, #40]	@ 0x28
10001ef2:	6b26      	ldr	r6, [r4, #48]	@ 0x30
10001ef4:	07f3      	lsls	r3, r6, #31
10001ef6:	d422      	bmi.n	10001f3e <uart_init+0xb2>
10001ef8:	6ae3      	ldr	r3, [r4, #44]	@ 0x2c
10001efa:	4b25      	ldr	r3, [pc, #148]	@ (10001f90 <uart_init+0x104>)
10001efc:	2006      	movs	r0, #6
10001efe:	18e5      	adds	r5, r4, r3
10001f00:	2300      	movs	r3, #0
10001f02:	602b      	str	r3, [r5, #0]
10001f04:	6326      	str	r6, [r4, #48]	@ 0x30
10001f06:	f000 f93f 	bl	10002188 <clock_get_hz>
10001f0a:	0039      	movs	r1, r7
10001f0c:	0080      	lsls	r0, r0, #2
10001f0e:	f000 fb95 	bl	1000263c <__wrap___aeabi_uidiv>
10001f12:	2370      	movs	r3, #112	@ 0x70
10001f14:	6ae2      	ldr	r2, [r4, #44]	@ 0x2c
10001f16:	405a      	eors	r2, r3
10001f18:	330e      	adds	r3, #14
10001f1a:	4013      	ands	r3, r2
10001f1c:	602b      	str	r3, [r5, #0]
10001f1e:	4b1d      	ldr	r3, [pc, #116]	@ (10001f94 <uart_init+0x108>)
10001f20:	6323      	str	r3, [r4, #48]	@ 0x30
10001f22:	2303      	movs	r3, #3
10001f24:	64a3      	str	r3, [r4, #72]	@ 0x48
10001f26:	bdf8      	pop	{r3, r4, r5, r6, r7, pc}
10001f28:	4a1b      	ldr	r2, [pc, #108]	@ (10001f98 <uart_init+0x10c>)
10001f2a:	4293      	cmp	r3, r2
10001f2c:	d91e      	bls.n	10001f6c <uart_init+0xe0>
10001f2e:	2300      	movs	r3, #0
10001f30:	4a1a      	ldr	r2, [pc, #104]	@ (10001f9c <uart_init+0x110>)
10001f32:	4f1b      	ldr	r7, [pc, #108]	@ (10001fa0 <uart_init+0x114>)
10001f34:	6262      	str	r2, [r4, #36]	@ 0x24
10001f36:	62a3      	str	r3, [r4, #40]	@ 0x28
10001f38:	6b26      	ldr	r6, [r4, #48]	@ 0x30
10001f3a:	07f3      	lsls	r3, r6, #31
10001f3c:	d5dc      	bpl.n	10001ef8 <uart_init+0x6c>
10001f3e:	4b19      	ldr	r3, [pc, #100]	@ (10001fa4 <uart_init+0x118>)
10001f40:	4a14      	ldr	r2, [pc, #80]	@ (10001f94 <uart_init+0x108>)
10001f42:	18e3      	adds	r3, r4, r3
10001f44:	601a      	str	r2, [r3, #0]
10001f46:	6a65      	ldr	r5, [r4, #36]	@ 0x24
10001f48:	6aa3      	ldr	r3, [r4, #40]	@ 0x28
10001f4a:	2006      	movs	r0, #6
10001f4c:	01ad      	lsls	r5, r5, #6
10001f4e:	18ed      	adds	r5, r5, r3
10001f50:	f000 f91a 	bl	10002188 <clock_get_hz>
10001f54:	4914      	ldr	r1, [pc, #80]	@ (10001fa8 <uart_init+0x11c>)
10001f56:	f000 fb71 	bl	1000263c <__wrap___aeabi_uidiv>
10001f5a:	02ad      	lsls	r5, r5, #10
10001f5c:	0001      	movs	r1, r0
10001f5e:	0028      	movs	r0, r5
10001f60:	f000 fb6c 	bl	1000263c <__wrap___aeabi_uidiv>
10001f64:	2100      	movs	r1, #0
10001f66:	f7ff ff4d 	bl	10001e04 <busy_wait_us>
10001f6a:	e7c5      	b.n	10001ef8 <uart_init+0x6c>
10001f6c:	0640      	lsls	r0, r0, #25
10001f6e:	0e80      	lsrs	r0, r0, #26
10001f70:	019f      	lsls	r7, r3, #6
10001f72:	001a      	movs	r2, r3
10001f74:	183f      	adds	r7, r7, r0
10001f76:	0003      	movs	r3, r0
10001f78:	e7b9      	b.n	10001eee <uart_init+0x62>
10001f7a:	46c0      	nop			@ (mov r8, r8)
10001f7c:	bffc8000 	.word	0xbffc8000
10001f80:	4000c008 	.word	0x4000c008
10001f84:	4000e000 	.word	0x4000e000
10001f88:	4000f000 	.word	0x4000f000
10001f8c:	20004cdc 	.word	0x20004cdc
10001f90:	0000102c 	.word	0x0000102c
10001f94:	00000301 	.word	0x00000301
10001f98:	0000fffe 	.word	0x0000fffe
10001f9c:	0000ffff 	.word	0x0000ffff
10001fa0:	003fffc0 	.word	0x003fffc0
10001fa4:	00003030 	.word	0x00003030
10001fa8:	00000e4e 	.word	0x00000e4e

10001fac <clock_configure_int_divider>:
10001fac:	b5f8      	push	{r3, r4, r5, r6, r7, lr}
10001fae:	46de      	mov	lr, fp
10001fb0:	464e      	mov	r6, r9
10001fb2:	4657      	mov	r7, sl
10001fb4:	4645      	mov	r5, r8
10001fb6:	b5e0      	push	{r5, r6, r7, lr}
10001fb8:	468b      	mov	fp, r1
10001fba:	0005      	movs	r5, r0
10001fbc:	990a      	ldr	r1, [sp, #40]	@ 0x28
10001fbe:	0018      	movs	r0, r3
10001fc0:	0016      	movs	r6, r2
10001fc2:	f000 fb3b 	bl	1000263c <__wrap___aeabi_uidiv>
10001fc6:	9b0a      	ldr	r3, [sp, #40]	@ 0x28
10001fc8:	006c      	lsls	r4, r5, #1
10001fca:	021f      	lsls	r7, r3, #8
10001fcc:	4b32      	ldr	r3, [pc, #200]	@ (10002098 <clock_configure_int_divider+0xec>)
10001fce:	1964      	adds	r4, r4, r5
10001fd0:	469c      	mov	ip, r3
10001fd2:	00a4      	lsls	r4, r4, #2
10001fd4:	4464      	add	r4, ip
10001fd6:	6863      	ldr	r3, [r4, #4]
10001fd8:	4681      	mov	r9, r0
10001fda:	429f      	cmp	r7, r3
10001fdc:	d900      	bls.n	10001fe0 <clock_configure_int_divider+0x34>
10001fde:	6067      	str	r7, [r4, #4]
10001fe0:	1f2b      	subs	r3, r5, #4
10001fe2:	b2db      	uxtb	r3, r3
10001fe4:	4698      	mov	r8, r3
10001fe6:	2b01      	cmp	r3, #1
10001fe8:	d930      	bls.n	1000204c <clock_configure_int_divider+0xa0>
10001fea:	23c0      	movs	r3, #192	@ 0xc0
10001fec:	2280      	movs	r2, #128	@ 0x80
10001fee:	019b      	lsls	r3, r3, #6
10001ff0:	18e3      	adds	r3, r4, r3
10001ff2:	0112      	lsls	r2, r2, #4
10001ff4:	601a      	str	r2, [r3, #0]
10001ff6:	4b29      	ldr	r3, [pc, #164]	@ (1000209c <clock_configure_int_divider+0xf0>)
10001ff8:	00ad      	lsls	r5, r5, #2
10001ffa:	5959      	ldr	r1, [r3, r5]
10001ffc:	469a      	mov	sl, r3
10001ffe:	2900      	cmp	r1, #0
10002000:	d11b      	bne.n	1000203a <clock_configure_int_divider+0x8e>
10002002:	0173      	lsls	r3, r6, #5
10002004:	26e0      	movs	r6, #224	@ 0xe0
10002006:	6822      	ldr	r2, [r4, #0]
10002008:	4053      	eors	r3, r2
1000200a:	401e      	ands	r6, r3
1000200c:	2380      	movs	r3, #128	@ 0x80
1000200e:	4642      	mov	r2, r8
10002010:	015b      	lsls	r3, r3, #5
10002012:	18e3      	adds	r3, r4, r3
10002014:	601e      	str	r6, [r3, #0]
10002016:	2a01      	cmp	r2, #1
10002018:	d930      	bls.n	1000207c <clock_configure_int_divider+0xd0>
1000201a:	2380      	movs	r3, #128	@ 0x80
1000201c:	2280      	movs	r2, #128	@ 0x80
1000201e:	019b      	lsls	r3, r3, #6
10002020:	18e3      	adds	r3, r4, r3
10002022:	0112      	lsls	r2, r2, #4
10002024:	601a      	str	r2, [r3, #0]
10002026:	4653      	mov	r3, sl
10002028:	464a      	mov	r2, r9
1000202a:	6067      	str	r7, [r4, #4]
1000202c:	515a      	str	r2, [r3, r5]
1000202e:	bcf0      	pop	{r4, r5, r6, r7}
10002030:	46bb      	mov	fp, r7
10002032:	46b2      	mov	sl, r6
10002034:	46a9      	mov	r9, r5
10002036:	46a0      	mov	r8, r4
10002038:	bdf8      	pop	{r3, r4, r5, r6, r7, pc}
1000203a:	6958      	ldr	r0, [r3, #20]
1000203c:	f000 fafe 	bl	1000263c <__wrap___aeabi_uidiv>
10002040:	3001      	adds	r0, #1
10002042:	0043      	lsls	r3, r0, #1
10002044:	181b      	adds	r3, r3, r0
10002046:	3b03      	subs	r3, #3
10002048:	d2fd      	bcs.n	10002046 <clock_configure_int_divider+0x9a>
1000204a:	e7da      	b.n	10002002 <clock_configure_int_divider+0x56>
1000204c:	465b      	mov	r3, fp
1000204e:	2b01      	cmp	r3, #1
10002050:	d1cb      	bne.n	10001fea <clock_configure_int_divider+0x3e>
10002052:	23c0      	movs	r3, #192	@ 0xc0
10002054:	2203      	movs	r2, #3
10002056:	019b      	lsls	r3, r3, #6
10002058:	18e3      	adds	r3, r4, r3
1000205a:	601a      	str	r2, [r3, #0]
1000205c:	3a02      	subs	r2, #2
1000205e:	68a3      	ldr	r3, [r4, #8]
10002060:	421a      	tst	r2, r3
10002062:	d0fc      	beq.n	1000205e <clock_configure_int_divider+0xb2>
10002064:	0173      	lsls	r3, r6, #5
10002066:	26e0      	movs	r6, #224	@ 0xe0
10002068:	6822      	ldr	r2, [r4, #0]
1000206a:	00ad      	lsls	r5, r5, #2
1000206c:	4053      	eors	r3, r2
1000206e:	401e      	ands	r6, r3
10002070:	2380      	movs	r3, #128	@ 0x80
10002072:	4a0a      	ldr	r2, [pc, #40]	@ (1000209c <clock_configure_int_divider+0xf0>)
10002074:	015b      	lsls	r3, r3, #5
10002076:	4692      	mov	sl, r2
10002078:	18e3      	adds	r3, r4, r3
1000207a:	601e      	str	r6, [r3, #0]
1000207c:	465a      	mov	r2, fp
1000207e:	6821      	ldr	r1, [r4, #0]
10002080:	4051      	eors	r1, r2
10002082:	2203      	movs	r2, #3
10002084:	400a      	ands	r2, r1
10002086:	601a      	str	r2, [r3, #0]
10002088:	2201      	movs	r2, #1
1000208a:	465b      	mov	r3, fp
1000208c:	409a      	lsls	r2, r3
1000208e:	68a3      	ldr	r3, [r4, #8]
10002090:	421a      	tst	r2, r3
10002092:	d0fc      	beq.n	1000208e <clock_configure_int_divider+0xe2>
10002094:	e7c1      	b.n	1000201a <clock_configure_int_divider+0x6e>
10002096:	46c0      	nop			@ (mov r8, r8)
10002098:	40008000 	.word	0x40008000
1000209c:	20002f3c 	.word	0x20002f3c

100020a0 <clock_configure_undivided>:
100020a0:	b5f0      	push	{r4, r5, r6, r7, lr}
100020a2:	4646      	mov	r6, r8
100020a4:	464f      	mov	r7, r9
100020a6:	46d6      	mov	lr, sl
100020a8:	b5c0      	push	{r6, r7, lr}
100020aa:	001f      	movs	r7, r3
100020ac:	4b34      	ldr	r3, [pc, #208]	@ (10002180 <clock_configure_undivided+0xe0>)
100020ae:	0044      	lsls	r4, r0, #1
100020b0:	469c      	mov	ip, r3
100020b2:	1824      	adds	r4, r4, r0
100020b4:	00a4      	lsls	r4, r4, #2
100020b6:	4464      	add	r4, ip
100020b8:	6863      	ldr	r3, [r4, #4]
100020ba:	4688      	mov	r8, r1
100020bc:	0016      	movs	r6, r2
100020be:	2bff      	cmp	r3, #255	@ 0xff
100020c0:	d802      	bhi.n	100020c8 <clock_configure_undivided+0x28>
100020c2:	2380      	movs	r3, #128	@ 0x80
100020c4:	005b      	lsls	r3, r3, #1
100020c6:	6063      	str	r3, [r4, #4]
100020c8:	1f03      	subs	r3, r0, #4
100020ca:	b2db      	uxtb	r3, r3
100020cc:	469a      	mov	sl, r3
100020ce:	2b01      	cmp	r3, #1
100020d0:	d930      	bls.n	10002134 <clock_configure_undivided+0x94>
100020d2:	23c0      	movs	r3, #192	@ 0xc0
100020d4:	2280      	movs	r2, #128	@ 0x80
100020d6:	019b      	lsls	r3, r3, #6
100020d8:	18e3      	adds	r3, r4, r3
100020da:	0112      	lsls	r2, r2, #4
100020dc:	601a      	str	r2, [r3, #0]
100020de:	4b29      	ldr	r3, [pc, #164]	@ (10002184 <clock_configure_undivided+0xe4>)
100020e0:	0085      	lsls	r5, r0, #2
100020e2:	5959      	ldr	r1, [r3, r5]
100020e4:	4699      	mov	r9, r3
100020e6:	2900      	cmp	r1, #0
100020e8:	d11b      	bne.n	10002122 <clock_configure_undivided+0x82>
100020ea:	0173      	lsls	r3, r6, #5
100020ec:	26e0      	movs	r6, #224	@ 0xe0
100020ee:	6822      	ldr	r2, [r4, #0]
100020f0:	4053      	eors	r3, r2
100020f2:	401e      	ands	r6, r3
100020f4:	2380      	movs	r3, #128	@ 0x80
100020f6:	4652      	mov	r2, sl
100020f8:	015b      	lsls	r3, r3, #5
100020fa:	18e3      	adds	r3, r4, r3
100020fc:	601e      	str	r6, [r3, #0]
100020fe:	2a01      	cmp	r2, #1
10002100:	d930      	bls.n	10002164 <clock_configure_undivided+0xc4>
10002102:	2380      	movs	r3, #128	@ 0x80
10002104:	2280      	movs	r2, #128	@ 0x80
10002106:	019b      	lsls	r3, r3, #6
10002108:	18e3      	adds	r3, r4, r3
1000210a:	0112      	lsls	r2, r2, #4
1000210c:	601a      	str	r2, [r3, #0]
1000210e:	2380      	movs	r3, #128	@ 0x80
10002110:	005b      	lsls	r3, r3, #1
10002112:	6063      	str	r3, [r4, #4]
10002114:	464b      	mov	r3, r9
10002116:	515f      	str	r7, [r3, r5]
10002118:	bce0      	pop	{r5, r6, r7}
1000211a:	46ba      	mov	sl, r7
1000211c:	46b1      	mov	r9, r6
1000211e:	46a8      	mov	r8, r5
10002120:	bdf0      	pop	{r4, r5, r6, r7, pc}
10002122:	6958      	ldr	r0, [r3, #20]
10002124:	f000 fa8a 	bl	1000263c <__wrap___aeabi_uidiv>
10002128:	3001      	adds	r0, #1
1000212a:	0043      	lsls	r3, r0, #1
1000212c:	181b      	adds	r3, r3, r0
1000212e:	3b03      	subs	r3, #3
10002130:	d2fd      	bcs.n	1000212e <clock_configure_undivided+0x8e>
10002132:	e7da      	b.n	100020ea <clock_configure_undivided+0x4a>
10002134:	4643      	mov	r3, r8
10002136:	2b01      	cmp	r3, #1
10002138:	d1cb      	bne.n	100020d2 <clock_configure_undivided+0x32>
1000213a:	23c0      	movs	r3, #192	@ 0xc0
1000213c:	2203      	movs	r2, #3
1000213e:	019b      	lsls	r3, r3, #6
10002140:	18e3      	adds	r3, r4, r3
10002142:	601a      	str	r2, [r3, #0]
10002144:	3a02      	subs	r2, #2
10002146:	68a3      	ldr	r3, [r4, #8]
10002148:	421a      	tst	r2, r3
1000214a:	d0fc      	beq.n	10002146 <clock_configure_undivided+0xa6>
1000214c:	0173      	lsls	r3, r6, #5
1000214e:	26e0      	movs	r6, #224	@ 0xe0
10002150:	6822      	ldr	r2, [r4, #0]
10002152:	0085      	lsls	r5, r0, #2
10002154:	4053      	eors	r3, r2
10002156:	401e      	ands	r6, r3
10002158:	2380      	movs	r3, #128	@ 0x80
1000215a:	4a0a      	ldr	r2, [pc, #40]	@ (10002184 <clock_configure_undivided+0xe4>)
1000215c:	015b      	lsls	r3, r3, #5
1000215e:	4691      	mov	r9, r2
10002160:	18e3      	adds	r3, r4, r3
10002162:	601e      	str	r6, [r3, #0]
10002164:	4642      	mov	r2, r8
10002166:	6821      	ldr	r1, [r4, #0]
10002168:	4051      	eors	r1, r2
1000216a:	2203      	movs	r2, #3
1000216c:	400a      	ands	r2, r1
1000216e:	601a      	str	r2, [r3, #0]
10002170:	2301      	movs	r3, #1
10002172:	4642      	mov	r2, r8
10002174:	4093      	lsls	r3, r2
10002176:	68a2      	ldr	r2, [r4, #8]
10002178:	4213      	tst	r3, r2
1000217a:	d0fc      	beq.n	10002176 <clock_configure_undivided+0xd6>
1000217c:	e7c1      	b.n	10002102 <clock_configure_undivided+0x62>
1000217e:	46c0      	nop			@ (mov r8, r8)
10002180:	40008000 	.word	0x40008000
10002184:	20002f3c 	.word	0x20002f3c

10002188 <clock_get_hz>:
10002188:	4b01      	ldr	r3, [pc, #4]	@ (10002190 <clock_get_hz+0x8>)
1000218a:	0080      	lsls	r0, r0, #2
1000218c:	58c0      	ldr	r0, [r0, r3]
1000218e:	4770      	bx	lr
10002190:	20002f3c 	.word	0x20002f3c

10002194 <pll_init>:
10002194:	b5f8      	push	{r3, r4, r5, r6, r7, lr}
10002196:	0004      	movs	r4, r0
10002198:	4821      	ldr	r0, [pc, #132]	@ (10002220 <pll_init+0x8c>)
1000219a:	001e      	movs	r6, r3
1000219c:	0017      	movs	r7, r2
1000219e:	000d      	movs	r5, r1
100021a0:	f000 fa4c 	bl	1000263c <__wrap___aeabi_uidiv>
100021a4:	0001      	movs	r1, r0
100021a6:	0038      	movs	r0, r7
100021a8:	f000 fa48 	bl	1000263c <__wrap___aeabi_uidiv>
100021ac:	9b06      	ldr	r3, [sp, #24]
100021ae:	0436      	lsls	r6, r6, #16
100021b0:	031b      	lsls	r3, r3, #12
100021b2:	431e      	orrs	r6, r3
100021b4:	6823      	ldr	r3, [r4, #0]
100021b6:	2b00      	cmp	r3, #0
100021b8:	db20      	blt.n	100021fc <pll_init+0x68>
100021ba:	4b1a      	ldr	r3, [pc, #104]	@ (10002224 <pll_init+0x90>)
100021bc:	491a      	ldr	r1, [pc, #104]	@ (10002228 <pll_init+0x94>)
100021be:	18e3      	adds	r3, r4, r3
100021c0:	1e5a      	subs	r2, r3, #1
100021c2:	4193      	sbcs	r3, r2
100021c4:	2280      	movs	r2, #128	@ 0x80
100021c6:	0192      	lsls	r2, r2, #6
100021c8:	4694      	mov	ip, r2
100021ca:	425b      	negs	r3, r3
100021cc:	0b1b      	lsrs	r3, r3, #12
100021ce:	4a17      	ldr	r2, [pc, #92]	@ (1000222c <pll_init+0x98>)
100021d0:	031b      	lsls	r3, r3, #12
100021d2:	4463      	add	r3, ip
100021d4:	6013      	str	r3, [r2, #0]
100021d6:	4a16      	ldr	r2, [pc, #88]	@ (10002230 <pll_init+0x9c>)
100021d8:	6013      	str	r3, [r2, #0]
100021da:	001f      	movs	r7, r3
100021dc:	680a      	ldr	r2, [r1, #0]
100021de:	4397      	bics	r7, r2
100021e0:	d1fb      	bne.n	100021da <pll_init+0x46>
100021e2:	4b14      	ldr	r3, [pc, #80]	@ (10002234 <pll_init+0xa0>)
100021e4:	6025      	str	r5, [r4, #0]
100021e6:	18e2      	adds	r2, r4, r3
100021e8:	2321      	movs	r3, #33	@ 0x21
100021ea:	60a0      	str	r0, [r4, #8]
100021ec:	6013      	str	r3, [r2, #0]
100021ee:	6823      	ldr	r3, [r4, #0]
100021f0:	2b00      	cmp	r3, #0
100021f2:	dafc      	bge.n	100021ee <pll_init+0x5a>
100021f4:	2308      	movs	r3, #8
100021f6:	60e6      	str	r6, [r4, #12]
100021f8:	6013      	str	r3, [r2, #0]
100021fa:	bdf8      	pop	{r3, r4, r5, r6, r7, pc}
100021fc:	233f      	movs	r3, #63	@ 0x3f
100021fe:	6822      	ldr	r2, [r4, #0]
10002200:	4013      	ands	r3, r2
10002202:	42ab      	cmp	r3, r5
10002204:	d1d9      	bne.n	100021ba <pll_init+0x26>
10002206:	68a3      	ldr	r3, [r4, #8]
10002208:	051b      	lsls	r3, r3, #20
1000220a:	0d1b      	lsrs	r3, r3, #20
1000220c:	4283      	cmp	r3, r0
1000220e:	d1d4      	bne.n	100021ba <pll_init+0x26>
10002210:	22ee      	movs	r2, #238	@ 0xee
10002212:	68e3      	ldr	r3, [r4, #12]
10002214:	02d2      	lsls	r2, r2, #11
10002216:	4013      	ands	r3, r2
10002218:	42b3      	cmp	r3, r6
1000221a:	d1ce      	bne.n	100021ba <pll_init+0x26>
1000221c:	e7ed      	b.n	100021fa <pll_init+0x66>
1000221e:	46c0      	nop			@ (mov r8, r8)
10002220:	00b71b00 	.word	0x00b71b00
10002224:	bffd4000 	.word	0xbffd4000
10002228:	4000c008 	.word	0x4000c008
1000222c:	4000e000 	.word	0x4000e000
10002230:	4000f000 	.word	0x4000f000
10002234:	00003004 	.word	0x00003004

10002238 <watchdog_reboot>:
10002238:	b510      	push	{r4, lr}
1000223a:	2480      	movs	r4, #128	@ 0x80
1000223c:	4b1c      	ldr	r3, [pc, #112]	@ (100022b0 <watchdog_reboot+0x78>)
1000223e:	05e4      	lsls	r4, r4, #23
10002240:	601c      	str	r4, [r3, #0]
10002242:	2800      	cmp	r0, #0
10002244:	d01a      	beq.n	1000227c <watchdog_reboot+0x44>
10002246:	2301      	movs	r3, #1
10002248:	4c1a      	ldr	r4, [pc, #104]	@ (100022b4 <watchdog_reboot+0x7c>)
1000224a:	4318      	orrs	r0, r3
1000224c:	4b1a      	ldr	r3, [pc, #104]	@ (100022b8 <watchdog_reboot+0x80>)
1000224e:	61dc      	str	r4, [r3, #28]
10002250:	4c1a      	ldr	r4, [pc, #104]	@ (100022bc <watchdog_reboot+0x84>)
10002252:	4044      	eors	r4, r0
10002254:	621c      	str	r4, [r3, #32]
10002256:	6259      	str	r1, [r3, #36]	@ 0x24
10002258:	6298      	str	r0, [r3, #40]	@ 0x28
1000225a:	2180      	movs	r1, #128	@ 0x80
1000225c:	4b14      	ldr	r3, [pc, #80]	@ (100022b0 <watchdog_reboot+0x78>)
1000225e:	05c9      	lsls	r1, r1, #23
10002260:	6019      	str	r1, [r3, #0]
10002262:	4817      	ldr	r0, [pc, #92]	@ (100022c0 <watchdog_reboot+0x88>)
10002264:	4917      	ldr	r1, [pc, #92]	@ (100022c4 <watchdog_reboot+0x8c>)
10002266:	6008      	str	r0, [r1, #0]
10002268:	21e0      	movs	r1, #224	@ 0xe0
1000226a:	04c9      	lsls	r1, r1, #19
1000226c:	6019      	str	r1, [r3, #0]
1000226e:	2a00      	cmp	r2, #0
10002270:	d107      	bne.n	10002282 <watchdog_reboot+0x4a>
10002272:	2280      	movs	r2, #128	@ 0x80
10002274:	4b14      	ldr	r3, [pc, #80]	@ (100022c8 <watchdog_reboot+0x90>)
10002276:	0612      	lsls	r2, r2, #24
10002278:	601a      	str	r2, [r3, #0]
1000227a:	bd10      	pop	{r4, pc}
1000227c:	4b0e      	ldr	r3, [pc, #56]	@ (100022b8 <watchdog_reboot+0x80>)
1000227e:	61d8      	str	r0, [r3, #28]
10002280:	e7eb      	b.n	1000225a <watchdog_reboot+0x22>
10002282:	0153      	lsls	r3, r2, #5
10002284:	1a9b      	subs	r3, r3, r2
10002286:	009b      	lsls	r3, r3, #2
10002288:	189a      	adds	r2, r3, r2
1000228a:	2380      	movs	r3, #128	@ 0x80
1000228c:	0112      	lsls	r2, r2, #4
1000228e:	045b      	lsls	r3, r3, #17
10002290:	429a      	cmp	r2, r3
10002292:	d209      	bcs.n	100022a8 <watchdog_reboot+0x70>
10002294:	0013      	movs	r3, r2
10002296:	490d      	ldr	r1, [pc, #52]	@ (100022cc <watchdog_reboot+0x94>)
10002298:	600b      	str	r3, [r1, #0]
1000229a:	4b07      	ldr	r3, [pc, #28]	@ (100022b8 <watchdog_reboot+0x80>)
1000229c:	605a      	str	r2, [r3, #4]
1000229e:	2280      	movs	r2, #128	@ 0x80
100022a0:	4b09      	ldr	r3, [pc, #36]	@ (100022c8 <watchdog_reboot+0x90>)
100022a2:	05d2      	lsls	r2, r2, #23
100022a4:	601a      	str	r2, [r3, #0]
100022a6:	e7e8      	b.n	1000227a <watchdog_reboot+0x42>
100022a8:	4b09      	ldr	r3, [pc, #36]	@ (100022d0 <watchdog_reboot+0x98>)
100022aa:	001a      	movs	r2, r3
100022ac:	e7f3      	b.n	10002296 <watchdog_reboot+0x5e>
100022ae:	46c0      	nop			@ (mov r8, r8)
100022b0:	4005b000 	.word	0x4005b000
100022b4:	b007c0d3 	.word	0xb007c0d3
100022b8:	40058000 	.word	0x40058000
100022bc:	4ff83f2d 	.word	0x4ff83f2d
100022c0:	0001fffc 	.word	0x0001fffc
100022c4:	40012008 	.word	0x40012008
100022c8:	4005a000 	.word	0x4005a000
100022cc:	200033a4 	.word	0x200033a4
100022d0:	00ffffff 	.word	0x00ffffff

100022d4 <tick_start>:
100022d4:	2380      	movs	r3, #128	@ 0x80
100022d6:	4a02      	ldr	r2, [pc, #8]	@ (100022e0 <tick_start+0xc>)
100022d8:	009b      	lsls	r3, r3, #2
100022da:	430b      	orrs	r3, r1
100022dc:	62d3      	str	r3, [r2, #44]	@ 0x2c
100022de:	4770      	bx	lr
100022e0:	40058000 	.word	0x40058000

100022e4 <rom_func_lookup>:
100022e4:	2300      	movs	r3, #0
100022e6:	b510      	push	{r4, lr}
100022e8:	0001      	movs	r1, r0
100022ea:	8a98      	ldrh	r0, [r3, #20]
100022ec:	8b1b      	ldrh	r3, [r3, #24]
100022ee:	4798      	blx	r3
100022f0:	bd10      	pop	{r4, pc}
100022f2:	46c0      	nop			@ (mov r8, r8)

100022f4 <rom_data_lookup>:
100022f4:	2316      	movs	r3, #22
100022f6:	b510      	push	{r4, lr}
100022f8:	0001      	movs	r1, r0
100022fa:	8818      	ldrh	r0, [r3, #0]
100022fc:	3302      	adds	r3, #2
100022fe:	881b      	ldrh	r3, [r3, #0]
10002300:	4798      	blx	r3
10002302:	bd10      	pop	{r4, pc}

10002304 <rom_funcs_lookup>:
10002304:	b5f8      	push	{r3, r4, r5, r6, r7, lr}
10002306:	4647      	mov	r7, r8
10002308:	46ce      	mov	lr, r9
1000230a:	b580      	push	{r7, lr}
1000230c:	1e0f      	subs	r7, r1, #0
1000230e:	d018      	beq.n	10002342 <rom_funcs_lookup+0x3e>
10002310:	2314      	movs	r3, #20
10002312:	4699      	mov	r9, r3
10002314:	3304      	adds	r3, #4
10002316:	0004      	movs	r4, r0
10002318:	2500      	movs	r5, #0
1000231a:	2601      	movs	r6, #1
1000231c:	4698      	mov	r8, r3
1000231e:	464b      	mov	r3, r9
10002320:	8818      	ldrh	r0, [r3, #0]
10002322:	4643      	mov	r3, r8
10002324:	6821      	ldr	r1, [r4, #0]
10002326:	881b      	ldrh	r3, [r3, #0]
10002328:	4798      	blx	r3
1000232a:	c401      	stmia	r4!, {r0}
1000232c:	1e43      	subs	r3, r0, #1
1000232e:	4198      	sbcs	r0, r3
10002330:	3501      	adds	r5, #1
10002332:	4006      	ands	r6, r0
10002334:	42af      	cmp	r7, r5
10002336:	d1f2      	bne.n	1000231e <rom_funcs_lookup+0x1a>
10002338:	0030      	movs	r0, r6
1000233a:	bcc0      	pop	{r6, r7}
1000233c:	46b9      	mov	r9, r7
1000233e:	46b0      	mov	r8, r6
10002340:	bdf8      	pop	{r3, r4, r5, r6, r7, pc}
10002342:	2601      	movs	r6, #1
10002344:	e7f8      	b.n	10002338 <rom_funcs_lookup+0x34>
10002346:	46c0      	nop			@ (mov r8, r8)

10002348 <rom_reset_usb_boot_extra>:
10002348:	2300      	movs	r3, #0
1000234a:	b570      	push	{r4, r5, r6, lr}
1000234c:	0004      	movs	r4, r0
1000234e:	000d      	movs	r5, r1
10002350:	8a98      	ldrh	r0, [r3, #20]
10002352:	4905      	ldr	r1, [pc, #20]	@ (10002368 <rom_reset_usb_boot_extra+0x20>)
10002354:	8b1b      	ldrh	r3, [r3, #24]
10002356:	4798      	blx	r3
10002358:	0003      	movs	r3, r0
1000235a:	2000      	movs	r0, #0
1000235c:	2c00      	cmp	r4, #0
1000235e:	db01      	blt.n	10002364 <rom_reset_usb_boot_extra+0x1c>
10002360:	3001      	adds	r0, #1
10002362:	40a0      	lsls	r0, r4
10002364:	0029      	movs	r1, r5
10002366:	4798      	blx	r3
10002368:	00004255 	.word	0x00004255

1000236c <xosc_init>:
1000236c:	23aa      	movs	r3, #170	@ 0xaa
1000236e:	4a06      	ldr	r2, [pc, #24]	@ (10002388 <xosc_init+0x1c>)
10002370:	011b      	lsls	r3, r3, #4
10002372:	6013      	str	r3, [r2, #0]
10002374:	238d      	movs	r3, #141	@ 0x8d
10002376:	005b      	lsls	r3, r3, #1
10002378:	60d3      	str	r3, [r2, #12]
1000237a:	4904      	ldr	r1, [pc, #16]	@ (1000238c <xosc_init+0x20>)
1000237c:	4b04      	ldr	r3, [pc, #16]	@ (10002390 <xosc_init+0x24>)
1000237e:	6019      	str	r1, [r3, #0]
10002380:	6853      	ldr	r3, [r2, #4]
10002382:	2b00      	cmp	r3, #0
10002384:	dafc      	bge.n	10002380 <xosc_init+0x14>
10002386:	4770      	bx	lr
10002388:	40024000 	.word	0x40024000
1000238c:	00fab000 	.word	0x00fab000
10002390:	40026000 	.word	0x40026000

10002394 <first_per_core_initializer>:
10002394:	4770      	bx	lr
10002396:	46c0      	nop			@ (mov r8, r8)

10002398 <hard_assertion_failure>:
10002398:	b510      	push	{r4, lr}
1000239a:	4801      	ldr	r0, [pc, #4]	@ (100023a0 <hard_assertion_failure+0x8>)
1000239c:	f7fe fd44 	bl	10000e28 <panic>
100023a0:	1000b0d4 	.word	0x1000b0d4

100023a4 <runtime_run_initializers>:
100023a4:	b570      	push	{r4, r5, r6, lr}
100023a6:	4d07      	ldr	r5, [pc, #28]	@ (100023c4 <runtime_run_initializers+0x20>)
100023a8:	4e07      	ldr	r6, [pc, #28]	@ (100023c8 <runtime_run_initializers+0x24>)
100023aa:	42b5      	cmp	r5, r6
100023ac:	d209      	bcs.n	100023c2 <runtime_run_initializers+0x1e>
100023ae:	2400      	movs	r4, #0
100023b0:	3e01      	subs	r6, #1
100023b2:	1b76      	subs	r6, r6, r5
100023b4:	08b6      	lsrs	r6, r6, #2
100023b6:	cd08      	ldmia	r5!, {r3}
100023b8:	4798      	blx	r3
100023ba:	0023      	movs	r3, r4
100023bc:	3401      	adds	r4, #1
100023be:	42b3      	cmp	r3, r6
100023c0:	d1f9      	bne.n	100023b6 <runtime_run_initializers+0x12>
100023c2:	bd70      	pop	{r4, r5, r6, pc}
100023c4:	1000afa8 	.word	0x1000afa8
100023c8:	1000afe4 	.word	0x1000afe4

100023cc <runtime_init_early_resets>:
100023cc:	4b05      	ldr	r3, [pc, #20]	@ (100023e4 <runtime_init_early_resets+0x18>)
100023ce:	4a06      	ldr	r2, [pc, #24]	@ (100023e8 <runtime_init_early_resets+0x1c>)
100023d0:	4906      	ldr	r1, [pc, #24]	@ (100023ec <runtime_init_early_resets+0x20>)
100023d2:	601a      	str	r2, [r3, #0]
100023d4:	4a06      	ldr	r2, [pc, #24]	@ (100023f0 <runtime_init_early_resets+0x24>)
100023d6:	4b07      	ldr	r3, [pc, #28]	@ (100023f4 <runtime_init_early_resets+0x28>)
100023d8:	601a      	str	r2, [r3, #0]
100023da:	0010      	movs	r0, r2
100023dc:	680b      	ldr	r3, [r1, #0]
100023de:	4398      	bics	r0, r3
100023e0:	d1fb      	bne.n	100023da <runtime_init_early_resets+0xe>
100023e2:	4770      	bx	lr
100023e4:	4000e000 	.word	0x4000e000
100023e8:	fefbcdbf 	.word	0xfefbcdbf
100023ec:	4000c008 	.word	0x4000c008
100023f0:	003c7ffe 	.word	0x003c7ffe
100023f4:	4000f000 	.word	0x4000f000

100023f8 <runtime_init_usb_power_down>:
100023f8:	4b04      	ldr	r3, [pc, #16]	@ (1000240c <runtime_init_usb_power_down+0x14>)
100023fa:	6cdb      	ldr	r3, [r3, #76]	@ 0x4c
100023fc:	2b00      	cmp	r3, #0
100023fe:	d103      	bne.n	10002408 <runtime_init_usb_power_down+0x10>
10002400:	2280      	movs	r2, #128	@ 0x80
10002402:	4b03      	ldr	r3, [pc, #12]	@ (10002410 <runtime_init_usb_power_down+0x18>)
10002404:	02d2      	lsls	r2, r2, #11
10002406:	601a      	str	r2, [r3, #0]
10002408:	4770      	bx	lr
1000240a:	46c0      	nop			@ (mov r8, r8)
1000240c:	50110000 	.word	0x50110000
10002410:	5011204c 	.word	0x5011204c

10002414 <runtime_init_post_clock_resets>:
10002414:	4a04      	ldr	r2, [pc, #16]	@ (10002428 <runtime_init_post_clock_resets+0x14>)
10002416:	4b05      	ldr	r3, [pc, #20]	@ (1000242c <runtime_init_post_clock_resets+0x18>)
10002418:	601a      	str	r2, [r3, #0]
1000241a:	4a05      	ldr	r2, [pc, #20]	@ (10002430 <runtime_init_post_clock_resets+0x1c>)
1000241c:	6813      	ldr	r3, [r2, #0]
1000241e:	01db      	lsls	r3, r3, #7
10002420:	3380      	adds	r3, #128	@ 0x80
10002422:	d1fb      	bne.n	1000241c <runtime_init_post_clock_resets+0x8>
10002424:	4770      	bx	lr
10002426:	46c0      	nop			@ (mov r8, r8)
10002428:	01ffffff 	.word	0x01ffffff
1000242c:	4000f000 	.word	0x4000f000
10002430:	4000c008 	.word	0x4000c008

10002434 <runtime_init_rp2040_gpio_ie_disable>:
10002434:	2240      	movs	r2, #64	@ 0x40
10002436:	4b03      	ldr	r3, [pc, #12]	@ (10002444 <runtime_init_rp2040_gpio_ie_disable+0x10>)
10002438:	679a      	str	r2, [r3, #120]	@ 0x78
1000243a:	675a      	str	r2, [r3, #116]	@ 0x74
1000243c:	671a      	str	r2, [r3, #112]	@ 0x70
1000243e:	66da      	str	r2, [r3, #108]	@ 0x6c
10002440:	4770      	bx	lr
10002442:	46c0      	nop			@ (mov r8, r8)
10002444:	4001f000 	.word	0x4001f000

10002448 <runtime_init_spin_locks_reset>:
10002448:	b510      	push	{r4, lr}
1000244a:	f7fe fd89 	bl	10000f60 <spin_locks_reset>
1000244e:	bd10      	pop	{r4, pc}

10002450 <runtime_init_install_ram_vector_table>:
10002450:	b5f8      	push	{r3, r4, r5, r6, r7, lr}
10002452:	4927      	ldr	r1, [pc, #156]	@ (100024f0 <runtime_init_install_ram_vector_table+0xa0>)
10002454:	4c27      	ldr	r4, [pc, #156]	@ (100024f4 <runtime_init_install_ram_vector_table+0xa4>)
10002456:	4d28      	ldr	r5, [pc, #160]	@ (100024f8 <runtime_init_install_ram_vector_table+0xa8>)
10002458:	1a64      	subs	r4, r4, r1
1000245a:	10a6      	asrs	r6, r4, #2
1000245c:	0032      	movs	r2, r6
1000245e:	2e30      	cmp	r6, #48	@ 0x30
10002460:	d900      	bls.n	10002464 <runtime_init_install_ram_vector_table+0x14>
10002462:	2230      	movs	r2, #48	@ 0x30
10002464:	0028      	movs	r0, r5
10002466:	0092      	lsls	r2, r2, #2
10002468:	f001 f88a 	bl	10003580 <__wrap___aeabi_memcpy>
1000246c:	2cbc      	cmp	r4, #188	@ 0xbc
1000246e:	d83b      	bhi.n	100024e8 <runtime_init_install_ram_vector_table+0x98>
10002470:	2030      	movs	r0, #48	@ 0x30
10002472:	232f      	movs	r3, #47	@ 0x2f
10002474:	192c      	adds	r4, r5, r4
10002476:	0764      	lsls	r4, r4, #29
10002478:	4a20      	ldr	r2, [pc, #128]	@ (100024fc <runtime_init_install_ram_vector_table+0xac>)
1000247a:	1b80      	subs	r0, r0, r6
1000247c:	0fe4      	lsrs	r4, r4, #31
1000247e:	1b9b      	subs	r3, r3, r6
10002480:	2b05      	cmp	r3, #5
10002482:	d916      	bls.n	100024b2 <runtime_init_install_ram_vector_table+0x62>
10002484:	0037      	movs	r7, r6
10002486:	2c00      	cmp	r4, #0
10002488:	d002      	beq.n	10002490 <runtime_init_install_ram_vector_table+0x40>
1000248a:	00b3      	lsls	r3, r6, #2
1000248c:	1c77      	adds	r7, r6, #1
1000248e:	50ea      	str	r2, [r5, r3]
10002490:	1b00      	subs	r0, r0, r4
10002492:	1933      	adds	r3, r6, r4
10002494:	009b      	lsls	r3, r3, #2
10002496:	0841      	lsrs	r1, r0, #1
10002498:	18eb      	adds	r3, r5, r3
1000249a:	00c9      	lsls	r1, r1, #3
1000249c:	18c9      	adds	r1, r1, r3
1000249e:	601a      	str	r2, [r3, #0]
100024a0:	605a      	str	r2, [r3, #4]
100024a2:	3308      	adds	r3, #8
100024a4:	4299      	cmp	r1, r3
100024a6:	d1fa      	bne.n	1000249e <runtime_init_install_ram_vector_table+0x4e>
100024a8:	2301      	movs	r3, #1
100024aa:	4203      	tst	r3, r0
100024ac:	d01c      	beq.n	100024e8 <runtime_init_install_ram_vector_table+0x98>
100024ae:	4398      	bics	r0, r3
100024b0:	19c6      	adds	r6, r0, r7
100024b2:	00b3      	lsls	r3, r6, #2
100024b4:	50ea      	str	r2, [r5, r3]
100024b6:	1c73      	adds	r3, r6, #1
100024b8:	2e2f      	cmp	r6, #47	@ 0x2f
100024ba:	d015      	beq.n	100024e8 <runtime_init_install_ram_vector_table+0x98>
100024bc:	009b      	lsls	r3, r3, #2
100024be:	50ea      	str	r2, [r5, r3]
100024c0:	1cb3      	adds	r3, r6, #2
100024c2:	2e2e      	cmp	r6, #46	@ 0x2e
100024c4:	d010      	beq.n	100024e8 <runtime_init_install_ram_vector_table+0x98>
100024c6:	009b      	lsls	r3, r3, #2
100024c8:	50ea      	str	r2, [r5, r3]
100024ca:	1cf3      	adds	r3, r6, #3
100024cc:	2e2d      	cmp	r6, #45	@ 0x2d
100024ce:	d00b      	beq.n	100024e8 <runtime_init_install_ram_vector_table+0x98>
100024d0:	009b      	lsls	r3, r3, #2
100024d2:	50ea      	str	r2, [r5, r3]
100024d4:	1d33      	adds	r3, r6, #4
100024d6:	2e2c      	cmp	r6, #44	@ 0x2c
100024d8:	d006      	beq.n	100024e8 <runtime_init_install_ram_vector_table+0x98>
100024da:	009b      	lsls	r3, r3, #2
100024dc:	50ea      	str	r2, [r5, r3]
100024de:	1d73      	adds	r3, r6, #5
100024e0:	2e2b      	cmp	r6, #43	@ 0x2b
100024e2:	d001      	beq.n	100024e8 <runtime_init_install_ram_vector_table+0x98>
100024e4:	009b      	lsls	r3, r3, #2
100024e6:	50ea      	str	r2, [r5, r3]
100024e8:	4b05      	ldr	r3, [pc, #20]	@ (10002500 <runtime_init_install_ram_vector_table+0xb0>)
100024ea:	609d      	str	r5, [r3, #8]
100024ec:	bdf8      	pop	{r3, r4, r5, r6, r7, pc}
100024ee:	46c0      	nop			@ (mov r8, r8)
100024f0:	10000100 	.word	0x10000100
100024f4:	100001c0 	.word	0x100001c0
100024f8:	20000000 	.word	0x20000000
100024fc:	100001c1 	.word	0x100001c1
10002500:	e000ed00 	.word	0xe000ed00

10002504 <runtime_init_clocks>:
10002504:	2300      	movs	r3, #0
10002506:	b510      	push	{r4, lr}
10002508:	4c29      	ldr	r4, [pc, #164]	@ (100025b0 <runtime_init_clocks+0xac>)
1000250a:	b082      	sub	sp, #8
1000250c:	67a3      	str	r3, [r4, #120]	@ 0x78
1000250e:	f7ff ff2d 	bl	1000236c <xosc_init>
10002512:	2201      	movs	r2, #1
10002514:	4b27      	ldr	r3, [pc, #156]	@ (100025b4 <runtime_init_clocks+0xb0>)
10002516:	601a      	str	r2, [r3, #0]
10002518:	6c63      	ldr	r3, [r4, #68]	@ 0x44
1000251a:	2b01      	cmp	r3, #1
1000251c:	d1fc      	bne.n	10002518 <runtime_init_clocks+0x14>
1000251e:	2203      	movs	r2, #3
10002520:	4b25      	ldr	r3, [pc, #148]	@ (100025b8 <runtime_init_clocks+0xb4>)
10002522:	601a      	str	r2, [r3, #0]
10002524:	4a22      	ldr	r2, [pc, #136]	@ (100025b0 <runtime_init_clocks+0xac>)
10002526:	6b93      	ldr	r3, [r2, #56]	@ 0x38
10002528:	2b01      	cmp	r3, #1
1000252a:	d1fc      	bne.n	10002526 <runtime_init_clocks+0x22>
1000252c:	3301      	adds	r3, #1
1000252e:	9300      	str	r3, [sp, #0]
10002530:	2101      	movs	r1, #1
10002532:	4a22      	ldr	r2, [pc, #136]	@ (100025bc <runtime_init_clocks+0xb8>)
10002534:	4822      	ldr	r0, [pc, #136]	@ (100025c0 <runtime_init_clocks+0xbc>)
10002536:	3304      	adds	r3, #4
10002538:	f7ff fe2c 	bl	10002194 <pll_init>
1000253c:	2305      	movs	r3, #5
1000253e:	2101      	movs	r1, #1
10002540:	9300      	str	r3, [sp, #0]
10002542:	4a20      	ldr	r2, [pc, #128]	@ (100025c4 <runtime_init_clocks+0xc0>)
10002544:	4820      	ldr	r0, [pc, #128]	@ (100025c8 <runtime_init_clocks+0xc4>)
10002546:	f7ff fe25 	bl	10002194 <pll_init>
1000254a:	2200      	movs	r2, #0
1000254c:	2102      	movs	r1, #2
1000254e:	2004      	movs	r0, #4
10002550:	4b1e      	ldr	r3, [pc, #120]	@ (100025cc <runtime_init_clocks+0xc8>)
10002552:	f7ff fda5 	bl	100020a0 <clock_configure_undivided>
10002556:	2200      	movs	r2, #0
10002558:	2101      	movs	r1, #1
1000255a:	2005      	movs	r0, #5
1000255c:	4b1c      	ldr	r3, [pc, #112]	@ (100025d0 <runtime_init_clocks+0xcc>)
1000255e:	f7ff fd9f 	bl	100020a0 <clock_configure_undivided>
10002562:	2200      	movs	r2, #0
10002564:	2100      	movs	r1, #0
10002566:	2007      	movs	r0, #7
10002568:	4b1a      	ldr	r3, [pc, #104]	@ (100025d4 <runtime_init_clocks+0xd0>)
1000256a:	f7ff fd99 	bl	100020a0 <clock_configure_undivided>
1000256e:	2200      	movs	r2, #0
10002570:	2100      	movs	r1, #0
10002572:	2008      	movs	r0, #8
10002574:	4b17      	ldr	r3, [pc, #92]	@ (100025d4 <runtime_init_clocks+0xd0>)
10002576:	f7ff fd93 	bl	100020a0 <clock_configure_undivided>
1000257a:	2380      	movs	r3, #128	@ 0x80
1000257c:	00db      	lsls	r3, r3, #3
1000257e:	9300      	str	r3, [sp, #0]
10002580:	2200      	movs	r2, #0
10002582:	2100      	movs	r1, #0
10002584:	2009      	movs	r0, #9
10002586:	4b13      	ldr	r3, [pc, #76]	@ (100025d4 <runtime_init_clocks+0xd0>)
10002588:	f7ff fd10 	bl	10001fac <clock_configure_int_divider>
1000258c:	2200      	movs	r2, #0
1000258e:	4b10      	ldr	r3, [pc, #64]	@ (100025d0 <runtime_init_clocks+0xcc>)
10002590:	2100      	movs	r1, #0
10002592:	2006      	movs	r0, #6
10002594:	f7ff fd84 	bl	100020a0 <clock_configure_undivided>
10002598:	2004      	movs	r0, #4
1000259a:	f7ff fdf5 	bl	10002188 <clock_get_hz>
1000259e:	490e      	ldr	r1, [pc, #56]	@ (100025d8 <runtime_init_clocks+0xd4>)
100025a0:	f000 f84c 	bl	1000263c <__wrap___aeabi_uidiv>
100025a4:	0001      	movs	r1, r0
100025a6:	2000      	movs	r0, #0
100025a8:	f7ff fe94 	bl	100022d4 <tick_start>
100025ac:	b002      	add	sp, #8
100025ae:	bd10      	pop	{r4, pc}
100025b0:	40008000 	.word	0x40008000
100025b4:	4000b03c 	.word	0x4000b03c
100025b8:	4000b030 	.word	0x4000b030
100025bc:	59682f00 	.word	0x59682f00
100025c0:	40028000 	.word	0x40028000
100025c4:	47868c00 	.word	0x47868c00
100025c8:	4002c000 	.word	0x4002c000
100025cc:	00b71b00 	.word	0x00b71b00
100025d0:	07735940 	.word	0x07735940
100025d4:	02dc6c00 	.word	0x02dc6c00
100025d8:	000f4240 	.word	0x000f4240

100025dc <__aeabi_bits_init>:
100025dc:	4801      	ldr	r0, [pc, #4]	@ (100025e4 <__aeabi_bits_init+0x8>)
100025de:	2104      	movs	r1, #4
100025e0:	4b01      	ldr	r3, [pc, #4]	@ (100025e8 <__aeabi_bits_init+0xc>)
100025e2:	4718      	bx	r3
100025e4:	200010a0 	.word	0x200010a0
100025e8:	10002305 	.word	0x10002305

100025ec <__wrap___aeabi_idiv>:
100025ec:	4a12      	ldr	r2, [pc, #72]	@ (10002638 <divmod_s32s32_savestate+0x18>)
100025ee:	6f93      	ldr	r3, [r2, #120]	@ 0x78
100025f0:	089b      	lsrs	r3, r3, #2
100025f2:	d215      	bcs.n	10002620 <divmod_s32s32_savestate>

100025f4 <divmod_s32s32_unsafe>:
100025f4:	6690      	str	r0, [r2, #104]	@ 0x68
100025f6:	66d1      	str	r1, [r2, #108]	@ 0x6c
100025f8:	2900      	cmp	r1, #0
100025fa:	d005      	beq.n	10002608 <divmod_s32s32_unsafe+0x14>
100025fc:	e7ff      	b.n	100025fe <divmod_s32s32_unsafe+0xa>
100025fe:	e7ff      	b.n	10002600 <divmod_s32s32_unsafe+0xc>
10002600:	e7ff      	b.n	10002602 <divmod_s32s32_unsafe+0xe>
10002602:	6f51      	ldr	r1, [r2, #116]	@ 0x74
10002604:	6f10      	ldr	r0, [r2, #112]	@ 0x70
10002606:	4770      	bx	lr
10002608:	b504      	push	{r2, lr}
1000260a:	2180      	movs	r1, #128	@ 0x80
1000260c:	0609      	lsls	r1, r1, #24
1000260e:	17c2      	asrs	r2, r0, #31
10002610:	4051      	eors	r1, r2
10002612:	2800      	cmp	r0, #0
10002614:	d000      	beq.n	10002618 <divmod_s32s32_unsafe+0x24>
10002616:	43c8      	mvns	r0, r1
10002618:	f008 fc6e 	bl	1000aef8 <____aeabi_idiv0_veneer>
1000261c:	2100      	movs	r1, #0
1000261e:	bd04      	pop	{r2, pc}

10002620 <divmod_s32s32_savestate>:
10002620:	b5f0      	push	{r4, r5, r6, r7, lr}
10002622:	6e14      	ldr	r4, [r2, #96]	@ 0x60
10002624:	6e55      	ldr	r5, [r2, #100]	@ 0x64
10002626:	6f57      	ldr	r7, [r2, #116]	@ 0x74
10002628:	6f16      	ldr	r6, [r2, #112]	@ 0x70
1000262a:	f7ff ffe3 	bl	100025f4 <divmod_s32s32_unsafe>
1000262e:	6614      	str	r4, [r2, #96]	@ 0x60
10002630:	6655      	str	r5, [r2, #100]	@ 0x64
10002632:	6757      	str	r7, [r2, #116]	@ 0x74
10002634:	6716      	str	r6, [r2, #112]	@ 0x70
10002636:	bdf0      	pop	{r4, r5, r6, r7, pc}
10002638:	d0000000 	.word	0xd0000000

1000263c <__wrap___aeabi_uidiv>:
1000263c:	4a11      	ldr	r2, [pc, #68]	@ (10002684 <divmod_u32u32_savestate+0x18>)
1000263e:	6f93      	ldr	r3, [r2, #120]	@ 0x78
10002640:	089b      	lsrs	r3, r3, #2
10002642:	d213      	bcs.n	1000266c <divmod_u32u32_savestate>

10002644 <divmod_u32u32_unsafe>:
10002644:	6610      	str	r0, [r2, #96]	@ 0x60
10002646:	6651      	str	r1, [r2, #100]	@ 0x64
10002648:	2900      	cmp	r1, #0
1000264a:	d005      	beq.n	10002658 <divmod_u32u32_unsafe+0x14>
1000264c:	e7ff      	b.n	1000264e <divmod_u32u32_unsafe+0xa>
1000264e:	e7ff      	b.n	10002650 <divmod_u32u32_unsafe+0xc>
10002650:	e7ff      	b.n	10002652 <divmod_u32u32_unsafe+0xe>
10002652:	6f51      	ldr	r1, [r2, #116]	@ 0x74
10002654:	6f10      	ldr	r0, [r2, #112]	@ 0x70
10002656:	4770      	bx	lr
10002658:	b504      	push	{r2, lr}
1000265a:	2800      	cmp	r0, #0
1000265c:	d001      	beq.n	10002662 <divmod_u32u32_unsafe+0x1e>
1000265e:	2000      	movs	r0, #0
10002660:	43c0      	mvns	r0, r0
10002662:	f008 fc49 	bl	1000aef8 <____aeabi_idiv0_veneer>
10002666:	2100      	movs	r1, #0
10002668:	bd04      	pop	{r2, pc}
1000266a:	46c0      	nop			@ (mov r8, r8)

1000266c <divmod_u32u32_savestate>:
1000266c:	b5f0      	push	{r4, r5, r6, r7, lr}
1000266e:	6e14      	ldr	r4, [r2, #96]	@ 0x60
10002670:	6e55      	ldr	r5, [r2, #100]	@ 0x64
10002672:	6f57      	ldr	r7, [r2, #116]	@ 0x74
10002674:	6f16      	ldr	r6, [r2, #112]	@ 0x70
10002676:	f7ff ffe5 	bl	10002644 <divmod_u32u32_unsafe>
1000267a:	6614      	str	r4, [r2, #96]	@ 0x60
1000267c:	6655      	str	r5, [r2, #100]	@ 0x64
1000267e:	6757      	str	r7, [r2, #116]	@ 0x74
10002680:	6716      	str	r6, [r2, #112]	@ 0x70
10002682:	bdf0      	pop	{r4, r5, r6, r7, pc}
10002684:	d0000000 	.word	0xd0000000

10002688 <__wrap___aeabi_ldivmod>:
10002688:	4694      	mov	ip, r2
1000268a:	4a4a      	ldr	r2, [pc, #296]	@ (100027b4 <udiv0+0x1a>)
1000268c:	6f92      	ldr	r2, [r2, #120]	@ 0x78
1000268e:	0892      	lsrs	r2, r2, #2
10002690:	4662      	mov	r2, ip
10002692:	d201      	bcs.n	10002698 <divmod_s64s64_savestate>
10002694:	e028      	b.n	100026e8 <divmod_s64s64_unsafe>
10002696:	46c0      	nop			@ (mov r8, r8)

10002698 <divmod_s64s64_savestate>:
10002698:	b5f0      	push	{r4, r5, r6, r7, lr}
1000269a:	4e46      	ldr	r6, [pc, #280]	@ (100027b4 <udiv0+0x1a>)
1000269c:	6e34      	ldr	r4, [r6, #96]	@ 0x60
1000269e:	6e75      	ldr	r5, [r6, #100]	@ 0x64
100026a0:	6f77      	ldr	r7, [r6, #116]	@ 0x74
100026a2:	6f36      	ldr	r6, [r6, #112]	@ 0x70
100026a4:	f000 f820 	bl	100026e8 <divmod_s64s64_unsafe>
100026a8:	4694      	mov	ip, r2
100026aa:	4a42      	ldr	r2, [pc, #264]	@ (100027b4 <udiv0+0x1a>)
100026ac:	6614      	str	r4, [r2, #96]	@ 0x60
100026ae:	6655      	str	r5, [r2, #100]	@ 0x64
100026b0:	6757      	str	r7, [r2, #116]	@ 0x74
100026b2:	6716      	str	r6, [r2, #112]	@ 0x70
100026b4:	4662      	mov	r2, ip
100026b6:	bdf0      	pop	{r4, r5, r6, r7, pc}

100026b8 <__wrap___aeabi_uldivmod>:
100026b8:	4694      	mov	ip, r2
100026ba:	4a3e      	ldr	r2, [pc, #248]	@ (100027b4 <udiv0+0x1a>)
100026bc:	6f92      	ldr	r2, [r2, #120]	@ 0x78
100026be:	0892      	lsrs	r2, r2, #2
100026c0:	4662      	mov	r2, ip
100026c2:	d201      	bcs.n	100026c8 <divmod_u64u64_savestate>
100026c4:	e054      	b.n	10002770 <divmod_u64u64_unsafe>
100026c6:	46c0      	nop			@ (mov r8, r8)

100026c8 <divmod_u64u64_savestate>:
100026c8:	b5f0      	push	{r4, r5, r6, r7, lr}
100026ca:	4e3a      	ldr	r6, [pc, #232]	@ (100027b4 <udiv0+0x1a>)
100026cc:	6e34      	ldr	r4, [r6, #96]	@ 0x60
100026ce:	6e75      	ldr	r5, [r6, #100]	@ 0x64
100026d0:	6f77      	ldr	r7, [r6, #116]	@ 0x74
100026d2:	6f36      	ldr	r6, [r6, #112]	@ 0x70
100026d4:	f000 f84c 	bl	10002770 <divmod_u64u64_unsafe>
100026d8:	4694      	mov	ip, r2
100026da:	4a36      	ldr	r2, [pc, #216]	@ (100027b4 <udiv0+0x1a>)
100026dc:	6614      	str	r4, [r2, #96]	@ 0x60
100026de:	6655      	str	r5, [r2, #100]	@ 0x64
100026e0:	6757      	str	r7, [r2, #116]	@ 0x74
100026e2:	6716      	str	r6, [r2, #112]	@ 0x70
100026e4:	4662      	mov	r2, ip
100026e6:	bdf0      	pop	{r4, r5, r6, r7, pc}

100026e8 <divmod_s64s64_unsafe>:
100026e8:	2b00      	cmp	r3, #0
100026ea:	db24      	blt.n	10002736 <l42_1+0x26>
100026ec:	d011      	beq.n	10002712 <l42_1+0x2>
100026ee:	2900      	cmp	r1, #0
100026f0:	da3e      	bge.n	10002770 <divmod_u64u64_unsafe>
100026f2:	b500      	push	{lr}
100026f4:	43c9      	mvns	r1, r1
100026f6:	4240      	negs	r0, r0
100026f8:	d100      	bne.n	100026fc <l40_1>
100026fa:	3101      	adds	r1, #1

100026fc <l40_1>:
100026fc:	f000 f838 	bl	10002770 <divmod_u64u64_unsafe>
10002700:	43c9      	mvns	r1, r1
10002702:	4240      	negs	r0, r0
10002704:	d100      	bne.n	10002708 <l41_1>
10002706:	3101      	adds	r1, #1

10002708 <l41_1>:
10002708:	43db      	mvns	r3, r3
1000270a:	4252      	negs	r2, r2
1000270c:	d100      	bne.n	10002710 <l42_1>
1000270e:	3301      	adds	r3, #1

10002710 <l42_1>:
10002710:	bd00      	pop	{pc}
10002712:	2a00      	cmp	r2, #0
10002714:	d1eb      	bne.n	100026ee <divmod_s64s64_unsafe+0x6>
10002716:	2800      	cmp	r0, #0
10002718:	d101      	bne.n	1000271e <l42_1+0xe>
1000271a:	2900      	cmp	r1, #0
1000271c:	d005      	beq.n	1000272a <l42_1+0x1a>
1000271e:	2000      	movs	r0, #0
10002720:	0fc9      	lsrs	r1, r1, #31
10002722:	07c9      	lsls	r1, r1, #31
10002724:	d101      	bne.n	1000272a <l42_1+0x1a>
10002726:	43c0      	mvns	r0, r0
10002728:	0841      	lsrs	r1, r0, #1
1000272a:	b500      	push	{lr}
1000272c:	f008 fbdc 	bl	1000aee8 <____aeabi_ldiv0_veneer>
10002730:	2200      	movs	r2, #0
10002732:	2300      	movs	r3, #0
10002734:	bd00      	pop	{pc}
10002736:	b500      	push	{lr}
10002738:	2900      	cmp	r1, #0
1000273a:	db0a      	blt.n	10002752 <l44_1+0x2>
1000273c:	43db      	mvns	r3, r3
1000273e:	4252      	negs	r2, r2
10002740:	d100      	bne.n	10002744 <l43_1>
10002742:	3301      	adds	r3, #1

10002744 <l43_1>:
10002744:	f000 f814 	bl	10002770 <divmod_u64u64_unsafe>
10002748:	43c9      	mvns	r1, r1
1000274a:	4240      	negs	r0, r0
1000274c:	d100      	bne.n	10002750 <l44_1>
1000274e:	3101      	adds	r1, #1

10002750 <l44_1>:
10002750:	bd00      	pop	{pc}
10002752:	43c9      	mvns	r1, r1
10002754:	4240      	negs	r0, r0
10002756:	d100      	bne.n	1000275a <l45_1>
10002758:	3101      	adds	r1, #1

1000275a <l45_1>:
1000275a:	43db      	mvns	r3, r3
1000275c:	4252      	negs	r2, r2
1000275e:	d100      	bne.n	10002762 <l46_1>
10002760:	3301      	adds	r3, #1

10002762 <l46_1>:
10002762:	f000 f805 	bl	10002770 <divmod_u64u64_unsafe>
10002766:	43db      	mvns	r3, r3
10002768:	4252      	negs	r2, r2
1000276a:	d100      	bne.n	1000276e <l47_1>
1000276c:	3301      	adds	r3, #1

1000276e <l47_1>:
1000276e:	bd00      	pop	{pc}

10002770 <divmod_u64u64_unsafe>:
10002770:	2900      	cmp	r1, #0
10002772:	d123      	bne.n	100027bc <y64>
10002774:	2b00      	cmp	r3, #0
10002776:	d118      	bne.n	100027aa <udiv0+0x10>
10002778:	2a00      	cmp	r2, #0
1000277a:	d00c      	beq.n	10002796 <divmod_u64u64_unsafe+0x26>
1000277c:	46bc      	mov	ip, r7
1000277e:	4f0d      	ldr	r7, [pc, #52]	@ (100027b4 <udiv0+0x1a>)
10002780:	6638      	str	r0, [r7, #96]	@ 0x60
10002782:	667a      	str	r2, [r7, #100]	@ 0x64
10002784:	2100      	movs	r1, #0
10002786:	2300      	movs	r3, #0
10002788:	e7ff      	b.n	1000278a <divmod_u64u64_unsafe+0x1a>
1000278a:	e7ff      	b.n	1000278c <divmod_u64u64_unsafe+0x1c>
1000278c:	e7ff      	b.n	1000278e <divmod_u64u64_unsafe+0x1e>
1000278e:	6f7a      	ldr	r2, [r7, #116]	@ 0x74
10002790:	6f38      	ldr	r0, [r7, #112]	@ 0x70
10002792:	4667      	mov	r7, ip
10002794:	4770      	bx	lr
10002796:	2800      	cmp	r0, #0
10002798:	d001      	beq.n	1000279e <udiv0+0x4>

1000279a <udiv0>:
1000279a:	4807      	ldr	r0, [pc, #28]	@ (100027b8 <udiv0+0x1e>)
1000279c:	0001      	movs	r1, r0
1000279e:	b500      	push	{lr}
100027a0:	f008 fba2 	bl	1000aee8 <____aeabi_ldiv0_veneer>
100027a4:	2200      	movs	r2, #0
100027a6:	2300      	movs	r3, #0
100027a8:	bd00      	pop	{pc}
100027aa:	0002      	movs	r2, r0
100027ac:	000b      	movs	r3, r1
100027ae:	2000      	movs	r0, #0
100027b0:	2100      	movs	r1, #0
100027b2:	4770      	bx	lr
100027b4:	d0000000 	.word	0xd0000000
100027b8:	ffffffff 	.word	0xffffffff

100027bc <y64>:
100027bc:	2b00      	cmp	r3, #0
100027be:	d000      	beq.n	100027c2 <y64+0x6>
100027c0:	e0bf      	b.n	10002942 <y64_x48>
100027c2:	0c13      	lsrs	r3, r2, #16
100027c4:	d128      	bne.n	10002818 <y64_x32>
100027c6:	2a00      	cmp	r2, #0
100027c8:	d0e7      	beq.n	1000279a <udiv0>
100027ca:	b480      	push	{r7}
100027cc:	4f11      	ldr	r7, [pc, #68]	@ (10002814 <y64+0x58>)
100027ce:	6639      	str	r1, [r7, #96]	@ 0x60
100027d0:	667a      	str	r2, [r7, #100]	@ 0x64
100027d2:	e7ff      	b.n	100027d4 <y64+0x18>
100027d4:	e7ff      	b.n	100027d6 <y64+0x1a>
100027d6:	b430      	push	{r4, r5}
100027d8:	0c04      	lsrs	r4, r0, #16
100027da:	6f7b      	ldr	r3, [r7, #116]	@ 0x74
100027dc:	6f39      	ldr	r1, [r7, #112]	@ 0x70
100027de:	041b      	lsls	r3, r3, #16
100027e0:	4323      	orrs	r3, r4
100027e2:	663b      	str	r3, [r7, #96]	@ 0x60
100027e4:	667a      	str	r2, [r7, #100]	@ 0x64
100027e6:	e7ff      	b.n	100027e8 <y64+0x2c>
100027e8:	e7ff      	b.n	100027ea <y64+0x2e>
100027ea:	e7ff      	b.n	100027ec <y64+0x30>
100027ec:	46c0      	nop			@ (mov r8, r8)
100027ee:	b284      	uxth	r4, r0
100027f0:	6f7b      	ldr	r3, [r7, #116]	@ 0x74
100027f2:	6f3d      	ldr	r5, [r7, #112]	@ 0x70
100027f4:	041b      	lsls	r3, r3, #16
100027f6:	4323      	orrs	r3, r4
100027f8:	663b      	str	r3, [r7, #96]	@ 0x60
100027fa:	667a      	str	r2, [r7, #100]	@ 0x64
100027fc:	e7ff      	b.n	100027fe <y64+0x42>
100027fe:	e7ff      	b.n	10002800 <y64+0x44>
10002800:	46c0      	nop			@ (mov r8, r8)
10002802:	2300      	movs	r3, #0
10002804:	042c      	lsls	r4, r5, #16
10002806:	0c2d      	lsrs	r5, r5, #16
10002808:	6f7a      	ldr	r2, [r7, #116]	@ 0x74
1000280a:	6f38      	ldr	r0, [r7, #112]	@ 0x70
1000280c:	1900      	adds	r0, r0, r4
1000280e:	4169      	adcs	r1, r5
10002810:	bcb0      	pop	{r4, r5, r7}
10002812:	4770      	bx	lr
10002814:	d0000000 	.word	0xd0000000

10002818 <y64_x32>:
10002818:	b5f0      	push	{r4, r5, r6, r7, lr}
1000281a:	4694      	mov	ip, r2
1000281c:	2500      	movs	r5, #0
1000281e:	0e14      	lsrs	r4, r2, #24
10002820:	d101      	bne.n	10002826 <y64_x32+0xe>
10002822:	0212      	lsls	r2, r2, #8
10002824:	3508      	adds	r5, #8
10002826:	0f14      	lsrs	r4, r2, #28
10002828:	d101      	bne.n	1000282e <y64_x32+0x16>
1000282a:	0112      	lsls	r2, r2, #4
1000282c:	3504      	adds	r5, #4
1000282e:	0f94      	lsrs	r4, r2, #30
10002830:	d101      	bne.n	10002836 <y64_x32+0x1e>
10002832:	0092      	lsls	r2, r2, #2
10002834:	3502      	adds	r5, #2
10002836:	0fd4      	lsrs	r4, r2, #31
10002838:	d101      	bne.n	1000283e <y64_x32+0x26>
1000283a:	0052      	lsls	r2, r2, #1
1000283c:	3501      	adds	r5, #1
1000283e:	0bd4      	lsrs	r4, r2, #15
10002840:	3401      	adds	r4, #1
10002842:	4f25      	ldr	r7, [pc, #148]	@ (100028d8 <y64_x32+0xc0>)
10002844:	667c      	str	r4, [r7, #100]	@ 0x64
10002846:	4c25      	ldr	r4, [pc, #148]	@ (100028dc <y64_x32+0xc4>)
10002848:	663c      	str	r4, [r7, #96]	@ 0x60
1000284a:	0c0e      	lsrs	r6, r1, #16
1000284c:	b293      	uxth	r3, r2
1000284e:	e7ff      	b.n	10002850 <y64_x32+0x38>
10002850:	e7ff      	b.n	10002852 <y64_x32+0x3a>
10002852:	e7ff      	b.n	10002854 <y64_x32+0x3c>
10002854:	6f3c      	ldr	r4, [r7, #112]	@ 0x70
10002856:	4366      	muls	r6, r4
10002858:	0c36      	lsrs	r6, r6, #16
1000285a:	0377      	lsls	r7, r6, #13
1000285c:	46be      	mov	lr, r7
1000285e:	4373      	muls	r3, r6
10002860:	0bdf      	lsrs	r7, r3, #15
10002862:	045b      	lsls	r3, r3, #17
10002864:	1ac0      	subs	r0, r0, r3
10002866:	41b9      	sbcs	r1, r7
10002868:	0c13      	lsrs	r3, r2, #16
1000286a:	4373      	muls	r3, r6
1000286c:	18db      	adds	r3, r3, r3
1000286e:	1ac9      	subs	r1, r1, r3
10002870:	08ce      	lsrs	r6, r1, #3
10002872:	4366      	muls	r6, r4
10002874:	0c36      	lsrs	r6, r6, #16
10002876:	44b6      	add	lr, r6
10002878:	b293      	uxth	r3, r2
1000287a:	4373      	muls	r3, r6
1000287c:	0f1f      	lsrs	r7, r3, #28
1000287e:	011b      	lsls	r3, r3, #4
10002880:	1ac0      	subs	r0, r0, r3
10002882:	41b9      	sbcs	r1, r7
10002884:	0c13      	lsrs	r3, r2, #16
10002886:	4373      	muls	r3, r6
10002888:	0b1f      	lsrs	r7, r3, #12
1000288a:	051b      	lsls	r3, r3, #20
1000288c:	1ac0      	subs	r0, r0, r3
1000288e:	41b9      	sbcs	r1, r7
10002890:	0d86      	lsrs	r6, r0, #22
10002892:	028f      	lsls	r7, r1, #10
10002894:	433e      	orrs	r6, r7
10002896:	4366      	muls	r6, r4
10002898:	0c36      	lsrs	r6, r6, #16
1000289a:	2d09      	cmp	r5, #9
1000289c:	db24      	blt.n	100028e8 <last0>
1000289e:	0a52      	lsrs	r2, r2, #9
100028a0:	4372      	muls	r2, r6
100028a2:	1a80      	subs	r0, r0, r2
100028a4:	0377      	lsls	r7, r6, #13
100028a6:	0a46      	lsrs	r6, r0, #9
100028a8:	4366      	muls	r6, r4
100028aa:	0c36      	lsrs	r6, r6, #16
100028ac:	2316      	movs	r3, #22
100028ae:	1b5b      	subs	r3, r3, r5
100028b0:	40de      	lsrs	r6, r3
100028b2:	40df      	lsrs	r7, r3
100028b4:	19bf      	adds	r7, r7, r6
100028b6:	4664      	mov	r4, ip
100028b8:	4366      	muls	r6, r4
100028ba:	1b82      	subs	r2, r0, r6
100028bc:	4670      	mov	r0, lr
100028be:	3504      	adds	r5, #4
100028c0:	3306      	adds	r3, #6
100028c2:	0001      	movs	r1, r0
100028c4:	40d9      	lsrs	r1, r3
100028c6:	40a8      	lsls	r0, r5
100028c8:	19c0      	adds	r0, r0, r7
100028ca:	d300      	bcc.n	100028ce <y64_x32+0xb6>
100028cc:	3101      	adds	r1, #1
100028ce:	42a2      	cmp	r2, r4
100028d0:	d206      	bcs.n	100028e0 <y64_x32+0xc8>
100028d2:	2300      	movs	r3, #0
100028d4:	bdf0      	pop	{r4, r5, r6, r7, pc}
100028d6:	0000      	.short	0x0000
100028d8:	d0000000 	.word	0xd0000000
100028dc:	ffffffff 	.word	0xffffffff
100028e0:	1b12      	subs	r2, r2, r4
100028e2:	3001      	adds	r0, #1
100028e4:	d3f3      	bcc.n	100028ce <y64_x32+0xb6>
100028e6:	e7f1      	b.n	100028cc <y64_x32+0xb4>

100028e8 <last0>:
100028e8:	2709      	movs	r7, #9
100028ea:	1b7f      	subs	r7, r7, r5
100028ec:	40fe      	lsrs	r6, r7
100028ee:	4664      	mov	r4, ip
100028f0:	b2a2      	uxth	r2, r4
100028f2:	4372      	muls	r2, r6
100028f4:	1a80      	subs	r0, r0, r2
100028f6:	d200      	bcs.n	100028fa <last0+0x12>
100028f8:	3901      	subs	r1, #1
100028fa:	0c22      	lsrs	r2, r4, #16
100028fc:	4372      	muls	r2, r6
100028fe:	0c13      	lsrs	r3, r2, #16
10002900:	0412      	lsls	r2, r2, #16
10002902:	1a82      	subs	r2, r0, r2
10002904:	4199      	sbcs	r1, r3
10002906:	000b      	movs	r3, r1
10002908:	4670      	mov	r0, lr
1000290a:	3504      	adds	r5, #4
1000290c:	3713      	adds	r7, #19
1000290e:	0001      	movs	r1, r0
10002910:	40f9      	lsrs	r1, r7
10002912:	40a8      	lsls	r0, r5
10002914:	1980      	adds	r0, r0, r6
10002916:	d300      	bcc.n	1000291a <last0+0x32>
10002918:	3101      	adds	r1, #1
1000291a:	2b00      	cmp	r3, #0
1000291c:	d102      	bne.n	10002924 <last0+0x3c>
1000291e:	42a2      	cmp	r2, r4
10002920:	d20a      	bcs.n	10002938 <last0+0x50>
10002922:	bdf0      	pop	{r4, r5, r6, r7, pc}
10002924:	3001      	adds	r0, #1
10002926:	d300      	bcc.n	1000292a <last0+0x42>
10002928:	3101      	adds	r1, #1
1000292a:	1b12      	subs	r2, r2, r4
1000292c:	d2fa      	bcs.n	10002924 <last0+0x3c>
1000292e:	3b01      	subs	r3, #1
10002930:	d1f8      	bne.n	10002924 <last0+0x3c>
10002932:	42a2      	cmp	r2, r4
10002934:	d200      	bcs.n	10002938 <last0+0x50>
10002936:	bdf0      	pop	{r4, r5, r6, r7, pc}
10002938:	3001      	adds	r0, #1
1000293a:	d300      	bcc.n	1000293e <last0+0x56>
1000293c:	3101      	adds	r1, #1
1000293e:	1b12      	subs	r2, r2, r4
10002940:	e7f7      	b.n	10002932 <last0+0x4a>

10002942 <y64_x48>:
10002942:	b5f0      	push	{r4, r5, r6, r7, lr}
10002944:	0c1c      	lsrs	r4, r3, #16
10002946:	d000      	beq.n	1000294a <y64_x48+0x8>
10002948:	e080      	b.n	10002a4c <y64_x64>
1000294a:	b40c      	push	{r2, r3}
1000294c:	2500      	movs	r5, #0
1000294e:	0a1c      	lsrs	r4, r3, #8
10002950:	d104      	bne.n	1000295c <y64_x48+0x1a>
10002952:	021b      	lsls	r3, r3, #8
10002954:	0e16      	lsrs	r6, r2, #24
10002956:	4333      	orrs	r3, r6
10002958:	0212      	lsls	r2, r2, #8
1000295a:	3508      	adds	r5, #8
1000295c:	0b1c      	lsrs	r4, r3, #12
1000295e:	d104      	bne.n	1000296a <y64_x48+0x28>
10002960:	011b      	lsls	r3, r3, #4
10002962:	0f16      	lsrs	r6, r2, #28
10002964:	4333      	orrs	r3, r6
10002966:	0112      	lsls	r2, r2, #4
10002968:	3504      	adds	r5, #4
1000296a:	0b9c      	lsrs	r4, r3, #14
1000296c:	d104      	bne.n	10002978 <y64_x48+0x36>
1000296e:	009b      	lsls	r3, r3, #2
10002970:	0f96      	lsrs	r6, r2, #30
10002972:	4333      	orrs	r3, r6
10002974:	0092      	lsls	r2, r2, #2
10002976:	3502      	adds	r5, #2
10002978:	0bdc      	lsrs	r4, r3, #15
1000297a:	d102      	bne.n	10002982 <y64_x48+0x40>
1000297c:	1892      	adds	r2, r2, r2
1000297e:	415b      	adcs	r3, r3
10002980:	3501      	adds	r5, #1
10002982:	001c      	movs	r4, r3
10002984:	1897      	adds	r7, r2, r2
10002986:	4164      	adcs	r4, r4
10002988:	3401      	adds	r4, #1
1000298a:	4f46      	ldr	r7, [pc, #280]	@ (10002aa4 <y64_x64+0x58>)
1000298c:	667c      	str	r4, [r7, #100]	@ 0x64
1000298e:	4c46      	ldr	r4, [pc, #280]	@ (10002aa8 <y64_x64+0x5c>)
10002990:	663c      	str	r4, [r7, #96]	@ 0x60
10002992:	0c0e      	lsrs	r6, r1, #16
10002994:	e7ff      	b.n	10002996 <y64_x48+0x54>
10002996:	e7ff      	b.n	10002998 <y64_x48+0x56>
10002998:	e7ff      	b.n	1000299a <y64_x48+0x58>
1000299a:	46c0      	nop			@ (mov r8, r8)
1000299c:	6f3c      	ldr	r4, [r7, #112]	@ 0x70
1000299e:	4366      	muls	r6, r4
100029a0:	0c36      	lsrs	r6, r6, #16
100029a2:	0377      	lsls	r7, r6, #13
100029a4:	46be      	mov	lr, r7
100029a6:	b297      	uxth	r7, r2
100029a8:	4377      	muls	r7, r6
100029aa:	1bc0      	subs	r0, r0, r7
100029ac:	d200      	bcs.n	100029b0 <y64_x48+0x6e>
100029ae:	3901      	subs	r1, #1
100029b0:	1bc0      	subs	r0, r0, r7
100029b2:	d200      	bcs.n	100029b6 <y64_x48+0x74>
100029b4:	3901      	subs	r1, #1
100029b6:	b29f      	uxth	r7, r3
100029b8:	4377      	muls	r7, r6
100029ba:	1bc9      	subs	r1, r1, r7
100029bc:	1bc9      	subs	r1, r1, r7
100029be:	0c17      	lsrs	r7, r2, #16
100029c0:	4377      	muls	r7, r6
100029c2:	047e      	lsls	r6, r7, #17
100029c4:	0bff      	lsrs	r7, r7, #15
100029c6:	1b80      	subs	r0, r0, r6
100029c8:	41b9      	sbcs	r1, r7
100029ca:	08ce      	lsrs	r6, r1, #3
100029cc:	4366      	muls	r6, r4
100029ce:	0c36      	lsrs	r6, r6, #16
100029d0:	2d0c      	cmp	r5, #12
100029d2:	db33      	blt.n	10002a3c <last1>
100029d4:	44b6      	add	lr, r6
100029d6:	0b12      	lsrs	r2, r2, #12
100029d8:	051f      	lsls	r7, r3, #20
100029da:	433a      	orrs	r2, r7
100029dc:	0b1b      	lsrs	r3, r3, #12
100029de:	b297      	uxth	r7, r2
100029e0:	4377      	muls	r7, r6
100029e2:	1bc0      	subs	r0, r0, r7
100029e4:	d200      	bcs.n	100029e8 <y64_x48+0xa6>
100029e6:	3901      	subs	r1, #1
100029e8:	b29f      	uxth	r7, r3
100029ea:	4377      	muls	r7, r6
100029ec:	1bc9      	subs	r1, r1, r7
100029ee:	0c17      	lsrs	r7, r2, #16
100029f0:	4377      	muls	r7, r6
100029f2:	043e      	lsls	r6, r7, #16
100029f4:	0c3f      	lsrs	r7, r7, #16
100029f6:	1b80      	subs	r0, r0, r6
100029f8:	41b9      	sbcs	r1, r7
100029fa:	0d86      	lsrs	r6, r0, #22
100029fc:	028f      	lsls	r7, r1, #10
100029fe:	433e      	orrs	r6, r7
10002a00:	4366      	muls	r6, r4
10002a02:	2729      	movs	r7, #41	@ 0x29
10002a04:	1b7f      	subs	r7, r7, r5
10002a06:	40fe      	lsrs	r6, r7
10002a08:	3d0c      	subs	r5, #12
10002a0a:	4677      	mov	r7, lr
10002a0c:	40af      	lsls	r7, r5
10002a0e:	19bf      	adds	r7, r7, r6
10002a10:	bc30      	pop	{r4, r5}
10002a12:	b2a2      	uxth	r2, r4
10002a14:	b2ab      	uxth	r3, r5
10002a16:	4372      	muls	r2, r6
10002a18:	4373      	muls	r3, r6
10002a1a:	1a80      	subs	r0, r0, r2
10002a1c:	4199      	sbcs	r1, r3
10002a1e:	0c22      	lsrs	r2, r4, #16
10002a20:	4372      	muls	r2, r6
10002a22:	0c13      	lsrs	r3, r2, #16
10002a24:	0412      	lsls	r2, r2, #16
10002a26:	1a80      	subs	r0, r0, r2
10002a28:	4199      	sbcs	r1, r3
10002a2a:	0002      	movs	r2, r0
10002a2c:	000b      	movs	r3, r1
10002a2e:	3701      	adds	r7, #1
10002a30:	1b00      	subs	r0, r0, r4
10002a32:	41a9      	sbcs	r1, r5
10002a34:	d2f9      	bcs.n	10002a2a <y64_x48+0xe8>
10002a36:	1e78      	subs	r0, r7, #1
10002a38:	2100      	movs	r1, #0
10002a3a:	bdf0      	pop	{r4, r5, r6, r7, pc}

10002a3c <last1>:
10002a3c:	270c      	movs	r7, #12
10002a3e:	1b7f      	subs	r7, r7, r5
10002a40:	40fe      	lsrs	r6, r7
10002a42:	4677      	mov	r7, lr
10002a44:	0b7f      	lsrs	r7, r7, #13
10002a46:	40af      	lsls	r7, r5
10002a48:	19ff      	adds	r7, r7, r7
10002a4a:	e7e0      	b.n	10002a0e <y64_x48+0xcc>

10002a4c <y64_x64>:
10002a4c:	2400      	movs	r4, #0
10002a4e:	1c5d      	adds	r5, r3, #1
10002a50:	d007      	beq.n	10002a62 <y64_x64+0x16>
10002a52:	4f14      	ldr	r7, [pc, #80]	@ (10002aa4 <y64_x64+0x58>)
10002a54:	667d      	str	r5, [r7, #100]	@ 0x64
10002a56:	6639      	str	r1, [r7, #96]	@ 0x60
10002a58:	e7ff      	b.n	10002a5a <y64_x64+0xe>
10002a5a:	e7ff      	b.n	10002a5c <y64_x64+0x10>
10002a5c:	e7ff      	b.n	10002a5e <y64_x64+0x12>
10002a5e:	e7ff      	b.n	10002a60 <y64_x64+0x14>
10002a60:	6f3c      	ldr	r4, [r7, #112]	@ 0x70
10002a62:	b295      	uxth	r5, r2
10002a64:	b29e      	uxth	r6, r3
10002a66:	4365      	muls	r5, r4
10002a68:	4366      	muls	r6, r4
10002a6a:	1b40      	subs	r0, r0, r5
10002a6c:	41b1      	sbcs	r1, r6
10002a6e:	0c15      	lsrs	r5, r2, #16
10002a70:	0c1e      	lsrs	r6, r3, #16
10002a72:	4365      	muls	r5, r4
10002a74:	4366      	muls	r6, r4
10002a76:	0436      	lsls	r6, r6, #16
10002a78:	0c2f      	lsrs	r7, r5, #16
10002a7a:	433e      	orrs	r6, r7
10002a7c:	042d      	lsls	r5, r5, #16
10002a7e:	1b40      	subs	r0, r0, r5
10002a80:	41b1      	sbcs	r1, r6
10002a82:	4299      	cmp	r1, r3
10002a84:	d204      	bcs.n	10002a90 <y64_x64+0x44>
10002a86:	0002      	movs	r2, r0
10002a88:	000b      	movs	r3, r1
10002a8a:	0020      	movs	r0, r4
10002a8c:	2100      	movs	r1, #0
10002a8e:	bdf0      	pop	{r4, r5, r6, r7, pc}
10002a90:	d101      	bne.n	10002a96 <y64_x64+0x4a>
10002a92:	4290      	cmp	r0, r2
10002a94:	d3f7      	bcc.n	10002a86 <y64_x64+0x3a>
10002a96:	1a80      	subs	r0, r0, r2
10002a98:	4199      	sbcs	r1, r3
10002a9a:	3401      	adds	r4, #1
10002a9c:	4299      	cmp	r1, r3
10002a9e:	d3f2      	bcc.n	10002a86 <y64_x64+0x3a>
10002aa0:	e7f6      	b.n	10002a90 <y64_x64+0x44>
10002aa2:	0000      	.short	0x0000
10002aa4:	d0000000 	.word	0xd0000000
10002aa8:	ffffffff 	.word	0xffffffff

10002aac <__wrap___aeabi_drsub>:
10002aac:	4048      	eors	r0, r1
10002aae:	4041      	eors	r1, r0
10002ab0:	4048      	eors	r0, r1

10002ab2 <__wrap___aeabi_dsub>:
10002ab2:	b418      	push	{r3, r4}
10002ab4:	4b1b      	ldr	r3, [pc, #108]	@ (10002b24 <__wrap___aeabi_dmul+0x12>)
10002ab6:	685b      	ldr	r3, [r3, #4]
10002ab8:	46fc      	mov	ip, pc
10002aba:	9301      	str	r3, [sp, #4]
10002abc:	bd08      	pop	{r3, pc}
10002abe:	df04      	.short	0xdf04
10002ac0:	10002def 	.word	0x10002def

10002ac4 <__wrap___aeabi_dadd>:
10002ac4:	b418      	push	{r3, r4}
10002ac6:	4b17      	ldr	r3, [pc, #92]	@ (10002b24 <__wrap___aeabi_dmul+0x12>)
10002ac8:	681b      	ldr	r3, [r3, #0]
10002aca:	46fc      	mov	ip, pc
10002acc:	9301      	str	r3, [sp, #4]
10002ace:	bd08      	pop	{r3, pc}
10002ad0:	2df9df00 	.word	0x2df9df00
10002ad4:	1000      	.short	0x1000

10002ad6 <__wrap___aeabi_ddiv>:
10002ad6:	4694      	mov	ip, r2
10002ad8:	4a13      	ldr	r2, [pc, #76]	@ (10002b28 <__wrap___aeabi_dmul+0x16>)
10002ada:	6f92      	ldr	r2, [r2, #120]	@ 0x78
10002adc:	0892      	lsrs	r2, r2, #2
10002ade:	d209      	bcs.n	10002af4 <ddiv_save_state>
10002ae0:	4662      	mov	r2, ip

10002ae2 <ddiv_shim_call>:
10002ae2:	b418      	push	{r3, r4}
10002ae4:	4b0f      	ldr	r3, [pc, #60]	@ (10002b24 <__wrap___aeabi_dmul+0x12>)
10002ae6:	68db      	ldr	r3, [r3, #12]
10002ae8:	46fc      	mov	ip, pc
10002aea:	9301      	str	r3, [sp, #4]
10002aec:	bd08      	pop	{r3, pc}
10002aee:	df0c      	.short	0xdf0c
10002af0:	100030b1 	.word	0x100030b1

10002af4 <ddiv_save_state>:
10002af4:	4a0c      	ldr	r2, [pc, #48]	@ (10002b28 <__wrap___aeabi_dmul+0x16>)
10002af6:	b5f0      	push	{r4, r5, r6, r7, lr}
10002af8:	6e14      	ldr	r4, [r2, #96]	@ 0x60
10002afa:	6e55      	ldr	r5, [r2, #100]	@ 0x64
10002afc:	6f57      	ldr	r7, [r2, #116]	@ 0x74
10002afe:	6f16      	ldr	r6, [r2, #112]	@ 0x70
10002b00:	4662      	mov	r2, ip
10002b02:	f7ff ffee 	bl	10002ae2 <ddiv_shim_call>
10002b06:	4a08      	ldr	r2, [pc, #32]	@ (10002b28 <__wrap___aeabi_dmul+0x16>)
10002b08:	6614      	str	r4, [r2, #96]	@ 0x60
10002b0a:	6655      	str	r5, [r2, #100]	@ 0x64
10002b0c:	6757      	str	r7, [r2, #116]	@ 0x74
10002b0e:	6716      	str	r6, [r2, #112]	@ 0x70
10002b10:	bdf0      	pop	{r4, r5, r6, r7, pc}

10002b12 <__wrap___aeabi_dmul>:
10002b12:	b418      	push	{r3, r4}
10002b14:	4b03      	ldr	r3, [pc, #12]	@ (10002b24 <__wrap___aeabi_dmul+0x12>)
10002b16:	689b      	ldr	r3, [r3, #8]
10002b18:	46fc      	mov	ip, pc
10002b1a:	9301      	str	r3, [sp, #4]
10002b1c:	bd08      	pop	{r3, pc}
10002b1e:	df08      	.short	0xdf08
10002b20:	10002f55 	.word	0x10002f55
10002b24:	20001968 	.word	0x20001968
10002b28:	d0000000 	.word	0xd0000000

10002b2c <__wrap___aeabi_cdrcmple>:
10002b2c:	b5ff      	push	{r0, r1, r2, r3, r4, r5, r6, r7, lr}
10002b2e:	4050      	eors	r0, r2
10002b30:	4042      	eors	r2, r0
10002b32:	4050      	eors	r0, r2
10002b34:	4059      	eors	r1, r3
10002b36:	404b      	eors	r3, r1
10002b38:	4059      	eors	r1, r3
10002b3a:	e000      	b.n	10002b3e <__aeabi_dfcmple_guts>

10002b3c <__wrap___aeabi_cdcmpeq>:
10002b3c:	b5ff      	push	{r0, r1, r2, r3, r4, r5, r6, r7, lr}

10002b3e <__aeabi_dfcmple_guts>:
10002b3e:	4f15      	ldr	r7, [pc, #84]	@ (10002b94 <__aeabi_dfcmple_guts+0x56>)
10002b40:	004c      	lsls	r4, r1, #1
10002b42:	0d64      	lsrs	r4, r4, #21
10002b44:	d003      	beq.n	10002b4e <__aeabi_dfcmple_guts+0x10>
10002b46:	42bc      	cmp	r4, r7
10002b48:	d104      	bne.n	10002b54 <__aeabi_dfcmple_guts+0x16>
10002b4a:	030c      	lsls	r4, r1, #12
10002b4c:	d814      	bhi.n	10002b78 <__aeabi_dfcmple_guts+0x3a>
10002b4e:	2000      	movs	r0, #0
10002b50:	0d09      	lsrs	r1, r1, #20
10002b52:	0509      	lsls	r1, r1, #20
10002b54:	005c      	lsls	r4, r3, #1
10002b56:	0d64      	lsrs	r4, r4, #21
10002b58:	d003      	beq.n	10002b62 <__aeabi_dfcmple_guts+0x24>
10002b5a:	42bc      	cmp	r4, r7
10002b5c:	d104      	bne.n	10002b68 <__aeabi_dfcmple_guts+0x2a>
10002b5e:	031c      	lsls	r4, r3, #12
10002b60:	d80a      	bhi.n	10002b78 <__aeabi_dfcmple_guts+0x3a>
10002b62:	2200      	movs	r2, #0
10002b64:	0d1b      	lsrs	r3, r3, #20
10002b66:	051b      	lsls	r3, r3, #20
10002b68:	2601      	movs	r6, #1
10002b6a:	404b      	eors	r3, r1
10002b6c:	d409      	bmi.n	10002b82 <__aeabi_dfcmple_guts+0x44>
10002b6e:	404b      	eors	r3, r1
10002b70:	d503      	bpl.n	10002b7a <__aeabi_dfcmple_guts+0x3c>
10002b72:	428b      	cmp	r3, r1
10002b74:	d100      	bne.n	10002b78 <__aeabi_dfcmple_guts+0x3a>
10002b76:	4282      	cmp	r2, r0
10002b78:	bdff      	pop	{r0, r1, r2, r3, r4, r5, r6, r7, pc}
10002b7a:	4299      	cmp	r1, r3
10002b7c:	d1fc      	bne.n	10002b78 <__aeabi_dfcmple_guts+0x3a>
10002b7e:	4290      	cmp	r0, r2
10002b80:	bdff      	pop	{r0, r1, r2, r3, r4, r5, r6, r7, pc}
10002b82:	430b      	orrs	r3, r1
10002b84:	18db      	adds	r3, r3, r3
10002b86:	4303      	orrs	r3, r0
10002b88:	4313      	orrs	r3, r2
10002b8a:	d0f5      	beq.n	10002b78 <__aeabi_dfcmple_guts+0x3a>
10002b8c:	43c9      	mvns	r1, r1
10002b8e:	1849      	adds	r1, r1, r1
10002b90:	bdff      	pop	{r0, r1, r2, r3, r4, r5, r6, r7, pc}
10002b92:	0000      	.short	0x0000
10002b94:	000007ff 	.word	0x000007ff

10002b98 <__wrap___aeabi_dcmpeq>:
10002b98:	b500      	push	{lr}
10002b9a:	f7ff ffcf 	bl	10002b3c <__wrap___aeabi_cdcmpeq>
10002b9e:	d001      	beq.n	10002ba4 <__wrap___aeabi_dcmpeq+0xc>
10002ba0:	2000      	movs	r0, #0
10002ba2:	bd00      	pop	{pc}
10002ba4:	2001      	movs	r0, #1
10002ba6:	bd00      	pop	{pc}

10002ba8 <__wrap___aeabi_dcmplt>:
10002ba8:	b500      	push	{lr}
10002baa:	f7ff ffc7 	bl	10002b3c <__wrap___aeabi_cdcmpeq>
10002bae:	4180      	sbcs	r0, r0
10002bb0:	bd00      	pop	{pc}
10002bb2:	46c0      	nop			@ (mov r8, r8)

10002bb4 <__wrap___aeabi_dcmple>:
10002bb4:	b500      	push	{lr}
10002bb6:	f7ff ffc1 	bl	10002b3c <__wrap___aeabi_cdcmpeq>
10002bba:	d901      	bls.n	10002bc0 <__wrap___aeabi_dcmple+0xc>
10002bbc:	2000      	movs	r0, #0
10002bbe:	bd00      	pop	{pc}
10002bc0:	2001      	movs	r0, #1
10002bc2:	bd00      	pop	{pc}

10002bc4 <__wrap___aeabi_dcmpge>:
10002bc4:	b500      	push	{lr}
10002bc6:	f7ff ffb1 	bl	10002b2c <__wrap___aeabi_cdrcmple>
10002bca:	d901      	bls.n	10002bd0 <__wrap___aeabi_dcmpge+0xc>
10002bcc:	2000      	movs	r0, #0
10002bce:	bd00      	pop	{pc}
10002bd0:	2001      	movs	r0, #1
10002bd2:	bd00      	pop	{pc}

10002bd4 <__wrap___aeabi_dcmpgt>:
10002bd4:	b500      	push	{lr}
10002bd6:	f7ff ffa9 	bl	10002b2c <__wrap___aeabi_cdrcmple>
10002bda:	4180      	sbcs	r0, r0
10002bdc:	bd00      	pop	{pc}

10002bde <__wrap___aeabi_dcmpun>:
10002bde:	2001      	movs	r0, #1
10002be0:	0540      	lsls	r0, r0, #21
10002be2:	004a      	lsls	r2, r1, #1
10002be4:	1812      	adds	r2, r2, r0
10002be6:	d804      	bhi.n	10002bf2 <__wrap___aeabi_dcmpun+0x14>
10002be8:	005a      	lsls	r2, r3, #1
10002bea:	1812      	adds	r2, r2, r0
10002bec:	d801      	bhi.n	10002bf2 <__wrap___aeabi_dcmpun+0x14>
10002bee:	2000      	movs	r0, #0
10002bf0:	4770      	bx	lr
10002bf2:	2001      	movs	r0, #1
10002bf4:	4770      	bx	lr
	...

10002bf8 <__wrap___aeabi_ui2d>:
10002bf8:	2100      	movs	r1, #0
10002bfa:	2800      	cmp	r0, #0
10002bfc:	d105      	bne.n	10002c0a <__wrap___aeabi_i2d+0xa>
10002bfe:	4770      	bx	lr

10002c00 <__wrap___aeabi_i2d>:
10002c00:	17c1      	asrs	r1, r0, #31
10002c02:	4048      	eors	r0, r1
10002c04:	1a40      	subs	r0, r0, r1
10002c06:	d0fa      	beq.n	10002bfe <__wrap___aeabi_ui2d+0x6>
10002c08:	07c9      	lsls	r1, r1, #31
10002c0a:	b513      	push	{r0, r1, r4, lr}
10002c0c:	4b06      	ldr	r3, [pc, #24]	@ (10002c28 <__wrap___aeabi_i2d+0x28>)
10002c0e:	681b      	ldr	r3, [r3, #0]
10002c10:	4798      	blx	r3
10002c12:	bc0c      	pop	{r2, r3}
10002c14:	1c44      	adds	r4, r0, #1
10002c16:	40a2      	lsls	r2, r4
10002c18:	0510      	lsls	r0, r2, #20
10002c1a:	0b12      	lsrs	r2, r2, #12
10002c1c:	4903      	ldr	r1, [pc, #12]	@ (10002c2c <__wrap___aeabi_i2d+0x2c>)
10002c1e:	1b09      	subs	r1, r1, r4
10002c20:	0509      	lsls	r1, r1, #20
10002c22:	4319      	orrs	r1, r3
10002c24:	4311      	orrs	r1, r2
10002c26:	bd10      	pop	{r4, pc}
10002c28:	20004ccc 	.word	0x20004ccc
10002c2c:	0000041f 	.word	0x0000041f

10002c30 <__wrap___aeabi_d2iz>:
10002c30:	b510      	push	{r4, lr}
10002c32:	004c      	lsls	r4, r1, #1
10002c34:	0d62      	lsrs	r2, r4, #21
10002c36:	2380      	movs	r3, #128	@ 0x80
10002c38:	18d2      	adds	r2, r2, r3
10002c3a:	00db      	lsls	r3, r3, #3
10002c3c:	1ad2      	subs	r2, r2, r3
10002c3e:	055b      	lsls	r3, r3, #21
10002c40:	2a7e      	cmp	r2, #126	@ 0x7e
10002c42:	dd10      	ble.n	10002c66 <__wrap___aeabi_d2iz+0x36>
10002c44:	3a9e      	subs	r2, #158	@ 0x9e
10002c46:	da13      	bge.n	10002c70 <__wrap___aeabi_d2iz+0x40>
10002c48:	17cc      	asrs	r4, r1, #31
10002c4a:	0309      	lsls	r1, r1, #12
10002c4c:	0849      	lsrs	r1, r1, #1
10002c4e:	4319      	orrs	r1, r3
10002c50:	4252      	negs	r2, r2
10002c52:	40d1      	lsrs	r1, r2
10002c54:	0064      	lsls	r4, r4, #1
10002c56:	3401      	adds	r4, #1
10002c58:	3215      	adds	r2, #21
10002c5a:	2a20      	cmp	r2, #32
10002c5c:	da05      	bge.n	10002c6a <__wrap___aeabi_d2iz+0x3a>
10002c5e:	40d0      	lsrs	r0, r2
10002c60:	4308      	orrs	r0, r1
10002c62:	4360      	muls	r0, r4
10002c64:	bd10      	pop	{r4, pc}
10002c66:	2000      	movs	r0, #0
10002c68:	bd10      	pop	{r4, pc}
10002c6a:	4608      	mov	r0, r1
10002c6c:	4360      	muls	r0, r4
10002c6e:	bd10      	pop	{r4, pc}
10002c70:	0fc8      	lsrs	r0, r1, #31
10002c72:	18c0      	adds	r0, r0, r3
10002c74:	3801      	subs	r0, #1
10002c76:	bd10      	pop	{r4, pc}

10002c78 <__wrap___aeabi_d2uiz>:
10002c78:	b418      	push	{r3, r4}
10002c7a:	4b04      	ldr	r3, [pc, #16]	@ (10002c8c <__wrap___aeabi_d2uiz+0x14>)
10002c7c:	6a5b      	ldr	r3, [r3, #36]	@ 0x24
10002c7e:	46fc      	mov	ip, pc
10002c80:	9301      	str	r3, [sp, #4]
10002c82:	bd08      	pop	{r3, pc}
10002c84:	3261df24 	.word	0x3261df24
10002c88:	00001000 	.word	0x00001000
10002c8c:	20001968 	.word	0x20001968

10002c90 <__wrap___aeabi_l2d>:
10002c90:	b418      	push	{r3, r4}
10002c92:	4b04      	ldr	r3, [pc, #16]	@ (10002ca4 <__wrap___aeabi_l2d+0x14>)
10002c94:	6ddb      	ldr	r3, [r3, #92]	@ 0x5c
10002c96:	46fc      	mov	ip, pc
10002c98:	9301      	str	r3, [sp, #4]
10002c9a:	bd08      	pop	{r3, pc}
10002c9c:	336ddf5c 	.word	0x336ddf5c
10002ca0:	00001000 	.word	0x00001000
10002ca4:	20001968 	.word	0x20001968

10002ca8 <__wrap___aeabi_d2lz>:
10002ca8:	42c9      	cmn	r1, r1
10002caa:	d311      	bcc.n	10002cd0 <double2int64>
10002cac:	b500      	push	{lr}
10002cae:	0049      	lsls	r1, r1, #1
10002cb0:	0849      	lsrs	r1, r1, #1
10002cb2:	2200      	movs	r2, #0
10002cb4:	f000 f818 	bl	10002ce8 <double2ufix64>
10002cb8:	2900      	cmp	r1, #0
10002cba:	d404      	bmi.n	10002cc6 <__wrap___aeabi_d2lz+0x1e>
10002cbc:	2200      	movs	r2, #0
10002cbe:	4240      	negs	r0, r0
10002cc0:	418a      	sbcs	r2, r1
10002cc2:	4611      	mov	r1, r2
10002cc4:	bd00      	pop	{pc}
10002cc6:	2180      	movs	r1, #128	@ 0x80
10002cc8:	0609      	lsls	r1, r1, #24
10002cca:	2000      	movs	r0, #0
10002ccc:	bd00      	pop	{pc}
	...

10002cd0 <double2int64>:
10002cd0:	b418      	push	{r3, r4}
10002cd2:	4b04      	ldr	r3, [pc, #16]	@ (10002ce4 <double2int64+0x14>)
10002cd4:	6edb      	ldr	r3, [r3, #108]	@ 0x6c
10002cd6:	46fc      	mov	ip, pc
10002cd8:	9301      	str	r3, [sp, #4]
10002cda:	bd08      	pop	{r3, pc}
10002cdc:	326fdf6c 	.word	0x326fdf6c
10002ce0:	00001000 	.word	0x00001000
10002ce4:	20001968 	.word	0x20001968

10002ce8 <double2ufix64>:
10002ce8:	b418      	push	{r3, r4}
10002cea:	4b04      	ldr	r3, [pc, #16]	@ (10002cfc <double2ufix64+0x14>)
10002cec:	6f9b      	ldr	r3, [r3, #120]	@ 0x78
10002cee:	46fc      	mov	ip, pc
10002cf0:	9301      	str	r3, [sp, #4]
10002cf2:	bd08      	pop	{r3, pc}
10002cf4:	328bdf78 	.word	0x328bdf78
10002cf8:	00001000 	.word	0x00001000
10002cfc:	20001968 	.word	0x20001968

10002d00 <__wrap___aeabi_d2f>:
10002d00:	b418      	push	{r3, r4}
10002d02:	4b04      	ldr	r3, [pc, #16]	@ (10002d14 <__wrap___aeabi_d2f+0x14>)
10002d04:	6fdb      	ldr	r3, [r3, #124]	@ 0x7c
10002d06:	46fc      	mov	ip, pc
10002d08:	9301      	str	r3, [sp, #4]
10002d0a:	bd08      	pop	{r3, pc}
10002d0c:	32f9df7c 	.word	0x32f9df7c
10002d10:	00001000 	.word	0x00001000
10002d14:	20001968 	.word	0x20001968

10002d18 <__aeabi_double_init>:
10002d18:	2313      	movs	r3, #19
10002d1a:	b570      	push	{r4, r5, r6, lr}
10002d1c:	781d      	ldrb	r5, [r3, #0]
10002d1e:	2d01      	cmp	r5, #1
10002d20:	d019      	beq.n	10002d56 <__aeabi_double_init+0x3e>
10002d22:	dd14      	ble.n	10002d4e <__aeabi_double_init+0x36>
10002d24:	481f      	ldr	r0, [pc, #124]	@ (10002da4 <__aeabi_double_init+0x8c>)
10002d26:	f7ff fae5 	bl	100022f4 <rom_data_lookup>
10002d2a:	0006      	movs	r6, r0
10002d2c:	481e      	ldr	r0, [pc, #120]	@ (10002da8 <__aeabi_double_init+0x90>)
10002d2e:	f7ff fae1 	bl	100022f4 <rom_data_lookup>
10002d32:	4c1e      	ldr	r4, [pc, #120]	@ (10002dac <__aeabi_double_init+0x94>)
10002d34:	2280      	movs	r2, #128	@ 0x80
10002d36:	0031      	movs	r1, r6
10002d38:	0020      	movs	r0, r4
10002d3a:	f000 fc21 	bl	10003580 <__wrap___aeabi_memcpy>
10002d3e:	2d02      	cmp	r5, #2
10002d40:	d02d      	beq.n	10002d9e <__aeabi_double_init+0x86>
10002d42:	481b      	ldr	r0, [pc, #108]	@ (10002db0 <__aeabi_double_init+0x98>)
10002d44:	f7ff face 	bl	100022e4 <rom_func_lookup>
10002d48:	4b1a      	ldr	r3, [pc, #104]	@ (10002db4 <__aeabi_double_init+0x9c>)
10002d4a:	6018      	str	r0, [r3, #0]
10002d4c:	bd70      	pop	{r4, r5, r6, pc}
10002d4e:	4b1a      	ldr	r3, [pc, #104]	@ (10002db8 <__aeabi_double_init+0xa0>)
10002d50:	4c16      	ldr	r4, [pc, #88]	@ (10002dac <__aeabi_double_init+0x94>)
10002d52:	64a3      	str	r3, [r4, #72]	@ 0x48
10002d54:	e7f5      	b.n	10002d42 <__aeabi_double_init+0x2a>
10002d56:	4b18      	ldr	r3, [pc, #96]	@ (10002db8 <__aeabi_double_init+0xa0>)
10002d58:	4c14      	ldr	r4, [pc, #80]	@ (10002dac <__aeabi_double_init+0x94>)
10002d5a:	6023      	str	r3, [r4, #0]
10002d5c:	6063      	str	r3, [r4, #4]
10002d5e:	60a3      	str	r3, [r4, #8]
10002d60:	60e3      	str	r3, [r4, #12]
10002d62:	6123      	str	r3, [r4, #16]
10002d64:	6163      	str	r3, [r4, #20]
10002d66:	61a3      	str	r3, [r4, #24]
10002d68:	61e3      	str	r3, [r4, #28]
10002d6a:	6223      	str	r3, [r4, #32]
10002d6c:	6263      	str	r3, [r4, #36]	@ 0x24
10002d6e:	62a3      	str	r3, [r4, #40]	@ 0x28
10002d70:	62e3      	str	r3, [r4, #44]	@ 0x2c
10002d72:	6323      	str	r3, [r4, #48]	@ 0x30
10002d74:	6363      	str	r3, [r4, #52]	@ 0x34
10002d76:	63a3      	str	r3, [r4, #56]	@ 0x38
10002d78:	63e3      	str	r3, [r4, #60]	@ 0x3c
10002d7a:	6423      	str	r3, [r4, #64]	@ 0x40
10002d7c:	6463      	str	r3, [r4, #68]	@ 0x44
10002d7e:	64a3      	str	r3, [r4, #72]	@ 0x48
10002d80:	64e3      	str	r3, [r4, #76]	@ 0x4c
10002d82:	6523      	str	r3, [r4, #80]	@ 0x50
10002d84:	6563      	str	r3, [r4, #84]	@ 0x54
10002d86:	65a3      	str	r3, [r4, #88]	@ 0x58
10002d88:	65e3      	str	r3, [r4, #92]	@ 0x5c
10002d8a:	6623      	str	r3, [r4, #96]	@ 0x60
10002d8c:	6663      	str	r3, [r4, #100]	@ 0x64
10002d8e:	66a3      	str	r3, [r4, #104]	@ 0x68
10002d90:	66e3      	str	r3, [r4, #108]	@ 0x6c
10002d92:	6723      	str	r3, [r4, #112]	@ 0x70
10002d94:	6763      	str	r3, [r4, #116]	@ 0x74
10002d96:	67a3      	str	r3, [r4, #120]	@ 0x78
10002d98:	67e3      	str	r3, [r4, #124]	@ 0x7c
10002d9a:	64a3      	str	r3, [r4, #72]	@ 0x48
10002d9c:	e7d1      	b.n	10002d42 <__aeabi_double_init+0x2a>
10002d9e:	4b06      	ldr	r3, [pc, #24]	@ (10002db8 <__aeabi_double_init+0xa0>)
10002da0:	64a3      	str	r3, [r4, #72]	@ 0x48
10002da2:	e7ce      	b.n	10002d42 <__aeabi_double_init+0x2a>
10002da4:	00004453 	.word	0x00004453
10002da8:	00004653 	.word	0x00004653
10002dac:	20001968 	.word	0x20001968
10002db0:	0000334c 	.word	0x0000334c
10002db4:	20004ccc 	.word	0x20004ccc
10002db8:	10002dbd 	.word	0x10002dbd

10002dbc <double_table_shim_on_use_helper>:
10002dbc:	b507      	push	{r0, r1, r2, lr}
10002dbe:	4660      	mov	r0, ip
10002dc0:	8801      	ldrh	r1, [r0, #0]
10002dc2:	0a0a      	lsrs	r2, r1, #8
10002dc4:	3002      	adds	r0, #2
10002dc6:	2adf      	cmp	r2, #223	@ 0xdf
10002dc8:	d1fa      	bne.n	10002dc0 <double_table_shim_on_use_helper+0x4>
10002dca:	b2c9      	uxtb	r1, r1
10002dcc:	0882      	lsrs	r2, r0, #2
10002dce:	d304      	bcc.n	10002dda <double_table_shim_on_use_helper+0x1e>
10002dd0:	8802      	ldrh	r2, [r0, #0]
10002dd2:	8840      	ldrh	r0, [r0, #2]
10002dd4:	0400      	lsls	r0, r0, #16
10002dd6:	4310      	orrs	r0, r2
10002dd8:	e000      	b.n	10002ddc <double_table_shim_on_use_helper+0x20>
10002dda:	6800      	ldr	r0, [r0, #0]
10002ddc:	4a01      	ldr	r2, [pc, #4]	@ (10002de4 <double_table_shim_on_use_helper+0x28>)
10002dde:	5050      	str	r0, [r2, r1]
10002de0:	9003      	str	r0, [sp, #12]
10002de2:	bd07      	pop	{r0, r1, r2, pc}
10002de4:	20001968 	.word	0x20001968

10002de8 <drsub_shim>:
10002de8:	b40f      	push	{r0, r1, r2, r3}
10002dea:	bc03      	pop	{r0, r1}
10002dec:	bc0c      	pop	{r2, r3}

10002dee <dsub_shim>:
10002dee:	b5f0      	push	{r4, r5, r6, r7, lr}
10002df0:	2401      	movs	r4, #1
10002df2:	07e4      	lsls	r4, r4, #31
10002df4:	4063      	eors	r3, r4
10002df6:	e000      	b.n	10002dfa <da_entry>

10002df8 <dadd_shim>:
10002df8:	b5f0      	push	{r4, r5, r6, r7, lr}

10002dfa <da_entry>:
10002dfa:	0d0c      	lsrs	r4, r1, #20
10002dfc:	0fcf      	lsrs	r7, r1, #31
10002dfe:	1e66      	subs	r6, r4, #1
10002e00:	0536      	lsls	r6, r6, #20
10002e02:	1b89      	subs	r1, r1, r6
10002e04:	0564      	lsls	r4, r4, #21
10002e06:	d303      	bcc.n	10002e10 <l8_1>
10002e08:	43c9      	mvns	r1, r1
10002e0a:	4240      	negs	r0, r0
10002e0c:	d300      	bcc.n	10002e10 <l8_1>
10002e0e:	3101      	adds	r1, #1

10002e10 <l8_1>:
10002e10:	0d64      	lsrs	r4, r4, #21
10002e12:	d003      	beq.n	10002e1c <l8_2>
10002e14:	1c66      	adds	r6, r4, #1
10002e16:	0af6      	lsrs	r6, r6, #11
10002e18:	d007      	beq.n	10002e2a <l8_3>
10002e1a:	1be4      	subs	r4, r4, r7

10002e1c <l8_2>:
10002e1c:	2000      	movs	r0, #0
10002e1e:	007f      	lsls	r7, r7, #1
10002e20:	1c79      	adds	r1, r7, #1
10002e22:	0789      	lsls	r1, r1, #30
10002e24:	1289      	asrs	r1, r1, #10
10002e26:	3c80      	subs	r4, #128	@ 0x80
10002e28:	0324      	lsls	r4, r4, #12

10002e2a <l8_3>:
10002e2a:	0d1d      	lsrs	r5, r3, #20
10002e2c:	0fdf      	lsrs	r7, r3, #31
10002e2e:	1e6e      	subs	r6, r5, #1
10002e30:	0536      	lsls	r6, r6, #20
10002e32:	1b9b      	subs	r3, r3, r6
10002e34:	056d      	lsls	r5, r5, #21
10002e36:	d303      	bcc.n	10002e40 <l9_1>
10002e38:	43db      	mvns	r3, r3
10002e3a:	4252      	negs	r2, r2
10002e3c:	d300      	bcc.n	10002e40 <l9_1>
10002e3e:	3301      	adds	r3, #1

10002e40 <l9_1>:
10002e40:	0d6d      	lsrs	r5, r5, #21
10002e42:	d003      	beq.n	10002e4c <l9_2>
10002e44:	1c6e      	adds	r6, r5, #1
10002e46:	0af6      	lsrs	r6, r6, #11
10002e48:	d007      	beq.n	10002e5a <l9_3>
10002e4a:	1bed      	subs	r5, r5, r7

10002e4c <l9_2>:
10002e4c:	2200      	movs	r2, #0
10002e4e:	007f      	lsls	r7, r7, #1
10002e50:	1c7b      	adds	r3, r7, #1
10002e52:	079b      	lsls	r3, r3, #30
10002e54:	129b      	asrs	r3, r3, #10
10002e56:	3d80      	subs	r5, #128	@ 0x80
10002e58:	032d      	lsls	r5, r5, #12

10002e5a <l9_3>:
10002e5a:	1b2f      	subs	r7, r5, r4
10002e5c:	1b66      	subs	r6, r4, r5
10002e5e:	d458      	bmi.n	10002f12 <da_ygtx>
10002e60:	46a4      	mov	ip, r4
10002e62:	2e20      	cmp	r6, #32
10002e64:	da46      	bge.n	10002ef4 <da_xrgty>
10002e66:	3720      	adds	r7, #32
10002e68:	0014      	movs	r4, r2
10002e6a:	40bc      	lsls	r4, r7

10002e6c <da_xgty0>:
10002e6c:	001d      	movs	r5, r3
10002e6e:	40bd      	lsls	r5, r7
10002e70:	40f2      	lsrs	r2, r6
10002e72:	4133      	asrs	r3, r6
10002e74:	432a      	orrs	r2, r5

10002e76 <da_add>:
10002e76:	1880      	adds	r0, r0, r2
10002e78:	4159      	adcs	r1, r3

10002e7a <da_pack>:
10002e7a:	0fcb      	lsrs	r3, r1, #31
10002e7c:	d005      	beq.n	10002e8a <da_pack+0x10>
10002e7e:	43c9      	mvns	r1, r1
10002e80:	43c0      	mvns	r0, r0
10002e82:	2200      	movs	r2, #0
10002e84:	4264      	negs	r4, r4
10002e86:	4150      	adcs	r0, r2
10002e88:	4151      	adcs	r1, r2
10002e8a:	4662      	mov	r2, ip
10002e8c:	0d4d      	lsrs	r5, r1, #21
10002e8e:	d128      	bne.n	10002ee2 <da_0>
10002e90:	0d0d      	lsrs	r5, r1, #20
10002e92:	d107      	bne.n	10002ea4 <da_1>
10002e94:	2800      	cmp	r0, #0
10002e96:	d01f      	beq.n	10002ed8 <da_5>

10002e98 <da_2>:
10002e98:	1924      	adds	r4, r4, r4
10002e9a:	4140      	adcs	r0, r0
10002e9c:	4149      	adcs	r1, r1
10002e9e:	3a01      	subs	r2, #1
10002ea0:	0d0d      	lsrs	r5, r1, #20
10002ea2:	d0f9      	beq.n	10002e98 <da_2>

10002ea4 <da_1>:
10002ea4:	0064      	lsls	r4, r4, #1
10002ea6:	d306      	bcc.n	10002eb6 <da_3>

10002ea8 <da_4>:
10002ea8:	3001      	adds	r0, #1
10002eaa:	d300      	bcc.n	10002eae <da_4+0x6>
10002eac:	3101      	adds	r1, #1
10002eae:	2c00      	cmp	r4, #0
10002eb0:	d101      	bne.n	10002eb6 <da_3>
10002eb2:	0840      	lsrs	r0, r0, #1
10002eb4:	0040      	lsls	r0, r0, #1

10002eb6 <da_3>:
10002eb6:	3a01      	subs	r2, #1
10002eb8:	d40b      	bmi.n	10002ed2 <da_6>
10002eba:	1c94      	adds	r4, r2, #2
10002ebc:	0ae4      	lsrs	r4, r4, #11
10002ebe:	d104      	bne.n	10002eca <da_7>
10002ec0:	0512      	lsls	r2, r2, #20
10002ec2:	4411      	add	r1, r2
10002ec4:	07db      	lsls	r3, r3, #31
10002ec6:	4419      	add	r1, r3
10002ec8:	bdf0      	pop	{r4, r5, r6, r7, pc}

10002eca <da_7>:
10002eca:	07d9      	lsls	r1, r3, #31
10002ecc:	4b20      	ldr	r3, [pc, #128]	@ (10002f50 <da_xmgty+0x4>)
10002ece:	4319      	orrs	r1, r3
10002ed0:	e000      	b.n	10002ed4 <da_6+0x2>

10002ed2 <da_6>:
10002ed2:	07d9      	lsls	r1, r3, #31
10002ed4:	2000      	movs	r0, #0
10002ed6:	bdf0      	pop	{r4, r5, r6, r7, pc}

10002ed8 <da_5>:
10002ed8:	2900      	cmp	r1, #0
10002eda:	d1dd      	bne.n	10002e98 <da_2>
10002edc:	2c00      	cmp	r4, #0
10002ede:	d1db      	bne.n	10002e98 <da_2>
10002ee0:	bdf0      	pop	{r4, r5, r6, r7, pc}

10002ee2 <da_0>:
10002ee2:	3201      	adds	r2, #1
10002ee4:	07c6      	lsls	r6, r0, #31
10002ee6:	0840      	lsrs	r0, r0, #1
10002ee8:	07cd      	lsls	r5, r1, #31
10002eea:	4328      	orrs	r0, r5
10002eec:	0849      	lsrs	r1, r1, #1
10002eee:	2e00      	cmp	r6, #0
10002ef0:	d0e1      	beq.n	10002eb6 <da_3>
10002ef2:	e7d9      	b.n	10002ea8 <da_4>

10002ef4 <da_xrgty>:
10002ef4:	2e3c      	cmp	r6, #60	@ 0x3c
10002ef6:	da29      	bge.n	10002f4c <da_xmgty>
10002ef8:	3e20      	subs	r6, #32
10002efa:	3740      	adds	r7, #64	@ 0x40
10002efc:	0014      	movs	r4, r2
10002efe:	40bc      	lsls	r4, r7
10002f00:	d000      	beq.n	10002f04 <da_xrgty+0x10>
10002f02:	2401      	movs	r4, #1
10002f04:	40f2      	lsrs	r2, r6
10002f06:	4314      	orrs	r4, r2
10002f08:	001a      	movs	r2, r3
10002f0a:	40bb      	lsls	r3, r7
10002f0c:	431c      	orrs	r4, r3
10002f0e:	17d3      	asrs	r3, r2, #31
10002f10:	e7ac      	b.n	10002e6c <da_xgty0>

10002f12 <da_ygtx>:
10002f12:	46ac      	mov	ip, r5
10002f14:	2f20      	cmp	r7, #32
10002f16:	da08      	bge.n	10002f2a <da_yrgtx>
10002f18:	3620      	adds	r6, #32
10002f1a:	0004      	movs	r4, r0
10002f1c:	40b4      	lsls	r4, r6

10002f1e <da_ygtx0>:
10002f1e:	000d      	movs	r5, r1
10002f20:	40b5      	lsls	r5, r6
10002f22:	40f8      	lsrs	r0, r7
10002f24:	4139      	asrs	r1, r7
10002f26:	4328      	orrs	r0, r5
10002f28:	e7a5      	b.n	10002e76 <da_add>

10002f2a <da_yrgtx>:
10002f2a:	2f3c      	cmp	r7, #60	@ 0x3c
10002f2c:	da0c      	bge.n	10002f48 <da_ymgtx>
10002f2e:	3f20      	subs	r7, #32
10002f30:	3640      	adds	r6, #64	@ 0x40
10002f32:	0004      	movs	r4, r0
10002f34:	40b4      	lsls	r4, r6
10002f36:	d000      	beq.n	10002f3a <da_yrgtx+0x10>
10002f38:	2401      	movs	r4, #1
10002f3a:	40f8      	lsrs	r0, r7
10002f3c:	4304      	orrs	r4, r0
10002f3e:	0008      	movs	r0, r1
10002f40:	40b1      	lsls	r1, r6
10002f42:	430c      	orrs	r4, r1
10002f44:	17c1      	asrs	r1, r0, #31
10002f46:	e7ea      	b.n	10002f1e <da_ygtx0>

10002f48 <da_ymgtx>:
10002f48:	0010      	movs	r0, r2
10002f4a:	0019      	movs	r1, r3

10002f4c <da_xmgty>:
10002f4c:	2400      	movs	r4, #0
10002f4e:	e794      	b.n	10002e7a <da_pack>
10002f50:	7ff00000 	.word	0x7ff00000

10002f54 <dmul_shim>:
10002f54:	b5f0      	push	{r4, r5, r6, r7, lr}
10002f56:	0d0c      	lsrs	r4, r1, #20
10002f58:	1e66      	subs	r6, r4, #1
10002f5a:	0536      	lsls	r6, r6, #20
10002f5c:	1b89      	subs	r1, r1, r6
10002f5e:	0ae6      	lsrs	r6, r4, #11
10002f60:	0564      	lsls	r4, r4, #21
10002f62:	0d64      	lsrs	r4, r4, #21
10002f64:	d002      	beq.n	10002f6c <l12_1>
10002f66:	1c65      	adds	r5, r4, #1
10002f68:	0aed      	lsrs	r5, r5, #11
10002f6a:	d004      	beq.n	10002f76 <l12_2>

10002f6c <l12_1>:
10002f6c:	2000      	movs	r0, #0
10002f6e:	2101      	movs	r1, #1
10002f70:	0509      	lsls	r1, r1, #20
10002f72:	3c80      	subs	r4, #128	@ 0x80
10002f74:	0324      	lsls	r4, r4, #12

10002f76 <l12_2>:
10002f76:	46a4      	mov	ip, r4
10002f78:	0d1c      	lsrs	r4, r3, #20
10002f7a:	1e67      	subs	r7, r4, #1
10002f7c:	053f      	lsls	r7, r7, #20
10002f7e:	1bdb      	subs	r3, r3, r7
10002f80:	0ae7      	lsrs	r7, r4, #11
10002f82:	0564      	lsls	r4, r4, #21
10002f84:	0d64      	lsrs	r4, r4, #21
10002f86:	d002      	beq.n	10002f8e <l13_1>
10002f88:	1c65      	adds	r5, r4, #1
10002f8a:	0aed      	lsrs	r5, r5, #11
10002f8c:	d004      	beq.n	10002f98 <l13_2>

10002f8e <l13_1>:
10002f8e:	2200      	movs	r2, #0
10002f90:	2301      	movs	r3, #1
10002f92:	051b      	lsls	r3, r3, #20
10002f94:	3c80      	subs	r4, #128	@ 0x80
10002f96:	0324      	lsls	r4, r4, #12

10002f98 <l13_2>:
10002f98:	4077      	eors	r7, r6
10002f9a:	4464      	add	r4, ip
10002f9c:	b497      	push	{r0, r1, r2, r4, r7}
10002f9e:	b284      	uxth	r4, r0
10002fa0:	b296      	uxth	r6, r2
10002fa2:	4374      	muls	r4, r6
10002fa4:	0c07      	lsrs	r7, r0, #16
10002fa6:	437e      	muls	r6, r7
10002fa8:	0c15      	lsrs	r5, r2, #16
10002faa:	436f      	muls	r7, r5
10002fac:	b280      	uxth	r0, r0
10002fae:	4368      	muls	r0, r5
10002fb0:	1836      	adds	r6, r6, r0
10002fb2:	d302      	bcc.n	10002fba <l14_1>
10002fb4:	2001      	movs	r0, #1
10002fb6:	0400      	lsls	r0, r0, #16
10002fb8:	183f      	adds	r7, r7, r0

10002fba <l14_1>:
10002fba:	0430      	lsls	r0, r6, #16
10002fbc:	0c35      	lsrs	r5, r6, #16
10002fbe:	1900      	adds	r0, r0, r4
10002fc0:	417d      	adcs	r5, r7
10002fc2:	4684      	mov	ip, r0
10002fc4:	b288      	uxth	r0, r1
10002fc6:	b29a      	uxth	r2, r3
10002fc8:	4350      	muls	r0, r2
10002fca:	0c0c      	lsrs	r4, r1, #16
10002fcc:	4362      	muls	r2, r4
10002fce:	0c1f      	lsrs	r7, r3, #16
10002fd0:	437c      	muls	r4, r7
10002fd2:	b28e      	uxth	r6, r1
10002fd4:	437e      	muls	r6, r7
10002fd6:	1992      	adds	r2, r2, r6
10002fd8:	d302      	bcc.n	10002fe0 <l15_1>
10002fda:	2601      	movs	r6, #1
10002fdc:	0436      	lsls	r6, r6, #16
10002fde:	19a4      	adds	r4, r4, r6

10002fe0 <l15_1>:
10002fe0:	0416      	lsls	r6, r2, #16
10002fe2:	0c17      	lsrs	r7, r2, #16
10002fe4:	1836      	adds	r6, r6, r0
10002fe6:	4167      	adcs	r7, r4
10002fe8:	bc01      	pop	{r0}
10002fea:	b281      	uxth	r1, r0
10002fec:	b29a      	uxth	r2, r3
10002fee:	4351      	muls	r1, r2
10002ff0:	0c04      	lsrs	r4, r0, #16
10002ff2:	4362      	muls	r2, r4
10002ff4:	0c1b      	lsrs	r3, r3, #16
10002ff6:	435c      	muls	r4, r3
10002ff8:	b280      	uxth	r0, r0
10002ffa:	4358      	muls	r0, r3
10002ffc:	1812      	adds	r2, r2, r0
10002ffe:	d302      	bcc.n	10003006 <l16_1>
10003000:	2001      	movs	r0, #1
10003002:	0400      	lsls	r0, r0, #16
10003004:	1824      	adds	r4, r4, r0

10003006 <l16_1>:
10003006:	0410      	lsls	r0, r2, #16
10003008:	0c13      	lsrs	r3, r2, #16
1000300a:	1840      	adds	r0, r0, r1
1000300c:	4163      	adcs	r3, r4
1000300e:	182d      	adds	r5, r5, r0
10003010:	415e      	adcs	r6, r3
10003012:	2000      	movs	r0, #0
10003014:	4147      	adcs	r7, r0
10003016:	bc06      	pop	{r1, r2}
10003018:	b288      	uxth	r0, r1
1000301a:	b293      	uxth	r3, r2
1000301c:	4358      	muls	r0, r3
1000301e:	0c0c      	lsrs	r4, r1, #16
10003020:	4363      	muls	r3, r4
10003022:	0c12      	lsrs	r2, r2, #16
10003024:	4354      	muls	r4, r2
10003026:	b289      	uxth	r1, r1
10003028:	4351      	muls	r1, r2
1000302a:	185b      	adds	r3, r3, r1
1000302c:	d302      	bcc.n	10003034 <l17_1>
1000302e:	2101      	movs	r1, #1
10003030:	0409      	lsls	r1, r1, #16
10003032:	1864      	adds	r4, r4, r1

10003034 <l17_1>:
10003034:	0419      	lsls	r1, r3, #16
10003036:	0c1a      	lsrs	r2, r3, #16
10003038:	1809      	adds	r1, r1, r0
1000303a:	4162      	adcs	r2, r4
1000303c:	186d      	adds	r5, r5, r1
1000303e:	4156      	adcs	r6, r2
10003040:	2000      	movs	r0, #0
10003042:	4147      	adcs	r7, r0
10003044:	bc18      	pop	{r3, r4}
10003046:	02f9      	lsls	r1, r7, #11
10003048:	0d72      	lsrs	r2, r6, #21
1000304a:	4311      	orrs	r1, r2
1000304c:	02f0      	lsls	r0, r6, #11
1000304e:	0d6a      	lsrs	r2, r5, #21
10003050:	4310      	orrs	r0, r2
10003052:	02ed      	lsls	r5, r5, #11
10003054:	0d0a      	lsrs	r2, r1, #20
10003056:	d103      	bne.n	10003060 <l17_1+0x2c>
10003058:	196d      	adds	r5, r5, r5
1000305a:	4140      	adcs	r0, r0
1000305c:	4149      	adcs	r1, r1
1000305e:	3b01      	subs	r3, #1
10003060:	4e12      	ldr	r6, [pc, #72]	@ (100030ac <dm_1+0xa>)
10003062:	1b9b      	subs	r3, r3, r6
10003064:	0076      	lsls	r6, r6, #1
10003066:	42b3      	cmp	r3, r6
10003068:	d20e      	bcs.n	10003088 <dm_0>
1000306a:	006d      	lsls	r5, r5, #1
1000306c:	d307      	bcc.n	1000307e <l17_1+0x4a>
1000306e:	3001      	adds	r0, #1
10003070:	2600      	movs	r6, #0
10003072:	4171      	adcs	r1, r6
10003074:	4666      	mov	r6, ip
10003076:	4335      	orrs	r5, r6
10003078:	d101      	bne.n	1000307e <l17_1+0x4a>
1000307a:	0840      	lsrs	r0, r0, #1
1000307c:	0040      	lsls	r0, r0, #1
1000307e:	051b      	lsls	r3, r3, #20
10003080:	18c9      	adds	r1, r1, r3

10003082 <dm_2>:
10003082:	07e4      	lsls	r4, r4, #31
10003084:	4421      	add	r1, r4
10003086:	bdf0      	pop	{r4, r5, r6, r7, pc}

10003088 <dm_0>:
10003088:	da0b      	bge.n	100030a2 <dm_1>
1000308a:	3301      	adds	r3, #1
1000308c:	d106      	bne.n	1000309c <dm_0+0x14>
1000308e:	3001      	adds	r0, #1
10003090:	d104      	bne.n	1000309c <dm_0+0x14>
10003092:	3101      	adds	r1, #1
10003094:	0d4f      	lsrs	r7, r1, #21
10003096:	d001      	beq.n	1000309c <dm_0+0x14>
10003098:	0849      	lsrs	r1, r1, #1
1000309a:	e7f2      	b.n	10003082 <dm_2>
1000309c:	07e1      	lsls	r1, r4, #31
1000309e:	2000      	movs	r0, #0
100030a0:	bdf0      	pop	{r4, r5, r6, r7, pc}

100030a2 <dm_1>:
100030a2:	3601      	adds	r6, #1
100030a4:	0531      	lsls	r1, r6, #20
100030a6:	2000      	movs	r0, #0
100030a8:	e7eb      	b.n	10003082 <dm_2>
100030aa:	0000      	.short	0x0000
100030ac:	000003ff 	.word	0x000003ff

100030b0 <ddiv_shim>:
100030b0:	b5f0      	push	{r4, r5, r6, r7, lr}

100030b2 <ddiv0>:
100030b2:	0d1c      	lsrs	r4, r3, #20
100030b4:	1e67      	subs	r7, r4, #1
100030b6:	053f      	lsls	r7, r7, #20
100030b8:	1bdb      	subs	r3, r3, r7
100030ba:	0ae7      	lsrs	r7, r4, #11
100030bc:	0564      	lsls	r4, r4, #21
100030be:	0d64      	lsrs	r4, r4, #21
100030c0:	d002      	beq.n	100030c8 <l20_1>
100030c2:	1c66      	adds	r6, r4, #1
100030c4:	0af6      	lsrs	r6, r6, #11
100030c6:	d004      	beq.n	100030d2 <l20_2>

100030c8 <l20_1>:
100030c8:	2200      	movs	r2, #0
100030ca:	2301      	movs	r3, #1
100030cc:	051b      	lsls	r3, r3, #20
100030ce:	3c80      	subs	r4, #128	@ 0x80
100030d0:	0324      	lsls	r4, r4, #12

100030d2 <l20_2>:
100030d2:	25d0      	movs	r5, #208	@ 0xd0
100030d4:	062d      	lsls	r5, r5, #24
100030d6:	2600      	movs	r6, #0
100030d8:	43f6      	mvns	r6, r6
100030da:	662e      	str	r6, [r5, #96]	@ 0x60
100030dc:	091e      	lsrs	r6, r3, #4
100030de:	666e      	str	r6, [r5, #100]	@ 0x64
100030e0:	0fce      	lsrs	r6, r1, #31
100030e2:	19f6      	adds	r6, r6, r7
100030e4:	46b4      	mov	ip, r6
100030e6:	0049      	lsls	r1, r1, #1
100030e8:	0d4f      	lsrs	r7, r1, #21
100030ea:	d002      	beq.n	100030f2 <l20_2+0x20>
100030ec:	1c7e      	adds	r6, r7, #1
100030ee:	0af6      	lsrs	r6, r6, #11
100030f0:	d003      	beq.n	100030fa <l20_2+0x28>
100030f2:	2000      	movs	r0, #0
100030f4:	2100      	movs	r1, #0
100030f6:	3f40      	subs	r7, #64	@ 0x40
100030f8:	033f      	lsls	r7, r7, #12
100030fa:	1b3e      	subs	r6, r7, r4
100030fc:	00b6      	lsls	r6, r6, #2
100030fe:	44b4      	add	ip, r6
10003100:	3f01      	subs	r7, #1
10003102:	057f      	lsls	r7, r7, #21
10003104:	1bc9      	subs	r1, r1, r7
10003106:	0849      	lsrs	r1, r1, #1
10003108:	6f2e      	ldr	r6, [r5, #112]	@ 0x70
1000310a:	3601      	adds	r6, #1
1000310c:	0876      	lsrs	r6, r6, #1
1000310e:	029c      	lsls	r4, r3, #10
10003110:	0d95      	lsrs	r5, r2, #22
10003112:	4325      	orrs	r5, r4
10003114:	4375      	muls	r5, r6
10003116:	13ed      	asrs	r5, r5, #15
10003118:	4375      	muls	r5, r6
1000311a:	13ad      	asrs	r5, r5, #14
1000311c:	3501      	adds	r5, #1
1000311e:	106d      	asrs	r5, r5, #1
10003120:	03f6      	lsls	r6, r6, #15
10003122:	1b76      	subs	r6, r6, r5
10003124:	b40c      	push	{r2, r3}
10003126:	02cc      	lsls	r4, r1, #11
10003128:	0d45      	lsrs	r5, r0, #21
1000312a:	432c      	orrs	r4, r5
1000312c:	b2a2      	uxth	r2, r4
1000312e:	b2b3      	uxth	r3, r6
10003130:	435a      	muls	r2, r3
10003132:	0c27      	lsrs	r7, r4, #16
10003134:	437b      	muls	r3, r7
10003136:	0c35      	lsrs	r5, r6, #16
10003138:	436f      	muls	r7, r5
1000313a:	b2a4      	uxth	r4, r4
1000313c:	436c      	muls	r4, r5
1000313e:	191b      	adds	r3, r3, r4
10003140:	d302      	bcc.n	10003148 <l21_1>
10003142:	2401      	movs	r4, #1
10003144:	0424      	lsls	r4, r4, #16
10003146:	193f      	adds	r7, r7, r4

10003148 <l21_1>:
10003148:	041c      	lsls	r4, r3, #16
1000314a:	0c1d      	lsrs	r5, r3, #16
1000314c:	18a4      	adds	r4, r4, r2
1000314e:	417d      	adcs	r5, r7
10003150:	1924      	adds	r4, r4, r4
10003152:	416d      	adcs	r5, r5
10003154:	9a00      	ldr	r2, [sp, #0]
10003156:	b291      	uxth	r1, r2
10003158:	b2ac      	uxth	r4, r5
1000315a:	4361      	muls	r1, r4
1000315c:	0c17      	lsrs	r7, r2, #16
1000315e:	437c      	muls	r4, r7
10003160:	0c2b      	lsrs	r3, r5, #16
10003162:	435f      	muls	r7, r3
10003164:	b292      	uxth	r2, r2
10003166:	435a      	muls	r2, r3
10003168:	18a4      	adds	r4, r4, r2
1000316a:	d302      	bcc.n	10003172 <l22_1>
1000316c:	2201      	movs	r2, #1
1000316e:	0412      	lsls	r2, r2, #16
10003170:	18bf      	adds	r7, r7, r2

10003172 <l22_1>:
10003172:	0422      	lsls	r2, r4, #16
10003174:	0c23      	lsrs	r3, r4, #16
10003176:	1852      	adds	r2, r2, r1
10003178:	417b      	adcs	r3, r7
1000317a:	9c01      	ldr	r4, [sp, #4]
1000317c:	436c      	muls	r4, r5
1000317e:	191b      	adds	r3, r3, r4
10003180:	0e52      	lsrs	r2, r2, #25
10003182:	01d9      	lsls	r1, r3, #7
10003184:	430a      	orrs	r2, r1
10003186:	0144      	lsls	r4, r0, #5
10003188:	1aa0      	subs	r0, r4, r2
1000318a:	b281      	uxth	r1, r0
1000318c:	b2b2      	uxth	r2, r6
1000318e:	4351      	muls	r1, r2
10003190:	1403      	asrs	r3, r0, #16
10003192:	435a      	muls	r2, r3
10003194:	0c36      	lsrs	r6, r6, #16
10003196:	4373      	muls	r3, r6
10003198:	b287      	uxth	r7, r0
1000319a:	4377      	muls	r7, r6
1000319c:	17d6      	asrs	r6, r2, #31
1000319e:	19d2      	adds	r2, r2, r7
100031a0:	2700      	movs	r7, #0
100031a2:	417e      	adcs	r6, r7
100031a4:	0436      	lsls	r6, r6, #16
100031a6:	199b      	adds	r3, r3, r6
100031a8:	0417      	lsls	r7, r2, #16
100031aa:	0c16      	lsrs	r6, r2, #16
100031ac:	187f      	adds	r7, r7, r1
100031ae:	415e      	adcs	r6, r3
100031b0:	1673      	asrs	r3, r6, #25
100031b2:	18ed      	adds	r5, r5, r3
100031b4:	01f3      	lsls	r3, r6, #7
100031b6:	2600      	movs	r6, #0
100031b8:	3380      	adds	r3, #128	@ 0x80
100031ba:	4175      	adcs	r5, r6
100031bc:	0fa9      	lsrs	r1, r5, #30
100031be:	d106      	bne.n	100031ce <dd_0>
100031c0:	0064      	lsls	r4, r4, #1
100031c2:	0a69      	lsrs	r1, r5, #9
100031c4:	05e8      	lsls	r0, r5, #23
100031c6:	0a5b      	lsrs	r3, r3, #9
100031c8:	4318      	orrs	r0, r3
100031ca:	d209      	bcs.n	100031e0 <dd_1>
100031cc:	e02f      	b.n	1000322e <dd_2>

100031ce <dd_0>:
100031ce:	2204      	movs	r2, #4
100031d0:	4494      	add	ip, r2
100031d2:	3380      	adds	r3, #128	@ 0x80
100031d4:	4175      	adcs	r5, r6
100031d6:	0aa9      	lsrs	r1, r5, #10
100031d8:	05a8      	lsls	r0, r5, #22
100031da:	0a9b      	lsrs	r3, r3, #10
100031dc:	4318      	orrs	r0, r3
100031de:	d326      	bcc.n	1000322e <dd_2>

100031e0 <dd_1>:
100031e0:	4140      	adcs	r0, r0
100031e2:	4149      	adcs	r1, r1
100031e4:	0424      	lsls	r4, r4, #16
100031e6:	9a00      	ldr	r2, [sp, #0]
100031e8:	9b01      	ldr	r3, [sp, #4]
100031ea:	000d      	movs	r5, r1
100031ec:	4355      	muls	r5, r2
100031ee:	1b64      	subs	r4, r4, r5
100031f0:	4343      	muls	r3, r0
100031f2:	1ae4      	subs	r4, r4, r3
100031f4:	b295      	uxth	r5, r2
100031f6:	b286      	uxth	r6, r0
100031f8:	4375      	muls	r5, r6
100031fa:	0c17      	lsrs	r7, r2, #16
100031fc:	437e      	muls	r6, r7
100031fe:	0c03      	lsrs	r3, r0, #16
10003200:	435f      	muls	r7, r3
10003202:	b292      	uxth	r2, r2
10003204:	435a      	muls	r2, r3
10003206:	18b6      	adds	r6, r6, r2
10003208:	d302      	bcc.n	10003210 <l24_1>
1000320a:	2201      	movs	r2, #1
1000320c:	0412      	lsls	r2, r2, #16
1000320e:	18bf      	adds	r7, r7, r2

10003210 <l24_1>:
10003210:	0432      	lsls	r2, r6, #16
10003212:	0c33      	lsrs	r3, r6, #16
10003214:	1952      	adds	r2, r2, r5
10003216:	417b      	adcs	r3, r7
10003218:	4252      	negs	r2, r2
1000321a:	419c      	sbcs	r4, r3
1000321c:	2c00      	cmp	r4, #0
1000321e:	d402      	bmi.n	10003226 <l24_1+0x16>
10003220:	2200      	movs	r2, #0
10003222:	3001      	adds	r0, #1
10003224:	4151      	adcs	r1, r2
10003226:	0840      	lsrs	r0, r0, #1
10003228:	07ca      	lsls	r2, r1, #31
1000322a:	4310      	orrs	r0, r2
1000322c:	0849      	lsrs	r1, r1, #1

1000322e <dd_2>:
1000322e:	b002      	add	sp, #8
10003230:	4662      	mov	r2, ip
10003232:	07d7      	lsls	r7, r2, #31
10003234:	1092      	asrs	r2, r2, #2
10003236:	4b08      	ldr	r3, [pc, #32]	@ (10003258 <dd_4+0x6>)
10003238:	18d2      	adds	r2, r2, r3
1000323a:	4b08      	ldr	r3, [pc, #32]	@ (1000325c <dd_4+0xa>)
1000323c:	429a      	cmp	r2, r3
1000323e:	d203      	bcs.n	10003248 <dd_3>
10003240:	0512      	lsls	r2, r2, #20
10003242:	1889      	adds	r1, r1, r2

10003244 <dd_5>:
10003244:	19c9      	adds	r1, r1, r7
10003246:	bdf0      	pop	{r4, r5, r6, r7, pc}

10003248 <dd_3>:
10003248:	2000      	movs	r0, #0
1000324a:	2a00      	cmp	r2, #0
1000324c:	dc01      	bgt.n	10003252 <dd_4>
1000324e:	0039      	movs	r1, r7
10003250:	bdf0      	pop	{r4, r5, r6, r7, pc}

10003252 <dd_4>:
10003252:	3301      	adds	r3, #1
10003254:	0519      	lsls	r1, r3, #20
10003256:	e7f5      	b.n	10003244 <dd_5>
10003258:	000003fd 	.word	0x000003fd
1000325c:	000007fe 	.word	0x000007fe

10003260 <double2uint_shim>:
10003260:	2200      	movs	r2, #0

10003262 <double2ufix_shim>:
10003262:	b500      	push	{lr}
10003264:	3220      	adds	r2, #32
10003266:	f000 f810 	bl	1000328a <double2ufix64_shim>
1000326a:	0008      	movs	r0, r1
1000326c:	bd00      	pop	{pc}

1000326e <double2int64_shim>:
1000326e:	2200      	movs	r2, #0

10003270 <double2fix64_shim>:
10003270:	b500      	push	{lr}
10003272:	f000 f80c 	bl	1000328e <d2fix>
10003276:	17ca      	asrs	r2, r1, #31
10003278:	429a      	cmp	r2, r3
1000327a:	d100      	bne.n	1000327e <double2fix64_shim+0xe>
1000327c:	bd00      	pop	{pc}
1000327e:	43d8      	mvns	r0, r3
10003280:	2101      	movs	r1, #1
10003282:	07c9      	lsls	r1, r1, #31
10003284:	4041      	eors	r1, r0
10003286:	bd00      	pop	{pc}

10003288 <double2uint64_shim>:
10003288:	2200      	movs	r2, #0

1000328a <double2ufix64_shim>:
1000328a:	150b      	asrs	r3, r1, #20
1000328c:	d40a      	bmi.n	100032a4 <ret_dzero>

1000328e <d2fix>:
1000328e:	b510      	push	{r4, lr}
10003290:	4694      	mov	ip, r2
10003292:	f000 f8a7 	bl	100033e4 <dunpacks>
10003296:	1414      	asrs	r4, r2, #16
10003298:	3401      	adds	r4, #1
1000329a:	da00      	bge.n	1000329e <d2fix+0x10>
1000329c:	2100      	movs	r1, #0
1000329e:	17cb      	asrs	r3, r1, #31
100032a0:	4c14      	ldr	r4, [pc, #80]	@ (100032f4 <d2fix_a+0x4a>)
100032a2:	4720      	bx	r4

100032a4 <ret_dzero>:
100032a4:	2000      	movs	r0, #0
100032a6:	2100      	movs	r1, #0
100032a8:	4770      	bx	lr

100032aa <d2fix_a>:
100032aa:	4462      	add	r2, ip
100032ac:	3a34      	subs	r2, #52	@ 0x34
100032ae:	d40c      	bmi.n	100032ca <d2fix_a+0x20>
100032b0:	2a0c      	cmp	r2, #12
100032b2:	da07      	bge.n	100032c4 <d2fix_a+0x1a>
100032b4:	0004      	movs	r4, r0
100032b6:	4091      	lsls	r1, r2
100032b8:	4090      	lsls	r0, r2
100032ba:	4252      	negs	r2, r2
100032bc:	3220      	adds	r2, #32
100032be:	40d4      	lsrs	r4, r2
100032c0:	4321      	orrs	r1, r4
100032c2:	bd10      	pop	{r4, pc}
100032c4:	43d8      	mvns	r0, r3
100032c6:	43d9      	mvns	r1, r3
100032c8:	bd10      	pop	{r4, pc}
100032ca:	3220      	adds	r2, #32
100032cc:	d407      	bmi.n	100032de <d2fix_a+0x34>
100032ce:	460c      	mov	r4, r1
100032d0:	4094      	lsls	r4, r2
100032d2:	4252      	negs	r2, r2
100032d4:	3220      	adds	r2, #32
100032d6:	4111      	asrs	r1, r2
100032d8:	40d0      	lsrs	r0, r2
100032da:	4320      	orrs	r0, r4
100032dc:	bd10      	pop	{r4, pc}
100032de:	0008      	movs	r0, r1
100032e0:	17c9      	asrs	r1, r1, #31
100032e2:	3220      	adds	r2, #32
100032e4:	d403      	bmi.n	100032ee <d2fix_a+0x44>
100032e6:	4252      	negs	r2, r2
100032e8:	3220      	adds	r2, #32
100032ea:	4110      	asrs	r0, r2
100032ec:	bd10      	pop	{r4, pc}
100032ee:	0018      	movs	r0, r3
100032f0:	0019      	movs	r1, r3
100032f2:	bd10      	pop	{r4, pc}
100032f4:	100032ab 	.word	0x100032ab

100032f8 <double2float_shim>:
100032f8:	004a      	lsls	r2, r1, #1
100032fa:	0d52      	lsrs	r2, r2, #21
100032fc:	4b14      	ldr	r3, [pc, #80]	@ (10003350 <double2float_shim+0x58>)
100032fe:	1ad2      	subs	r2, r2, r3
10003300:	dd13      	ble.n	1000332a <double2float_shim+0x32>
10003302:	2aff      	cmp	r2, #255	@ 0xff
10003304:	da1e      	bge.n	10003344 <double2float_shim+0x4c>
10003306:	05d2      	lsls	r2, r2, #23
10003308:	0fcb      	lsrs	r3, r1, #31
1000330a:	07db      	lsls	r3, r3, #31
1000330c:	431a      	orrs	r2, r3
1000330e:	00c3      	lsls	r3, r0, #3
10003310:	0f40      	lsrs	r0, r0, #29
10003312:	0309      	lsls	r1, r1, #12
10003314:	0a49      	lsrs	r1, r1, #9
10003316:	4308      	orrs	r0, r1
10003318:	4310      	orrs	r0, r2
1000331a:	005b      	lsls	r3, r3, #1
1000331c:	d301      	bcc.n	10003322 <double2float_shim+0x2a>
1000331e:	d001      	beq.n	10003324 <double2float_shim+0x2c>
10003320:	3001      	adds	r0, #1
10003322:	4770      	bx	lr
10003324:	0843      	lsrs	r3, r0, #1
10003326:	d2fb      	bcs.n	10003320 <double2float_shim+0x28>
10003328:	4770      	bx	lr
1000332a:	d002      	beq.n	10003332 <double2float_shim+0x3a>
1000332c:	0fc8      	lsrs	r0, r1, #31
1000332e:	07c0      	lsls	r0, r0, #31
10003330:	4770      	bx	lr
10003332:	030a      	lsls	r2, r1, #12
10003334:	1312      	asrs	r2, r2, #12
10003336:	3201      	adds	r2, #1
10003338:	d1f8      	bne.n	1000332c <double2float_shim+0x34>
1000333a:	0f42      	lsrs	r2, r0, #29
1000333c:	2a07      	cmp	r2, #7
1000333e:	d1f5      	bne.n	1000332c <double2float_shim+0x34>
10003340:	2201      	movs	r2, #1
10003342:	e000      	b.n	10003346 <double2float_shim+0x4e>
10003344:	22ff      	movs	r2, #255	@ 0xff
10003346:	0fc8      	lsrs	r0, r1, #31
10003348:	0200      	lsls	r0, r0, #8
1000334a:	1880      	adds	r0, r0, r2
1000334c:	05c0      	lsls	r0, r0, #23
1000334e:	4770      	bx	lr
10003350:	00000380 	.word	0x00000380

10003354 <uint2double_shim>:
10003354:	2100      	movs	r1, #0

10003356 <ufix2double_shim>:
10003356:	000a      	movs	r2, r1
10003358:	2100      	movs	r1, #0
1000335a:	e004      	b.n	10003366 <ufix642double_shim>

1000335c <int2double_shim>:
1000335c:	2100      	movs	r1, #0

1000335e <fix2double_shim>:
1000335e:	000a      	movs	r2, r1
10003360:	17c1      	asrs	r1, r0, #31
10003362:	e004      	b.n	1000336e <fix642double_shim>

10003364 <uint642double_shim>:
10003364:	2200      	movs	r2, #0

10003366 <ufix642double_shim>:
10003366:	2300      	movs	r3, #0
10003368:	e006      	b.n	10003378 <uf2d>
1000336a:	46c0      	nop			@ (mov r8, r8)

1000336c <int642double_shim>:
1000336c:	2200      	movs	r2, #0

1000336e <fix642double_shim>:
1000336e:	17cb      	asrs	r3, r1, #31
10003370:	4058      	eors	r0, r3
10003372:	4059      	eors	r1, r3
10003374:	1ac0      	subs	r0, r0, r3
10003376:	4199      	sbcs	r1, r3

10003378 <uf2d>:
10003378:	b530      	push	{r4, r5, lr}
1000337a:	4c18      	ldr	r4, [pc, #96]	@ (100033dc <uf2d+0x64>)
1000337c:	1aa2      	subs	r2, r4, r2
1000337e:	2900      	cmp	r1, #0
10003380:	d103      	bne.n	1000338a <uf2d+0x12>
10003382:	0001      	movs	r1, r0
10003384:	d010      	beq.n	100033a8 <uf2d+0x30>
10003386:	2000      	movs	r0, #0
10003388:	3a20      	subs	r2, #32
1000338a:	154c      	asrs	r4, r1, #21
1000338c:	d112      	bne.n	100033b4 <uf2d+0x3c>
1000338e:	d204      	bcs.n	1000339a <uf2d+0x22>
10003390:	3a01      	subs	r2, #1
10003392:	1800      	adds	r0, r0, r0
10003394:	4149      	adcs	r1, r1
10003396:	0d4c      	lsrs	r4, r1, #21
10003398:	d3fa      	bcc.n	10003390 <uf2d+0x18>
1000339a:	4c11      	ldr	r4, [pc, #68]	@ (100033e0 <uf2d+0x68>)
1000339c:	42a2      	cmp	r2, r4
1000339e:	d204      	bcs.n	100033aa <uf2d+0x32>
100033a0:	0512      	lsls	r2, r2, #20
100033a2:	1889      	adds	r1, r1, r2
100033a4:	07db      	lsls	r3, r3, #31
100033a6:	18c9      	adds	r1, r1, r3
100033a8:	bd30      	pop	{r4, r5, pc}
100033aa:	43d2      	mvns	r2, r2
100033ac:	0d52      	lsrs	r2, r2, #21
100033ae:	2000      	movs	r0, #0
100033b0:	2100      	movs	r1, #0
100033b2:	e7f5      	b.n	100033a0 <uf2d+0x28>
100033b4:	d403      	bmi.n	100033be <uf2d+0x46>
100033b6:	3a01      	subs	r2, #1
100033b8:	1800      	adds	r0, r0, r0
100033ba:	4149      	adcs	r1, r1
100033bc:	d5fb      	bpl.n	100033b6 <uf2d+0x3e>
100033be:	320b      	adds	r2, #11
100033c0:	0544      	lsls	r4, r0, #21
100033c2:	0ac0      	lsrs	r0, r0, #11
100033c4:	054d      	lsls	r5, r1, #21
100033c6:	4328      	orrs	r0, r5
100033c8:	0ac9      	lsrs	r1, r1, #11
100033ca:	0064      	lsls	r4, r4, #1
100033cc:	d003      	beq.n	100033d6 <uf2d+0x5e>
100033ce:	2400      	movs	r4, #0
100033d0:	4160      	adcs	r0, r4
100033d2:	4161      	adcs	r1, r4
100033d4:	e7e1      	b.n	1000339a <uf2d+0x22>
100033d6:	d3e0      	bcc.n	1000339a <uf2d+0x22>
100033d8:	0844      	lsrs	r4, r0, #1
100033da:	e7f8      	b.n	100033ce <uf2d+0x56>
100033dc:	00000432 	.word	0x00000432
100033e0:	000007fe 	.word	0x000007fe

100033e4 <dunpacks>:
100033e4:	0d0a      	lsrs	r2, r1, #20
100033e6:	0fcc      	lsrs	r4, r1, #31
100033e8:	1e53      	subs	r3, r2, #1
100033ea:	051b      	lsls	r3, r3, #20
100033ec:	1ac9      	subs	r1, r1, r3
100033ee:	0552      	lsls	r2, r2, #21
100033f0:	d303      	bcc.n	100033fa <l60_1>
100033f2:	43c9      	mvns	r1, r1
100033f4:	4240      	negs	r0, r0
100033f6:	d300      	bcc.n	100033fa <l60_1>
100033f8:	3101      	adds	r1, #1

100033fa <l60_1>:
100033fa:	0d52      	lsrs	r2, r2, #21
100033fc:	d003      	beq.n	10003406 <l60_2>
100033fe:	1c53      	adds	r3, r2, #1
10003400:	0adb      	lsrs	r3, r3, #11
10003402:	d007      	beq.n	10003414 <l60_3>
10003404:	1b12      	subs	r2, r2, r4

10003406 <l60_2>:
10003406:	2000      	movs	r0, #0
10003408:	0064      	lsls	r4, r4, #1
1000340a:	1c61      	adds	r1, r4, #1
1000340c:	0789      	lsls	r1, r1, #30
1000340e:	1289      	asrs	r1, r1, #10
10003410:	3a80      	subs	r2, #128	@ 0x80
10003412:	0312      	lsls	r2, r2, #12

10003414 <l60_3>:
10003414:	4b01      	ldr	r3, [pc, #4]	@ (1000341c <l60_3+0x8>)
10003416:	1ad2      	subs	r2, r2, r3
10003418:	4770      	bx	lr
1000341a:	0000      	.short	0x0000
1000341c:	000003ff 	.word	0x000003ff

10003420 <__wrap___aeabi_lmul>:
10003420:	4351      	muls	r1, r2
10003422:	4343      	muls	r3, r0
10003424:	18c9      	adds	r1, r1, r3
10003426:	468c      	mov	ip, r1
10003428:	0c11      	lsrs	r1, r2, #16
1000342a:	b283      	uxth	r3, r0
1000342c:	434b      	muls	r3, r1
1000342e:	b410      	push	{r4}
10003430:	0c04      	lsrs	r4, r0, #16
10003432:	4361      	muls	r1, r4
10003434:	b292      	uxth	r2, r2
10003436:	b280      	uxth	r0, r0
10003438:	4350      	muls	r0, r2
1000343a:	4362      	muls	r2, r4
1000343c:	041c      	lsls	r4, r3, #16
1000343e:	0c1b      	lsrs	r3, r3, #16
10003440:	1900      	adds	r0, r0, r4
10003442:	bc10      	pop	{r4}
10003444:	4159      	adcs	r1, r3
10003446:	0413      	lsls	r3, r2, #16
10003448:	0c12      	lsrs	r2, r2, #16
1000344a:	18c0      	adds	r0, r0, r3
1000344c:	4151      	adcs	r1, r2
1000344e:	4461      	add	r1, ip
10003450:	4770      	bx	lr
	...

10003454 <__wrap___aeabi_cfrcmple>:
10003454:	b507      	push	{r0, r1, r2, lr}
10003456:	4048      	eors	r0, r1
10003458:	4041      	eors	r1, r0
1000345a:	4048      	eors	r0, r1
1000345c:	e001      	b.n	10003462 <__aeabi_cfcmple_guts>
1000345e:	46c0      	nop			@ (mov r8, r8)

10003460 <__wrap___aeabi_cfcmpeq>:
10003460:	b507      	push	{r0, r1, r2, lr}

10003462 <__aeabi_cfcmple_guts>:
10003462:	0042      	lsls	r2, r0, #1
10003464:	0e12      	lsrs	r2, r2, #24
10003466:	d003      	beq.n	10003470 <__aeabi_cfcmple_guts+0xe>
10003468:	2aff      	cmp	r2, #255	@ 0xff
1000346a:	d103      	bne.n	10003474 <__aeabi_cfcmple_guts+0x12>
1000346c:	0242      	lsls	r2, r0, #9
1000346e:	d818      	bhi.n	100034a2 <__aeabi_cfcmple_guts+0x40>
10003470:	0dc0      	lsrs	r0, r0, #23
10003472:	05c0      	lsls	r0, r0, #23
10003474:	004a      	lsls	r2, r1, #1
10003476:	0e12      	lsrs	r2, r2, #24
10003478:	d003      	beq.n	10003482 <__aeabi_cfcmple_guts+0x20>
1000347a:	2aff      	cmp	r2, #255	@ 0xff
1000347c:	d103      	bne.n	10003486 <__aeabi_cfcmple_guts+0x24>
1000347e:	024a      	lsls	r2, r1, #9
10003480:	d80f      	bhi.n	100034a2 <__aeabi_cfcmple_guts+0x40>
10003482:	0dc9      	lsrs	r1, r1, #23
10003484:	05c9      	lsls	r1, r1, #23
10003486:	2201      	movs	r2, #1
10003488:	4041      	eors	r1, r0
1000348a:	d405      	bmi.n	10003498 <__aeabi_cfcmple_guts+0x36>
1000348c:	4041      	eors	r1, r0
1000348e:	d501      	bpl.n	10003494 <__aeabi_cfcmple_guts+0x32>
10003490:	4281      	cmp	r1, r0
10003492:	bd07      	pop	{r0, r1, r2, pc}
10003494:	4288      	cmp	r0, r1
10003496:	bd07      	pop	{r0, r1, r2, pc}
10003498:	4301      	orrs	r1, r0
1000349a:	1849      	adds	r1, r1, r1
1000349c:	d001      	beq.n	100034a2 <__aeabi_cfcmple_guts+0x40>
1000349e:	43c0      	mvns	r0, r0
100034a0:	1800      	adds	r0, r0, r0
100034a2:	bd07      	pop	{r0, r1, r2, pc}

100034a4 <__wrap___aeabi_fcmple>:
100034a4:	b500      	push	{lr}
100034a6:	f7ff ffdb 	bl	10003460 <__wrap___aeabi_cfcmpeq>
100034aa:	d901      	bls.n	100034b0 <__wrap___aeabi_fcmple+0xc>
100034ac:	2000      	movs	r0, #0
100034ae:	bd00      	pop	{pc}
100034b0:	2001      	movs	r0, #1
100034b2:	bd00      	pop	{pc}

100034b4 <__wrap___aeabi_fcmpun>:
100034b4:	2301      	movs	r3, #1
100034b6:	061b      	lsls	r3, r3, #24
100034b8:	0042      	lsls	r2, r0, #1
100034ba:	18d2      	adds	r2, r2, r3
100034bc:	d804      	bhi.n	100034c8 <__wrap___aeabi_fcmpun+0x14>
100034be:	004a      	lsls	r2, r1, #1
100034c0:	18d2      	adds	r2, r2, r3
100034c2:	d801      	bhi.n	100034c8 <__wrap___aeabi_fcmpun+0x14>
100034c4:	2000      	movs	r0, #0
100034c6:	4770      	bx	lr
100034c8:	2001      	movs	r0, #1
100034ca:	4770      	bx	lr

100034cc <__aeabi_float_init>:
100034cc:	2313      	movs	r3, #19
100034ce:	b510      	push	{r4, lr}
100034d0:	4812      	ldr	r0, [pc, #72]	@ (1000351c <__aeabi_float_init+0x50>)
100034d2:	781c      	ldrb	r4, [r3, #0]
100034d4:	f7fe ff0e 	bl	100022f4 <rom_data_lookup>
100034d8:	0001      	movs	r1, r0
100034da:	2c01      	cmp	r4, #1
100034dc:	d00a      	beq.n	100034f4 <__aeabi_float_init+0x28>
100034de:	dd03      	ble.n	100034e8 <__aeabi_float_init+0x1c>
100034e0:	2280      	movs	r2, #128	@ 0x80
100034e2:	480f      	ldr	r0, [pc, #60]	@ (10003520 <__aeabi_float_init+0x54>)
100034e4:	f000 f84c 	bl	10003580 <__wrap___aeabi_memcpy>
100034e8:	480e      	ldr	r0, [pc, #56]	@ (10003524 <__aeabi_float_init+0x58>)
100034ea:	f7fe fefb 	bl	100022e4 <rom_func_lookup>
100034ee:	4b0e      	ldr	r3, [pc, #56]	@ (10003528 <__aeabi_float_init+0x5c>)
100034f0:	6018      	str	r0, [r3, #0]
100034f2:	bd10      	pop	{r4, pc}
100034f4:	4c0a      	ldr	r4, [pc, #40]	@ (10003520 <__aeabi_float_init+0x54>)
100034f6:	2254      	movs	r2, #84	@ 0x54
100034f8:	0020      	movs	r0, r4
100034fa:	f000 f841 	bl	10003580 <__wrap___aeabi_memcpy>
100034fe:	4b0b      	ldr	r3, [pc, #44]	@ (1000352c <__aeabi_float_init+0x60>)
10003500:	6563      	str	r3, [r4, #84]	@ 0x54
10003502:	65a3      	str	r3, [r4, #88]	@ 0x58
10003504:	65e3      	str	r3, [r4, #92]	@ 0x5c
10003506:	6623      	str	r3, [r4, #96]	@ 0x60
10003508:	6663      	str	r3, [r4, #100]	@ 0x64
1000350a:	66a3      	str	r3, [r4, #104]	@ 0x68
1000350c:	66e3      	str	r3, [r4, #108]	@ 0x6c
1000350e:	6723      	str	r3, [r4, #112]	@ 0x70
10003510:	6763      	str	r3, [r4, #116]	@ 0x74
10003512:	67a3      	str	r3, [r4, #120]	@ 0x78
10003514:	67e3      	str	r3, [r4, #124]	@ 0x7c
10003516:	6223      	str	r3, [r4, #32]
10003518:	61e3      	str	r3, [r4, #28]
1000351a:	e7e5      	b.n	100034e8 <__aeabi_float_init+0x1c>
1000351c:	00004653 	.word	0x00004653
10003520:	20001a68 	.word	0x20001a68
10003524:	0000334c 	.word	0x0000334c
10003528:	20004ccc 	.word	0x20004ccc
1000352c:	10003531 	.word	0x10003531

10003530 <float_table_shim_on_use_helper>:
10003530:	b507      	push	{r0, r1, r2, lr}
10003532:	4660      	mov	r0, ip
10003534:	8801      	ldrh	r1, [r0, #0]
10003536:	0a0a      	lsrs	r2, r1, #8
10003538:	3002      	adds	r0, #2
1000353a:	2adf      	cmp	r2, #223	@ 0xdf
1000353c:	d1fa      	bne.n	10003534 <float_table_shim_on_use_helper+0x4>
1000353e:	b2c9      	uxtb	r1, r1
10003540:	0882      	lsrs	r2, r0, #2
10003542:	d304      	bcc.n	1000354e <float_table_shim_on_use_helper+0x1e>
10003544:	8802      	ldrh	r2, [r0, #0]
10003546:	8840      	ldrh	r0, [r0, #2]
10003548:	0400      	lsls	r0, r0, #16
1000354a:	4310      	orrs	r0, r2
1000354c:	e000      	b.n	10003550 <float_table_shim_on_use_helper+0x20>
1000354e:	6800      	ldr	r0, [r0, #0]
10003550:	4a01      	ldr	r2, [pc, #4]	@ (10003558 <float_table_shim_on_use_helper+0x28>)
10003552:	5050      	str	r0, [r2, r1]
10003554:	9003      	str	r0, [sp, #12]
10003556:	bd07      	pop	{r0, r1, r2, pc}
10003558:	20001a68 	.word	0x20001a68

1000355c <__wrap_free>:
1000355c:	b510      	push	{r4, lr}
1000355e:	f006 fd31 	bl	10009fc4 <free>
10003562:	bd10      	pop	{r4, pc}

10003564 <__aeabi_mem_init>:
10003564:	4801      	ldr	r0, [pc, #4]	@ (1000356c <__aeabi_mem_init+0x8>)
10003566:	2104      	movs	r1, #4
10003568:	4b01      	ldr	r3, [pc, #4]	@ (10003570 <__aeabi_mem_init+0xc>)
1000356a:	4718      	bx	r3
1000356c:	200010b0 	.word	0x200010b0
10003570:	10002305 	.word	0x10002305

10003574 <__wrap_memset>:
10003574:	4b01      	ldr	r3, [pc, #4]	@ (1000357c <__wrap_memset+0x8>)
10003576:	681b      	ldr	r3, [r3, #0]
10003578:	4718      	bx	r3
1000357a:	0000      	.short	0x0000
1000357c:	200010b0 	.word	0x200010b0

10003580 <__wrap___aeabi_memcpy>:
10003580:	4b01      	ldr	r3, [pc, #4]	@ (10003588 <__wrap___aeabi_memcpy+0x8>)
10003582:	685b      	ldr	r3, [r3, #4]
10003584:	4718      	bx	r3
10003586:	0000      	.short	0x0000
10003588:	200010b0 	.word	0x200010b0

1000358c <_out_buffer>:
1000358c:	429a      	cmp	r2, r3
1000358e:	d200      	bcs.n	10003592 <_out_buffer+0x6>
10003590:	5488      	strb	r0, [r1, r2]
10003592:	4770      	bx	lr

10003594 <_out_null>:
10003594:	4770      	bx	lr
10003596:	46c0      	nop			@ (mov r8, r8)

10003598 <_out_rev>:
10003598:	b5f8      	push	{r3, r4, r5, r6, r7, lr}
1000359a:	4657      	mov	r7, sl
1000359c:	46de      	mov	lr, fp
1000359e:	464e      	mov	r6, r9
100035a0:	4645      	mov	r5, r8
100035a2:	b5e0      	push	{r5, r6, r7, lr}
100035a4:	4699      	mov	r9, r3
100035a6:	9b0a      	ldr	r3, [sp, #40]	@ 0x28
100035a8:	0007      	movs	r7, r0
100035aa:	469a      	mov	sl, r3
100035ac:	9b0d      	ldr	r3, [sp, #52]	@ 0x34
100035ae:	4688      	mov	r8, r1
100035b0:	4693      	mov	fp, r2
100035b2:	9c0b      	ldr	r4, [sp, #44]	@ 0x2c
100035b4:	079b      	lsls	r3, r3, #30
100035b6:	d13b      	bne.n	10003630 <_out_rev+0x98>
100035b8:	9b0c      	ldr	r3, [sp, #48]	@ 0x30
100035ba:	429c      	cmp	r4, r3
100035bc:	d23d      	bcs.n	1000363a <_out_rev+0xa2>
100035be:	1b1e      	subs	r6, r3, r4
100035c0:	940b      	str	r4, [sp, #44]	@ 0x2c
100035c2:	0015      	movs	r5, r2
100035c4:	000c      	movs	r4, r1
100035c6:	445e      	add	r6, fp
100035c8:	002a      	movs	r2, r5
100035ca:	464b      	mov	r3, r9
100035cc:	3501      	adds	r5, #1
100035ce:	0021      	movs	r1, r4
100035d0:	2020      	movs	r0, #32
100035d2:	47b8      	blx	r7
100035d4:	42b5      	cmp	r5, r6
100035d6:	d1f7      	bne.n	100035c8 <_out_rev+0x30>
100035d8:	46a0      	mov	r8, r4
100035da:	9c0b      	ldr	r4, [sp, #44]	@ 0x2c
100035dc:	2c00      	cmp	r4, #0
100035de:	d020      	beq.n	10003622 <_out_rev+0x8a>
100035e0:	4645      	mov	r5, r8
100035e2:	1936      	adds	r6, r6, r4
100035e4:	4653      	mov	r3, sl
100035e6:	1b32      	subs	r2, r6, r4
100035e8:	3c01      	subs	r4, #1
100035ea:	5d18      	ldrb	r0, [r3, r4]
100035ec:	0029      	movs	r1, r5
100035ee:	464b      	mov	r3, r9
100035f0:	47b8      	blx	r7
100035f2:	2c00      	cmp	r4, #0
100035f4:	d1f6      	bne.n	100035e4 <_out_rev+0x4c>
100035f6:	002b      	movs	r3, r5
100035f8:	0035      	movs	r5, r6
100035fa:	4698      	mov	r8, r3
100035fc:	9b0d      	ldr	r3, [sp, #52]	@ 0x34
100035fe:	079b      	lsls	r3, r3, #30
10003600:	d50f      	bpl.n	10003622 <_out_rev+0x8a>
10003602:	465b      	mov	r3, fp
10003604:	1aec      	subs	r4, r5, r3
10003606:	9b0c      	ldr	r3, [sp, #48]	@ 0x30
10003608:	42a3      	cmp	r3, r4
1000360a:	d90a      	bls.n	10003622 <_out_rev+0x8a>
1000360c:	4646      	mov	r6, r8
1000360e:	4698      	mov	r8, r3
10003610:	002a      	movs	r2, r5
10003612:	464b      	mov	r3, r9
10003614:	0031      	movs	r1, r6
10003616:	2020      	movs	r0, #32
10003618:	3401      	adds	r4, #1
1000361a:	47b8      	blx	r7
1000361c:	3501      	adds	r5, #1
1000361e:	4544      	cmp	r4, r8
10003620:	d3f6      	bcc.n	10003610 <_out_rev+0x78>
10003622:	0028      	movs	r0, r5
10003624:	bcf0      	pop	{r4, r5, r6, r7}
10003626:	46bb      	mov	fp, r7
10003628:	46b2      	mov	sl, r6
1000362a:	46a9      	mov	r9, r5
1000362c:	46a0      	mov	r8, r4
1000362e:	bdf8      	pop	{r3, r4, r5, r6, r7, pc}
10003630:	0016      	movs	r6, r2
10003632:	0015      	movs	r5, r2
10003634:	2c00      	cmp	r4, #0
10003636:	d1d3      	bne.n	100035e0 <_out_rev+0x48>
10003638:	e7e0      	b.n	100035fc <_out_rev+0x64>
1000363a:	0016      	movs	r6, r2
1000363c:	0015      	movs	r5, r2
1000363e:	2c00      	cmp	r4, #0
10003640:	d1ce      	bne.n	100035e0 <_out_rev+0x48>
10003642:	e7ee      	b.n	10003622 <_out_rev+0x8a>

10003644 <_ntoa_format>:
10003644:	b5f0      	push	{r4, r5, r6, r7, lr}
10003646:	4645      	mov	r5, r8
10003648:	46de      	mov	lr, fp
1000364a:	4657      	mov	r7, sl
1000364c:	464e      	mov	r6, r9
1000364e:	b5e0      	push	{r5, r6, r7, lr}
10003650:	b085      	sub	sp, #20
10003652:	469c      	mov	ip, r3
10003654:	ab10      	add	r3, sp, #64	@ 0x40
10003656:	781b      	ldrb	r3, [r3, #0]
10003658:	9f14      	ldr	r7, [sp, #80]	@ 0x50
1000365a:	4693      	mov	fp, r2
1000365c:	4698      	mov	r8, r3
1000365e:	9c0f      	ldr	r4, [sp, #60]	@ 0x3c
10003660:	9e12      	ldr	r6, [sp, #72]	@ 0x48
10003662:	9d13      	ldr	r5, [sp, #76]	@ 0x4c
10003664:	07bb      	lsls	r3, r7, #30
10003666:	d44c      	bmi.n	10003702 <_ntoa_format+0xbe>
10003668:	2d00      	cmp	r5, #0
1000366a:	d142      	bne.n	100036f2 <_ntoa_format+0xae>
1000366c:	42b4      	cmp	r4, r6
1000366e:	d248      	bcs.n	10003702 <_ntoa_format+0xbe>
10003670:	2301      	movs	r3, #1
10003672:	403b      	ands	r3, r7
10003674:	4699      	mov	r9, r3
10003676:	9b0e      	ldr	r3, [sp, #56]	@ 0x38
10003678:	3b01      	subs	r3, #1
1000367a:	469a      	mov	sl, r3
1000367c:	2330      	movs	r3, #48	@ 0x30
1000367e:	e004      	b.n	1000368a <_ntoa_format+0x46>
10003680:	4652      	mov	r2, sl
10003682:	3401      	adds	r4, #1
10003684:	5513      	strb	r3, [r2, r4]
10003686:	42a6      	cmp	r6, r4
10003688:	d901      	bls.n	1000368e <_ntoa_format+0x4a>
1000368a:	2c20      	cmp	r4, #32
1000368c:	d1f8      	bne.n	10003680 <_ntoa_format+0x3c>
1000368e:	464b      	mov	r3, r9
10003690:	2b00      	cmp	r3, #0
10003692:	d100      	bne.n	10003696 <_ntoa_format+0x52>
10003694:	e083      	b.n	1000379e <_ntoa_format+0x15a>
10003696:	9b0e      	ldr	r3, [sp, #56]	@ 0x38
10003698:	3b01      	subs	r3, #1
1000369a:	4699      	mov	r9, r3
1000369c:	2330      	movs	r3, #48	@ 0x30
1000369e:	42a5      	cmp	r5, r4
100036a0:	d805      	bhi.n	100036ae <_ntoa_format+0x6a>
100036a2:	e02e      	b.n	10003702 <_ntoa_format+0xbe>
100036a4:	464a      	mov	r2, r9
100036a6:	3401      	adds	r4, #1
100036a8:	5513      	strb	r3, [r2, r4]
100036aa:	42ac      	cmp	r4, r5
100036ac:	d029      	beq.n	10003702 <_ntoa_format+0xbe>
100036ae:	2c20      	cmp	r4, #32
100036b0:	d1f8      	bne.n	100036a4 <_ntoa_format+0x60>
100036b2:	06fb      	lsls	r3, r7, #27
100036b4:	d50c      	bpl.n	100036d0 <_ntoa_format+0x8c>
100036b6:	057b      	lsls	r3, r7, #21
100036b8:	d454      	bmi.n	10003764 <_ntoa_format+0x120>
100036ba:	42a6      	cmp	r6, r4
100036bc:	d063      	beq.n	10003786 <_ntoa_format+0x142>
100036be:	42a5      	cmp	r5, r4
100036c0:	d061      	beq.n	10003786 <_ntoa_format+0x142>
100036c2:	9b11      	ldr	r3, [sp, #68]	@ 0x44
100036c4:	2b10      	cmp	r3, #16
100036c6:	d050      	beq.n	1000376a <_ntoa_format+0x126>
100036c8:	2b02      	cmp	r3, #2
100036ca:	d057      	beq.n	1000377c <_ntoa_format+0x138>
100036cc:	2c20      	cmp	r4, #32
100036ce:	d132      	bne.n	10003736 <_ntoa_format+0xf2>
100036d0:	2320      	movs	r3, #32
100036d2:	9301      	str	r3, [sp, #4]
100036d4:	9b0e      	ldr	r3, [sp, #56]	@ 0x38
100036d6:	465a      	mov	r2, fp
100036d8:	9300      	str	r3, [sp, #0]
100036da:	9703      	str	r7, [sp, #12]
100036dc:	4663      	mov	r3, ip
100036de:	9502      	str	r5, [sp, #8]
100036e0:	f7ff ff5a 	bl	10003598 <_out_rev>
100036e4:	b005      	add	sp, #20
100036e6:	bcf0      	pop	{r4, r5, r6, r7}
100036e8:	46bb      	mov	fp, r7
100036ea:	46b2      	mov	sl, r6
100036ec:	46a9      	mov	r9, r5
100036ee:	46a0      	mov	r8, r4
100036f0:	bdf0      	pop	{r4, r5, r6, r7, pc}
100036f2:	2301      	movs	r3, #1
100036f4:	403b      	ands	r3, r7
100036f6:	4699      	mov	r9, r3
100036f8:	2301      	movs	r3, #1
100036fa:	423b      	tst	r3, r7
100036fc:	d12a      	bne.n	10003754 <_ntoa_format+0x110>
100036fe:	42b4      	cmp	r4, r6
10003700:	d3b9      	bcc.n	10003676 <_ntoa_format+0x32>
10003702:	06fb      	lsls	r3, r7, #27
10003704:	d51c      	bpl.n	10003740 <_ntoa_format+0xfc>
10003706:	057b      	lsls	r3, r7, #21
10003708:	d4db      	bmi.n	100036c2 <_ntoa_format+0x7e>
1000370a:	2c00      	cmp	r4, #0
1000370c:	d1d5      	bne.n	100036ba <_ntoa_format+0x76>
1000370e:	9b11      	ldr	r3, [sp, #68]	@ 0x44
10003710:	2b10      	cmp	r3, #16
10003712:	d05b      	beq.n	100037cc <_ntoa_format+0x188>
10003714:	9b11      	ldr	r3, [sp, #68]	@ 0x44
10003716:	2b02      	cmp	r3, #2
10003718:	d06b      	beq.n	100037f2 <_ntoa_format+0x1ae>
1000371a:	2330      	movs	r3, #48	@ 0x30
1000371c:	2401      	movs	r4, #1
1000371e:	9a0e      	ldr	r2, [sp, #56]	@ 0x38
10003720:	7013      	strb	r3, [r2, #0]
10003722:	4643      	mov	r3, r8
10003724:	2b00      	cmp	r3, #0
10003726:	d110      	bne.n	1000374a <_ntoa_format+0x106>
10003728:	077b      	lsls	r3, r7, #29
1000372a:	d53e      	bpl.n	100037aa <_ntoa_format+0x166>
1000372c:	262b      	movs	r6, #43	@ 0x2b
1000372e:	9a0e      	ldr	r2, [sp, #56]	@ 0x38
10003730:	1c63      	adds	r3, r4, #1
10003732:	5516      	strb	r6, [r2, r4]
10003734:	e7cd      	b.n	100036d2 <_ntoa_format+0x8e>
10003736:	0023      	movs	r3, r4
10003738:	3401      	adds	r4, #1
1000373a:	2630      	movs	r6, #48	@ 0x30
1000373c:	9a0e      	ldr	r2, [sp, #56]	@ 0x38
1000373e:	54d6      	strb	r6, [r2, r3]
10003740:	2c20      	cmp	r4, #32
10003742:	d0c5      	beq.n	100036d0 <_ntoa_format+0x8c>
10003744:	4643      	mov	r3, r8
10003746:	2b00      	cmp	r3, #0
10003748:	d0ee      	beq.n	10003728 <_ntoa_format+0xe4>
1000374a:	262d      	movs	r6, #45	@ 0x2d
1000374c:	9a0e      	ldr	r2, [sp, #56]	@ 0x38
1000374e:	1c63      	adds	r3, r4, #1
10003750:	5516      	strb	r6, [r2, r4]
10003752:	e7be      	b.n	100036d2 <_ntoa_format+0x8e>
10003754:	4643      	mov	r3, r8
10003756:	2b00      	cmp	r3, #0
10003758:	d02f      	beq.n	100037ba <_ntoa_format+0x176>
1000375a:	3d01      	subs	r5, #1
1000375c:	42b4      	cmp	r4, r6
1000375e:	d200      	bcs.n	10003762 <_ntoa_format+0x11e>
10003760:	e789      	b.n	10003676 <_ntoa_format+0x32>
10003762:	e798      	b.n	10003696 <_ntoa_format+0x52>
10003764:	9b11      	ldr	r3, [sp, #68]	@ 0x44
10003766:	2b10      	cmp	r3, #16
10003768:	d1b2      	bne.n	100036d0 <_ntoa_format+0x8c>
1000376a:	06bb      	lsls	r3, r7, #26
1000376c:	d537      	bpl.n	100037de <_ntoa_format+0x19a>
1000376e:	2c20      	cmp	r4, #32
10003770:	d0ae      	beq.n	100036d0 <_ntoa_format+0x8c>
10003772:	2358      	movs	r3, #88	@ 0x58
10003774:	9a0e      	ldr	r2, [sp, #56]	@ 0x38
10003776:	5513      	strb	r3, [r2, r4]
10003778:	3401      	adds	r4, #1
1000377a:	e7a7      	b.n	100036cc <_ntoa_format+0x88>
1000377c:	2c20      	cmp	r4, #32
1000377e:	d0a7      	beq.n	100036d0 <_ntoa_format+0x8c>
10003780:	0023      	movs	r3, r4
10003782:	3401      	adds	r4, #1
10003784:	e007      	b.n	10003796 <_ntoa_format+0x152>
10003786:	1e63      	subs	r3, r4, #1
10003788:	2c01      	cmp	r4, #1
1000378a:	d0c0      	beq.n	1000370e <_ntoa_format+0xca>
1000378c:	9a11      	ldr	r2, [sp, #68]	@ 0x44
1000378e:	2a10      	cmp	r2, #16
10003790:	d031      	beq.n	100037f6 <_ntoa_format+0x1b2>
10003792:	2a02      	cmp	r2, #2
10003794:	d1d1      	bne.n	1000373a <_ntoa_format+0xf6>
10003796:	2662      	movs	r6, #98	@ 0x62
10003798:	9a0e      	ldr	r2, [sp, #56]	@ 0x38
1000379a:	54d6      	strb	r6, [r2, r3]
1000379c:	e796      	b.n	100036cc <_ntoa_format+0x88>
1000379e:	06fb      	lsls	r3, r7, #27
100037a0:	d5ce      	bpl.n	10003740 <_ntoa_format+0xfc>
100037a2:	057b      	lsls	r3, r7, #21
100037a4:	d400      	bmi.n	100037a8 <_ntoa_format+0x164>
100037a6:	e788      	b.n	100036ba <_ntoa_format+0x76>
100037a8:	e78b      	b.n	100036c2 <_ntoa_format+0x7e>
100037aa:	0023      	movs	r3, r4
100037ac:	073e      	lsls	r6, r7, #28
100037ae:	d590      	bpl.n	100036d2 <_ntoa_format+0x8e>
100037b0:	2620      	movs	r6, #32
100037b2:	9a0e      	ldr	r2, [sp, #56]	@ 0x38
100037b4:	3301      	adds	r3, #1
100037b6:	5516      	strb	r6, [r2, r4]
100037b8:	e78b      	b.n	100036d2 <_ntoa_format+0x8e>
100037ba:	230c      	movs	r3, #12
100037bc:	403b      	ands	r3, r7
100037be:	1e5a      	subs	r2, r3, #1
100037c0:	4193      	sbcs	r3, r2
100037c2:	1aed      	subs	r5, r5, r3
100037c4:	42b4      	cmp	r4, r6
100037c6:	d200      	bcs.n	100037ca <_ntoa_format+0x186>
100037c8:	e755      	b.n	10003676 <_ntoa_format+0x32>
100037ca:	e764      	b.n	10003696 <_ntoa_format+0x52>
100037cc:	06bb      	lsls	r3, r7, #26
100037ce:	d40e      	bmi.n	100037ee <_ntoa_format+0x1aa>
100037d0:	2378      	movs	r3, #120	@ 0x78
100037d2:	9a0e      	ldr	r2, [sp, #56]	@ 0x38
100037d4:	2402      	movs	r4, #2
100037d6:	7013      	strb	r3, [r2, #0]
100037d8:	2330      	movs	r3, #48	@ 0x30
100037da:	7053      	strb	r3, [r2, #1]
100037dc:	e7a1      	b.n	10003722 <_ntoa_format+0xde>
100037de:	2c20      	cmp	r4, #32
100037e0:	d100      	bne.n	100037e4 <_ntoa_format+0x1a0>
100037e2:	e775      	b.n	100036d0 <_ntoa_format+0x8c>
100037e4:	2378      	movs	r3, #120	@ 0x78
100037e6:	9a0e      	ldr	r2, [sp, #56]	@ 0x38
100037e8:	5513      	strb	r3, [r2, r4]
100037ea:	3401      	adds	r4, #1
100037ec:	e76e      	b.n	100036cc <_ntoa_format+0x88>
100037ee:	2358      	movs	r3, #88	@ 0x58
100037f0:	e7ef      	b.n	100037d2 <_ntoa_format+0x18e>
100037f2:	3360      	adds	r3, #96	@ 0x60
100037f4:	e7ed      	b.n	100037d2 <_ntoa_format+0x18e>
100037f6:	9a0e      	ldr	r2, [sp, #56]	@ 0x38
100037f8:	1ea6      	subs	r6, r4, #2
100037fa:	4691      	mov	r9, r2
100037fc:	444e      	add	r6, r9
100037fe:	06ba      	lsls	r2, r7, #26
10003800:	d502      	bpl.n	10003808 <_ntoa_format+0x1c4>
10003802:	2258      	movs	r2, #88	@ 0x58
10003804:	7032      	strb	r2, [r6, #0]
10003806:	e798      	b.n	1000373a <_ntoa_format+0xf6>
10003808:	2278      	movs	r2, #120	@ 0x78
1000380a:	7032      	strb	r2, [r6, #0]
1000380c:	e795      	b.n	1000373a <_ntoa_format+0xf6>
1000380e:	46c0      	nop			@ (mov r8, r8)

10003810 <_out_char>:
10003810:	b510      	push	{r4, lr}
10003812:	2800      	cmp	r0, #0
10003814:	d100      	bne.n	10003818 <_out_char+0x8>
10003816:	bd10      	pop	{r4, pc}
10003818:	f001 fca2 	bl	10005160 <__wrap_putchar>
1000381c:	e7fb      	b.n	10003816 <_out_char+0x6>
1000381e:	46c0      	nop			@ (mov r8, r8)

10003820 <_ftoa>:
10003820:	b5f0      	push	{r4, r5, r6, r7, lr}
10003822:	4657      	mov	r7, sl
10003824:	46de      	mov	lr, fp
10003826:	464e      	mov	r6, r9
10003828:	4645      	mov	r5, r8
1000382a:	b5e0      	push	{r5, r6, r7, lr}
1000382c:	b095      	sub	sp, #84	@ 0x54
1000382e:	4683      	mov	fp, r0
10003830:	000f      	movs	r7, r1
10003832:	4692      	mov	sl, r2
10003834:	4698      	mov	r8, r3
10003836:	9a1e      	ldr	r2, [sp, #120]	@ 0x78
10003838:	9b1f      	ldr	r3, [sp, #124]	@ 0x7c
1000383a:	0010      	movs	r0, r2
1000383c:	0019      	movs	r1, r3
1000383e:	9e20      	ldr	r6, [sp, #128]	@ 0x80
10003840:	f7ff f9cd 	bl	10002bde <__wrap___aeabi_dcmpun>
10003844:	2800      	cmp	r0, #0
10003846:	d000      	beq.n	1000384a <_ftoa+0x2a>
10003848:	e1ea      	b.n	10003c20 <_ftoa+0x400>
1000384a:	981e      	ldr	r0, [sp, #120]	@ 0x78
1000384c:	991f      	ldr	r1, [sp, #124]	@ 0x7c
1000384e:	2201      	movs	r2, #1
10003850:	4bc5      	ldr	r3, [pc, #788]	@ (10003b68 <_ftoa+0x348>)
10003852:	4252      	negs	r2, r2
10003854:	f7ff f9a8 	bl	10002ba8 <__wrap___aeabi_dcmplt>
10003858:	2800      	cmp	r0, #0
1000385a:	d000      	beq.n	1000385e <_ftoa+0x3e>
1000385c:	e114      	b.n	10003a88 <_ftoa+0x268>
1000385e:	981e      	ldr	r0, [sp, #120]	@ 0x78
10003860:	991f      	ldr	r1, [sp, #124]	@ 0x7c
10003862:	2201      	movs	r2, #1
10003864:	4bc1      	ldr	r3, [pc, #772]	@ (10003b6c <_ftoa+0x34c>)
10003866:	4252      	negs	r2, r2
10003868:	f7ff f9b4 	bl	10002bd4 <__wrap___aeabi_dcmpgt>
1000386c:	2800      	cmp	r0, #0
1000386e:	d000      	beq.n	10003872 <_ftoa+0x52>
10003870:	e0e9      	b.n	10003a46 <_ftoa+0x226>
10003872:	981e      	ldr	r0, [sp, #120]	@ 0x78
10003874:	991f      	ldr	r1, [sp, #124]	@ 0x7c
10003876:	2200      	movs	r2, #0
10003878:	4bbd      	ldr	r3, [pc, #756]	@ (10003b70 <_ftoa+0x350>)
1000387a:	f7ff f9ab 	bl	10002bd4 <__wrap___aeabi_dcmpgt>
1000387e:	2800      	cmp	r0, #0
10003880:	d000      	beq.n	10003884 <_ftoa+0x64>
10003882:	e0c8      	b.n	10003a16 <_ftoa+0x1f6>
10003884:	981e      	ldr	r0, [sp, #120]	@ 0x78
10003886:	991f      	ldr	r1, [sp, #124]	@ 0x7c
10003888:	2200      	movs	r2, #0
1000388a:	4bba      	ldr	r3, [pc, #744]	@ (10003b74 <_ftoa+0x354>)
1000388c:	f7ff f98c 	bl	10002ba8 <__wrap___aeabi_dcmplt>
10003890:	2800      	cmp	r0, #0
10003892:	d000      	beq.n	10003896 <_ftoa+0x76>
10003894:	e0bf      	b.n	10003a16 <_ftoa+0x1f6>
10003896:	981e      	ldr	r0, [sp, #120]	@ 0x78
10003898:	991f      	ldr	r1, [sp, #124]	@ 0x7c
1000389a:	2200      	movs	r2, #0
1000389c:	2300      	movs	r3, #0
1000389e:	f7ff f983 	bl	10002ba8 <__wrap___aeabi_dcmplt>
100038a2:	2800      	cmp	r0, #0
100038a4:	d000      	beq.n	100038a8 <_ftoa+0x88>
100038a6:	e0e4      	b.n	10003a72 <_ftoa+0x252>
100038a8:	2300      	movs	r3, #0
100038aa:	930b      	str	r3, [sp, #44]	@ 0x2c
100038ac:	9b22      	ldr	r3, [sp, #136]	@ 0x88
100038ae:	055b      	lsls	r3, r3, #21
100038b0:	d400      	bmi.n	100038b4 <_ftoa+0x94>
100038b2:	2606      	movs	r6, #6
100038b4:	2400      	movs	r4, #0
100038b6:	2330      	movs	r3, #48	@ 0x30
100038b8:	e007      	b.n	100038ca <_ftoa+0xaa>
100038ba:	2117      	movs	r1, #23
100038bc:	aa06      	add	r2, sp, #24
100038be:	3401      	adds	r4, #1
100038c0:	1852      	adds	r2, r2, r1
100038c2:	5513      	strb	r3, [r2, r4]
100038c4:	3e01      	subs	r6, #1
100038c6:	2c20      	cmp	r4, #32
100038c8:	d001      	beq.n	100038ce <_ftoa+0xae>
100038ca:	2e09      	cmp	r6, #9
100038cc:	d8f5      	bhi.n	100038ba <_ftoa+0x9a>
100038ce:	981e      	ldr	r0, [sp, #120]	@ 0x78
100038d0:	991f      	ldr	r1, [sp, #124]	@ 0x7c
100038d2:	f7ff f9ad 	bl	10002c30 <__wrap___aeabi_d2iz>
100038d6:	4ba8      	ldr	r3, [pc, #672]	@ (10003b78 <_ftoa+0x358>)
100038d8:	00f2      	lsls	r2, r6, #3
100038da:	189b      	adds	r3, r3, r2
100038dc:	681a      	ldr	r2, [r3, #0]
100038de:	685b      	ldr	r3, [r3, #4]
100038e0:	0005      	movs	r5, r0
100038e2:	9208      	str	r2, [sp, #32]
100038e4:	9309      	str	r3, [sp, #36]	@ 0x24
100038e6:	f7ff f98b 	bl	10002c00 <__wrap___aeabi_i2d>
100038ea:	0002      	movs	r2, r0
100038ec:	000b      	movs	r3, r1
100038ee:	981e      	ldr	r0, [sp, #120]	@ 0x78
100038f0:	991f      	ldr	r1, [sp, #124]	@ 0x7c
100038f2:	f7ff f8de 	bl	10002ab2 <__wrap___aeabi_dsub>
100038f6:	9a08      	ldr	r2, [sp, #32]
100038f8:	9b09      	ldr	r3, [sp, #36]	@ 0x24
100038fa:	f7ff f90a 	bl	10002b12 <__wrap___aeabi_dmul>
100038fe:	9006      	str	r0, [sp, #24]
10003900:	9107      	str	r1, [sp, #28]
10003902:	f7ff f9b9 	bl	10002c78 <__wrap___aeabi_d2uiz>
10003906:	4681      	mov	r9, r0
10003908:	f7ff f976 	bl	10002bf8 <__wrap___aeabi_ui2d>
1000390c:	0002      	movs	r2, r0
1000390e:	000b      	movs	r3, r1
10003910:	9806      	ldr	r0, [sp, #24]
10003912:	9907      	ldr	r1, [sp, #28]
10003914:	f7ff f8cd 	bl	10002ab2 <__wrap___aeabi_dsub>
10003918:	2200      	movs	r2, #0
1000391a:	4b98      	ldr	r3, [pc, #608]	@ (10003b7c <_ftoa+0x35c>)
1000391c:	9006      	str	r0, [sp, #24]
1000391e:	9107      	str	r1, [sp, #28]
10003920:	f7ff f958 	bl	10002bd4 <__wrap___aeabi_dcmpgt>
10003924:	2800      	cmp	r0, #0
10003926:	d100      	bne.n	1000392a <_ftoa+0x10a>
10003928:	e10d      	b.n	10003b46 <_ftoa+0x326>
1000392a:	2301      	movs	r3, #1
1000392c:	469c      	mov	ip, r3
1000392e:	44e1      	add	r9, ip
10003930:	4648      	mov	r0, r9
10003932:	f7ff f961 	bl	10002bf8 <__wrap___aeabi_ui2d>
10003936:	0002      	movs	r2, r0
10003938:	000b      	movs	r3, r1
1000393a:	9808      	ldr	r0, [sp, #32]
1000393c:	9909      	ldr	r1, [sp, #36]	@ 0x24
1000393e:	f7ff f939 	bl	10002bb4 <__wrap___aeabi_dcmple>
10003942:	2800      	cmp	r0, #0
10003944:	d002      	beq.n	1000394c <_ftoa+0x12c>
10003946:	2300      	movs	r3, #0
10003948:	4699      	mov	r9, r3
1000394a:	3501      	adds	r5, #1
1000394c:	2e00      	cmp	r6, #0
1000394e:	d100      	bne.n	10003952 <_ftoa+0x132>
10003950:	e0d9      	b.n	10003b06 <_ftoa+0x2e6>
10003952:	9506      	str	r5, [sp, #24]
10003954:	464d      	mov	r5, r9
10003956:	46b9      	mov	r9, r7
10003958:	e014      	b.n	10003984 <_ftoa+0x164>
1000395a:	aa06      	add	r2, sp, #24
1000395c:	4694      	mov	ip, r2
1000395e:	2317      	movs	r3, #23
10003960:	210a      	movs	r1, #10
10003962:	4463      	add	r3, ip
10003964:	0028      	movs	r0, r5
10003966:	3401      	adds	r4, #1
10003968:	191f      	adds	r7, r3, r4
1000396a:	f7fe fe67 	bl	1000263c <__wrap___aeabi_uidiv>
1000396e:	3130      	adds	r1, #48	@ 0x30
10003970:	7039      	strb	r1, [r7, #0]
10003972:	0028      	movs	r0, r5
10003974:	210a      	movs	r1, #10
10003976:	3e01      	subs	r6, #1
10003978:	f7fe fe60 	bl	1000263c <__wrap___aeabi_uidiv>
1000397c:	2d09      	cmp	r5, #9
1000397e:	d800      	bhi.n	10003982 <_ftoa+0x162>
10003980:	e117      	b.n	10003bb2 <_ftoa+0x392>
10003982:	0005      	movs	r5, r0
10003984:	2c20      	cmp	r4, #32
10003986:	d1e8      	bne.n	1000395a <_ftoa+0x13a>
10003988:	464f      	mov	r7, r9
1000398a:	9d06      	ldr	r5, [sp, #24]
1000398c:	2420      	movs	r4, #32
1000398e:	ae0c      	add	r6, sp, #48	@ 0x30
10003990:	aa06      	add	r2, sp, #24
10003992:	2317      	movs	r3, #23
10003994:	4694      	mov	ip, r2
10003996:	4463      	add	r3, ip
10003998:	4699      	mov	r9, r3
1000399a:	465b      	mov	r3, fp
1000399c:	46b3      	mov	fp, r6
1000399e:	9306      	str	r3, [sp, #24]
100039a0:	e00f      	b.n	100039c2 <_ftoa+0x1a2>
100039a2:	464b      	mov	r3, r9
100039a4:	0028      	movs	r0, r5
100039a6:	210a      	movs	r1, #10
100039a8:	3401      	adds	r4, #1
100039aa:	18e6      	adds	r6, r4, r3
100039ac:	f7fe fe1e 	bl	100025ec <__wrap___aeabi_idiv>
100039b0:	3130      	adds	r1, #48	@ 0x30
100039b2:	0028      	movs	r0, r5
100039b4:	7031      	strb	r1, [r6, #0]
100039b6:	210a      	movs	r1, #10
100039b8:	f7fe fe18 	bl	100025ec <__wrap___aeabi_idiv>
100039bc:	1e05      	subs	r5, r0, #0
100039be:	d100      	bne.n	100039c2 <_ftoa+0x1a2>
100039c0:	e0e4      	b.n	10003b8c <_ftoa+0x36c>
100039c2:	2c20      	cmp	r4, #32
100039c4:	d1ed      	bne.n	100039a2 <_ftoa+0x182>
100039c6:	9b06      	ldr	r3, [sp, #24]
100039c8:	465e      	mov	r6, fp
100039ca:	469b      	mov	fp, r3
100039cc:	2303      	movs	r3, #3
100039ce:	9a22      	ldr	r2, [sp, #136]	@ 0x88
100039d0:	4013      	ands	r3, r2
100039d2:	2b01      	cmp	r3, #1
100039d4:	d118      	bne.n	10003a08 <_ftoa+0x1e8>
100039d6:	9b21      	ldr	r3, [sp, #132]	@ 0x84
100039d8:	2b00      	cmp	r3, #0
100039da:	d015      	beq.n	10003a08 <_ftoa+0x1e8>
100039dc:	9b0b      	ldr	r3, [sp, #44]	@ 0x2c
100039de:	2b00      	cmp	r3, #0
100039e0:	d100      	bne.n	100039e4 <_ftoa+0x1c4>
100039e2:	e0fd      	b.n	10003be0 <_ftoa+0x3c0>
100039e4:	9b21      	ldr	r3, [sp, #132]	@ 0x84
100039e6:	3b01      	subs	r3, #1
100039e8:	9321      	str	r3, [sp, #132]	@ 0x84
100039ea:	2b20      	cmp	r3, #32
100039ec:	d90c      	bls.n	10003a08 <_ftoa+0x1e8>
100039ee:	2330      	movs	r3, #48	@ 0x30
100039f0:	9a21      	ldr	r2, [sp, #132]	@ 0x84
100039f2:	e007      	b.n	10003a04 <_ftoa+0x1e4>
100039f4:	2017      	movs	r0, #23
100039f6:	a906      	add	r1, sp, #24
100039f8:	3401      	adds	r4, #1
100039fa:	1809      	adds	r1, r1, r0
100039fc:	550b      	strb	r3, [r1, r4]
100039fe:	4294      	cmp	r4, r2
10003a00:	d300      	bcc.n	10003a04 <_ftoa+0x1e4>
10003a02:	e0cc      	b.n	10003b9e <_ftoa+0x37e>
10003a04:	2c20      	cmp	r4, #32
10003a06:	d1f5      	bne.n	100039f4 <_ftoa+0x1d4>
10003a08:	9b22      	ldr	r3, [sp, #136]	@ 0x88
10003a0a:	9401      	str	r4, [sp, #4]
10003a0c:	9303      	str	r3, [sp, #12]
10003a0e:	9b21      	ldr	r3, [sp, #132]	@ 0x84
10003a10:	9600      	str	r6, [sp, #0]
10003a12:	9302      	str	r3, [sp, #8]
10003a14:	e022      	b.n	10003a5c <_ftoa+0x23c>
10003a16:	9b22      	ldr	r3, [sp, #136]	@ 0x88
10003a18:	4652      	mov	r2, sl
10003a1a:	9304      	str	r3, [sp, #16]
10003a1c:	9b21      	ldr	r3, [sp, #132]	@ 0x84
10003a1e:	0039      	movs	r1, r7
10003a20:	9303      	str	r3, [sp, #12]
10003a22:	4658      	mov	r0, fp
10003a24:	9b1e      	ldr	r3, [sp, #120]	@ 0x78
10003a26:	9c1f      	ldr	r4, [sp, #124]	@ 0x7c
10003a28:	9602      	str	r6, [sp, #8]
10003a2a:	9300      	str	r3, [sp, #0]
10003a2c:	9401      	str	r4, [sp, #4]
10003a2e:	4643      	mov	r3, r8
10003a30:	f000 f94a 	bl	10003cc8 <_etoa>
10003a34:	0004      	movs	r4, r0
10003a36:	0020      	movs	r0, r4
10003a38:	b015      	add	sp, #84	@ 0x54
10003a3a:	bcf0      	pop	{r4, r5, r6, r7}
10003a3c:	46bb      	mov	fp, r7
10003a3e:	46b2      	mov	sl, r6
10003a40:	46a9      	mov	r9, r5
10003a42:	46a0      	mov	r8, r4
10003a44:	bdf0      	pop	{r4, r5, r6, r7, pc}
10003a46:	9b22      	ldr	r3, [sp, #136]	@ 0x88
10003a48:	075b      	lsls	r3, r3, #29
10003a4a:	d40f      	bmi.n	10003a6c <_ftoa+0x24c>
10003a4c:	2203      	movs	r2, #3
10003a4e:	4b4c      	ldr	r3, [pc, #304]	@ (10003b80 <_ftoa+0x360>)
10003a50:	9922      	ldr	r1, [sp, #136]	@ 0x88
10003a52:	9201      	str	r2, [sp, #4]
10003a54:	9103      	str	r1, [sp, #12]
10003a56:	9921      	ldr	r1, [sp, #132]	@ 0x84
10003a58:	9300      	str	r3, [sp, #0]
10003a5a:	9102      	str	r1, [sp, #8]
10003a5c:	4643      	mov	r3, r8
10003a5e:	4652      	mov	r2, sl
10003a60:	0039      	movs	r1, r7
10003a62:	4658      	mov	r0, fp
10003a64:	f7ff fd98 	bl	10003598 <_out_rev>
10003a68:	0004      	movs	r4, r0
10003a6a:	e7e4      	b.n	10003a36 <_ftoa+0x216>
10003a6c:	2204      	movs	r2, #4
10003a6e:	4b45      	ldr	r3, [pc, #276]	@ (10003b84 <_ftoa+0x364>)
10003a70:	e7ee      	b.n	10003a50 <_ftoa+0x230>
10003a72:	9a1e      	ldr	r2, [sp, #120]	@ 0x78
10003a74:	9b1f      	ldr	r3, [sp, #124]	@ 0x7c
10003a76:	2000      	movs	r0, #0
10003a78:	2100      	movs	r1, #0
10003a7a:	f7ff f81a 	bl	10002ab2 <__wrap___aeabi_dsub>
10003a7e:	2301      	movs	r3, #1
10003a80:	901e      	str	r0, [sp, #120]	@ 0x78
10003a82:	911f      	str	r1, [sp, #124]	@ 0x7c
10003a84:	930b      	str	r3, [sp, #44]	@ 0x2c
10003a86:	e711      	b.n	100038ac <_ftoa+0x8c>
10003a88:	9b22      	ldr	r3, [sp, #136]	@ 0x88
10003a8a:	4654      	mov	r4, sl
10003a8c:	079b      	lsls	r3, r3, #30
10003a8e:	d111      	bne.n	10003ab4 <_ftoa+0x294>
10003a90:	9b21      	ldr	r3, [sp, #132]	@ 0x84
10003a92:	2b04      	cmp	r3, #4
10003a94:	d90e      	bls.n	10003ab4 <_ftoa+0x294>
10003a96:	9b21      	ldr	r3, [sp, #132]	@ 0x84
10003a98:	4655      	mov	r5, sl
10003a9a:	469c      	mov	ip, r3
10003a9c:	465e      	mov	r6, fp
10003a9e:	3c04      	subs	r4, #4
10003aa0:	4464      	add	r4, ip
10003aa2:	002a      	movs	r2, r5
10003aa4:	4643      	mov	r3, r8
10003aa6:	3501      	adds	r5, #1
10003aa8:	0039      	movs	r1, r7
10003aaa:	2020      	movs	r0, #32
10003aac:	47b0      	blx	r6
10003aae:	42a5      	cmp	r5, r4
10003ab0:	d1f7      	bne.n	10003aa2 <_ftoa+0x282>
10003ab2:	46b3      	mov	fp, r6
10003ab4:	4d34      	ldr	r5, [pc, #208]	@ (10003b88 <_ftoa+0x368>)
10003ab6:	0026      	movs	r6, r4
10003ab8:	1f2b      	subs	r3, r5, #4
10003aba:	4699      	mov	r9, r3
10003abc:	465b      	mov	r3, fp
10003abe:	46a3      	mov	fp, r4
10003ac0:	001c      	movs	r4, r3
10003ac2:	0032      	movs	r2, r6
10003ac4:	78e8      	ldrb	r0, [r5, #3]
10003ac6:	4643      	mov	r3, r8
10003ac8:	0039      	movs	r1, r7
10003aca:	3d01      	subs	r5, #1
10003acc:	47a0      	blx	r4
10003ace:	3601      	adds	r6, #1
10003ad0:	454d      	cmp	r5, r9
10003ad2:	d1f6      	bne.n	10003ac2 <_ftoa+0x2a2>
10003ad4:	0023      	movs	r3, r4
10003ad6:	465c      	mov	r4, fp
10003ad8:	469b      	mov	fp, r3
10003ada:	9b22      	ldr	r3, [sp, #136]	@ 0x88
10003adc:	3404      	adds	r4, #4
10003ade:	079b      	lsls	r3, r3, #30
10003ae0:	d5a9      	bpl.n	10003a36 <_ftoa+0x216>
10003ae2:	4653      	mov	r3, sl
10003ae4:	9a21      	ldr	r2, [sp, #132]	@ 0x84
10003ae6:	1ae3      	subs	r3, r4, r3
10003ae8:	429a      	cmp	r2, r3
10003aea:	d9a4      	bls.n	10003a36 <_ftoa+0x216>
10003aec:	465e      	mov	r6, fp
10003aee:	0015      	movs	r5, r2
10003af0:	0022      	movs	r2, r4
10003af2:	4643      	mov	r3, r8
10003af4:	0039      	movs	r1, r7
10003af6:	2020      	movs	r0, #32
10003af8:	47b0      	blx	r6
10003afa:	4653      	mov	r3, sl
10003afc:	3401      	adds	r4, #1
10003afe:	1ae3      	subs	r3, r4, r3
10003b00:	429d      	cmp	r5, r3
10003b02:	d8f5      	bhi.n	10003af0 <_ftoa+0x2d0>
10003b04:	e797      	b.n	10003a36 <_ftoa+0x216>
10003b06:	0028      	movs	r0, r5
10003b08:	f7ff f87a 	bl	10002c00 <__wrap___aeabi_i2d>
10003b0c:	0002      	movs	r2, r0
10003b0e:	000b      	movs	r3, r1
10003b10:	981e      	ldr	r0, [sp, #120]	@ 0x78
10003b12:	991f      	ldr	r1, [sp, #124]	@ 0x7c
10003b14:	f7fe ffcd 	bl	10002ab2 <__wrap___aeabi_dsub>
10003b18:	2200      	movs	r2, #0
10003b1a:	4b18      	ldr	r3, [pc, #96]	@ (10003b7c <_ftoa+0x35c>)
10003b1c:	9006      	str	r0, [sp, #24]
10003b1e:	9107      	str	r1, [sp, #28]
10003b20:	f7ff f842 	bl	10002ba8 <__wrap___aeabi_dcmplt>
10003b24:	ae0c      	add	r6, sp, #48	@ 0x30
10003b26:	2800      	cmp	r0, #0
10003b28:	d000      	beq.n	10003b2c <_ftoa+0x30c>
10003b2a:	e731      	b.n	10003990 <_ftoa+0x170>
10003b2c:	9806      	ldr	r0, [sp, #24]
10003b2e:	9907      	ldr	r1, [sp, #28]
10003b30:	2200      	movs	r2, #0
10003b32:	4b12      	ldr	r3, [pc, #72]	@ (10003b7c <_ftoa+0x35c>)
10003b34:	f7ff f84e 	bl	10002bd4 <__wrap___aeabi_dcmpgt>
10003b38:	2800      	cmp	r0, #0
10003b3a:	d000      	beq.n	10003b3e <_ftoa+0x31e>
10003b3c:	e728      	b.n	10003990 <_ftoa+0x170>
10003b3e:	2301      	movs	r3, #1
10003b40:	3501      	adds	r5, #1
10003b42:	439d      	bics	r5, r3
10003b44:	e724      	b.n	10003990 <_ftoa+0x170>
10003b46:	2200      	movs	r2, #0
10003b48:	9806      	ldr	r0, [sp, #24]
10003b4a:	9907      	ldr	r1, [sp, #28]
10003b4c:	4b0b      	ldr	r3, [pc, #44]	@ (10003b7c <_ftoa+0x35c>)
10003b4e:	f7ff f82b 	bl	10002ba8 <__wrap___aeabi_dcmplt>
10003b52:	2800      	cmp	r0, #0
10003b54:	d000      	beq.n	10003b58 <_ftoa+0x338>
10003b56:	e6f9      	b.n	1000394c <_ftoa+0x12c>
10003b58:	464b      	mov	r3, r9
10003b5a:	2b00      	cmp	r3, #0
10003b5c:	d15c      	bne.n	10003c18 <_ftoa+0x3f8>
10003b5e:	2301      	movs	r3, #1
10003b60:	469c      	mov	ip, r3
10003b62:	44e1      	add	r9, ip
10003b64:	e6f2      	b.n	1000394c <_ftoa+0x12c>
10003b66:	46c0      	nop			@ (mov r8, r8)
10003b68:	ffefffff 	.word	0xffefffff
10003b6c:	7fefffff 	.word	0x7fefffff
10003b70:	41cdcd65 	.word	0x41cdcd65
10003b74:	c1cdcd65 	.word	0xc1cdcd65
10003b78:	1000b4c8 	.word	0x1000b4c8
10003b7c:	3fe00000 	.word	0x3fe00000
10003b80:	1000b128 	.word	0x1000b128
10003b84:	1000b120 	.word	0x1000b120
10003b88:	1000b130 	.word	0x1000b130
10003b8c:	9b06      	ldr	r3, [sp, #24]
10003b8e:	465e      	mov	r6, fp
10003b90:	469b      	mov	fp, r3
10003b92:	2303      	movs	r3, #3
10003b94:	9a22      	ldr	r2, [sp, #136]	@ 0x88
10003b96:	4013      	ands	r3, r2
10003b98:	2b01      	cmp	r3, #1
10003b9a:	d100      	bne.n	10003b9e <_ftoa+0x37e>
10003b9c:	e081      	b.n	10003ca2 <_ftoa+0x482>
10003b9e:	2c20      	cmp	r4, #32
10003ba0:	d100      	bne.n	10003ba4 <_ftoa+0x384>
10003ba2:	e731      	b.n	10003a08 <_ftoa+0x1e8>
10003ba4:	9b0b      	ldr	r3, [sp, #44]	@ 0x2c
10003ba6:	2b00      	cmp	r3, #0
10003ba8:	d027      	beq.n	10003bfa <_ftoa+0x3da>
10003baa:	232d      	movs	r3, #45	@ 0x2d
10003bac:	5533      	strb	r3, [r6, r4]
10003bae:	3401      	adds	r4, #1
10003bb0:	e72a      	b.n	10003a08 <_ftoa+0x1e8>
10003bb2:	464f      	mov	r7, r9
10003bb4:	9d06      	ldr	r5, [sp, #24]
10003bb6:	2c20      	cmp	r4, #32
10003bb8:	d100      	bne.n	10003bbc <_ftoa+0x39c>
10003bba:	e6e7      	b.n	1000398c <_ftoa+0x16c>
10003bbc:	2230      	movs	r2, #48	@ 0x30
10003bbe:	1933      	adds	r3, r6, r4
10003bc0:	e007      	b.n	10003bd2 <_ftoa+0x3b2>
10003bc2:	2017      	movs	r0, #23
10003bc4:	a906      	add	r1, sp, #24
10003bc6:	3401      	adds	r4, #1
10003bc8:	1809      	adds	r1, r1, r0
10003bca:	550a      	strb	r2, [r1, r4]
10003bcc:	2c20      	cmp	r4, #32
10003bce:	d100      	bne.n	10003bd2 <_ftoa+0x3b2>
10003bd0:	e6dc      	b.n	1000398c <_ftoa+0x16c>
10003bd2:	42a3      	cmp	r3, r4
10003bd4:	d1f5      	bne.n	10003bc2 <_ftoa+0x3a2>
10003bd6:	222e      	movs	r2, #46	@ 0x2e
10003bd8:	ae0c      	add	r6, sp, #48	@ 0x30
10003bda:	3401      	adds	r4, #1
10003bdc:	54f2      	strb	r2, [r6, r3]
10003bde:	e6d7      	b.n	10003990 <_ftoa+0x170>
10003be0:	230c      	movs	r3, #12
10003be2:	9a22      	ldr	r2, [sp, #136]	@ 0x88
10003be4:	4213      	tst	r3, r2
10003be6:	d057      	beq.n	10003c98 <_ftoa+0x478>
10003be8:	9b21      	ldr	r3, [sp, #132]	@ 0x84
10003bea:	3b01      	subs	r3, #1
10003bec:	9321      	str	r3, [sp, #132]	@ 0x84
10003bee:	42a3      	cmp	r3, r4
10003bf0:	d900      	bls.n	10003bf4 <_ftoa+0x3d4>
10003bf2:	e6fc      	b.n	100039ee <_ftoa+0x1ce>
10003bf4:	2c20      	cmp	r4, #32
10003bf6:	d100      	bne.n	10003bfa <_ftoa+0x3da>
10003bf8:	e706      	b.n	10003a08 <_ftoa+0x1e8>
10003bfa:	9b22      	ldr	r3, [sp, #136]	@ 0x88
10003bfc:	075b      	lsls	r3, r3, #29
10003bfe:	d503      	bpl.n	10003c08 <_ftoa+0x3e8>
10003c00:	232b      	movs	r3, #43	@ 0x2b
10003c02:	5533      	strb	r3, [r6, r4]
10003c04:	3401      	adds	r4, #1
10003c06:	e6ff      	b.n	10003a08 <_ftoa+0x1e8>
10003c08:	9b22      	ldr	r3, [sp, #136]	@ 0x88
10003c0a:	071b      	lsls	r3, r3, #28
10003c0c:	d400      	bmi.n	10003c10 <_ftoa+0x3f0>
10003c0e:	e6fb      	b.n	10003a08 <_ftoa+0x1e8>
10003c10:	2320      	movs	r3, #32
10003c12:	5533      	strb	r3, [r6, r4]
10003c14:	3401      	adds	r4, #1
10003c16:	e6f7      	b.n	10003a08 <_ftoa+0x1e8>
10003c18:	07db      	lsls	r3, r3, #31
10003c1a:	d400      	bmi.n	10003c1e <_ftoa+0x3fe>
10003c1c:	e696      	b.n	1000394c <_ftoa+0x12c>
10003c1e:	e79e      	b.n	10003b5e <_ftoa+0x33e>
10003c20:	9b22      	ldr	r3, [sp, #136]	@ 0x88
10003c22:	4655      	mov	r5, sl
10003c24:	079b      	lsls	r3, r3, #30
10003c26:	d111      	bne.n	10003c4c <_ftoa+0x42c>
10003c28:	9b21      	ldr	r3, [sp, #132]	@ 0x84
10003c2a:	2b03      	cmp	r3, #3
10003c2c:	d90e      	bls.n	10003c4c <_ftoa+0x42c>
10003c2e:	9b21      	ldr	r3, [sp, #132]	@ 0x84
10003c30:	4654      	mov	r4, sl
10003c32:	469c      	mov	ip, r3
10003c34:	465e      	mov	r6, fp
10003c36:	3d03      	subs	r5, #3
10003c38:	4465      	add	r5, ip
10003c3a:	0022      	movs	r2, r4
10003c3c:	4643      	mov	r3, r8
10003c3e:	3401      	adds	r4, #1
10003c40:	0039      	movs	r1, r7
10003c42:	2020      	movs	r0, #32
10003c44:	47b0      	blx	r6
10003c46:	42ac      	cmp	r4, r5
10003c48:	d1f7      	bne.n	10003c3a <_ftoa+0x41a>
10003c4a:	46b3      	mov	fp, r6
10003c4c:	46b9      	mov	r9, r7
10003c4e:	465f      	mov	r7, fp
10003c50:	4e1c      	ldr	r6, [pc, #112]	@ (10003cc4 <_ftoa+0x4a4>)
10003c52:	1cec      	adds	r4, r5, #3
10003c54:	002a      	movs	r2, r5
10003c56:	78b0      	ldrb	r0, [r6, #2]
10003c58:	4643      	mov	r3, r8
10003c5a:	4649      	mov	r1, r9
10003c5c:	3501      	adds	r5, #1
10003c5e:	47b8      	blx	r7
10003c60:	3e01      	subs	r6, #1
10003c62:	42ac      	cmp	r4, r5
10003c64:	d1f6      	bne.n	10003c54 <_ftoa+0x434>
10003c66:	9b22      	ldr	r3, [sp, #136]	@ 0x88
10003c68:	46bb      	mov	fp, r7
10003c6a:	464f      	mov	r7, r9
10003c6c:	079b      	lsls	r3, r3, #30
10003c6e:	d400      	bmi.n	10003c72 <_ftoa+0x452>
10003c70:	e6e1      	b.n	10003a36 <_ftoa+0x216>
10003c72:	4653      	mov	r3, sl
10003c74:	9a21      	ldr	r2, [sp, #132]	@ 0x84
10003c76:	1ae3      	subs	r3, r4, r3
10003c78:	429a      	cmp	r2, r3
10003c7a:	d800      	bhi.n	10003c7e <_ftoa+0x45e>
10003c7c:	e6db      	b.n	10003a36 <_ftoa+0x216>
10003c7e:	465e      	mov	r6, fp
10003c80:	0015      	movs	r5, r2
10003c82:	0022      	movs	r2, r4
10003c84:	4643      	mov	r3, r8
10003c86:	0039      	movs	r1, r7
10003c88:	2020      	movs	r0, #32
10003c8a:	47b0      	blx	r6
10003c8c:	4653      	mov	r3, sl
10003c8e:	3401      	adds	r4, #1
10003c90:	1ae3      	subs	r3, r4, r3
10003c92:	42ab      	cmp	r3, r5
10003c94:	d3f5      	bcc.n	10003c82 <_ftoa+0x462>
10003c96:	e6ce      	b.n	10003a36 <_ftoa+0x216>
10003c98:	9b21      	ldr	r3, [sp, #132]	@ 0x84
10003c9a:	42a3      	cmp	r3, r4
10003c9c:	d900      	bls.n	10003ca0 <_ftoa+0x480>
10003c9e:	e6a6      	b.n	100039ee <_ftoa+0x1ce>
10003ca0:	e6b2      	b.n	10003a08 <_ftoa+0x1e8>
10003ca2:	9b21      	ldr	r3, [sp, #132]	@ 0x84
10003ca4:	2b00      	cmp	r3, #0
10003ca6:	d100      	bne.n	10003caa <_ftoa+0x48a>
10003ca8:	e779      	b.n	10003b9e <_ftoa+0x37e>
10003caa:	9b0b      	ldr	r3, [sp, #44]	@ 0x2c
10003cac:	2b00      	cmp	r3, #0
10003cae:	d097      	beq.n	10003be0 <_ftoa+0x3c0>
10003cb0:	9b21      	ldr	r3, [sp, #132]	@ 0x84
10003cb2:	3b01      	subs	r3, #1
10003cb4:	9321      	str	r3, [sp, #132]	@ 0x84
10003cb6:	429c      	cmp	r4, r3
10003cb8:	d200      	bcs.n	10003cbc <_ftoa+0x49c>
10003cba:	e698      	b.n	100039ee <_ftoa+0x1ce>
10003cbc:	2c20      	cmp	r4, #32
10003cbe:	d000      	beq.n	10003cc2 <_ftoa+0x4a2>
10003cc0:	e773      	b.n	10003baa <_ftoa+0x38a>
10003cc2:	e6a1      	b.n	10003a08 <_ftoa+0x1e8>
10003cc4:	1000b12c 	.word	0x1000b12c

10003cc8 <_etoa>:
10003cc8:	b5f0      	push	{r4, r5, r6, r7, lr}
10003cca:	46de      	mov	lr, fp
10003ccc:	4657      	mov	r7, sl
10003cce:	464e      	mov	r6, r9
10003cd0:	4645      	mov	r5, r8
10003cd2:	b5e0      	push	{r5, r6, r7, lr}
10003cd4:	b099      	sub	sp, #100	@ 0x64
10003cd6:	4681      	mov	r9, r0
10003cd8:	468b      	mov	fp, r1
10003cda:	4692      	mov	sl, r2
10003cdc:	4698      	mov	r8, r3
10003cde:	9a22      	ldr	r2, [sp, #136]	@ 0x88
10003ce0:	9b23      	ldr	r3, [sp, #140]	@ 0x8c
10003ce2:	0010      	movs	r0, r2
10003ce4:	0019      	movs	r1, r3
10003ce6:	f7fe ff7a 	bl	10002bde <__wrap___aeabi_dcmpun>
10003cea:	2800      	cmp	r0, #0
10003cec:	d000      	beq.n	10003cf0 <_etoa+0x28>
10003cee:	e0ca      	b.n	10003e86 <_etoa+0x1be>
10003cf0:	9822      	ldr	r0, [sp, #136]	@ 0x88
10003cf2:	9923      	ldr	r1, [sp, #140]	@ 0x8c
10003cf4:	2201      	movs	r2, #1
10003cf6:	4b82      	ldr	r3, [pc, #520]	@ (10003f00 <_etoa+0x238>)
10003cf8:	4252      	negs	r2, r2
10003cfa:	f7fe ff6b 	bl	10002bd4 <__wrap___aeabi_dcmpgt>
10003cfe:	2800      	cmp	r0, #0
10003d00:	d000      	beq.n	10003d04 <_etoa+0x3c>
10003d02:	e0c0      	b.n	10003e86 <_etoa+0x1be>
10003d04:	9822      	ldr	r0, [sp, #136]	@ 0x88
10003d06:	9923      	ldr	r1, [sp, #140]	@ 0x8c
10003d08:	2201      	movs	r2, #1
10003d0a:	4b7e      	ldr	r3, [pc, #504]	@ (10003f04 <_etoa+0x23c>)
10003d0c:	4252      	negs	r2, r2
10003d0e:	f7fe ff4b 	bl	10002ba8 <__wrap___aeabi_dcmplt>
10003d12:	2800      	cmp	r0, #0
10003d14:	d000      	beq.n	10003d18 <_etoa+0x50>
10003d16:	e0b6      	b.n	10003e86 <_etoa+0x1be>
10003d18:	9822      	ldr	r0, [sp, #136]	@ 0x88
10003d1a:	9923      	ldr	r1, [sp, #140]	@ 0x8c
10003d1c:	2200      	movs	r2, #0
10003d1e:	2300      	movs	r3, #0
10003d20:	f7fe ff42 	bl	10002ba8 <__wrap___aeabi_dcmplt>
10003d24:	2800      	cmp	r0, #0
10003d26:	d000      	beq.n	10003d2a <_etoa+0x62>
10003d28:	e1c9      	b.n	100040be <_etoa+0x3f6>
10003d2a:	9b22      	ldr	r3, [sp, #136]	@ 0x88
10003d2c:	9c23      	ldr	r4, [sp, #140]	@ 0x8c
10003d2e:	9308      	str	r3, [sp, #32]
10003d30:	9409      	str	r4, [sp, #36]	@ 0x24
10003d32:	9808      	ldr	r0, [sp, #32]
10003d34:	9909      	ldr	r1, [sp, #36]	@ 0x24
10003d36:	2380      	movs	r3, #128	@ 0x80
10003d38:	9a26      	ldr	r2, [sp, #152]	@ 0x98
10003d3a:	00db      	lsls	r3, r3, #3
10003d3c:	401a      	ands	r2, r3
10003d3e:	920d      	str	r2, [sp, #52]	@ 0x34
10003d40:	2280      	movs	r2, #128	@ 0x80
10003d42:	9c26      	ldr	r4, [sp, #152]	@ 0x98
10003d44:	0112      	lsls	r2, r2, #4
10003d46:	4014      	ands	r4, r2
10003d48:	0022      	movs	r2, r4
10003d4a:	940b      	str	r4, [sp, #44]	@ 0x2c
10003d4c:	9c26      	ldr	r4, [sp, #152]	@ 0x98
10003d4e:	0007      	movs	r7, r0
10003d50:	000e      	movs	r6, r1
10003d52:	421c      	tst	r4, r3
10003d54:	d000      	beq.n	10003d58 <_etoa+0x90>
10003d56:	e0ad      	b.n	10003eb4 <_etoa+0x1ec>
10003d58:	000b      	movs	r3, r1
10003d5a:	4303      	orrs	r3, r0
10003d5c:	d000      	beq.n	10003d60 <_etoa+0x98>
10003d5e:	e0d5      	b.n	10003f0c <_etoa+0x244>
10003d60:	2a00      	cmp	r2, #0
10003d62:	d000      	beq.n	10003d66 <_etoa+0x9e>
10003d64:	e20a      	b.n	1000417c <_etoa+0x4b4>
10003d66:	0022      	movs	r2, r4
10003d68:	3306      	adds	r3, #6
10003d6a:	9324      	str	r3, [sp, #144]	@ 0x90
10003d6c:	2302      	movs	r3, #2
10003d6e:	4013      	ands	r3, r2
10003d70:	930c      	str	r3, [sp, #48]	@ 0x30
10003d72:	2302      	movs	r3, #2
10003d74:	4213      	tst	r3, r2
10003d76:	d000      	beq.n	10003d7a <_etoa+0xb2>
10003d78:	e202      	b.n	10004180 <_etoa+0x4b8>
10003d7a:	9b25      	ldr	r3, [sp, #148]	@ 0x94
10003d7c:	2b04      	cmp	r3, #4
10003d7e:	d200      	bcs.n	10003d82 <_etoa+0xba>
10003d80:	e20f      	b.n	100041a2 <_etoa+0x4da>
10003d82:	3b04      	subs	r3, #4
10003d84:	930b      	str	r3, [sp, #44]	@ 0x2c
10003d86:	2300      	movs	r3, #0
10003d88:	2504      	movs	r5, #4
10003d8a:	930a      	str	r3, [sp, #40]	@ 0x28
10003d8c:	2200      	movs	r2, #0
10003d8e:	9822      	ldr	r0, [sp, #136]	@ 0x88
10003d90:	9923      	ldr	r1, [sp, #140]	@ 0x8c
10003d92:	2300      	movs	r3, #0
10003d94:	f7fe ff08 	bl	10002ba8 <__wrap___aeabi_dcmplt>
10003d98:	2800      	cmp	r0, #0
10003d9a:	d000      	beq.n	10003d9e <_etoa+0xd6>
10003d9c:	e203      	b.n	100041a6 <_etoa+0x4de>
10003d9e:	4b5a      	ldr	r3, [pc, #360]	@ (10003f08 <_etoa+0x240>)
10003da0:	9a26      	ldr	r2, [sp, #152]	@ 0x98
10003da2:	4013      	ands	r3, r2
10003da4:	9304      	str	r3, [sp, #16]
10003da6:	9b0b      	ldr	r3, [sp, #44]	@ 0x2c
10003da8:	9303      	str	r3, [sp, #12]
10003daa:	9b24      	ldr	r3, [sp, #144]	@ 0x90
10003dac:	9302      	str	r3, [sp, #8]
10003dae:	9b08      	ldr	r3, [sp, #32]
10003db0:	9c09      	ldr	r4, [sp, #36]	@ 0x24
10003db2:	9300      	str	r3, [sp, #0]
10003db4:	9401      	str	r4, [sp, #4]
10003db6:	4659      	mov	r1, fp
10003db8:	4643      	mov	r3, r8
10003dba:	4652      	mov	r2, sl
10003dbc:	4648      	mov	r0, r9
10003dbe:	f7ff fd2f 	bl	10003820 <_ftoa>
10003dc2:	0002      	movs	r2, r0
10003dc4:	2020      	movs	r0, #32
10003dc6:	9b26      	ldr	r3, [sp, #152]	@ 0x98
10003dc8:	271f      	movs	r7, #31
10003dca:	4003      	ands	r3, r0
10003dcc:	4259      	negs	r1, r3
10003dce:	414b      	adcs	r3, r1
10003dd0:	425b      	negs	r3, r3
10003dd2:	4018      	ands	r0, r3
10003dd4:	1c53      	adds	r3, r2, #1
10003dd6:	9308      	str	r3, [sp, #32]
10003dd8:	4659      	mov	r1, fp
10003dda:	4643      	mov	r3, r8
10003ddc:	3045      	adds	r0, #69	@ 0x45
10003dde:	47c8      	blx	r9
10003de0:	9a0a      	ldr	r2, [sp, #40]	@ 0x28
10003de2:	17d3      	asrs	r3, r2, #31
10003de4:	18d4      	adds	r4, r2, r3
10003de6:	405c      	eors	r4, r3
10003de8:	0fd3      	lsrs	r3, r2, #31
10003dea:	930a      	str	r3, [sp, #40]	@ 0x28
10003dec:	1e6b      	subs	r3, r5, #1
10003dee:	930b      	str	r3, [sp, #44]	@ 0x2c
10003df0:	ab08      	add	r3, sp, #32
10003df2:	469c      	mov	ip, r3
10003df4:	2500      	movs	r5, #0
10003df6:	4467      	add	r7, ip
10003df8:	e001      	b.n	10003dfe <_etoa+0x136>
10003dfa:	2d20      	cmp	r5, #32
10003dfc:	d00f      	beq.n	10003e1e <_etoa+0x156>
10003dfe:	0020      	movs	r0, r4
10003e00:	210a      	movs	r1, #10
10003e02:	f7fe fc1b 	bl	1000263c <__wrap___aeabi_uidiv>
10003e06:	3501      	adds	r5, #1
10003e08:	197e      	adds	r6, r7, r5
10003e0a:	3130      	adds	r1, #48	@ 0x30
10003e0c:	7031      	strb	r1, [r6, #0]
10003e0e:	0020      	movs	r0, r4
10003e10:	210a      	movs	r1, #10
10003e12:	f7fe fc13 	bl	1000263c <__wrap___aeabi_uidiv>
10003e16:	0026      	movs	r6, r4
10003e18:	0004      	movs	r4, r0
10003e1a:	2e09      	cmp	r6, #9
10003e1c:	d8ed      	bhi.n	10003dfa <_etoa+0x132>
10003e1e:	2305      	movs	r3, #5
10003e20:	9306      	str	r3, [sp, #24]
10003e22:	9b0b      	ldr	r3, [sp, #44]	@ 0x2c
10003e24:	4659      	mov	r1, fp
10003e26:	9305      	str	r3, [sp, #20]
10003e28:	2300      	movs	r3, #0
10003e2a:	9304      	str	r3, [sp, #16]
10003e2c:	330a      	adds	r3, #10
10003e2e:	9303      	str	r3, [sp, #12]
10003e30:	9b0a      	ldr	r3, [sp, #40]	@ 0x28
10003e32:	4648      	mov	r0, r9
10003e34:	9302      	str	r3, [sp, #8]
10003e36:	ab10      	add	r3, sp, #64	@ 0x40
10003e38:	9300      	str	r3, [sp, #0]
10003e3a:	9a08      	ldr	r2, [sp, #32]
10003e3c:	4643      	mov	r3, r8
10003e3e:	9501      	str	r5, [sp, #4]
10003e40:	f7ff fc00 	bl	10003644 <_ntoa_format>
10003e44:	9b0c      	ldr	r3, [sp, #48]	@ 0x30
10003e46:	2b00      	cmp	r3, #0
10003e48:	d02d      	beq.n	10003ea6 <_etoa+0x1de>
10003e4a:	4653      	mov	r3, sl
10003e4c:	1ac4      	subs	r4, r0, r3
10003e4e:	9b25      	ldr	r3, [sp, #148]	@ 0x94
10003e50:	42a3      	cmp	r3, r4
10003e52:	d928      	bls.n	10003ea6 <_etoa+0x1de>
10003e54:	464d      	mov	r5, r9
10003e56:	465f      	mov	r7, fp
10003e58:	4681      	mov	r9, r0
10003e5a:	001e      	movs	r6, r3
10003e5c:	4653      	mov	r3, sl
10003e5e:	0039      	movs	r1, r7
10003e60:	191a      	adds	r2, r3, r4
10003e62:	2020      	movs	r0, #32
10003e64:	4643      	mov	r3, r8
10003e66:	3401      	adds	r4, #1
10003e68:	47a8      	blx	r5
10003e6a:	42a6      	cmp	r6, r4
10003e6c:	d8f6      	bhi.n	10003e5c <_etoa+0x194>
10003e6e:	4653      	mov	r3, sl
10003e70:	4648      	mov	r0, r9
10003e72:	9925      	ldr	r1, [sp, #148]	@ 0x94
10003e74:	1ac2      	subs	r2, r0, r3
10003e76:	3201      	adds	r2, #1
10003e78:	2300      	movs	r3, #0
10003e7a:	4291      	cmp	r1, r2
10003e7c:	d300      	bcc.n	10003e80 <_etoa+0x1b8>
10003e7e:	e186      	b.n	1000418e <_etoa+0x4c6>
10003e80:	3001      	adds	r0, #1
10003e82:	1818      	adds	r0, r3, r0
10003e84:	e00f      	b.n	10003ea6 <_etoa+0x1de>
10003e86:	9b26      	ldr	r3, [sp, #152]	@ 0x98
10003e88:	9304      	str	r3, [sp, #16]
10003e8a:	9b25      	ldr	r3, [sp, #148]	@ 0x94
10003e8c:	9303      	str	r3, [sp, #12]
10003e8e:	9b24      	ldr	r3, [sp, #144]	@ 0x90
10003e90:	9302      	str	r3, [sp, #8]
10003e92:	9b22      	ldr	r3, [sp, #136]	@ 0x88
10003e94:	9c23      	ldr	r4, [sp, #140]	@ 0x8c
10003e96:	9300      	str	r3, [sp, #0]
10003e98:	9401      	str	r4, [sp, #4]
10003e9a:	4643      	mov	r3, r8
10003e9c:	4652      	mov	r2, sl
10003e9e:	4659      	mov	r1, fp
10003ea0:	4648      	mov	r0, r9
10003ea2:	f7ff fcbd 	bl	10003820 <_ftoa>
10003ea6:	b019      	add	sp, #100	@ 0x64
10003ea8:	bcf0      	pop	{r4, r5, r6, r7}
10003eaa:	46bb      	mov	fp, r7
10003eac:	46b2      	mov	sl, r6
10003eae:	46a9      	mov	r9, r5
10003eb0:	46a0      	mov	r8, r4
10003eb2:	bdf0      	pop	{r4, r5, r6, r7, pc}
10003eb4:	4301      	orrs	r1, r0
10003eb6:	d12b      	bne.n	10003f10 <_etoa+0x248>
10003eb8:	9b0b      	ldr	r3, [sp, #44]	@ 0x2c
10003eba:	0022      	movs	r2, r4
10003ebc:	2b00      	cmp	r3, #0
10003ebe:	d100      	bne.n	10003ec2 <_etoa+0x1fa>
10003ec0:	e754      	b.n	10003d6c <_etoa+0xa4>
10003ec2:	2300      	movs	r3, #0
10003ec4:	930a      	str	r3, [sp, #40]	@ 0x28
10003ec6:	9b24      	ldr	r3, [sp, #144]	@ 0x90
10003ec8:	9a0a      	ldr	r2, [sp, #40]	@ 0x28
10003eca:	2400      	movs	r4, #0
10003ecc:	4293      	cmp	r3, r2
10003ece:	dd00      	ble.n	10003ed2 <_etoa+0x20a>
10003ed0:	e185      	b.n	100041de <_etoa+0x516>
10003ed2:	9822      	ldr	r0, [sp, #136]	@ 0x88
10003ed4:	9923      	ldr	r1, [sp, #140]	@ 0x8c
10003ed6:	2200      	movs	r2, #0
10003ed8:	2300      	movs	r3, #0
10003eda:	f7fe fe65 	bl	10002ba8 <__wrap___aeabi_dcmplt>
10003ede:	2800      	cmp	r0, #0
10003ee0:	d000      	beq.n	10003ee4 <_etoa+0x21c>
10003ee2:	e135      	b.n	10004150 <_etoa+0x488>
10003ee4:	9b26      	ldr	r3, [sp, #152]	@ 0x98
10003ee6:	4a08      	ldr	r2, [pc, #32]	@ (10003f08 <_etoa+0x240>)
10003ee8:	9402      	str	r4, [sp, #8]
10003eea:	401a      	ands	r2, r3
10003eec:	2380      	movs	r3, #128	@ 0x80
10003eee:	00db      	lsls	r3, r3, #3
10003ef0:	4313      	orrs	r3, r2
10003ef2:	9304      	str	r3, [sp, #16]
10003ef4:	9b25      	ldr	r3, [sp, #148]	@ 0x94
10003ef6:	9303      	str	r3, [sp, #12]
10003ef8:	9b08      	ldr	r3, [sp, #32]
10003efa:	9c09      	ldr	r4, [sp, #36]	@ 0x24
10003efc:	e7cb      	b.n	10003e96 <_etoa+0x1ce>
10003efe:	46c0      	nop			@ (mov r8, r8)
10003f00:	7fefffff 	.word	0x7fefffff
10003f04:	ffefffff 	.word	0xffefffff
10003f08:	fffff7ff 	.word	0xfffff7ff
10003f0c:	2306      	movs	r3, #6
10003f0e:	9324      	str	r3, [sp, #144]	@ 0x90
10003f10:	4bb4      	ldr	r3, [pc, #720]	@ (100041e4 <_etoa+0x51c>)
10003f12:	0070      	lsls	r0, r6, #1
10003f14:	469c      	mov	ip, r3
10003f16:	0d40      	lsrs	r0, r0, #21
10003f18:	4460      	add	r0, ip
10003f1a:	f7fe fe71 	bl	10002c00 <__wrap___aeabi_i2d>
10003f1e:	4ab2      	ldr	r2, [pc, #712]	@ (100041e8 <_etoa+0x520>)
10003f20:	4bb2      	ldr	r3, [pc, #712]	@ (100041ec <_etoa+0x524>)
10003f22:	f7fe fdf6 	bl	10002b12 <__wrap___aeabi_dmul>
10003f26:	4ab2      	ldr	r2, [pc, #712]	@ (100041f0 <_etoa+0x528>)
10003f28:	4bb2      	ldr	r3, [pc, #712]	@ (100041f4 <_etoa+0x52c>)
10003f2a:	f7fe fdcb 	bl	10002ac4 <__wrap___aeabi_dadd>
10003f2e:	0336      	lsls	r6, r6, #12
10003f30:	4bb1      	ldr	r3, [pc, #708]	@ (100041f8 <_etoa+0x530>)
10003f32:	0b36      	lsrs	r6, r6, #12
10003f34:	4333      	orrs	r3, r6
10003f36:	0004      	movs	r4, r0
10003f38:	000d      	movs	r5, r1
10003f3a:	0038      	movs	r0, r7
10003f3c:	0019      	movs	r1, r3
10003f3e:	2200      	movs	r2, #0
10003f40:	4bae      	ldr	r3, [pc, #696]	@ (100041fc <_etoa+0x534>)
10003f42:	f7fe fdb6 	bl	10002ab2 <__wrap___aeabi_dsub>
10003f46:	4aae      	ldr	r2, [pc, #696]	@ (10004200 <_etoa+0x538>)
10003f48:	4bae      	ldr	r3, [pc, #696]	@ (10004204 <_etoa+0x53c>)
10003f4a:	f7fe fde2 	bl	10002b12 <__wrap___aeabi_dmul>
10003f4e:	0002      	movs	r2, r0
10003f50:	000b      	movs	r3, r1
10003f52:	0020      	movs	r0, r4
10003f54:	0029      	movs	r1, r5
10003f56:	f7fe fdb5 	bl	10002ac4 <__wrap___aeabi_dadd>
10003f5a:	f7fe fe69 	bl	10002c30 <__wrap___aeabi_d2iz>
10003f5e:	900a      	str	r0, [sp, #40]	@ 0x28
10003f60:	f7fe fe4e 	bl	10002c00 <__wrap___aeabi_i2d>
10003f64:	4aa8      	ldr	r2, [pc, #672]	@ (10004208 <_etoa+0x540>)
10003f66:	4ba9      	ldr	r3, [pc, #676]	@ (1000420c <_etoa+0x544>)
10003f68:	0004      	movs	r4, r0
10003f6a:	000d      	movs	r5, r1
10003f6c:	f7fe fdd1 	bl	10002b12 <__wrap___aeabi_dmul>
10003f70:	2200      	movs	r2, #0
10003f72:	4ba7      	ldr	r3, [pc, #668]	@ (10004210 <_etoa+0x548>)
10003f74:	f7fe fda6 	bl	10002ac4 <__wrap___aeabi_dadd>
10003f78:	f7fe fe5a 	bl	10002c30 <__wrap___aeabi_d2iz>
10003f7c:	4aa5      	ldr	r2, [pc, #660]	@ (10004214 <_etoa+0x54c>)
10003f7e:	0006      	movs	r6, r0
10003f80:	4ba5      	ldr	r3, [pc, #660]	@ (10004218 <_etoa+0x550>)
10003f82:	0020      	movs	r0, r4
10003f84:	0029      	movs	r1, r5
10003f86:	f7fe fdc4 	bl	10002b12 <__wrap___aeabi_dmul>
10003f8a:	0004      	movs	r4, r0
10003f8c:	0030      	movs	r0, r6
10003f8e:	000d      	movs	r5, r1
10003f90:	960c      	str	r6, [sp, #48]	@ 0x30
10003f92:	f7fe fe35 	bl	10002c00 <__wrap___aeabi_i2d>
10003f96:	4aa1      	ldr	r2, [pc, #644]	@ (1000421c <_etoa+0x554>)
10003f98:	4ba1      	ldr	r3, [pc, #644]	@ (10004220 <_etoa+0x558>)
10003f9a:	f7fe fdba 	bl	10002b12 <__wrap___aeabi_dmul>
10003f9e:	0002      	movs	r2, r0
10003fa0:	000b      	movs	r3, r1
10003fa2:	0020      	movs	r0, r4
10003fa4:	0029      	movs	r1, r5
10003fa6:	f7fe fd84 	bl	10002ab2 <__wrap___aeabi_dsub>
10003faa:	0002      	movs	r2, r0
10003fac:	000b      	movs	r3, r1
10003fae:	0006      	movs	r6, r0
10003fb0:	000f      	movs	r7, r1
10003fb2:	f7fe fdae 	bl	10002b12 <__wrap___aeabi_dmul>
10003fb6:	0032      	movs	r2, r6
10003fb8:	0004      	movs	r4, r0
10003fba:	000d      	movs	r5, r1
10003fbc:	003b      	movs	r3, r7
10003fbe:	0030      	movs	r0, r6
10003fc0:	0039      	movs	r1, r7
10003fc2:	f7fe fd7f 	bl	10002ac4 <__wrap___aeabi_dadd>
10003fc6:	2200      	movs	r2, #0
10003fc8:	900e      	str	r0, [sp, #56]	@ 0x38
10003fca:	910f      	str	r1, [sp, #60]	@ 0x3c
10003fcc:	4b95      	ldr	r3, [pc, #596]	@ (10004224 <_etoa+0x55c>)
10003fce:	0020      	movs	r0, r4
10003fd0:	0029      	movs	r1, r5
10003fd2:	f7fe fd80 	bl	10002ad6 <__wrap___aeabi_ddiv>
10003fd6:	2200      	movs	r2, #0
10003fd8:	4b93      	ldr	r3, [pc, #588]	@ (10004228 <_etoa+0x560>)
10003fda:	f7fe fd73 	bl	10002ac4 <__wrap___aeabi_dadd>
10003fde:	0002      	movs	r2, r0
10003fe0:	000b      	movs	r3, r1
10003fe2:	0020      	movs	r0, r4
10003fe4:	0029      	movs	r1, r5
10003fe6:	f7fe fd76 	bl	10002ad6 <__wrap___aeabi_ddiv>
10003fea:	2200      	movs	r2, #0
10003fec:	4b8f      	ldr	r3, [pc, #572]	@ (1000422c <_etoa+0x564>)
10003fee:	f7fe fd69 	bl	10002ac4 <__wrap___aeabi_dadd>
10003ff2:	0002      	movs	r2, r0
10003ff4:	000b      	movs	r3, r1
10003ff6:	0020      	movs	r0, r4
10003ff8:	0029      	movs	r1, r5
10003ffa:	f7fe fd6c 	bl	10002ad6 <__wrap___aeabi_ddiv>
10003ffe:	000d      	movs	r5, r1
10004000:	2180      	movs	r1, #128	@ 0x80
10004002:	0004      	movs	r4, r0
10004004:	0032      	movs	r2, r6
10004006:	003b      	movs	r3, r7
10004008:	2000      	movs	r0, #0
1000400a:	05c9      	lsls	r1, r1, #23
1000400c:	f7fe fd51 	bl	10002ab2 <__wrap___aeabi_dsub>
10004010:	0002      	movs	r2, r0
10004012:	000b      	movs	r3, r1
10004014:	0020      	movs	r0, r4
10004016:	0029      	movs	r1, r5
10004018:	f7fe fd54 	bl	10002ac4 <__wrap___aeabi_dadd>
1000401c:	0002      	movs	r2, r0
1000401e:	000b      	movs	r3, r1
10004020:	980e      	ldr	r0, [sp, #56]	@ 0x38
10004022:	990f      	ldr	r1, [sp, #60]	@ 0x3c
10004024:	f7fe fd57 	bl	10002ad6 <__wrap___aeabi_ddiv>
10004028:	2200      	movs	r2, #0
1000402a:	4b73      	ldr	r3, [pc, #460]	@ (100041f8 <_etoa+0x530>)
1000402c:	f7fe fd4a 	bl	10002ac4 <__wrap___aeabi_dadd>
10004030:	4b7f      	ldr	r3, [pc, #508]	@ (10004230 <_etoa+0x568>)
10004032:	9c0c      	ldr	r4, [sp, #48]	@ 0x30
10004034:	469c      	mov	ip, r3
10004036:	4464      	add	r4, ip
10004038:	2200      	movs	r2, #0
1000403a:	0523      	lsls	r3, r4, #20
1000403c:	f7fe fd69 	bl	10002b12 <__wrap___aeabi_dmul>
10004040:	0006      	movs	r6, r0
10004042:	000f      	movs	r7, r1
10004044:	0002      	movs	r2, r0
10004046:	000b      	movs	r3, r1
10004048:	9808      	ldr	r0, [sp, #32]
1000404a:	9909      	ldr	r1, [sp, #36]	@ 0x24
1000404c:	f7fe fdac 	bl	10002ba8 <__wrap___aeabi_dcmplt>
10004050:	2800      	cmp	r0, #0
10004052:	d00a      	beq.n	1000406a <_etoa+0x3a2>
10004054:	9b0a      	ldr	r3, [sp, #40]	@ 0x28
10004056:	0030      	movs	r0, r6
10004058:	3b01      	subs	r3, #1
1000405a:	0039      	movs	r1, r7
1000405c:	930a      	str	r3, [sp, #40]	@ 0x28
1000405e:	2200      	movs	r2, #0
10004060:	4b71      	ldr	r3, [pc, #452]	@ (10004228 <_etoa+0x560>)
10004062:	f7fe fd38 	bl	10002ad6 <__wrap___aeabi_ddiv>
10004066:	0006      	movs	r6, r0
10004068:	000f      	movs	r7, r1
1000406a:	9a0a      	ldr	r2, [sp, #40]	@ 0x28
1000406c:	0033      	movs	r3, r6
1000406e:	3263      	adds	r2, #99	@ 0x63
10004070:	0039      	movs	r1, r7
10004072:	2ac6      	cmp	r2, #198	@ 0xc6
10004074:	d812      	bhi.n	1000409c <_etoa+0x3d4>
10004076:	2202      	movs	r2, #2
10004078:	9826      	ldr	r0, [sp, #152]	@ 0x98
1000407a:	2504      	movs	r5, #4
1000407c:	4010      	ands	r0, r2
1000407e:	9a0b      	ldr	r2, [sp, #44]	@ 0x2c
10004080:	900c      	str	r0, [sp, #48]	@ 0x30
10004082:	2a00      	cmp	r2, #0
10004084:	d125      	bne.n	100040d2 <_etoa+0x40a>
10004086:	9b25      	ldr	r3, [sp, #148]	@ 0x94
10004088:	2b04      	cmp	r3, #4
1000408a:	d905      	bls.n	10004098 <_etoa+0x3d0>
1000408c:	2800      	cmp	r0, #0
1000408e:	d000      	beq.n	10004092 <_etoa+0x3ca>
10004090:	e0a1      	b.n	100041d6 <_etoa+0x50e>
10004092:	9b25      	ldr	r3, [sp, #148]	@ 0x94
10004094:	3b04      	subs	r3, #4
10004096:	930b      	str	r3, [sp, #44]	@ 0x2c
10004098:	2504      	movs	r5, #4
1000409a:	e041      	b.n	10004120 <_etoa+0x458>
1000409c:	2202      	movs	r2, #2
1000409e:	9826      	ldr	r0, [sp, #152]	@ 0x98
100040a0:	4010      	ands	r0, r2
100040a2:	9a0b      	ldr	r2, [sp, #44]	@ 0x2c
100040a4:	900c      	str	r0, [sp, #48]	@ 0x30
100040a6:	2a00      	cmp	r2, #0
100040a8:	d112      	bne.n	100040d0 <_etoa+0x408>
100040aa:	9b25      	ldr	r3, [sp, #148]	@ 0x94
100040ac:	2b05      	cmp	r3, #5
100040ae:	d976      	bls.n	1000419e <_etoa+0x4d6>
100040b0:	2800      	cmp	r0, #0
100040b2:	d172      	bne.n	1000419a <_etoa+0x4d2>
100040b4:	9b25      	ldr	r3, [sp, #148]	@ 0x94
100040b6:	2505      	movs	r5, #5
100040b8:	3b05      	subs	r3, #5
100040ba:	930b      	str	r3, [sp, #44]	@ 0x2c
100040bc:	e034      	b.n	10004128 <_etoa+0x460>
100040be:	2280      	movs	r2, #128	@ 0x80
100040c0:	0612      	lsls	r2, r2, #24
100040c2:	4694      	mov	ip, r2
100040c4:	9b22      	ldr	r3, [sp, #136]	@ 0x88
100040c6:	9308      	str	r3, [sp, #32]
100040c8:	9b23      	ldr	r3, [sp, #140]	@ 0x8c
100040ca:	4463      	add	r3, ip
100040cc:	9309      	str	r3, [sp, #36]	@ 0x24
100040ce:	e630      	b.n	10003d32 <_etoa+0x6a>
100040d0:	2505      	movs	r5, #5
100040d2:	430b      	orrs	r3, r1
100040d4:	d100      	bne.n	100040d8 <_etoa+0x410>
100040d6:	e6f6      	b.n	10003ec6 <_etoa+0x1fe>
100040d8:	9808      	ldr	r0, [sp, #32]
100040da:	9909      	ldr	r1, [sp, #36]	@ 0x24
100040dc:	4a55      	ldr	r2, [pc, #340]	@ (10004234 <_etoa+0x56c>)
100040de:	4b56      	ldr	r3, [pc, #344]	@ (10004238 <_etoa+0x570>)
100040e0:	f7fe fd70 	bl	10002bc4 <__wrap___aeabi_dcmpge>
100040e4:	2800      	cmp	r0, #0
100040e6:	d008      	beq.n	100040fa <_etoa+0x432>
100040e8:	9808      	ldr	r0, [sp, #32]
100040ea:	9909      	ldr	r1, [sp, #36]	@ 0x24
100040ec:	2200      	movs	r2, #0
100040ee:	4b53      	ldr	r3, [pc, #332]	@ (1000423c <_etoa+0x574>)
100040f0:	f7fe fd5a 	bl	10002ba8 <__wrap___aeabi_dcmplt>
100040f4:	2800      	cmp	r0, #0
100040f6:	d000      	beq.n	100040fa <_etoa+0x432>
100040f8:	e6e5      	b.n	10003ec6 <_etoa+0x1fe>
100040fa:	9b24      	ldr	r3, [sp, #144]	@ 0x90
100040fc:	2b00      	cmp	r3, #0
100040fe:	d01c      	beq.n	1000413a <_etoa+0x472>
10004100:	9b0d      	ldr	r3, [sp, #52]	@ 0x34
10004102:	2b00      	cmp	r3, #0
10004104:	d019      	beq.n	1000413a <_etoa+0x472>
10004106:	9b24      	ldr	r3, [sp, #144]	@ 0x90
10004108:	3b01      	subs	r3, #1
1000410a:	9324      	str	r3, [sp, #144]	@ 0x90
1000410c:	9b25      	ldr	r3, [sp, #148]	@ 0x94
1000410e:	42ab      	cmp	r3, r5
10004110:	d904      	bls.n	1000411c <_etoa+0x454>
10004112:	9b0c      	ldr	r3, [sp, #48]	@ 0x30
10004114:	2b00      	cmp	r3, #0
10004116:	d05a      	beq.n	100041ce <_etoa+0x506>
10004118:	2302      	movs	r3, #2
1000411a:	930c      	str	r3, [sp, #48]	@ 0x30
1000411c:	2300      	movs	r3, #0
1000411e:	930b      	str	r3, [sp, #44]	@ 0x2c
10004120:	9b0a      	ldr	r3, [sp, #40]	@ 0x28
10004122:	2b00      	cmp	r3, #0
10004124:	d100      	bne.n	10004128 <_etoa+0x460>
10004126:	e631      	b.n	10003d8c <_etoa+0xc4>
10004128:	9808      	ldr	r0, [sp, #32]
1000412a:	9909      	ldr	r1, [sp, #36]	@ 0x24
1000412c:	0032      	movs	r2, r6
1000412e:	003b      	movs	r3, r7
10004130:	f7fe fcd1 	bl	10002ad6 <__wrap___aeabi_ddiv>
10004134:	9008      	str	r0, [sp, #32]
10004136:	9109      	str	r1, [sp, #36]	@ 0x24
10004138:	e628      	b.n	10003d8c <_etoa+0xc4>
1000413a:	9b25      	ldr	r3, [sp, #148]	@ 0x94
1000413c:	42ab      	cmp	r3, r5
1000413e:	d9ed      	bls.n	1000411c <_etoa+0x454>
10004140:	9b0c      	ldr	r3, [sp, #48]	@ 0x30
10004142:	2b00      	cmp	r3, #0
10004144:	d043      	beq.n	100041ce <_etoa+0x506>
10004146:	2300      	movs	r3, #0
10004148:	930b      	str	r3, [sp, #44]	@ 0x2c
1000414a:	3302      	adds	r3, #2
1000414c:	930c      	str	r3, [sp, #48]	@ 0x30
1000414e:	e7e7      	b.n	10004120 <_etoa+0x458>
10004150:	2080      	movs	r0, #128	@ 0x80
10004152:	9b26      	ldr	r3, [sp, #152]	@ 0x98
10004154:	4a3a      	ldr	r2, [pc, #232]	@ (10004240 <_etoa+0x578>)
10004156:	0600      	lsls	r0, r0, #24
10004158:	401a      	ands	r2, r3
1000415a:	2380      	movs	r3, #128	@ 0x80
1000415c:	4684      	mov	ip, r0
1000415e:	9402      	str	r4, [sp, #8]
10004160:	9c08      	ldr	r4, [sp, #32]
10004162:	9d09      	ldr	r5, [sp, #36]	@ 0x24
10004164:	0029      	movs	r1, r5
10004166:	00db      	lsls	r3, r3, #3
10004168:	4313      	orrs	r3, r2
1000416a:	9304      	str	r3, [sp, #16]
1000416c:	9b25      	ldr	r3, [sp, #148]	@ 0x94
1000416e:	4461      	add	r1, ip
10004170:	0022      	movs	r2, r4
10004172:	9303      	str	r3, [sp, #12]
10004174:	000b      	movs	r3, r1
10004176:	9200      	str	r2, [sp, #0]
10004178:	9301      	str	r3, [sp, #4]
1000417a:	e68e      	b.n	10003e9a <_etoa+0x1d2>
1000417c:	2405      	movs	r4, #5
1000417e:	e6a8      	b.n	10003ed2 <_etoa+0x20a>
10004180:	2300      	movs	r3, #0
10004182:	930b      	str	r3, [sp, #44]	@ 0x2c
10004184:	930a      	str	r3, [sp, #40]	@ 0x28
10004186:	3302      	adds	r3, #2
10004188:	2504      	movs	r5, #4
1000418a:	930c      	str	r3, [sp, #48]	@ 0x30
1000418c:	e5fe      	b.n	10003d8c <_etoa+0xc4>
1000418e:	4653      	mov	r3, sl
10004190:	468c      	mov	ip, r1
10004192:	3b01      	subs	r3, #1
10004194:	4463      	add	r3, ip
10004196:	1a1b      	subs	r3, r3, r0
10004198:	e672      	b.n	10003e80 <_etoa+0x1b8>
1000419a:	2302      	movs	r3, #2
1000419c:	930c      	str	r3, [sp, #48]	@ 0x30
1000419e:	2505      	movs	r5, #5
100041a0:	e7c2      	b.n	10004128 <_etoa+0x460>
100041a2:	2304      	movs	r3, #4
100041a4:	e5ed      	b.n	10003d82 <_etoa+0xba>
100041a6:	2080      	movs	r0, #128	@ 0x80
100041a8:	9e08      	ldr	r6, [sp, #32]
100041aa:	9f09      	ldr	r7, [sp, #36]	@ 0x24
100041ac:	0600      	lsls	r0, r0, #24
100041ae:	0039      	movs	r1, r7
100041b0:	4684      	mov	ip, r0
100041b2:	9a26      	ldr	r2, [sp, #152]	@ 0x98
100041b4:	4b22      	ldr	r3, [pc, #136]	@ (10004240 <_etoa+0x578>)
100041b6:	4461      	add	r1, ip
100041b8:	4013      	ands	r3, r2
100041ba:	9304      	str	r3, [sp, #16]
100041bc:	9b0b      	ldr	r3, [sp, #44]	@ 0x2c
100041be:	0032      	movs	r2, r6
100041c0:	9303      	str	r3, [sp, #12]
100041c2:	9b24      	ldr	r3, [sp, #144]	@ 0x90
100041c4:	9302      	str	r3, [sp, #8]
100041c6:	000b      	movs	r3, r1
100041c8:	9200      	str	r2, [sp, #0]
100041ca:	9301      	str	r3, [sp, #4]
100041cc:	e5f3      	b.n	10003db6 <_etoa+0xee>
100041ce:	9b25      	ldr	r3, [sp, #148]	@ 0x94
100041d0:	1b5b      	subs	r3, r3, r5
100041d2:	930b      	str	r3, [sp, #44]	@ 0x2c
100041d4:	e7a4      	b.n	10004120 <_etoa+0x458>
100041d6:	2302      	movs	r3, #2
100041d8:	2504      	movs	r5, #4
100041da:	930c      	str	r3, [sp, #48]	@ 0x30
100041dc:	e7a0      	b.n	10004120 <_etoa+0x458>
100041de:	1a9c      	subs	r4, r3, r2
100041e0:	3c01      	subs	r4, #1
100041e2:	e676      	b.n	10003ed2 <_etoa+0x20a>
100041e4:	fffffc01 	.word	0xfffffc01
100041e8:	509f79fb 	.word	0x509f79fb
100041ec:	3fd34413 	.word	0x3fd34413
100041f0:	8b60c8b3 	.word	0x8b60c8b3
100041f4:	3fc68a28 	.word	0x3fc68a28
100041f8:	3ff00000 	.word	0x3ff00000
100041fc:	3ff80000 	.word	0x3ff80000
10004200:	636f4361 	.word	0x636f4361
10004204:	3fd287a7 	.word	0x3fd287a7
10004208:	0979a371 	.word	0x0979a371
1000420c:	400a934f 	.word	0x400a934f
10004210:	3fe00000 	.word	0x3fe00000
10004214:	bbb55516 	.word	0xbbb55516
10004218:	40026bb1 	.word	0x40026bb1
1000421c:	fefa39ef 	.word	0xfefa39ef
10004220:	3fe62e42 	.word	0x3fe62e42
10004224:	402c0000 	.word	0x402c0000
10004228:	40240000 	.word	0x40240000
1000422c:	40180000 	.word	0x40180000
10004230:	000003ff 	.word	0x000003ff
10004234:	eb1c432d 	.word	0xeb1c432d
10004238:	3f1a36e2 	.word	0x3f1a36e2
1000423c:	412e8480 	.word	0x412e8480
10004240:	fffff7ff 	.word	0xfffff7ff

10004244 <_vsnprintf>:
10004244:	b5f0      	push	{r4, r5, r6, r7, lr}
10004246:	46de      	mov	lr, fp
10004248:	4657      	mov	r7, sl
1000424a:	464e      	mov	r6, r9
1000424c:	4645      	mov	r5, r8
1000424e:	b5e0      	push	{r5, r6, r7, lr}
10004250:	b0a5      	sub	sp, #148	@ 0x94
10004252:	001e      	movs	r6, r3
10004254:	9b2e      	ldr	r3, [sp, #184]	@ 0xb8
10004256:	4692      	mov	sl, r2
10004258:	930c      	str	r3, [sp, #48]	@ 0x30
1000425a:	4acd      	ldr	r2, [pc, #820]	@ (10004590 <_vsnprintf+0x34c>)
1000425c:	4bcd      	ldr	r3, [pc, #820]	@ (10004594 <_vsnprintf+0x350>)
1000425e:	4680      	mov	r8, r0
10004260:	468b      	mov	fp, r1
10004262:	601a      	str	r2, [r3, #0]
10004264:	2900      	cmp	r1, #0
10004266:	d100      	bne.n	1000426a <_vsnprintf+0x26>
10004268:	e1ea      	b.n	10004640 <_vsnprintf+0x3fc>
1000426a:	2300      	movs	r3, #0
1000426c:	7830      	ldrb	r0, [r6, #0]
1000426e:	4699      	mov	r9, r3
10004270:	2800      	cmp	r0, #0
10004272:	d100      	bne.n	10004276 <_vsnprintf+0x32>
10004274:	e1ec      	b.n	10004650 <_vsnprintf+0x40c>
10004276:	4bc8      	ldr	r3, [pc, #800]	@ (10004598 <_vsnprintf+0x354>)
10004278:	464c      	mov	r4, r9
1000427a:	930b      	str	r3, [sp, #44]	@ 0x2c
1000427c:	4bc7      	ldr	r3, [pc, #796]	@ (1000459c <_vsnprintf+0x358>)
1000427e:	4645      	mov	r5, r8
10004280:	4657      	mov	r7, sl
10004282:	930e      	str	r3, [sp, #56]	@ 0x38
10004284:	e00a      	b.n	1000429c <_vsnprintf+0x58>
10004286:	1c63      	adds	r3, r4, #1
10004288:	4698      	mov	r8, r3
1000428a:	0022      	movs	r2, r4
1000428c:	003b      	movs	r3, r7
1000428e:	4659      	mov	r1, fp
10004290:	47a8      	blx	r5
10004292:	4644      	mov	r4, r8
10004294:	7830      	ldrb	r0, [r6, #0]
10004296:	2800      	cmp	r0, #0
10004298:	d100      	bne.n	1000429c <_vsnprintf+0x58>
1000429a:	e087      	b.n	100043ac <_vsnprintf+0x168>
1000429c:	3601      	adds	r6, #1
1000429e:	2825      	cmp	r0, #37	@ 0x25
100042a0:	d1f1      	bne.n	10004286 <_vsnprintf+0x42>
100042a2:	2308      	movs	r3, #8
100042a4:	469a      	mov	sl, r3
100042a6:	3b04      	subs	r3, #4
100042a8:	4699      	mov	r9, r3
100042aa:	3b02      	subs	r3, #2
100042ac:	4698      	mov	r8, r3
100042ae:	3b01      	subs	r3, #1
100042b0:	2200      	movs	r2, #0
100042b2:	469c      	mov	ip, r3
100042b4:	940d      	str	r4, [sp, #52]	@ 0x34
100042b6:	7830      	ldrb	r0, [r6, #0]
100042b8:	1c71      	adds	r1, r6, #1
100042ba:	0003      	movs	r3, r0
100042bc:	3b20      	subs	r3, #32
100042be:	b2db      	uxtb	r3, r3
100042c0:	2b10      	cmp	r3, #16
100042c2:	d803      	bhi.n	100042cc <_vsnprintf+0x88>
100042c4:	9c0b      	ldr	r4, [sp, #44]	@ 0x2c
100042c6:	009b      	lsls	r3, r3, #2
100042c8:	58e3      	ldr	r3, [r4, r3]
100042ca:	469f      	mov	pc, r3
100042cc:	0003      	movs	r3, r0
100042ce:	3b30      	subs	r3, #48	@ 0x30
100042d0:	4689      	mov	r9, r1
100042d2:	9c0d      	ldr	r4, [sp, #52]	@ 0x34
100042d4:	2b09      	cmp	r3, #9
100042d6:	d93a      	bls.n	1000434e <_vsnprintf+0x10a>
100042d8:	2300      	movs	r3, #0
100042da:	4698      	mov	r8, r3
100042dc:	282a      	cmp	r0, #42	@ 0x2a
100042de:	d100      	bne.n	100042e2 <_vsnprintf+0x9e>
100042e0:	e0c1      	b.n	10004466 <_vsnprintf+0x222>
100042e2:	2300      	movs	r3, #0
100042e4:	469a      	mov	sl, r3
100042e6:	282e      	cmp	r0, #46	@ 0x2e
100042e8:	d04b      	beq.n	10004382 <_vsnprintf+0x13e>
100042ea:	0003      	movs	r3, r0
100042ec:	3b68      	subs	r3, #104	@ 0x68
100042ee:	b2db      	uxtb	r3, r3
100042f0:	2b12      	cmp	r3, #18
100042f2:	d81e      	bhi.n	10004332 <_vsnprintf+0xee>
100042f4:	990e      	ldr	r1, [sp, #56]	@ 0x38
100042f6:	009b      	lsls	r3, r3, #2
100042f8:	58cb      	ldr	r3, [r1, r3]
100042fa:	469f      	mov	pc, r3
100042fc:	4663      	mov	r3, ip
100042fe:	000e      	movs	r6, r1
10004300:	431a      	orrs	r2, r3
10004302:	e7d8      	b.n	100042b6 <_vsnprintf+0x72>
10004304:	4643      	mov	r3, r8
10004306:	000e      	movs	r6, r1
10004308:	431a      	orrs	r2, r3
1000430a:	e7d4      	b.n	100042b6 <_vsnprintf+0x72>
1000430c:	464b      	mov	r3, r9
1000430e:	000e      	movs	r6, r1
10004310:	431a      	orrs	r2, r3
10004312:	e7d0      	b.n	100042b6 <_vsnprintf+0x72>
10004314:	2310      	movs	r3, #16
10004316:	000e      	movs	r6, r1
10004318:	431a      	orrs	r2, r3
1000431a:	e7cc      	b.n	100042b6 <_vsnprintf+0x72>
1000431c:	4653      	mov	r3, sl
1000431e:	000e      	movs	r6, r1
10004320:	431a      	orrs	r2, r3
10004322:	e7c8      	b.n	100042b6 <_vsnprintf+0x72>
10004324:	2380      	movs	r3, #128	@ 0x80
10004326:	005b      	lsls	r3, r3, #1
10004328:	431a      	orrs	r2, r3
1000432a:	3bff      	subs	r3, #255	@ 0xff
1000432c:	469c      	mov	ip, r3
1000432e:	7870      	ldrb	r0, [r6, #1]
10004330:	44e1      	add	r9, ip
10004332:	464e      	mov	r6, r9
10004334:	2867      	cmp	r0, #103	@ 0x67
10004336:	d84f      	bhi.n	100043d8 <_vsnprintf+0x194>
10004338:	2824      	cmp	r0, #36	@ 0x24
1000433a:	d9a4      	bls.n	10004286 <_vsnprintf+0x42>
1000433c:	0003      	movs	r3, r0
1000433e:	3b25      	subs	r3, #37	@ 0x25
10004340:	b2db      	uxtb	r3, r3
10004342:	2b42      	cmp	r3, #66	@ 0x42
10004344:	d89f      	bhi.n	10004286 <_vsnprintf+0x42>
10004346:	4996      	ldr	r1, [pc, #600]	@ (100045a0 <_vsnprintf+0x35c>)
10004348:	009b      	lsls	r3, r3, #2
1000434a:	58cb      	ldr	r3, [r1, r3]
1000434c:	469f      	mov	pc, r3
1000434e:	2300      	movs	r3, #0
10004350:	4694      	mov	ip, r2
10004352:	001e      	movs	r6, r3
10004354:	e000      	b.n	10004358 <_vsnprintf+0x114>
10004356:	3101      	adds	r1, #1
10004358:	00b3      	lsls	r3, r6, #2
1000435a:	199b      	adds	r3, r3, r6
1000435c:	005b      	lsls	r3, r3, #1
1000435e:	181e      	adds	r6, r3, r0
10004360:	7808      	ldrb	r0, [r1, #0]
10004362:	3e30      	subs	r6, #48	@ 0x30
10004364:	0003      	movs	r3, r0
10004366:	3b30      	subs	r3, #48	@ 0x30
10004368:	2b09      	cmp	r3, #9
1000436a:	d9f4      	bls.n	10004356 <_vsnprintf+0x112>
1000436c:	2301      	movs	r3, #1
1000436e:	4662      	mov	r2, ip
10004370:	4689      	mov	r9, r1
10004372:	469c      	mov	ip, r3
10004374:	2300      	movs	r3, #0
10004376:	46b0      	mov	r8, r6
10004378:	469a      	mov	sl, r3
1000437a:	000e      	movs	r6, r1
1000437c:	44e1      	add	r9, ip
1000437e:	282e      	cmp	r0, #46	@ 0x2e
10004380:	d1b3      	bne.n	100042ea <_vsnprintf+0xa6>
10004382:	2130      	movs	r1, #48	@ 0x30
10004384:	2080      	movs	r0, #128	@ 0x80
10004386:	4249      	negs	r1, r1
10004388:	468c      	mov	ip, r1
1000438a:	00c0      	lsls	r0, r0, #3
1000438c:	4302      	orrs	r2, r0
1000438e:	7870      	ldrb	r0, [r6, #1]
10004390:	464b      	mov	r3, r9
10004392:	4484      	add	ip, r0
10004394:	4661      	mov	r1, ip
10004396:	2909      	cmp	r1, #9
10004398:	d800      	bhi.n	1000439c <_vsnprintf+0x158>
1000439a:	e16c      	b.n	10004676 <_vsnprintf+0x432>
1000439c:	282a      	cmp	r0, #42	@ 0x2a
1000439e:	d100      	bne.n	100043a2 <_vsnprintf+0x15e>
100043a0:	e17a      	b.n	10004698 <_vsnprintf+0x454>
100043a2:	2301      	movs	r3, #1
100043a4:	469c      	mov	ip, r3
100043a6:	464e      	mov	r6, r9
100043a8:	44e1      	add	r9, ip
100043aa:	e79e      	b.n	100042ea <_vsnprintf+0xa6>
100043ac:	46a1      	mov	r9, r4
100043ae:	46a8      	mov	r8, r5
100043b0:	46ba      	mov	sl, r7
100043b2:	45ca      	cmp	sl, r9
100043b4:	d803      	bhi.n	100043be <_vsnprintf+0x17a>
100043b6:	2301      	movs	r3, #1
100043b8:	425b      	negs	r3, r3
100043ba:	4453      	add	r3, sl
100043bc:	4699      	mov	r9, r3
100043be:	4653      	mov	r3, sl
100043c0:	464a      	mov	r2, r9
100043c2:	4659      	mov	r1, fp
100043c4:	2000      	movs	r0, #0
100043c6:	47c0      	blx	r8
100043c8:	0020      	movs	r0, r4
100043ca:	b025      	add	sp, #148	@ 0x94
100043cc:	bcf0      	pop	{r4, r5, r6, r7}
100043ce:	46bb      	mov	fp, r7
100043d0:	46b2      	mov	sl, r6
100043d2:	46a9      	mov	r9, r5
100043d4:	46a0      	mov	r8, r4
100043d6:	bdf0      	pop	{r4, r5, r6, r7, pc}
100043d8:	0003      	movs	r3, r0
100043da:	3b69      	subs	r3, #105	@ 0x69
100043dc:	b2db      	uxtb	r3, r3
100043de:	930d      	str	r3, [sp, #52]	@ 0x34
100043e0:	2b0f      	cmp	r3, #15
100043e2:	d900      	bls.n	100043e6 <_vsnprintf+0x1a2>
100043e4:	e74f      	b.n	10004286 <_vsnprintf+0x42>
100043e6:	2101      	movs	r1, #1
100043e8:	4099      	lsls	r1, r3
100043ea:	468c      	mov	ip, r1
100043ec:	496d      	ldr	r1, [pc, #436]	@ (100045a4 <_vsnprintf+0x360>)
100043ee:	4689      	mov	r9, r1
100043f0:	4661      	mov	r1, ip
100043f2:	464b      	mov	r3, r9
100043f4:	4019      	ands	r1, r3
100043f6:	910f      	str	r1, [sp, #60]	@ 0x3c
100043f8:	4663      	mov	r3, ip
100043fa:	4649      	mov	r1, r9
100043fc:	420b      	tst	r3, r1
100043fe:	d000      	beq.n	10004402 <_vsnprintf+0x1be>
10004400:	e128      	b.n	10004654 <_vsnprintf+0x410>
10004402:	9b0d      	ldr	r3, [sp, #52]	@ 0x34
10004404:	2b0a      	cmp	r3, #10
10004406:	d03a      	beq.n	1000447e <_vsnprintf+0x23a>
10004408:	2b07      	cmp	r3, #7
1000440a:	d000      	beq.n	1000440e <_vsnprintf+0x1ca>
1000440c:	e73b      	b.n	10004286 <_vsnprintf+0x42>
1000440e:	9b0c      	ldr	r3, [sp, #48]	@ 0x30
10004410:	0019      	movs	r1, r3
10004412:	c908      	ldmia	r1!, {r3}
10004414:	4688      	mov	r8, r1
10004416:	2b00      	cmp	r3, #0
10004418:	d100      	bne.n	1000441c <_vsnprintf+0x1d8>
1000441a:	e14b      	b.n	100046b4 <_vsnprintf+0x470>
1000441c:	2021      	movs	r0, #33	@ 0x21
1000441e:	4302      	orrs	r2, r0
10004420:	4691      	mov	r9, r2
10004422:	a914      	add	r1, sp, #80	@ 0x50
10004424:	468c      	mov	ip, r1
10004426:	221f      	movs	r2, #31
10004428:	210f      	movs	r1, #15
1000442a:	4462      	add	r2, ip
1000442c:	468c      	mov	ip, r1
1000442e:	4651      	mov	r1, sl
10004430:	950d      	str	r5, [sp, #52]	@ 0x34
10004432:	910c      	str	r1, [sp, #48]	@ 0x30
10004434:	46a2      	mov	sl, r4
10004436:	0015      	movs	r5, r2
10004438:	990f      	ldr	r1, [sp, #60]	@ 0x3c
1000443a:	e002      	b.n	10004442 <_vsnprintf+0x1fe>
1000443c:	2920      	cmp	r1, #32
1000443e:	d00c      	beq.n	1000445a <_vsnprintf+0x216>
10004440:	0013      	movs	r3, r2
10004442:	4664      	mov	r4, ip
10004444:	401c      	ands	r4, r3
10004446:	0020      	movs	r0, r4
10004448:	3037      	adds	r0, #55	@ 0x37
1000444a:	2c09      	cmp	r4, #9
1000444c:	d800      	bhi.n	10004450 <_vsnprintf+0x20c>
1000444e:	3807      	subs	r0, #7
10004450:	3101      	adds	r1, #1
10004452:	5468      	strb	r0, [r5, r1]
10004454:	091a      	lsrs	r2, r3, #4
10004456:	2b0f      	cmp	r3, #15
10004458:	d8f0      	bhi.n	1000443c <_vsnprintf+0x1f8>
1000445a:	9b0c      	ldr	r3, [sp, #48]	@ 0x30
1000445c:	4654      	mov	r4, sl
1000445e:	9d0d      	ldr	r5, [sp, #52]	@ 0x34
10004460:	469a      	mov	sl, r3
10004462:	910f      	str	r1, [sp, #60]	@ 0x3c
10004464:	e133      	b.n	100046ce <_vsnprintf+0x48a>
10004466:	9b0c      	ldr	r3, [sp, #48]	@ 0x30
10004468:	cb02      	ldmia	r3!, {r1}
1000446a:	4688      	mov	r8, r1
1000446c:	2900      	cmp	r1, #0
1000446e:	db47      	blt.n	10004500 <_vsnprintf+0x2bc>
10004470:	930c      	str	r3, [sp, #48]	@ 0x30
10004472:	2301      	movs	r3, #1
10004474:	469c      	mov	ip, r3
10004476:	7870      	ldrb	r0, [r6, #1]
10004478:	464e      	mov	r6, r9
1000447a:	44e1      	add	r9, ip
1000447c:	e731      	b.n	100042e2 <_vsnprintf+0x9e>
1000447e:	9b0c      	ldr	r3, [sp, #48]	@ 0x30
10004480:	cb02      	ldmia	r3!, {r1}
10004482:	9314      	str	r3, [sp, #80]	@ 0x50
10004484:	4653      	mov	r3, sl
10004486:	2b00      	cmp	r3, #0
10004488:	d100      	bne.n	1000448c <_vsnprintf+0x248>
1000448a:	e138      	b.n	100046fe <_vsnprintf+0x4ba>
1000448c:	469c      	mov	ip, r3
1000448e:	7808      	ldrb	r0, [r1, #0]
10004490:	000b      	movs	r3, r1
10004492:	900c      	str	r0, [sp, #48]	@ 0x30
10004494:	448c      	add	ip, r1
10004496:	2800      	cmp	r0, #0
10004498:	d101      	bne.n	1000449e <_vsnprintf+0x25a>
1000449a:	f000 fc98 	bl	10004dce <_vsnprintf+0xb8a>
1000449e:	4689      	mov	r9, r1
100044a0:	4661      	mov	r1, ip
100044a2:	4694      	mov	ip, r2
100044a4:	e003      	b.n	100044ae <_vsnprintf+0x26a>
100044a6:	785a      	ldrb	r2, [r3, #1]
100044a8:	3301      	adds	r3, #1
100044aa:	2a00      	cmp	r2, #0
100044ac:	d001      	beq.n	100044b2 <_vsnprintf+0x26e>
100044ae:	428b      	cmp	r3, r1
100044b0:	d1f9      	bne.n	100044a6 <_vsnprintf+0x262>
100044b2:	4649      	mov	r1, r9
100044b4:	4662      	mov	r2, ip
100044b6:	1a5b      	subs	r3, r3, r1
100044b8:	900c      	str	r0, [sp, #48]	@ 0x30
100044ba:	930f      	str	r3, [sp, #60]	@ 0x3c
100044bc:	0553      	lsls	r3, r2, #21
100044be:	d500      	bpl.n	100044c2 <_vsnprintf+0x27e>
100044c0:	e120      	b.n	10004704 <_vsnprintf+0x4c0>
100044c2:	2302      	movs	r3, #2
100044c4:	0018      	movs	r0, r3
100044c6:	4010      	ands	r0, r2
100044c8:	900d      	str	r0, [sp, #52]	@ 0x34
100044ca:	4213      	tst	r3, r2
100044cc:	d100      	bne.n	100044d0 <_vsnprintf+0x28c>
100044ce:	e3cb      	b.n	10004c68 <_vsnprintf+0xa24>
100044d0:	930d      	str	r3, [sp, #52]	@ 0x34
100044d2:	1b0b      	subs	r3, r1, r4
100044d4:	46b1      	mov	r9, r6
100044d6:	469a      	mov	sl, r3
100044d8:	465e      	mov	r6, fp
100044da:	980c      	ldr	r0, [sp, #48]	@ 0x30
100044dc:	0022      	movs	r2, r4
100044de:	003b      	movs	r3, r7
100044e0:	0031      	movs	r1, r6
100044e2:	47a8      	blx	r5
100044e4:	4653      	mov	r3, sl
100044e6:	3401      	adds	r4, #1
100044e8:	5d18      	ldrb	r0, [r3, r4]
100044ea:	2800      	cmp	r0, #0
100044ec:	d1f6      	bne.n	100044dc <_vsnprintf+0x298>
100044ee:	46b3      	mov	fp, r6
100044f0:	464e      	mov	r6, r9
100044f2:	9b0d      	ldr	r3, [sp, #52]	@ 0x34
100044f4:	2b00      	cmp	r3, #0
100044f6:	d000      	beq.n	100044fa <_vsnprintf+0x2b6>
100044f8:	e1c7      	b.n	1000488a <_vsnprintf+0x646>
100044fa:	9b14      	ldr	r3, [sp, #80]	@ 0x50
100044fc:	930c      	str	r3, [sp, #48]	@ 0x30
100044fe:	e6c9      	b.n	10004294 <_vsnprintf+0x50>
10004500:	930c      	str	r3, [sp, #48]	@ 0x30
10004502:	2301      	movs	r3, #1
10004504:	469c      	mov	ip, r3
10004506:	3828      	subs	r0, #40	@ 0x28
10004508:	4249      	negs	r1, r1
1000450a:	4302      	orrs	r2, r0
1000450c:	4688      	mov	r8, r1
1000450e:	7870      	ldrb	r0, [r6, #1]
10004510:	464e      	mov	r6, r9
10004512:	44e1      	add	r9, ip
10004514:	e6e5      	b.n	100042e2 <_vsnprintf+0x9e>
10004516:	7870      	ldrb	r0, [r6, #1]
10004518:	286c      	cmp	r0, #108	@ 0x6c
1000451a:	d100      	bne.n	1000451e <_vsnprintf+0x2da>
1000451c:	e17f      	b.n	1000481e <_vsnprintf+0x5da>
1000451e:	2380      	movs	r3, #128	@ 0x80
10004520:	005b      	lsls	r3, r3, #1
10004522:	431a      	orrs	r2, r3
10004524:	3bff      	subs	r3, #255	@ 0xff
10004526:	469c      	mov	ip, r3
10004528:	44e1      	add	r9, ip
1000452a:	e702      	b.n	10004332 <_vsnprintf+0xee>
1000452c:	2380      	movs	r3, #128	@ 0x80
1000452e:	009b      	lsls	r3, r3, #2
10004530:	431a      	orrs	r2, r3
10004532:	2301      	movs	r3, #1
10004534:	469c      	mov	ip, r3
10004536:	7870      	ldrb	r0, [r6, #1]
10004538:	44e1      	add	r9, ip
1000453a:	e6fa      	b.n	10004332 <_vsnprintf+0xee>
1000453c:	7870      	ldrb	r0, [r6, #1]
1000453e:	2868      	cmp	r0, #104	@ 0x68
10004540:	d100      	bne.n	10004544 <_vsnprintf+0x300>
10004542:	e173      	b.n	1000482c <_vsnprintf+0x5e8>
10004544:	2380      	movs	r3, #128	@ 0x80
10004546:	431a      	orrs	r2, r3
10004548:	3b7f      	subs	r3, #127	@ 0x7f
1000454a:	469c      	mov	ip, r3
1000454c:	44e1      	add	r9, ip
1000454e:	e6f0      	b.n	10004332 <_vsnprintf+0xee>
10004550:	2867      	cmp	r0, #103	@ 0x67
10004552:	d100      	bne.n	10004556 <_vsnprintf+0x312>
10004554:	e103      	b.n	1000475e <_vsnprintf+0x51a>
10004556:	2847      	cmp	r0, #71	@ 0x47
10004558:	d100      	bne.n	1000455c <_vsnprintf+0x318>
1000455a:	e15a      	b.n	10004812 <_vsnprintf+0x5ce>
1000455c:	2845      	cmp	r0, #69	@ 0x45
1000455e:	d100      	bne.n	10004562 <_vsnprintf+0x31e>
10004560:	e15a      	b.n	10004818 <_vsnprintf+0x5d4>
10004562:	9204      	str	r2, [sp, #16]
10004564:	2107      	movs	r1, #7
10004566:	4642      	mov	r2, r8
10004568:	9b0c      	ldr	r3, [sp, #48]	@ 0x30
1000456a:	9203      	str	r2, [sp, #12]
1000456c:	3307      	adds	r3, #7
1000456e:	4652      	mov	r2, sl
10004570:	438b      	bics	r3, r1
10004572:	0019      	movs	r1, r3
10004574:	9202      	str	r2, [sp, #8]
10004576:	c90c      	ldmia	r1!, {r2, r3}
10004578:	0028      	movs	r0, r5
1000457a:	9200      	str	r2, [sp, #0]
1000457c:	9301      	str	r3, [sp, #4]
1000457e:	910c      	str	r1, [sp, #48]	@ 0x30
10004580:	0022      	movs	r2, r4
10004582:	003b      	movs	r3, r7
10004584:	4659      	mov	r1, fp
10004586:	f7ff fb9f 	bl	10003cc8 <_etoa>
1000458a:	0004      	movs	r4, r0
1000458c:	e682      	b.n	10004294 <_vsnprintf+0x50>
1000458e:	46c0      	nop			@ (mov r8, r8)
10004590:	10004245 	.word	0x10004245
10004594:	200033a0 	.word	0x200033a0
10004598:	1000b328 	.word	0x1000b328
1000459c:	1000b36c 	.word	0x1000b36c
100045a0:	1000b3b8 	.word	0x1000b3b8
100045a4:	00009041 	.word	0x00009041
100045a8:	2846      	cmp	r0, #70	@ 0x46
100045aa:	d100      	bne.n	100045ae <_vsnprintf+0x36a>
100045ac:	e0db      	b.n	10004766 <_vsnprintf+0x522>
100045ae:	9204      	str	r2, [sp, #16]
100045b0:	2107      	movs	r1, #7
100045b2:	4642      	mov	r2, r8
100045b4:	9b0c      	ldr	r3, [sp, #48]	@ 0x30
100045b6:	9203      	str	r2, [sp, #12]
100045b8:	3307      	adds	r3, #7
100045ba:	4652      	mov	r2, sl
100045bc:	438b      	bics	r3, r1
100045be:	0019      	movs	r1, r3
100045c0:	9202      	str	r2, [sp, #8]
100045c2:	c90c      	ldmia	r1!, {r2, r3}
100045c4:	0028      	movs	r0, r5
100045c6:	9200      	str	r2, [sp, #0]
100045c8:	9301      	str	r3, [sp, #4]
100045ca:	910c      	str	r1, [sp, #48]	@ 0x30
100045cc:	0022      	movs	r2, r4
100045ce:	003b      	movs	r3, r7
100045d0:	4659      	mov	r1, fp
100045d2:	f7ff f925 	bl	10003820 <_ftoa>
100045d6:	0004      	movs	r4, r0
100045d8:	e65c      	b.n	10004294 <_vsnprintf+0x50>
100045da:	1c63      	adds	r3, r4, #1
100045dc:	4698      	mov	r8, r3
100045de:	0022      	movs	r2, r4
100045e0:	003b      	movs	r3, r7
100045e2:	4659      	mov	r1, fp
100045e4:	2025      	movs	r0, #37	@ 0x25
100045e6:	47a8      	blx	r5
100045e8:	4644      	mov	r4, r8
100045ea:	e653      	b.n	10004294 <_vsnprintf+0x50>
100045ec:	9b0c      	ldr	r3, [sp, #48]	@ 0x30
100045ee:	3304      	adds	r3, #4
100045f0:	930d      	str	r3, [sp, #52]	@ 0x34
100045f2:	1c63      	adds	r3, r4, #1
100045f4:	4699      	mov	r9, r3
100045f6:	0792      	lsls	r2, r2, #30
100045f8:	d400      	bmi.n	100045fc <_vsnprintf+0x3b8>
100045fa:	e122      	b.n	10004842 <_vsnprintf+0x5fe>
100045fc:	9b0c      	ldr	r3, [sp, #48]	@ 0x30
100045fe:	0022      	movs	r2, r4
10004600:	7818      	ldrb	r0, [r3, #0]
10004602:	4659      	mov	r1, fp
10004604:	003b      	movs	r3, r7
10004606:	47a8      	blx	r5
10004608:	4643      	mov	r3, r8
1000460a:	4444      	add	r4, r8
1000460c:	2b01      	cmp	r3, #1
1000460e:	d800      	bhi.n	10004612 <_vsnprintf+0x3ce>
10004610:	e285      	b.n	10004b1e <_vsnprintf+0x8da>
10004612:	0033      	movs	r3, r6
10004614:	46b8      	mov	r8, r7
10004616:	002e      	movs	r6, r5
10004618:	465f      	mov	r7, fp
1000461a:	0025      	movs	r5, r4
1000461c:	464c      	mov	r4, r9
1000461e:	4699      	mov	r9, r3
10004620:	0022      	movs	r2, r4
10004622:	4643      	mov	r3, r8
10004624:	3401      	adds	r4, #1
10004626:	0039      	movs	r1, r7
10004628:	2020      	movs	r0, #32
1000462a:	47b0      	blx	r6
1000462c:	42ac      	cmp	r4, r5
1000462e:	d1f7      	bne.n	10004620 <_vsnprintf+0x3dc>
10004630:	002c      	movs	r4, r5
10004632:	46bb      	mov	fp, r7
10004634:	0035      	movs	r5, r6
10004636:	4647      	mov	r7, r8
10004638:	464e      	mov	r6, r9
1000463a:	9b0d      	ldr	r3, [sp, #52]	@ 0x34
1000463c:	930c      	str	r3, [sp, #48]	@ 0x30
1000463e:	e629      	b.n	10004294 <_vsnprintf+0x50>
10004640:	4bdb      	ldr	r3, [pc, #876]	@ (100049b0 <_vsnprintf+0x76c>)
10004642:	7830      	ldrb	r0, [r6, #0]
10004644:	4698      	mov	r8, r3
10004646:	2300      	movs	r3, #0
10004648:	4699      	mov	r9, r3
1000464a:	2800      	cmp	r0, #0
1000464c:	d000      	beq.n	10004650 <_vsnprintf+0x40c>
1000464e:	e612      	b.n	10004276 <_vsnprintf+0x32>
10004650:	2400      	movs	r4, #0
10004652:	e6ae      	b.n	100043b2 <_vsnprintf+0x16e>
10004654:	286f      	cmp	r0, #111	@ 0x6f
10004656:	d100      	bne.n	1000465a <_vsnprintf+0x416>
10004658:	e088      	b.n	1000476c <_vsnprintf+0x528>
1000465a:	d800      	bhi.n	1000465e <_vsnprintf+0x41a>
1000465c:	e30b      	b.n	10004c76 <_vsnprintf+0xa32>
1000465e:	2310      	movs	r3, #16
10004660:	2878      	cmp	r0, #120	@ 0x78
10004662:	d100      	bne.n	10004666 <_vsnprintf+0x422>
10004664:	e0cf      	b.n	10004806 <_vsnprintf+0x5c2>
10004666:	439a      	bics	r2, r3
10004668:	230a      	movs	r3, #10
1000466a:	469c      	mov	ip, r3
1000466c:	2300      	movs	r3, #0
1000466e:	930f      	str	r3, [sp, #60]	@ 0x3c
10004670:	330a      	adds	r3, #10
10004672:	930d      	str	r3, [sp, #52]	@ 0x34
10004674:	e080      	b.n	10004778 <_vsnprintf+0x534>
10004676:	4656      	mov	r6, sl
10004678:	00b1      	lsls	r1, r6, #2
1000467a:	1989      	adds	r1, r1, r6
1000467c:	0049      	lsls	r1, r1, #1
1000467e:	3301      	adds	r3, #1
10004680:	180e      	adds	r6, r1, r0
10004682:	7818      	ldrb	r0, [r3, #0]
10004684:	3e30      	subs	r6, #48	@ 0x30
10004686:	0001      	movs	r1, r0
10004688:	3930      	subs	r1, #48	@ 0x30
1000468a:	2909      	cmp	r1, #9
1000468c:	d9f4      	bls.n	10004678 <_vsnprintf+0x434>
1000468e:	46b2      	mov	sl, r6
10004690:	001e      	movs	r6, r3
10004692:	3301      	adds	r3, #1
10004694:	4699      	mov	r9, r3
10004696:	e628      	b.n	100042ea <_vsnprintf+0xa6>
10004698:	9b0c      	ldr	r3, [sp, #48]	@ 0x30
1000469a:	3602      	adds	r6, #2
1000469c:	cb02      	ldmia	r3!, {r1}
1000469e:	468a      	mov	sl, r1
100046a0:	43c9      	mvns	r1, r1
100046a2:	4650      	mov	r0, sl
100046a4:	17c9      	asrs	r1, r1, #31
100046a6:	4008      	ands	r0, r1
100046a8:	4682      	mov	sl, r0
100046aa:	930c      	str	r3, [sp, #48]	@ 0x30
100046ac:	7830      	ldrb	r0, [r6, #0]
100046ae:	1c73      	adds	r3, r6, #1
100046b0:	4699      	mov	r9, r3
100046b2:	e61a      	b.n	100042ea <_vsnprintf+0xa6>
100046b4:	2310      	movs	r3, #16
100046b6:	0010      	movs	r0, r2
100046b8:	4398      	bics	r0, r3
100046ba:	3311      	adds	r3, #17
100046bc:	4318      	orrs	r0, r3
100046be:	4681      	mov	r9, r0
100046c0:	2080      	movs	r0, #128	@ 0x80
100046c2:	0013      	movs	r3, r2
100046c4:	00c0      	lsls	r0, r0, #3
100046c6:	4003      	ands	r3, r0
100046c8:	4202      	tst	r2, r0
100046ca:	d100      	bne.n	100046ce <_vsnprintf+0x48a>
100046cc:	e6a9      	b.n	10004422 <_vsnprintf+0x1de>
100046ce:	464b      	mov	r3, r9
100046d0:	9306      	str	r3, [sp, #24]
100046d2:	2308      	movs	r3, #8
100046d4:	9305      	str	r3, [sp, #20]
100046d6:	4653      	mov	r3, sl
100046d8:	9304      	str	r3, [sp, #16]
100046da:	2310      	movs	r3, #16
100046dc:	9303      	str	r3, [sp, #12]
100046de:	2300      	movs	r3, #0
100046e0:	9302      	str	r3, [sp, #8]
100046e2:	9b0f      	ldr	r3, [sp, #60]	@ 0x3c
100046e4:	0022      	movs	r2, r4
100046e6:	9301      	str	r3, [sp, #4]
100046e8:	ab1c      	add	r3, sp, #112	@ 0x70
100046ea:	9300      	str	r3, [sp, #0]
100046ec:	4659      	mov	r1, fp
100046ee:	003b      	movs	r3, r7
100046f0:	0028      	movs	r0, r5
100046f2:	f7fe ffa7 	bl	10003644 <_ntoa_format>
100046f6:	4643      	mov	r3, r8
100046f8:	0004      	movs	r4, r0
100046fa:	930c      	str	r3, [sp, #48]	@ 0x30
100046fc:	e5ca      	b.n	10004294 <_vsnprintf+0x50>
100046fe:	2301      	movs	r3, #1
10004700:	425b      	negs	r3, r3
10004702:	e6c3      	b.n	1000448c <_vsnprintf+0x248>
10004704:	9b0f      	ldr	r3, [sp, #60]	@ 0x3c
10004706:	4553      	cmp	r3, sl
10004708:	d901      	bls.n	1000470e <_vsnprintf+0x4ca>
1000470a:	4653      	mov	r3, sl
1000470c:	930f      	str	r3, [sp, #60]	@ 0x3c
1000470e:	2302      	movs	r3, #2
10004710:	0018      	movs	r0, r3
10004712:	4010      	ands	r0, r2
10004714:	900d      	str	r0, [sp, #52]	@ 0x34
10004716:	4213      	tst	r3, r2
10004718:	d100      	bne.n	1000471c <_vsnprintf+0x4d8>
1000471a:	e1b7      	b.n	10004a8c <_vsnprintf+0x848>
1000471c:	930d      	str	r3, [sp, #52]	@ 0x34
1000471e:	46d1      	mov	r9, sl
10004720:	1b0b      	subs	r3, r1, r4
10004722:	469a      	mov	sl, r3
10004724:	0033      	movs	r3, r6
10004726:	44a1      	add	r9, r4
10004728:	002e      	movs	r6, r5
1000472a:	0022      	movs	r2, r4
1000472c:	464d      	mov	r5, r9
1000472e:	980c      	ldr	r0, [sp, #48]	@ 0x30
10004730:	46b9      	mov	r9, r7
10004732:	465f      	mov	r7, fp
10004734:	469b      	mov	fp, r3
10004736:	e008      	b.n	1000474a <_vsnprintf+0x506>
10004738:	464b      	mov	r3, r9
1000473a:	0039      	movs	r1, r7
1000473c:	1c54      	adds	r4, r2, #1
1000473e:	47b0      	blx	r6
10004740:	4653      	mov	r3, sl
10004742:	5d18      	ldrb	r0, [r3, r4]
10004744:	2800      	cmp	r0, #0
10004746:	d077      	beq.n	10004838 <_vsnprintf+0x5f4>
10004748:	0022      	movs	r2, r4
1000474a:	4295      	cmp	r5, r2
1000474c:	d1f4      	bne.n	10004738 <_vsnprintf+0x4f4>
1000474e:	465b      	mov	r3, fp
10004750:	46bb      	mov	fp, r7
10004752:	464f      	mov	r7, r9
10004754:	46a9      	mov	r9, r5
10004756:	0035      	movs	r5, r6
10004758:	464c      	mov	r4, r9
1000475a:	001e      	movs	r6, r3
1000475c:	e6c9      	b.n	100044f2 <_vsnprintf+0x2ae>
1000475e:	2380      	movs	r3, #128	@ 0x80
10004760:	011b      	lsls	r3, r3, #4
10004762:	431a      	orrs	r2, r3
10004764:	e6fd      	b.n	10004562 <_vsnprintf+0x31e>
10004766:	2320      	movs	r3, #32
10004768:	431a      	orrs	r2, r3
1000476a:	e720      	b.n	100045ae <_vsnprintf+0x36a>
1000476c:	2308      	movs	r3, #8
1000476e:	469c      	mov	ip, r3
10004770:	2300      	movs	r3, #0
10004772:	930f      	str	r3, [sp, #60]	@ 0x3c
10004774:	3308      	adds	r3, #8
10004776:	930d      	str	r3, [sp, #52]	@ 0x34
10004778:	2380      	movs	r3, #128	@ 0x80
1000477a:	0011      	movs	r1, r2
1000477c:	00db      	lsls	r3, r3, #3
1000477e:	4019      	ands	r1, r3
10004780:	421a      	tst	r2, r3
10004782:	d100      	bne.n	10004786 <_vsnprintf+0x542>
10004784:	e116      	b.n	100049b4 <_vsnprintf+0x770>
10004786:	230d      	movs	r3, #13
10004788:	439a      	bics	r2, r3
1000478a:	0010      	movs	r0, r2
1000478c:	2380      	movs	r3, #128	@ 0x80
1000478e:	0002      	movs	r2, r0
10004790:	009b      	lsls	r3, r3, #2
10004792:	401a      	ands	r2, r3
10004794:	9214      	str	r2, [sp, #80]	@ 0x50
10004796:	4218      	tst	r0, r3
10004798:	d000      	beq.n	1000479c <_vsnprintf+0x558>
1000479a:	e1c2      	b.n	10004b22 <_vsnprintf+0x8de>
1000479c:	2380      	movs	r3, #128	@ 0x80
1000479e:	0002      	movs	r2, r0
100047a0:	005b      	lsls	r3, r3, #1
100047a2:	401a      	ands	r2, r3
100047a4:	4691      	mov	r9, r2
100047a6:	9a0c      	ldr	r2, [sp, #48]	@ 0x30
100047a8:	3204      	adds	r2, #4
100047aa:	920f      	str	r2, [sp, #60]	@ 0x3c
100047ac:	4218      	tst	r0, r3
100047ae:	d000      	beq.n	100047b2 <_vsnprintf+0x56e>
100047b0:	e2b7      	b.n	10004d22 <_vsnprintf+0xade>
100047b2:	0643      	lsls	r3, r0, #25
100047b4:	d500      	bpl.n	100047b8 <_vsnprintf+0x574>
100047b6:	e19f      	b.n	10004af8 <_vsnprintf+0x8b4>
100047b8:	0603      	lsls	r3, r0, #24
100047ba:	d400      	bmi.n	100047be <_vsnprintf+0x57a>
100047bc:	e319      	b.n	10004df2 <_vsnprintf+0xbae>
100047be:	9b0c      	ldr	r3, [sp, #48]	@ 0x30
100047c0:	881b      	ldrh	r3, [r3, #0]
100047c2:	9309      	str	r3, [sp, #36]	@ 0x24
100047c4:	2b00      	cmp	r3, #0
100047c6:	d000      	beq.n	100047ca <_vsnprintf+0x586>
100047c8:	e1fc      	b.n	10004bc4 <_vsnprintf+0x980>
100047ca:	3310      	adds	r3, #16
100047cc:	4398      	bics	r0, r3
100047ce:	2900      	cmp	r1, #0
100047d0:	d100      	bne.n	100047d4 <_vsnprintf+0x590>
100047d2:	e1f7      	b.n	10004bc4 <_vsnprintf+0x980>
100047d4:	2300      	movs	r3, #0
100047d6:	4699      	mov	r9, r3
100047d8:	4643      	mov	r3, r8
100047da:	9305      	str	r3, [sp, #20]
100047dc:	4653      	mov	r3, sl
100047de:	9304      	str	r3, [sp, #16]
100047e0:	9b0d      	ldr	r3, [sp, #52]	@ 0x34
100047e2:	9006      	str	r0, [sp, #24]
100047e4:	9303      	str	r3, [sp, #12]
100047e6:	2300      	movs	r3, #0
100047e8:	e0d2      	b.n	10004990 <_vsnprintf+0x74c>
100047ea:	2858      	cmp	r0, #88	@ 0x58
100047ec:	d008      	beq.n	10004800 <_vsnprintf+0x5bc>
100047ee:	2862      	cmp	r0, #98	@ 0x62
100047f0:	d167      	bne.n	100048c2 <_vsnprintf+0x67e>
100047f2:	2302      	movs	r3, #2
100047f4:	469c      	mov	ip, r3
100047f6:	2300      	movs	r3, #0
100047f8:	930f      	str	r3, [sp, #60]	@ 0x3c
100047fa:	3302      	adds	r3, #2
100047fc:	930d      	str	r3, [sp, #52]	@ 0x34
100047fe:	e7bb      	b.n	10004778 <_vsnprintf+0x534>
10004800:	2320      	movs	r3, #32
10004802:	431a      	orrs	r2, r3
10004804:	3b10      	subs	r3, #16
10004806:	469c      	mov	ip, r3
10004808:	2300      	movs	r3, #0
1000480a:	930f      	str	r3, [sp, #60]	@ 0x3c
1000480c:	3310      	adds	r3, #16
1000480e:	930d      	str	r3, [sp, #52]	@ 0x34
10004810:	e7b2      	b.n	10004778 <_vsnprintf+0x534>
10004812:	2380      	movs	r3, #128	@ 0x80
10004814:	011b      	lsls	r3, r3, #4
10004816:	431a      	orrs	r2, r3
10004818:	2320      	movs	r3, #32
1000481a:	431a      	orrs	r2, r3
1000481c:	e6a1      	b.n	10004562 <_vsnprintf+0x31e>
1000481e:	23c0      	movs	r3, #192	@ 0xc0
10004820:	009b      	lsls	r3, r3, #2
10004822:	431a      	orrs	r2, r3
10004824:	1cf3      	adds	r3, r6, #3
10004826:	4699      	mov	r9, r3
10004828:	78b0      	ldrb	r0, [r6, #2]
1000482a:	e582      	b.n	10004332 <_vsnprintf+0xee>
1000482c:	23c0      	movs	r3, #192	@ 0xc0
1000482e:	431a      	orrs	r2, r3
10004830:	1cf3      	adds	r3, r6, #3
10004832:	4699      	mov	r9, r3
10004834:	78b0      	ldrb	r0, [r6, #2]
10004836:	e57c      	b.n	10004332 <_vsnprintf+0xee>
10004838:	0035      	movs	r5, r6
1000483a:	465e      	mov	r6, fp
1000483c:	46bb      	mov	fp, r7
1000483e:	464f      	mov	r7, r9
10004840:	e657      	b.n	100044f2 <_vsnprintf+0x2ae>
10004842:	4643      	mov	r3, r8
10004844:	2b01      	cmp	r3, #1
10004846:	d800      	bhi.n	1000484a <_vsnprintf+0x606>
10004848:	e163      	b.n	10004b12 <_vsnprintf+0x8ce>
1000484a:	1e63      	subs	r3, r4, #1
1000484c:	4443      	add	r3, r8
1000484e:	469a      	mov	sl, r3
10004850:	0033      	movs	r3, r6
10004852:	46b9      	mov	r9, r7
10004854:	002e      	movs	r6, r5
10004856:	465f      	mov	r7, fp
10004858:	4655      	mov	r5, sl
1000485a:	469b      	mov	fp, r3
1000485c:	46a2      	mov	sl, r4
1000485e:	0022      	movs	r2, r4
10004860:	464b      	mov	r3, r9
10004862:	3401      	adds	r4, #1
10004864:	0039      	movs	r1, r7
10004866:	2020      	movs	r0, #32
10004868:	47b0      	blx	r6
1000486a:	42ac      	cmp	r4, r5
1000486c:	d1f7      	bne.n	1000485e <_vsnprintf+0x61a>
1000486e:	0035      	movs	r5, r6
10004870:	465e      	mov	r6, fp
10004872:	46bb      	mov	fp, r7
10004874:	464f      	mov	r7, r9
10004876:	46a1      	mov	r9, r4
10004878:	4654      	mov	r4, sl
1000487a:	9b0c      	ldr	r3, [sp, #48]	@ 0x30
1000487c:	464a      	mov	r2, r9
1000487e:	7818      	ldrb	r0, [r3, #0]
10004880:	4659      	mov	r1, fp
10004882:	003b      	movs	r3, r7
10004884:	4444      	add	r4, r8
10004886:	47a8      	blx	r5
10004888:	e6d7      	b.n	1000463a <_vsnprintf+0x3f6>
1000488a:	46a1      	mov	r9, r4
1000488c:	9b0f      	ldr	r3, [sp, #60]	@ 0x3c
1000488e:	4598      	cmp	r8, r3
10004890:	d800      	bhi.n	10004894 <_vsnprintf+0x650>
10004892:	e632      	b.n	100044fa <_vsnprintf+0x2b6>
10004894:	4444      	add	r4, r8
10004896:	1ae4      	subs	r4, r4, r3
10004898:	0033      	movs	r3, r6
1000489a:	46b8      	mov	r8, r7
1000489c:	002e      	movs	r6, r5
1000489e:	465f      	mov	r7, fp
100048a0:	0025      	movs	r5, r4
100048a2:	464c      	mov	r4, r9
100048a4:	4699      	mov	r9, r3
100048a6:	0022      	movs	r2, r4
100048a8:	4643      	mov	r3, r8
100048aa:	3401      	adds	r4, #1
100048ac:	0039      	movs	r1, r7
100048ae:	2020      	movs	r0, #32
100048b0:	47b0      	blx	r6
100048b2:	42ac      	cmp	r4, r5
100048b4:	d1f7      	bne.n	100048a6 <_vsnprintf+0x662>
100048b6:	002c      	movs	r4, r5
100048b8:	46bb      	mov	fp, r7
100048ba:	0035      	movs	r5, r6
100048bc:	4647      	mov	r7, r8
100048be:	464e      	mov	r6, r9
100048c0:	e61b      	b.n	100044fa <_vsnprintf+0x2b6>
100048c2:	2380      	movs	r3, #128	@ 0x80
100048c4:	0010      	movs	r0, r2
100048c6:	00db      	lsls	r3, r3, #3
100048c8:	4018      	ands	r0, r3
100048ca:	421a      	tst	r2, r3
100048cc:	d100      	bne.n	100048d0 <_vsnprintf+0x68c>
100048ce:	e10f      	b.n	10004af0 <_vsnprintf+0x8ac>
100048d0:	2111      	movs	r1, #17
100048d2:	0018      	movs	r0, r3
100048d4:	438a      	bics	r2, r1
100048d6:	920d      	str	r2, [sp, #52]	@ 0x34
100048d8:	9a0d      	ldr	r2, [sp, #52]	@ 0x34
100048da:	2380      	movs	r3, #128	@ 0x80
100048dc:	0011      	movs	r1, r2
100048de:	009b      	lsls	r3, r3, #2
100048e0:	4019      	ands	r1, r3
100048e2:	468c      	mov	ip, r1
100048e4:	421a      	tst	r2, r3
100048e6:	d169      	bne.n	100049bc <_vsnprintf+0x778>
100048e8:	2380      	movs	r3, #128	@ 0x80
100048ea:	0011      	movs	r1, r2
100048ec:	005b      	lsls	r3, r3, #1
100048ee:	4019      	ands	r1, r3
100048f0:	4689      	mov	r9, r1
100048f2:	990c      	ldr	r1, [sp, #48]	@ 0x30
100048f4:	3104      	adds	r1, #4
100048f6:	910f      	str	r1, [sp, #60]	@ 0x3c
100048f8:	421a      	tst	r2, r3
100048fa:	d000      	beq.n	100048fe <_vsnprintf+0x6ba>
100048fc:	e1ca      	b.n	10004c94 <_vsnprintf+0xa50>
100048fe:	0013      	movs	r3, r2
10004900:	065b      	lsls	r3, r3, #25
10004902:	d500      	bpl.n	10004906 <_vsnprintf+0x6c2>
10004904:	e0f0      	b.n	10004ae8 <_vsnprintf+0x8a4>
10004906:	0013      	movs	r3, r2
10004908:	061b      	lsls	r3, r3, #24
1000490a:	d400      	bmi.n	1000490e <_vsnprintf+0x6ca>
1000490c:	e259      	b.n	10004dc2 <_vsnprintf+0xb7e>
1000490e:	9b0c      	ldr	r3, [sp, #48]	@ 0x30
10004910:	2200      	movs	r2, #0
10004912:	5e9b      	ldrsh	r3, [r3, r2]
10004914:	17d9      	asrs	r1, r3, #31
10004916:	185a      	adds	r2, r3, r1
10004918:	404a      	eors	r2, r1
1000491a:	b292      	uxth	r2, r2
1000491c:	0fd9      	lsrs	r1, r3, #31
1000491e:	910c      	str	r1, [sp, #48]	@ 0x30
10004920:	2b00      	cmp	r3, #0
10004922:	d100      	bne.n	10004926 <_vsnprintf+0x6e2>
10004924:	e1f9      	b.n	10004d1a <_vsnprintf+0xad6>
10004926:	0010      	movs	r0, r2
10004928:	aa14      	add	r2, sp, #80	@ 0x50
1000492a:	4694      	mov	ip, r2
1000492c:	4642      	mov	r2, r8
1000492e:	231f      	movs	r3, #31
10004930:	9214      	str	r2, [sp, #80]	@ 0x50
10004932:	4652      	mov	r2, sl
10004934:	4463      	add	r3, ip
10004936:	46a8      	mov	r8, r5
10004938:	9416      	str	r4, [sp, #88]	@ 0x58
1000493a:	464d      	mov	r5, r9
1000493c:	0004      	movs	r4, r0
1000493e:	46b9      	mov	r9, r7
10004940:	46b2      	mov	sl, r6
10004942:	001f      	movs	r7, r3
10004944:	9215      	str	r2, [sp, #84]	@ 0x54
10004946:	e001      	b.n	1000494c <_vsnprintf+0x708>
10004948:	2d20      	cmp	r5, #32
1000494a:	d00f      	beq.n	1000496c <_vsnprintf+0x728>
1000494c:	0020      	movs	r0, r4
1000494e:	210a      	movs	r1, #10
10004950:	f7fd fe74 	bl	1000263c <__wrap___aeabi_uidiv>
10004954:	3501      	adds	r5, #1
10004956:	197e      	adds	r6, r7, r5
10004958:	3130      	adds	r1, #48	@ 0x30
1000495a:	7031      	strb	r1, [r6, #0]
1000495c:	0020      	movs	r0, r4
1000495e:	210a      	movs	r1, #10
10004960:	f7fd fe6c 	bl	1000263c <__wrap___aeabi_uidiv>
10004964:	0026      	movs	r6, r4
10004966:	0004      	movs	r4, r0
10004968:	2e09      	cmp	r6, #9
1000496a:	d8ed      	bhi.n	10004948 <_vsnprintf+0x704>
1000496c:	9b14      	ldr	r3, [sp, #80]	@ 0x50
1000496e:	464f      	mov	r7, r9
10004970:	46a9      	mov	r9, r5
10004972:	4645      	mov	r5, r8
10004974:	4698      	mov	r8, r3
10004976:	9b15      	ldr	r3, [sp, #84]	@ 0x54
10004978:	4656      	mov	r6, sl
1000497a:	469a      	mov	sl, r3
1000497c:	9c16      	ldr	r4, [sp, #88]	@ 0x58
1000497e:	9b0d      	ldr	r3, [sp, #52]	@ 0x34
10004980:	9306      	str	r3, [sp, #24]
10004982:	4643      	mov	r3, r8
10004984:	9305      	str	r3, [sp, #20]
10004986:	4653      	mov	r3, sl
10004988:	9304      	str	r3, [sp, #16]
1000498a:	230a      	movs	r3, #10
1000498c:	9303      	str	r3, [sp, #12]
1000498e:	9b0c      	ldr	r3, [sp, #48]	@ 0x30
10004990:	9302      	str	r3, [sp, #8]
10004992:	464b      	mov	r3, r9
10004994:	9301      	str	r3, [sp, #4]
10004996:	ab1c      	add	r3, sp, #112	@ 0x70
10004998:	0022      	movs	r2, r4
1000499a:	9300      	str	r3, [sp, #0]
1000499c:	4659      	mov	r1, fp
1000499e:	003b      	movs	r3, r7
100049a0:	0028      	movs	r0, r5
100049a2:	f7fe fe4f 	bl	10003644 <_ntoa_format>
100049a6:	9b0f      	ldr	r3, [sp, #60]	@ 0x3c
100049a8:	0004      	movs	r4, r0
100049aa:	930c      	str	r3, [sp, #48]	@ 0x30
100049ac:	e472      	b.n	10004294 <_vsnprintf+0x50>
100049ae:	46c0      	nop			@ (mov r8, r8)
100049b0:	10003595 	.word	0x10003595
100049b4:	230c      	movs	r3, #12
100049b6:	439a      	bics	r2, r3
100049b8:	0010      	movs	r0, r2
100049ba:	e6e7      	b.n	1000478c <_vsnprintf+0x548>
100049bc:	2207      	movs	r2, #7
100049be:	9b0c      	ldr	r3, [sp, #48]	@ 0x30
100049c0:	3307      	adds	r3, #7
100049c2:	4393      	bics	r3, r2
100049c4:	3201      	adds	r2, #1
100049c6:	4694      	mov	ip, r2
100049c8:	449c      	add	ip, r3
100049ca:	4662      	mov	r2, ip
100049cc:	920c      	str	r2, [sp, #48]	@ 0x30
100049ce:	cb0c      	ldmia	r3, {r2, r3}
100049d0:	0fd9      	lsrs	r1, r3, #31
100049d2:	910f      	str	r1, [sp, #60]	@ 0x3c
100049d4:	0011      	movs	r1, r2
100049d6:	4319      	orrs	r1, r3
100049d8:	d100      	bne.n	100049dc <_vsnprintf+0x798>
100049da:	e091      	b.n	10004b00 <_vsnprintf+0x8bc>
100049dc:	17d9      	asrs	r1, r3, #31
100049de:	9113      	str	r1, [sp, #76]	@ 0x4c
100049e0:	9112      	str	r1, [sp, #72]	@ 0x48
100049e2:	4051      	eors	r1, r2
100049e4:	9110      	str	r1, [sp, #64]	@ 0x40
100049e6:	9913      	ldr	r1, [sp, #76]	@ 0x4c
100049e8:	4059      	eors	r1, r3
100049ea:	9111      	str	r1, [sp, #68]	@ 0x44
100049ec:	9810      	ldr	r0, [sp, #64]	@ 0x40
100049ee:	9911      	ldr	r1, [sp, #68]	@ 0x44
100049f0:	9a12      	ldr	r2, [sp, #72]	@ 0x48
100049f2:	9b13      	ldr	r3, [sp, #76]	@ 0x4c
100049f4:	1a80      	subs	r0, r0, r2
100049f6:	4199      	sbcs	r1, r3
100049f8:	9010      	str	r0, [sp, #64]	@ 0x40
100049fa:	9111      	str	r1, [sp, #68]	@ 0x44
100049fc:	aa14      	add	r2, sp, #80	@ 0x50
100049fe:	2300      	movs	r3, #0
10004a00:	4694      	mov	ip, r2
10004a02:	4642      	mov	r2, r8
10004a04:	4699      	mov	r9, r3
10004a06:	9214      	str	r2, [sp, #80]	@ 0x50
10004a08:	4652      	mov	r2, sl
10004a0a:	331f      	adds	r3, #31
10004a0c:	4463      	add	r3, ip
10004a0e:	46a8      	mov	r8, r5
10004a10:	46b2      	mov	sl, r6
10004a12:	9416      	str	r4, [sp, #88]	@ 0x58
10004a14:	464e      	mov	r6, r9
10004a16:	9c10      	ldr	r4, [sp, #64]	@ 0x40
10004a18:	9d11      	ldr	r5, [sp, #68]	@ 0x44
10004a1a:	46b9      	mov	r9, r7
10004a1c:	9215      	str	r2, [sp, #84]	@ 0x54
10004a1e:	001f      	movs	r7, r3
10004a20:	e001      	b.n	10004a26 <_vsnprintf+0x7e2>
10004a22:	2e20      	cmp	r6, #32
10004a24:	d010      	beq.n	10004a48 <_vsnprintf+0x804>
10004a26:	0020      	movs	r0, r4
10004a28:	0029      	movs	r1, r5
10004a2a:	220a      	movs	r2, #10
10004a2c:	2300      	movs	r3, #0
10004a2e:	f7fd fe43 	bl	100026b8 <__wrap___aeabi_uldivmod>
10004a32:	3601      	adds	r6, #1
10004a34:	3230      	adds	r2, #48	@ 0x30
10004a36:	002b      	movs	r3, r5
10004a38:	55ba      	strb	r2, [r7, r6]
10004a3a:	000d      	movs	r5, r1
10004a3c:	0022      	movs	r2, r4
10004a3e:	0004      	movs	r4, r0
10004a40:	2b00      	cmp	r3, #0
10004a42:	d1ee      	bne.n	10004a22 <_vsnprintf+0x7de>
10004a44:	2a09      	cmp	r2, #9
10004a46:	d8ec      	bhi.n	10004a22 <_vsnprintf+0x7de>
10004a48:	9b14      	ldr	r3, [sp, #80]	@ 0x50
10004a4a:	9410      	str	r4, [sp, #64]	@ 0x40
10004a4c:	9511      	str	r5, [sp, #68]	@ 0x44
10004a4e:	4645      	mov	r5, r8
10004a50:	4698      	mov	r8, r3
10004a52:	9b15      	ldr	r3, [sp, #84]	@ 0x54
10004a54:	464f      	mov	r7, r9
10004a56:	46b1      	mov	r9, r6
10004a58:	4656      	mov	r6, sl
10004a5a:	469a      	mov	sl, r3
10004a5c:	9c16      	ldr	r4, [sp, #88]	@ 0x58
10004a5e:	9b0d      	ldr	r3, [sp, #52]	@ 0x34
10004a60:	9306      	str	r3, [sp, #24]
10004a62:	4643      	mov	r3, r8
10004a64:	9305      	str	r3, [sp, #20]
10004a66:	4653      	mov	r3, sl
10004a68:	9304      	str	r3, [sp, #16]
10004a6a:	230a      	movs	r3, #10
10004a6c:	9303      	str	r3, [sp, #12]
10004a6e:	9b0f      	ldr	r3, [sp, #60]	@ 0x3c
10004a70:	9302      	str	r3, [sp, #8]
10004a72:	464b      	mov	r3, r9
10004a74:	9301      	str	r3, [sp, #4]
10004a76:	ab1c      	add	r3, sp, #112	@ 0x70
10004a78:	0022      	movs	r2, r4
10004a7a:	9300      	str	r3, [sp, #0]
10004a7c:	4659      	mov	r1, fp
10004a7e:	003b      	movs	r3, r7
10004a80:	0028      	movs	r0, r5
10004a82:	f7fe fddf 	bl	10003644 <_ntoa_format>
10004a86:	0004      	movs	r4, r0
10004a88:	f7ff fc04 	bl	10004294 <_vsnprintf+0x50>
10004a8c:	9b0f      	ldr	r3, [sp, #60]	@ 0x3c
10004a8e:	4598      	cmp	r8, r3
10004a90:	d800      	bhi.n	10004a94 <_vsnprintf+0x850>
10004a92:	e1c1      	b.n	10004e18 <_vsnprintf+0xbd4>
10004a94:	2380      	movs	r3, #128	@ 0x80
10004a96:	00db      	lsls	r3, r3, #3
10004a98:	930d      	str	r3, [sp, #52]	@ 0x34
10004a9a:	4643      	mov	r3, r8
10004a9c:	9a0f      	ldr	r2, [sp, #60]	@ 0x3c
10004a9e:	191b      	adds	r3, r3, r4
10004aa0:	1a9b      	subs	r3, r3, r2
10004aa2:	4699      	mov	r9, r3
10004aa4:	0033      	movs	r3, r6
10004aa6:	002e      	movs	r6, r5
10004aa8:	464d      	mov	r5, r9
10004aaa:	46b9      	mov	r9, r7
10004aac:	465f      	mov	r7, fp
10004aae:	469b      	mov	fp, r3
10004ab0:	910c      	str	r1, [sp, #48]	@ 0x30
10004ab2:	0022      	movs	r2, r4
10004ab4:	464b      	mov	r3, r9
10004ab6:	3401      	adds	r4, #1
10004ab8:	0039      	movs	r1, r7
10004aba:	2020      	movs	r0, #32
10004abc:	47b0      	blx	r6
10004abe:	42ac      	cmp	r4, r5
10004ac0:	d1f7      	bne.n	10004ab2 <_vsnprintf+0x86e>
10004ac2:	4643      	mov	r3, r8
10004ac4:	990c      	ldr	r1, [sp, #48]	@ 0x30
10004ac6:	3301      	adds	r3, #1
10004ac8:	930f      	str	r3, [sp, #60]	@ 0x3c
10004aca:	780b      	ldrb	r3, [r1, #0]
10004acc:	0035      	movs	r5, r6
10004ace:	930c      	str	r3, [sp, #48]	@ 0x30
10004ad0:	465e      	mov	r6, fp
10004ad2:	46bb      	mov	fp, r7
10004ad4:	464f      	mov	r7, r9
10004ad6:	2b00      	cmp	r3, #0
10004ad8:	d100      	bne.n	10004adc <_vsnprintf+0x898>
10004ada:	e50e      	b.n	100044fa <_vsnprintf+0x2b6>
10004adc:	9b0d      	ldr	r3, [sp, #52]	@ 0x34
10004ade:	2b00      	cmp	r3, #0
10004ae0:	d100      	bne.n	10004ae4 <_vsnprintf+0x8a0>
10004ae2:	e4f6      	b.n	100044d2 <_vsnprintf+0x28e>
10004ae4:	2300      	movs	r3, #0
10004ae6:	e619      	b.n	1000471c <_vsnprintf+0x4d8>
10004ae8:	9b0c      	ldr	r3, [sp, #48]	@ 0x30
10004aea:	781b      	ldrb	r3, [r3, #0]
10004aec:	001a      	movs	r2, r3
10004aee:	e715      	b.n	1000491c <_vsnprintf+0x6d8>
10004af0:	2310      	movs	r3, #16
10004af2:	439a      	bics	r2, r3
10004af4:	920d      	str	r2, [sp, #52]	@ 0x34
10004af6:	e6ef      	b.n	100048d8 <_vsnprintf+0x694>
10004af8:	9b0c      	ldr	r3, [sp, #48]	@ 0x30
10004afa:	781b      	ldrb	r3, [r3, #0]
10004afc:	9309      	str	r3, [sp, #36]	@ 0x24
10004afe:	e661      	b.n	100047c4 <_vsnprintf+0x580>
10004b00:	2300      	movs	r3, #0
10004b02:	4699      	mov	r9, r3
10004b04:	2800      	cmp	r0, #0
10004b06:	d1aa      	bne.n	10004a5e <_vsnprintf+0x81a>
10004b08:	2200      	movs	r2, #0
10004b0a:	2300      	movs	r3, #0
10004b0c:	9210      	str	r2, [sp, #64]	@ 0x40
10004b0e:	9311      	str	r3, [sp, #68]	@ 0x44
10004b10:	e774      	b.n	100049fc <_vsnprintf+0x7b8>
10004b12:	9b0c      	ldr	r3, [sp, #48]	@ 0x30
10004b14:	0022      	movs	r2, r4
10004b16:	7818      	ldrb	r0, [r3, #0]
10004b18:	4659      	mov	r1, fp
10004b1a:	003b      	movs	r3, r7
10004b1c:	47a8      	blx	r5
10004b1e:	464c      	mov	r4, r9
10004b20:	e58b      	b.n	1000463a <_vsnprintf+0x3f6>
10004b22:	9a0c      	ldr	r2, [sp, #48]	@ 0x30
10004b24:	3bfa      	subs	r3, #250	@ 0xfa
10004b26:	3bff      	subs	r3, #255	@ 0xff
10004b28:	3207      	adds	r2, #7
10004b2a:	439a      	bics	r2, r3
10004b2c:	3301      	adds	r3, #1
10004b2e:	4699      	mov	r9, r3
10004b30:	4491      	add	r9, r2
10004b32:	464b      	mov	r3, r9
10004b34:	930c      	str	r3, [sp, #48]	@ 0x30
10004b36:	6813      	ldr	r3, [r2, #0]
10004b38:	6852      	ldr	r2, [r2, #4]
10004b3a:	9215      	str	r2, [sp, #84]	@ 0x54
10004b3c:	431a      	orrs	r2, r3
10004b3e:	d106      	bne.n	10004b4e <_vsnprintf+0x90a>
10004b40:	3210      	adds	r2, #16
10004b42:	4390      	bics	r0, r2
10004b44:	2200      	movs	r2, #0
10004b46:	9209      	str	r2, [sp, #36]	@ 0x24
10004b48:	2900      	cmp	r1, #0
10004b4a:	d000      	beq.n	10004b4e <_vsnprintf+0x90a>
10004b4c:	e081      	b.n	10004c52 <_vsnprintf+0xa0e>
10004b4e:	2261      	movs	r2, #97	@ 0x61
10004b50:	0681      	lsls	r1, r0, #26
10004b52:	d500      	bpl.n	10004b56 <_vsnprintf+0x912>
10004b54:	2241      	movs	r2, #65	@ 0x41
10004b56:	b2d2      	uxtb	r2, r2
10004b58:	920a      	str	r2, [sp, #40]	@ 0x28
10004b5a:	aa14      	add	r2, sp, #80	@ 0x50
10004b5c:	4691      	mov	r9, r2
10004b5e:	9a0a      	ldr	r2, [sp, #40]	@ 0x28
10004b60:	2100      	movs	r1, #0
10004b62:	3a0a      	subs	r2, #10
10004b64:	9214      	str	r2, [sp, #80]	@ 0x50
10004b66:	4642      	mov	r2, r8
10004b68:	9217      	str	r2, [sp, #92]	@ 0x5c
10004b6a:	4652      	mov	r2, sl
10004b6c:	9218      	str	r2, [sp, #96]	@ 0x60
10004b6e:	465a      	mov	r2, fp
10004b70:	9109      	str	r1, [sp, #36]	@ 0x24
10004b72:	46b3      	mov	fp, r6
10004b74:	311f      	adds	r1, #31
10004b76:	001e      	movs	r6, r3
10004b78:	9b0f      	ldr	r3, [sp, #60]	@ 0x3c
10004b7a:	4449      	add	r1, r9
10004b7c:	46ba      	mov	sl, r7
10004b7e:	9419      	str	r4, [sp, #100]	@ 0x64
10004b80:	951a      	str	r5, [sp, #104]	@ 0x68
10004b82:	2400      	movs	r4, #0
10004b84:	4667      	mov	r7, ip
10004b86:	4698      	mov	r8, r3
10004b88:	4689      	mov	r9, r1
10004b8a:	9d15      	ldr	r5, [sp, #84]	@ 0x54
10004b8c:	9016      	str	r0, [sp, #88]	@ 0x58
10004b8e:	921b      	str	r2, [sp, #108]	@ 0x6c
10004b90:	e00a      	b.n	10004ba8 <_vsnprintf+0x964>
10004b92:	3230      	adds	r2, #48	@ 0x30
10004b94:	b2d2      	uxtb	r2, r2
10004b96:	464b      	mov	r3, r9
10004b98:	3401      	adds	r4, #1
10004b9a:	551a      	strb	r2, [r3, r4]
10004b9c:	45a8      	cmp	r8, r5
10004b9e:	d04a      	beq.n	10004c36 <_vsnprintf+0x9f2>
10004ba0:	2c20      	cmp	r4, #32
10004ba2:	d04a      	beq.n	10004c3a <_vsnprintf+0x9f6>
10004ba4:	0006      	movs	r6, r0
10004ba6:	000d      	movs	r5, r1
10004ba8:	003a      	movs	r2, r7
10004baa:	2300      	movs	r3, #0
10004bac:	0030      	movs	r0, r6
10004bae:	0029      	movs	r1, r5
10004bb0:	f7fd fd82 	bl	100026b8 <__wrap___aeabi_uldivmod>
10004bb4:	b2d2      	uxtb	r2, r2
10004bb6:	2a09      	cmp	r2, #9
10004bb8:	d9eb      	bls.n	10004b92 <_vsnprintf+0x94e>
10004bba:	9b14      	ldr	r3, [sp, #80]	@ 0x50
10004bbc:	469c      	mov	ip, r3
10004bbe:	4462      	add	r2, ip
10004bc0:	b2d2      	uxtb	r2, r2
10004bc2:	e7e8      	b.n	10004b96 <_vsnprintf+0x952>
10004bc4:	2361      	movs	r3, #97	@ 0x61
10004bc6:	0682      	lsls	r2, r0, #26
10004bc8:	d500      	bpl.n	10004bcc <_vsnprintf+0x988>
10004bca:	2341      	movs	r3, #65	@ 0x41
10004bcc:	b2db      	uxtb	r3, r3
10004bce:	3b0a      	subs	r3, #10
10004bd0:	930c      	str	r3, [sp, #48]	@ 0x30
10004bd2:	4643      	mov	r3, r8
10004bd4:	a914      	add	r1, sp, #80	@ 0x50
10004bd6:	221f      	movs	r2, #31
10004bd8:	468c      	mov	ip, r1
10004bda:	9315      	str	r3, [sp, #84]	@ 0x54
10004bdc:	4653      	mov	r3, sl
10004bde:	4462      	add	r2, ip
10004be0:	46a0      	mov	r8, r4
10004be2:	46b2      	mov	sl, r6
10004be4:	464c      	mov	r4, r9
10004be6:	9717      	str	r7, [sp, #92]	@ 0x5c
10004be8:	46a9      	mov	r9, r5
10004bea:	0017      	movs	r7, r2
10004bec:	9d09      	ldr	r5, [sp, #36]	@ 0x24
10004bee:	9e0d      	ldr	r6, [sp, #52]	@ 0x34
10004bf0:	9014      	str	r0, [sp, #80]	@ 0x50
10004bf2:	9316      	str	r3, [sp, #88]	@ 0x58
10004bf4:	e008      	b.n	10004c08 <_vsnprintf+0x9c4>
10004bf6:	3330      	adds	r3, #48	@ 0x30
10004bf8:	b2db      	uxtb	r3, r3
10004bfa:	3401      	adds	r4, #1
10004bfc:	553b      	strb	r3, [r7, r4]
10004bfe:	42b5      	cmp	r5, r6
10004c00:	d30e      	bcc.n	10004c20 <_vsnprintf+0x9dc>
10004c02:	2c20      	cmp	r4, #32
10004c04:	d00c      	beq.n	10004c20 <_vsnprintf+0x9dc>
10004c06:	0005      	movs	r5, r0
10004c08:	0031      	movs	r1, r6
10004c0a:	0028      	movs	r0, r5
10004c0c:	f7fd fd16 	bl	1000263c <__wrap___aeabi_uidiv>
10004c10:	b2cb      	uxtb	r3, r1
10004c12:	2909      	cmp	r1, #9
10004c14:	d9ef      	bls.n	10004bf6 <_vsnprintf+0x9b2>
10004c16:	9a0c      	ldr	r2, [sp, #48]	@ 0x30
10004c18:	4694      	mov	ip, r2
10004c1a:	4463      	add	r3, ip
10004c1c:	b2db      	uxtb	r3, r3
10004c1e:	e7ec      	b.n	10004bfa <_vsnprintf+0x9b6>
10004c20:	9b15      	ldr	r3, [sp, #84]	@ 0x54
10004c22:	464d      	mov	r5, r9
10004c24:	46a1      	mov	r9, r4
10004c26:	4644      	mov	r4, r8
10004c28:	4698      	mov	r8, r3
10004c2a:	9b16      	ldr	r3, [sp, #88]	@ 0x58
10004c2c:	4656      	mov	r6, sl
10004c2e:	9814      	ldr	r0, [sp, #80]	@ 0x50
10004c30:	469a      	mov	sl, r3
10004c32:	9f17      	ldr	r7, [sp, #92]	@ 0x5c
10004c34:	e5d0      	b.n	100047d8 <_vsnprintf+0x594>
10004c36:	42b7      	cmp	r7, r6
10004c38:	d9b2      	bls.n	10004ba0 <_vsnprintf+0x95c>
10004c3a:	9b17      	ldr	r3, [sp, #92]	@ 0x5c
10004c3c:	4657      	mov	r7, sl
10004c3e:	4698      	mov	r8, r3
10004c40:	9b18      	ldr	r3, [sp, #96]	@ 0x60
10004c42:	465e      	mov	r6, fp
10004c44:	469a      	mov	sl, r3
10004c46:	9b1b      	ldr	r3, [sp, #108]	@ 0x6c
10004c48:	9409      	str	r4, [sp, #36]	@ 0x24
10004c4a:	469b      	mov	fp, r3
10004c4c:	9816      	ldr	r0, [sp, #88]	@ 0x58
10004c4e:	9c19      	ldr	r4, [sp, #100]	@ 0x64
10004c50:	9d1a      	ldr	r5, [sp, #104]	@ 0x68
10004c52:	4643      	mov	r3, r8
10004c54:	9305      	str	r3, [sp, #20]
10004c56:	4653      	mov	r3, sl
10004c58:	9304      	str	r3, [sp, #16]
10004c5a:	9b0d      	ldr	r3, [sp, #52]	@ 0x34
10004c5c:	9006      	str	r0, [sp, #24]
10004c5e:	9303      	str	r3, [sp, #12]
10004c60:	2300      	movs	r3, #0
10004c62:	9302      	str	r3, [sp, #8]
10004c64:	9b09      	ldr	r3, [sp, #36]	@ 0x24
10004c66:	e705      	b.n	10004a74 <_vsnprintf+0x830>
10004c68:	9b0f      	ldr	r3, [sp, #60]	@ 0x3c
10004c6a:	4598      	cmp	r8, r3
10004c6c:	d900      	bls.n	10004c70 <_vsnprintf+0xa2c>
10004c6e:	e714      	b.n	10004a9a <_vsnprintf+0x856>
10004c70:	3301      	adds	r3, #1
10004c72:	930f      	str	r3, [sp, #60]	@ 0x3c
10004c74:	e42d      	b.n	100044d2 <_vsnprintf+0x28e>
10004c76:	2310      	movs	r3, #16
10004c78:	0011      	movs	r1, r2
10004c7a:	4399      	bics	r1, r3
10004c7c:	910d      	str	r1, [sp, #52]	@ 0x34
10004c7e:	2869      	cmp	r0, #105	@ 0x69
10004c80:	d000      	beq.n	10004c84 <_vsnprintf+0xa40>
10004c82:	e0ba      	b.n	10004dfa <_vsnprintf+0xbb6>
10004c84:	2380      	movs	r3, #128	@ 0x80
10004c86:	0010      	movs	r0, r2
10004c88:	00db      	lsls	r3, r3, #3
10004c8a:	4018      	ands	r0, r3
10004c8c:	421a      	tst	r2, r3
10004c8e:	d100      	bne.n	10004c92 <_vsnprintf+0xa4e>
10004c90:	e622      	b.n	100048d8 <_vsnprintf+0x694>
10004c92:	e61d      	b.n	100048d0 <_vsnprintf+0x68c>
10004c94:	9b0c      	ldr	r3, [sp, #48]	@ 0x30
10004c96:	681b      	ldr	r3, [r3, #0]
10004c98:	0fda      	lsrs	r2, r3, #31
10004c9a:	0011      	movs	r1, r2
10004c9c:	2b00      	cmp	r3, #0
10004c9e:	d100      	bne.n	10004ca2 <_vsnprintf+0xa5e>
10004ca0:	e08c      	b.n	10004dbc <_vsnprintf+0xb78>
10004ca2:	17da      	asrs	r2, r3, #31
10004ca4:	1898      	adds	r0, r3, r2
10004ca6:	4050      	eors	r0, r2
10004ca8:	aa14      	add	r2, sp, #80	@ 0x50
10004caa:	4691      	mov	r9, r2
10004cac:	4642      	mov	r2, r8
10004cae:	231f      	movs	r3, #31
10004cb0:	9214      	str	r2, [sp, #80]	@ 0x50
10004cb2:	4652      	mov	r2, sl
10004cb4:	444b      	add	r3, r9
10004cb6:	46a0      	mov	r8, r4
10004cb8:	46a9      	mov	r9, r5
10004cba:	9716      	str	r7, [sp, #88]	@ 0x58
10004cbc:	0004      	movs	r4, r0
10004cbe:	4665      	mov	r5, ip
10004cc0:	46b2      	mov	sl, r6
10004cc2:	001f      	movs	r7, r3
10004cc4:	910c      	str	r1, [sp, #48]	@ 0x30
10004cc6:	9215      	str	r2, [sp, #84]	@ 0x54
10004cc8:	e001      	b.n	10004cce <_vsnprintf+0xa8a>
10004cca:	2d20      	cmp	r5, #32
10004ccc:	d00f      	beq.n	10004cee <_vsnprintf+0xaaa>
10004cce:	0020      	movs	r0, r4
10004cd0:	210a      	movs	r1, #10
10004cd2:	f7fd fcb3 	bl	1000263c <__wrap___aeabi_uidiv>
10004cd6:	3501      	adds	r5, #1
10004cd8:	197e      	adds	r6, r7, r5
10004cda:	3130      	adds	r1, #48	@ 0x30
10004cdc:	7031      	strb	r1, [r6, #0]
10004cde:	0020      	movs	r0, r4
10004ce0:	210a      	movs	r1, #10
10004ce2:	f7fd fcab 	bl	1000263c <__wrap___aeabi_uidiv>
10004ce6:	0026      	movs	r6, r4
10004ce8:	0004      	movs	r4, r0
10004cea:	2e09      	cmp	r6, #9
10004cec:	d8ed      	bhi.n	10004cca <_vsnprintf+0xa86>
10004cee:	9b14      	ldr	r3, [sp, #80]	@ 0x50
10004cf0:	4644      	mov	r4, r8
10004cf2:	4698      	mov	r8, r3
10004cf4:	9b0c      	ldr	r3, [sp, #48]	@ 0x30
10004cf6:	46ac      	mov	ip, r5
10004cf8:	0019      	movs	r1, r3
10004cfa:	9b15      	ldr	r3, [sp, #84]	@ 0x54
10004cfc:	4656      	mov	r6, sl
10004cfe:	464d      	mov	r5, r9
10004d00:	469a      	mov	sl, r3
10004d02:	9f16      	ldr	r7, [sp, #88]	@ 0x58
10004d04:	9b0d      	ldr	r3, [sp, #52]	@ 0x34
10004d06:	9102      	str	r1, [sp, #8]
10004d08:	9306      	str	r3, [sp, #24]
10004d0a:	4643      	mov	r3, r8
10004d0c:	9305      	str	r3, [sp, #20]
10004d0e:	4653      	mov	r3, sl
10004d10:	9304      	str	r3, [sp, #16]
10004d12:	230a      	movs	r3, #10
10004d14:	9303      	str	r3, [sp, #12]
10004d16:	4663      	mov	r3, ip
10004d18:	e63c      	b.n	10004994 <_vsnprintf+0x750>
10004d1a:	2800      	cmp	r0, #0
10004d1c:	d000      	beq.n	10004d20 <_vsnprintf+0xadc>
10004d1e:	e62e      	b.n	1000497e <_vsnprintf+0x73a>
10004d20:	e602      	b.n	10004928 <_vsnprintf+0x6e4>
10004d22:	9b0c      	ldr	r3, [sp, #48]	@ 0x30
10004d24:	681b      	ldr	r3, [r3, #0]
10004d26:	4699      	mov	r9, r3
10004d28:	2b00      	cmp	r3, #0
10004d2a:	d103      	bne.n	10004d34 <_vsnprintf+0xaf0>
10004d2c:	3310      	adds	r3, #16
10004d2e:	4398      	bics	r0, r3
10004d30:	2900      	cmp	r1, #0
10004d32:	d138      	bne.n	10004da6 <_vsnprintf+0xb62>
10004d34:	2361      	movs	r3, #97	@ 0x61
10004d36:	0682      	lsls	r2, r0, #26
10004d38:	d500      	bpl.n	10004d3c <_vsnprintf+0xaf8>
10004d3a:	2341      	movs	r3, #65	@ 0x41
10004d3c:	b2db      	uxtb	r3, r3
10004d3e:	3b0a      	subs	r3, #10
10004d40:	930c      	str	r3, [sp, #48]	@ 0x30
10004d42:	4643      	mov	r3, r8
10004d44:	9316      	str	r3, [sp, #88]	@ 0x58
10004d46:	4653      	mov	r3, sl
10004d48:	a914      	add	r1, sp, #80	@ 0x50
10004d4a:	221f      	movs	r2, #31
10004d4c:	468c      	mov	ip, r1
10004d4e:	9317      	str	r3, [sp, #92]	@ 0x5c
10004d50:	002b      	movs	r3, r5
10004d52:	4462      	add	r2, ip
10004d54:	46a0      	mov	r8, r4
10004d56:	464d      	mov	r5, r9
10004d58:	46b2      	mov	sl, r6
10004d5a:	9718      	str	r7, [sp, #96]	@ 0x60
10004d5c:	4699      	mov	r9, r3
10004d5e:	0017      	movs	r7, r2
10004d60:	9c14      	ldr	r4, [sp, #80]	@ 0x50
10004d62:	9e0d      	ldr	r6, [sp, #52]	@ 0x34
10004d64:	9015      	str	r0, [sp, #84]	@ 0x54
10004d66:	e008      	b.n	10004d7a <_vsnprintf+0xb36>
10004d68:	3330      	adds	r3, #48	@ 0x30
10004d6a:	b2db      	uxtb	r3, r3
10004d6c:	3401      	adds	r4, #1
10004d6e:	553b      	strb	r3, [r7, r4]
10004d70:	42b5      	cmp	r5, r6
10004d72:	d30e      	bcc.n	10004d92 <_vsnprintf+0xb4e>
10004d74:	2c20      	cmp	r4, #32
10004d76:	d00c      	beq.n	10004d92 <_vsnprintf+0xb4e>
10004d78:	0005      	movs	r5, r0
10004d7a:	0031      	movs	r1, r6
10004d7c:	0028      	movs	r0, r5
10004d7e:	f7fd fc5d 	bl	1000263c <__wrap___aeabi_uidiv>
10004d82:	b2cb      	uxtb	r3, r1
10004d84:	2909      	cmp	r1, #9
10004d86:	d9ef      	bls.n	10004d68 <_vsnprintf+0xb24>
10004d88:	9a0c      	ldr	r2, [sp, #48]	@ 0x30
10004d8a:	4694      	mov	ip, r2
10004d8c:	4463      	add	r3, ip
10004d8e:	b2db      	uxtb	r3, r3
10004d90:	e7ec      	b.n	10004d6c <_vsnprintf+0xb28>
10004d92:	9b16      	ldr	r3, [sp, #88]	@ 0x58
10004d94:	9414      	str	r4, [sp, #80]	@ 0x50
10004d96:	4644      	mov	r4, r8
10004d98:	4698      	mov	r8, r3
10004d9a:	9b17      	ldr	r3, [sp, #92]	@ 0x5c
10004d9c:	4656      	mov	r6, sl
10004d9e:	464d      	mov	r5, r9
10004da0:	469a      	mov	sl, r3
10004da2:	9815      	ldr	r0, [sp, #84]	@ 0x54
10004da4:	9f18      	ldr	r7, [sp, #96]	@ 0x60
10004da6:	4643      	mov	r3, r8
10004da8:	9305      	str	r3, [sp, #20]
10004daa:	4653      	mov	r3, sl
10004dac:	9304      	str	r3, [sp, #16]
10004dae:	9b0d      	ldr	r3, [sp, #52]	@ 0x34
10004db0:	9006      	str	r0, [sp, #24]
10004db2:	9303      	str	r3, [sp, #12]
10004db4:	2300      	movs	r3, #0
10004db6:	9302      	str	r3, [sp, #8]
10004db8:	9b14      	ldr	r3, [sp, #80]	@ 0x50
10004dba:	e5eb      	b.n	10004994 <_vsnprintf+0x750>
10004dbc:	2800      	cmp	r0, #0
10004dbe:	d1a1      	bne.n	10004d04 <_vsnprintf+0xac0>
10004dc0:	e772      	b.n	10004ca8 <_vsnprintf+0xa64>
10004dc2:	9b0c      	ldr	r3, [sp, #48]	@ 0x30
10004dc4:	681b      	ldr	r3, [r3, #0]
10004dc6:	17d9      	asrs	r1, r3, #31
10004dc8:	185a      	adds	r2, r3, r1
10004dca:	404a      	eors	r2, r1
10004dcc:	e5a6      	b.n	1000491c <_vsnprintf+0x6d8>
10004dce:	2380      	movs	r3, #128	@ 0x80
10004dd0:	0010      	movs	r0, r2
10004dd2:	00db      	lsls	r3, r3, #3
10004dd4:	4018      	ands	r0, r3
10004dd6:	469c      	mov	ip, r3
10004dd8:	900f      	str	r0, [sp, #60]	@ 0x3c
10004dda:	421a      	tst	r2, r3
10004ddc:	d00f      	beq.n	10004dfe <_vsnprintf+0xbba>
10004dde:	2002      	movs	r0, #2
10004de0:	0003      	movs	r3, r0
10004de2:	4013      	ands	r3, r2
10004de4:	930f      	str	r3, [sp, #60]	@ 0x3c
10004de6:	4210      	tst	r0, r2
10004de8:	d019      	beq.n	10004e1e <_vsnprintf+0xbda>
10004dea:	2300      	movs	r3, #0
10004dec:	46a1      	mov	r9, r4
10004dee:	930f      	str	r3, [sp, #60]	@ 0x3c
10004df0:	e54c      	b.n	1000488c <_vsnprintf+0x648>
10004df2:	9b0c      	ldr	r3, [sp, #48]	@ 0x30
10004df4:	681b      	ldr	r3, [r3, #0]
10004df6:	9309      	str	r3, [sp, #36]	@ 0x24
10004df8:	e4e4      	b.n	100047c4 <_vsnprintf+0x580>
10004dfa:	000a      	movs	r2, r1
10004dfc:	e434      	b.n	10004668 <_vsnprintf+0x424>
10004dfe:	2302      	movs	r3, #2
10004e00:	0018      	movs	r0, r3
10004e02:	4010      	ands	r0, r2
10004e04:	900d      	str	r0, [sp, #52]	@ 0x34
10004e06:	4213      	tst	r3, r2
10004e08:	d000      	beq.n	10004e0c <_vsnprintf+0xbc8>
10004e0a:	e53e      	b.n	1000488a <_vsnprintf+0x646>
10004e0c:	4643      	mov	r3, r8
10004e0e:	2b00      	cmp	r3, #0
10004e10:	d000      	beq.n	10004e14 <_vsnprintf+0xbd0>
10004e12:	e642      	b.n	10004a9a <_vsnprintf+0x856>
10004e14:	f7ff fb71 	bl	100044fa <_vsnprintf+0x2b6>
10004e18:	3301      	adds	r3, #1
10004e1a:	930f      	str	r3, [sp, #60]	@ 0x3c
10004e1c:	e47f      	b.n	1000471e <_vsnprintf+0x4da>
10004e1e:	4663      	mov	r3, ip
10004e20:	930d      	str	r3, [sp, #52]	@ 0x34
10004e22:	e7f3      	b.n	10004e0c <_vsnprintf+0xbc8>

10004e24 <__wrap_sprintf>:
10004e24:	b40e      	push	{r1, r2, r3}
10004e26:	2201      	movs	r2, #1
10004e28:	b530      	push	{r4, r5, lr}
10004e2a:	b084      	sub	sp, #16
10004e2c:	ac07      	add	r4, sp, #28
10004e2e:	cc08      	ldmia	r4!, {r3}
10004e30:	4d06      	ldr	r5, [pc, #24]	@ (10004e4c <__wrap_sprintf+0x28>)
10004e32:	0001      	movs	r1, r0
10004e34:	9400      	str	r4, [sp, #0]
10004e36:	0028      	movs	r0, r5
10004e38:	4252      	negs	r2, r2
10004e3a:	9403      	str	r4, [sp, #12]
10004e3c:	f7ff fa02 	bl	10004244 <_vsnprintf>
10004e40:	b004      	add	sp, #16
10004e42:	bc30      	pop	{r4, r5}
10004e44:	bc08      	pop	{r3}
10004e46:	b003      	add	sp, #12
10004e48:	4718      	bx	r3
10004e4a:	46c0      	nop			@ (mov r8, r8)
10004e4c:	1000358d 	.word	0x1000358d

10004e50 <weak_raw_printf>:
10004e50:	b40f      	push	{r0, r1, r2, r3}
10004e52:	b530      	push	{r4, r5, lr}
10004e54:	490c      	ldr	r1, [pc, #48]	@ (10004e88 <weak_raw_printf+0x38>)
10004e56:	b085      	sub	sp, #20
10004e58:	aa08      	add	r2, sp, #32
10004e5a:	ca08      	ldmia	r2!, {r3}
10004e5c:	680d      	ldr	r5, [r1, #0]
10004e5e:	9203      	str	r2, [sp, #12]
10004e60:	2d00      	cmp	r5, #0
10004e62:	d00c      	beq.n	10004e7e <weak_raw_printf+0x2e>
10004e64:	9200      	str	r2, [sp, #0]
10004e66:	2201      	movs	r2, #1
10004e68:	4c08      	ldr	r4, [pc, #32]	@ (10004e8c <weak_raw_printf+0x3c>)
10004e6a:	4252      	negs	r2, r2
10004e6c:	0020      	movs	r0, r4
10004e6e:	a902      	add	r1, sp, #8
10004e70:	47a8      	blx	r5
10004e72:	2001      	movs	r0, #1
10004e74:	b005      	add	sp, #20
10004e76:	bc30      	pop	{r4, r5}
10004e78:	bc08      	pop	{r3}
10004e7a:	b004      	add	sp, #16
10004e7c:	4718      	bx	r3
10004e7e:	0018      	movs	r0, r3
10004e80:	f000 f9b8 	bl	100051f4 <__wrap_puts>
10004e84:	2000      	movs	r0, #0
10004e86:	e7f5      	b.n	10004e74 <weak_raw_printf+0x24>
10004e88:	200033a0 	.word	0x200033a0
10004e8c:	10003811 	.word	0x10003811

10004e90 <weak_raw_vprintf>:
10004e90:	b510      	push	{r4, lr}
10004e92:	4a09      	ldr	r2, [pc, #36]	@ (10004eb8 <weak_raw_vprintf+0x28>)
10004e94:	0003      	movs	r3, r0
10004e96:	6814      	ldr	r4, [r2, #0]
10004e98:	b084      	sub	sp, #16
10004e9a:	2c00      	cmp	r4, #0
10004e9c:	d008      	beq.n	10004eb0 <weak_raw_vprintf+0x20>
10004e9e:	2201      	movs	r2, #1
10004ea0:	9100      	str	r1, [sp, #0]
10004ea2:	4806      	ldr	r0, [pc, #24]	@ (10004ebc <weak_raw_vprintf+0x2c>)
10004ea4:	4252      	negs	r2, r2
10004ea6:	a903      	add	r1, sp, #12
10004ea8:	47a0      	blx	r4
10004eaa:	2001      	movs	r0, #1
10004eac:	b004      	add	sp, #16
10004eae:	bd10      	pop	{r4, pc}
10004eb0:	f000 f9a0 	bl	100051f4 <__wrap_puts>
10004eb4:	2000      	movs	r0, #0
10004eb6:	e7f9      	b.n	10004eac <weak_raw_vprintf+0x1c>
10004eb8:	200033a0 	.word	0x200033a0
10004ebc:	10003811 	.word	0x10003811

10004ec0 <_exit>:
10004ec0:	be00      	bkpt	0x0000
10004ec2:	e7fd      	b.n	10004ec0 <_exit>

10004ec4 <_sbrk>:
10004ec4:	4a09      	ldr	r2, [pc, #36]	@ (10004eec <_sbrk+0x28>)
10004ec6:	0003      	movs	r3, r0
10004ec8:	6810      	ldr	r0, [r2, #0]
10004eca:	2800      	cmp	r0, #0
10004ecc:	d005      	beq.n	10004eda <_sbrk+0x16>
10004ece:	4908      	ldr	r1, [pc, #32]	@ (10004ef0 <_sbrk+0x2c>)
10004ed0:	18c3      	adds	r3, r0, r3
10004ed2:	428b      	cmp	r3, r1
10004ed4:	d807      	bhi.n	10004ee6 <_sbrk+0x22>
10004ed6:	6013      	str	r3, [r2, #0]
10004ed8:	4770      	bx	lr
10004eda:	4806      	ldr	r0, [pc, #24]	@ (10004ef4 <_sbrk+0x30>)
10004edc:	4904      	ldr	r1, [pc, #16]	@ (10004ef0 <_sbrk+0x2c>)
10004ede:	18c3      	adds	r3, r0, r3
10004ee0:	6010      	str	r0, [r2, #0]
10004ee2:	428b      	cmp	r3, r1
10004ee4:	d9f7      	bls.n	10004ed6 <_sbrk+0x12>
10004ee6:	2001      	movs	r0, #1
10004ee8:	4240      	negs	r0, r0
10004eea:	e7f5      	b.n	10004ed8 <_sbrk+0x14>
10004eec:	20002f9c 	.word	0x20002f9c
10004ef0:	20040000 	.word	0x20040000
10004ef4:	20004d00 	.word	0x20004d00

10004ef8 <exit>:
10004ef8:	b510      	push	{r4, lr}
10004efa:	f7ff ffe1 	bl	10004ec0 <_exit>
10004efe:	46c0      	nop			@ (mov r8, r8)

10004f00 <__assert_func>:
10004f00:	b530      	push	{r4, r5, lr}
10004f02:	000d      	movs	r5, r1
10004f04:	b083      	sub	sp, #12
10004f06:	0019      	movs	r1, r3
10004f08:	2a00      	cmp	r2, #0
10004f0a:	d00b      	beq.n	10004f24 <__assert_func+0x24>
10004f0c:	4b07      	ldr	r3, [pc, #28]	@ (10004f2c <__assert_func+0x2c>)
10004f0e:	4c08      	ldr	r4, [pc, #32]	@ (10004f30 <__assert_func+0x30>)
10004f10:	9201      	str	r2, [sp, #4]
10004f12:	9300      	str	r3, [sp, #0]
10004f14:	0002      	movs	r2, r0
10004f16:	002b      	movs	r3, r5
10004f18:	0020      	movs	r0, r4
10004f1a:	f7ff ff99 	bl	10004e50 <weak_raw_printf>
10004f1e:	2001      	movs	r0, #1
10004f20:	f7ff ffce 	bl	10004ec0 <_exit>
10004f24:	4b03      	ldr	r3, [pc, #12]	@ (10004f34 <__assert_func+0x34>)
10004f26:	001a      	movs	r2, r3
10004f28:	e7f1      	b.n	10004f0e <__assert_func+0xe>
10004f2a:	46c0      	nop			@ (mov r8, r8)
10004f2c:	1000b138 	.word	0x1000b138
10004f30:	1000b148 	.word	0x1000b148
10004f34:	1000b010 	.word	0x1000b010

10004f38 <runtime_init>:
10004f38:	b570      	push	{r4, r5, r6, lr}
10004f3a:	f7fd fa33 	bl	100023a4 <runtime_run_initializers>
10004f3e:	4d07      	ldr	r5, [pc, #28]	@ (10004f5c <runtime_init+0x24>)
10004f40:	4e07      	ldr	r6, [pc, #28]	@ (10004f60 <runtime_init+0x28>)
10004f42:	42b5      	cmp	r5, r6
10004f44:	d209      	bcs.n	10004f5a <runtime_init+0x22>
10004f46:	2400      	movs	r4, #0
10004f48:	3e01      	subs	r6, #1
10004f4a:	1b76      	subs	r6, r6, r5
10004f4c:	08b6      	lsrs	r6, r6, #2
10004f4e:	cd08      	ldmia	r5!, {r3}
10004f50:	4798      	blx	r3
10004f52:	0023      	movs	r3, r4
10004f54:	3401      	adds	r4, #1
10004f56:	42b3      	cmp	r3, r6
10004f58:	d1f9      	bne.n	10004f4e <runtime_init+0x16>
10004f5a:	bd70      	pop	{r4, r5, r6, pc}
10004f5c:	1000afe4 	.word	0x1000afe4
10004f60:	1000aff0 	.word	0x1000aff0

10004f64 <stdio_out_chars_no_crlf>:
10004f64:	0003      	movs	r3, r0
10004f66:	b510      	push	{r4, lr}
10004f68:	0008      	movs	r0, r1
10004f6a:	0011      	movs	r1, r2
10004f6c:	681b      	ldr	r3, [r3, #0]
10004f6e:	4798      	blx	r3
10004f70:	bd10      	pop	{r4, pc}
10004f72:	46c0      	nop			@ (mov r8, r8)

10004f74 <stdio_out_chars_crlf>:
10004f74:	b5f0      	push	{r4, r5, r6, r7, lr}
10004f76:	46c6      	mov	lr, r8
10004f78:	b500      	push	{lr}
10004f7a:	7d43      	ldrb	r3, [r0, #21]
10004f7c:	0007      	movs	r7, r0
10004f7e:	000c      	movs	r4, r1
10004f80:	0016      	movs	r6, r2
10004f82:	2b00      	cmp	r3, #0
10004f84:	d046      	beq.n	10005014 <stdio_out_chars_crlf+0xa0>
10004f86:	2a00      	cmp	r2, #0
10004f88:	dd17      	ble.n	10004fba <stdio_out_chars_crlf+0x46>
10004f8a:	780b      	ldrb	r3, [r1, #0]
10004f8c:	2b0a      	cmp	r3, #10
10004f8e:	d024      	beq.n	10004fda <stdio_out_chars_crlf+0x66>
10004f90:	2300      	movs	r3, #0
10004f92:	4698      	mov	r8, r3
10004f94:	2e01      	cmp	r6, #1
10004f96:	d013      	beq.n	10004fc0 <stdio_out_chars_crlf+0x4c>
10004f98:	2501      	movs	r5, #1
10004f9a:	0029      	movs	r1, r5
10004f9c:	5c63      	ldrb	r3, [r4, r1]
10004f9e:	3501      	adds	r5, #1
10004fa0:	2b0a      	cmp	r3, #10
10004fa2:	d026      	beq.n	10004ff2 <stdio_out_chars_crlf+0x7e>
10004fa4:	42b5      	cmp	r5, r6
10004fa6:	d1f8      	bne.n	10004f9a <stdio_out_chars_crlf+0x26>
10004fa8:	4546      	cmp	r6, r8
10004faa:	dc09      	bgt.n	10004fc0 <stdio_out_chars_crlf+0x4c>
10004fac:	19a4      	adds	r4, r4, r6
10004fae:	3c01      	subs	r4, #1
10004fb0:	7823      	ldrb	r3, [r4, #0]
10004fb2:	3b0d      	subs	r3, #13
10004fb4:	425a      	negs	r2, r3
10004fb6:	4153      	adcs	r3, r2
10004fb8:	753b      	strb	r3, [r7, #20]
10004fba:	bc80      	pop	{r7}
10004fbc:	46b8      	mov	r8, r7
10004fbe:	bdf0      	pop	{r4, r5, r6, r7, pc}
10004fc0:	4643      	mov	r3, r8
10004fc2:	18e0      	adds	r0, r4, r3
10004fc4:	19a4      	adds	r4, r4, r6
10004fc6:	1af1      	subs	r1, r6, r3
10004fc8:	3c01      	subs	r4, #1
10004fca:	683b      	ldr	r3, [r7, #0]
10004fcc:	4798      	blx	r3
10004fce:	7823      	ldrb	r3, [r4, #0]
10004fd0:	3b0d      	subs	r3, #13
10004fd2:	425a      	negs	r2, r3
10004fd4:	4153      	adcs	r3, r2
10004fd6:	753b      	strb	r3, [r7, #20]
10004fd8:	e7ef      	b.n	10004fba <stdio_out_chars_crlf+0x46>
10004fda:	7d03      	ldrb	r3, [r0, #20]
10004fdc:	2b00      	cmp	r3, #0
10004fde:	d1d7      	bne.n	10004f90 <stdio_out_chars_crlf+0x1c>
10004fe0:	2102      	movs	r1, #2
10004fe2:	480f      	ldr	r0, [pc, #60]	@ (10005020 <stdio_out_chars_crlf+0xac>)
10004fe4:	683b      	ldr	r3, [r7, #0]
10004fe6:	4798      	blx	r3
10004fe8:	2e01      	cmp	r6, #1
10004fea:	d0df      	beq.n	10004fac <stdio_out_chars_crlf+0x38>
10004fec:	2301      	movs	r3, #1
10004fee:	4698      	mov	r8, r3
10004ff0:	e7d2      	b.n	10004f98 <stdio_out_chars_crlf+0x24>
10004ff2:	1e63      	subs	r3, r4, #1
10004ff4:	5c5b      	ldrb	r3, [r3, r1]
10004ff6:	2b0d      	cmp	r3, #13
10004ff8:	d0d4      	beq.n	10004fa4 <stdio_out_chars_crlf+0x30>
10004ffa:	4588      	cmp	r8, r1
10004ffc:	da04      	bge.n	10005008 <stdio_out_chars_crlf+0x94>
10004ffe:	4643      	mov	r3, r8
10005000:	1ac9      	subs	r1, r1, r3
10005002:	18e0      	adds	r0, r4, r3
10005004:	683b      	ldr	r3, [r7, #0]
10005006:	4798      	blx	r3
10005008:	2102      	movs	r1, #2
1000500a:	4805      	ldr	r0, [pc, #20]	@ (10005020 <stdio_out_chars_crlf+0xac>)
1000500c:	683b      	ldr	r3, [r7, #0]
1000500e:	46a8      	mov	r8, r5
10005010:	4798      	blx	r3
10005012:	e7c7      	b.n	10004fa4 <stdio_out_chars_crlf+0x30>
10005014:	6803      	ldr	r3, [r0, #0]
10005016:	0011      	movs	r1, r2
10005018:	0020      	movs	r0, r4
1000501a:	4798      	blx	r3
1000501c:	e7cd      	b.n	10004fba <stdio_out_chars_crlf+0x46>
1000501e:	46c0      	nop			@ (mov r8, r8)
10005020:	1000b518 	.word	0x1000b518

10005024 <stdio_put_string>:
10005024:	b5f0      	push	{r4, r5, r6, r7, lr}
10005026:	4645      	mov	r5, r8
10005028:	46de      	mov	lr, fp
1000502a:	464e      	mov	r6, r9
1000502c:	4657      	mov	r7, sl
1000502e:	b5e0      	push	{r5, r6, r7, lr}
10005030:	b083      	sub	sp, #12
10005032:	4691      	mov	r9, r2
10005034:	001c      	movs	r4, r3
10005036:	4680      	mov	r8, r0
10005038:	000d      	movs	r5, r1
1000503a:	f7fc fed9 	bl	10001df0 <time_us_64>
1000503e:	2300      	movs	r3, #0
10005040:	4a30      	ldr	r2, [pc, #192]	@ (10005104 <stdio_put_string+0xe0>)
10005042:	1812      	adds	r2, r2, r0
10005044:	414b      	adcs	r3, r1
10005046:	2b00      	cmp	r3, #0
10005048:	da02      	bge.n	10005050 <stdio_put_string+0x2c>
1000504a:	2201      	movs	r2, #1
1000504c:	4b2e      	ldr	r3, [pc, #184]	@ (10005108 <stdio_put_string+0xe4>)
1000504e:	4252      	negs	r2, r2
10005050:	492e      	ldr	r1, [pc, #184]	@ (1000510c <stdio_put_string+0xe8>)
10005052:	0008      	movs	r0, r1
10005054:	468a      	mov	sl, r1
10005056:	f005 ff77 	bl	1000af48 <__mutex_try_enter_block_until_veneer>
1000505a:	0007      	movs	r7, r0
1000505c:	1c6b      	adds	r3, r5, #1
1000505e:	d103      	bne.n	10005068 <stdio_put_string+0x44>
10005060:	4640      	mov	r0, r8
10005062:	f002 fddf 	bl	10007c24 <strlen>
10005066:	0005      	movs	r5, r0
10005068:	2c00      	cmp	r4, #0
1000506a:	d027      	beq.n	100050bc <stdio_put_string+0x98>
1000506c:	4e28      	ldr	r6, [pc, #160]	@ (10005110 <stdio_put_string+0xec>)
1000506e:	4b29      	ldr	r3, [pc, #164]	@ (10005114 <stdio_put_string+0xf0>)
10005070:	681c      	ldr	r4, [r3, #0]
10005072:	2c00      	cmp	r4, #0
10005074:	d018      	beq.n	100050a8 <stdio_put_string+0x84>
10005076:	464b      	mov	r3, r9
10005078:	2b00      	cmp	r3, #0
1000507a:	d121      	bne.n	100050c0 <stdio_put_string+0x9c>
1000507c:	4b26      	ldr	r3, [pc, #152]	@ (10005118 <stdio_put_string+0xf4>)
1000507e:	4699      	mov	r9, r3
10005080:	e002      	b.n	10005088 <stdio_put_string+0x64>
10005082:	6924      	ldr	r4, [r4, #16]
10005084:	2c00      	cmp	r4, #0
10005086:	d00f      	beq.n	100050a8 <stdio_put_string+0x84>
10005088:	6823      	ldr	r3, [r4, #0]
1000508a:	2b00      	cmp	r3, #0
1000508c:	d0f9      	beq.n	10005082 <stdio_put_string+0x5e>
1000508e:	464b      	mov	r3, r9
10005090:	681b      	ldr	r3, [r3, #0]
10005092:	2b00      	cmp	r3, #0
10005094:	d001      	beq.n	1000509a <stdio_put_string+0x76>
10005096:	429c      	cmp	r4, r3
10005098:	d1f3      	bne.n	10005082 <stdio_put_string+0x5e>
1000509a:	0020      	movs	r0, r4
1000509c:	002a      	movs	r2, r5
1000509e:	4641      	mov	r1, r8
100050a0:	47b0      	blx	r6
100050a2:	6924      	ldr	r4, [r4, #16]
100050a4:	2c00      	cmp	r4, #0
100050a6:	d1ef      	bne.n	10005088 <stdio_put_string+0x64>
100050a8:	2f00      	cmp	r7, #0
100050aa:	d126      	bne.n	100050fa <stdio_put_string+0xd6>
100050ac:	0028      	movs	r0, r5
100050ae:	b003      	add	sp, #12
100050b0:	bcf0      	pop	{r4, r5, r6, r7}
100050b2:	46bb      	mov	fp, r7
100050b4:	46b2      	mov	sl, r6
100050b6:	46a9      	mov	r9, r5
100050b8:	46a0      	mov	r8, r4
100050ba:	bdf0      	pop	{r4, r5, r6, r7, pc}
100050bc:	4e17      	ldr	r6, [pc, #92]	@ (1000511c <stdio_put_string+0xf8>)
100050be:	e7d6      	b.n	1000506e <stdio_put_string+0x4a>
100050c0:	4b15      	ldr	r3, [pc, #84]	@ (10005118 <stdio_put_string+0xf4>)
100050c2:	4699      	mov	r9, r3
100050c4:	230a      	movs	r3, #10
100050c6:	469b      	mov	fp, r3
100050c8:	e002      	b.n	100050d0 <stdio_put_string+0xac>
100050ca:	6924      	ldr	r4, [r4, #16]
100050cc:	2c00      	cmp	r4, #0
100050ce:	d0eb      	beq.n	100050a8 <stdio_put_string+0x84>
100050d0:	6823      	ldr	r3, [r4, #0]
100050d2:	2b00      	cmp	r3, #0
100050d4:	d0f9      	beq.n	100050ca <stdio_put_string+0xa6>
100050d6:	464b      	mov	r3, r9
100050d8:	681b      	ldr	r3, [r3, #0]
100050da:	2b00      	cmp	r3, #0
100050dc:	d001      	beq.n	100050e2 <stdio_put_string+0xbe>
100050de:	42a3      	cmp	r3, r4
100050e0:	d1f3      	bne.n	100050ca <stdio_put_string+0xa6>
100050e2:	002a      	movs	r2, r5
100050e4:	4641      	mov	r1, r8
100050e6:	0020      	movs	r0, r4
100050e8:	47b0      	blx	r6
100050ea:	466b      	mov	r3, sp
100050ec:	465a      	mov	r2, fp
100050ee:	0020      	movs	r0, r4
100050f0:	71da      	strb	r2, [r3, #7]
100050f2:	1dd9      	adds	r1, r3, #7
100050f4:	2201      	movs	r2, #1
100050f6:	47b0      	blx	r6
100050f8:	e7e7      	b.n	100050ca <stdio_put_string+0xa6>
100050fa:	4650      	mov	r0, sl
100050fc:	f005 feec 	bl	1000aed8 <__mutex_exit_veneer>
10005100:	e7d4      	b.n	100050ac <stdio_put_string+0x88>
10005102:	46c0      	nop			@ (mov r8, r8)
10005104:	000f4240 	.word	0x000f4240
10005108:	7fffffff 	.word	0x7fffffff
1000510c:	200017d8 	.word	0x200017d8
10005110:	10004f75 	.word	0x10004f75
10005114:	20002f90 	.word	0x20002f90
10005118:	20002f98 	.word	0x20002f98
1000511c:	10004f65 	.word	0x10004f65

10005120 <stdio_set_driver_enabled>:
10005120:	4a0a      	ldr	r2, [pc, #40]	@ (1000514c <stdio_set_driver_enabled+0x2c>)
10005122:	6813      	ldr	r3, [r2, #0]
10005124:	2b00      	cmp	r3, #0
10005126:	d105      	bne.n	10005134 <stdio_set_driver_enabled+0x14>
10005128:	e00c      	b.n	10005144 <stdio_set_driver_enabled+0x24>
1000512a:	001a      	movs	r2, r3
1000512c:	691b      	ldr	r3, [r3, #16]
1000512e:	3210      	adds	r2, #16
10005130:	2b00      	cmp	r3, #0
10005132:	d007      	beq.n	10005144 <stdio_set_driver_enabled+0x24>
10005134:	4283      	cmp	r3, r0
10005136:	d1f8      	bne.n	1000512a <stdio_set_driver_enabled+0xa>
10005138:	2900      	cmp	r1, #0
1000513a:	d102      	bne.n	10005142 <stdio_set_driver_enabled+0x22>
1000513c:	6918      	ldr	r0, [r3, #16]
1000513e:	6010      	str	r0, [r2, #0]
10005140:	6119      	str	r1, [r3, #16]
10005142:	4770      	bx	lr
10005144:	2900      	cmp	r1, #0
10005146:	d0fc      	beq.n	10005142 <stdio_set_driver_enabled+0x22>
10005148:	6010      	str	r0, [r2, #0]
1000514a:	e7fa      	b.n	10005142 <stdio_set_driver_enabled+0x22>
1000514c:	20002f90 	.word	0x20002f90

10005150 <stdio_init_all>:
10005150:	b510      	push	{r4, lr}
10005152:	f000 f93b 	bl	100053cc <stdio_uart_init>
10005156:	f000 fb77 	bl	10005848 <stdio_usb_init>
1000515a:	2001      	movs	r0, #1
1000515c:	bd10      	pop	{r4, pc}
1000515e:	46c0      	nop			@ (mov r8, r8)

10005160 <__wrap_putchar>:
10005160:	b5f0      	push	{r4, r5, r6, r7, lr}
10005162:	46ce      	mov	lr, r9
10005164:	4647      	mov	r7, r8
10005166:	b580      	push	{r7, lr}
10005168:	b083      	sub	sp, #12
1000516a:	466b      	mov	r3, sp
1000516c:	0006      	movs	r6, r0
1000516e:	1ddd      	adds	r5, r3, #7
10005170:	7028      	strb	r0, [r5, #0]
10005172:	f7fc fe3d 	bl	10001df0 <time_us_64>
10005176:	2300      	movs	r3, #0
10005178:	4a19      	ldr	r2, [pc, #100]	@ (100051e0 <__wrap_putchar+0x80>)
1000517a:	1812      	adds	r2, r2, r0
1000517c:	414b      	adcs	r3, r1
1000517e:	2b00      	cmp	r3, #0
10005180:	da02      	bge.n	10005188 <__wrap_putchar+0x28>
10005182:	2201      	movs	r2, #1
10005184:	4b17      	ldr	r3, [pc, #92]	@ (100051e4 <__wrap_putchar+0x84>)
10005186:	4252      	negs	r2, r2
10005188:	4917      	ldr	r1, [pc, #92]	@ (100051e8 <__wrap_putchar+0x88>)
1000518a:	0008      	movs	r0, r1
1000518c:	4688      	mov	r8, r1
1000518e:	f005 fedb 	bl	1000af48 <__mutex_try_enter_block_until_veneer>
10005192:	4b16      	ldr	r3, [pc, #88]	@ (100051ec <__wrap_putchar+0x8c>)
10005194:	4681      	mov	r9, r0
10005196:	681c      	ldr	r4, [r3, #0]
10005198:	2c00      	cmp	r4, #0
1000519a:	d014      	beq.n	100051c6 <__wrap_putchar+0x66>
1000519c:	4f14      	ldr	r7, [pc, #80]	@ (100051f0 <__wrap_putchar+0x90>)
1000519e:	e002      	b.n	100051a6 <__wrap_putchar+0x46>
100051a0:	6924      	ldr	r4, [r4, #16]
100051a2:	2c00      	cmp	r4, #0
100051a4:	d00f      	beq.n	100051c6 <__wrap_putchar+0x66>
100051a6:	6823      	ldr	r3, [r4, #0]
100051a8:	2b00      	cmp	r3, #0
100051aa:	d0f9      	beq.n	100051a0 <__wrap_putchar+0x40>
100051ac:	683b      	ldr	r3, [r7, #0]
100051ae:	2b00      	cmp	r3, #0
100051b0:	d001      	beq.n	100051b6 <__wrap_putchar+0x56>
100051b2:	429c      	cmp	r4, r3
100051b4:	d1f4      	bne.n	100051a0 <__wrap_putchar+0x40>
100051b6:	0020      	movs	r0, r4
100051b8:	2201      	movs	r2, #1
100051ba:	0029      	movs	r1, r5
100051bc:	f7ff feda 	bl	10004f74 <stdio_out_chars_crlf>
100051c0:	6924      	ldr	r4, [r4, #16]
100051c2:	2c00      	cmp	r4, #0
100051c4:	d1ef      	bne.n	100051a6 <__wrap_putchar+0x46>
100051c6:	464b      	mov	r3, r9
100051c8:	2b00      	cmp	r3, #0
100051ca:	d105      	bne.n	100051d8 <__wrap_putchar+0x78>
100051cc:	0030      	movs	r0, r6
100051ce:	b003      	add	sp, #12
100051d0:	bcc0      	pop	{r6, r7}
100051d2:	46b9      	mov	r9, r7
100051d4:	46b0      	mov	r8, r6
100051d6:	bdf0      	pop	{r4, r5, r6, r7, pc}
100051d8:	4640      	mov	r0, r8
100051da:	f005 fe7d 	bl	1000aed8 <__mutex_exit_veneer>
100051de:	e7f5      	b.n	100051cc <__wrap_putchar+0x6c>
100051e0:	000f4240 	.word	0x000f4240
100051e4:	7fffffff 	.word	0x7fffffff
100051e8:	200017d8 	.word	0x200017d8
100051ec:	20002f90 	.word	0x20002f90
100051f0:	20002f98 	.word	0x20002f98

100051f4 <__wrap_puts>:
100051f4:	b570      	push	{r4, r5, r6, lr}
100051f6:	0004      	movs	r4, r0
100051f8:	f002 fd14 	bl	10007c24 <strlen>
100051fc:	2301      	movs	r3, #1
100051fe:	0001      	movs	r1, r0
10005200:	0005      	movs	r5, r0
10005202:	2201      	movs	r2, #1
10005204:	0020      	movs	r0, r4
10005206:	f7ff ff0d 	bl	10005024 <stdio_put_string>
1000520a:	4b08      	ldr	r3, [pc, #32]	@ (1000522c <__wrap_puts+0x38>)
1000520c:	681c      	ldr	r4, [r3, #0]
1000520e:	2c00      	cmp	r4, #0
10005210:	d006      	beq.n	10005220 <__wrap_puts+0x2c>
10005212:	6863      	ldr	r3, [r4, #4]
10005214:	2b00      	cmp	r3, #0
10005216:	d005      	beq.n	10005224 <__wrap_puts+0x30>
10005218:	4798      	blx	r3
1000521a:	6924      	ldr	r4, [r4, #16]
1000521c:	2c00      	cmp	r4, #0
1000521e:	d1f8      	bne.n	10005212 <__wrap_puts+0x1e>
10005220:	0028      	movs	r0, r5
10005222:	bd70      	pop	{r4, r5, r6, pc}
10005224:	6924      	ldr	r4, [r4, #16]
10005226:	2c00      	cmp	r4, #0
10005228:	d1f3      	bne.n	10005212 <__wrap_puts+0x1e>
1000522a:	e7f9      	b.n	10005220 <__wrap_puts+0x2c>
1000522c:	20002f90 	.word	0x20002f90

10005230 <stdio_uart_out_chars>:
10005230:	b5f0      	push	{r4, r5, r6, r7, lr}
10005232:	2900      	cmp	r1, #0
10005234:	dd15      	ble.n	10005262 <stdio_uart_out_chars+0x32>
10005236:	4b0e      	ldr	r3, [pc, #56]	@ (10005270 <stdio_uart_out_chars+0x40>)
10005238:	270d      	movs	r7, #13
1000523a:	681a      	ldr	r2, [r3, #0]
1000523c:	4b0d      	ldr	r3, [pc, #52]	@ (10005274 <stdio_uart_out_chars+0x44>)
1000523e:	4c0e      	ldr	r4, [pc, #56]	@ (10005278 <stdio_uart_out_chars+0x48>)
10005240:	18d3      	adds	r3, r2, r3
10005242:	425d      	negs	r5, r3
10005244:	416b      	adcs	r3, r5
10005246:	1845      	adds	r5, r0, r1
10005248:	2120      	movs	r1, #32
1000524a:	005b      	lsls	r3, r3, #1
1000524c:	5f1e      	ldrsh	r6, [r3, r4]
1000524e:	7804      	ldrb	r4, [r0, #0]
10005250:	42a6      	cmp	r6, r4
10005252:	d007      	beq.n	10005264 <stdio_uart_out_chars+0x34>
10005254:	6993      	ldr	r3, [r2, #24]
10005256:	4219      	tst	r1, r3
10005258:	d1fc      	bne.n	10005254 <stdio_uart_out_chars+0x24>
1000525a:	3001      	adds	r0, #1
1000525c:	6014      	str	r4, [r2, #0]
1000525e:	42a8      	cmp	r0, r5
10005260:	d1f5      	bne.n	1000524e <stdio_uart_out_chars+0x1e>
10005262:	bdf0      	pop	{r4, r5, r6, r7, pc}
10005264:	6993      	ldr	r3, [r2, #24]
10005266:	4219      	tst	r1, r3
10005268:	d1fc      	bne.n	10005264 <stdio_uart_out_chars+0x34>
1000526a:	6017      	str	r7, [r2, #0]
1000526c:	e7f2      	b.n	10005254 <stdio_uart_out_chars+0x24>
1000526e:	46c0      	nop			@ (mov r8, r8)
10005270:	20004ce0 	.word	0x20004ce0
10005274:	bffc8000 	.word	0xbffc8000
10005278:	20004cdc 	.word	0x20004cdc

1000527c <stdio_uart_in_chars>:
1000527c:	4b20      	ldr	r3, [pc, #128]	@ (10005300 <stdio_uart_in_chars+0x84>)
1000527e:	b570      	push	{r4, r5, r6, lr}
10005280:	0004      	movs	r4, r0
10005282:	1e0d      	subs	r5, r1, #0
10005284:	681e      	ldr	r6, [r3, #0]
10005286:	dd2a      	ble.n	100052de <stdio_uart_in_chars+0x62>
10005288:	2000      	movs	r0, #0
1000528a:	2110      	movs	r1, #16
1000528c:	4b1d      	ldr	r3, [pc, #116]	@ (10005304 <stdio_uart_in_chars+0x88>)
1000528e:	3c01      	subs	r4, #1
10005290:	681a      	ldr	r2, [r3, #0]
10005292:	6993      	ldr	r3, [r2, #24]
10005294:	4219      	tst	r1, r3
10005296:	d114      	bne.n	100052c2 <stdio_uart_in_chars+0x46>
10005298:	3001      	adds	r0, #1
1000529a:	6993      	ldr	r3, [r2, #24]
1000529c:	4219      	tst	r1, r3
1000529e:	d1fc      	bne.n	1000529a <stdio_uart_in_chars+0x1e>
100052a0:	6813      	ldr	r3, [r2, #0]
100052a2:	5423      	strb	r3, [r4, r0]
100052a4:	4285      	cmp	r5, r0
100052a6:	d1f4      	bne.n	10005292 <stdio_uart_in_chars+0x16>
100052a8:	2e00      	cmp	r6, #0
100052aa:	d008      	beq.n	100052be <stdio_uart_in_chars+0x42>
100052ac:	2350      	movs	r3, #80	@ 0x50
100052ae:	6393      	str	r3, [r2, #56]	@ 0x38
100052b0:	6b51      	ldr	r1, [r2, #52]	@ 0x34
100052b2:	3b18      	subs	r3, #24
100052b4:	400b      	ands	r3, r1
100052b6:	4914      	ldr	r1, [pc, #80]	@ (10005308 <stdio_uart_in_chars+0x8c>)
100052b8:	468c      	mov	ip, r1
100052ba:	4462      	add	r2, ip
100052bc:	6013      	str	r3, [r2, #0]
100052be:	0028      	movs	r0, r5
100052c0:	bd70      	pop	{r4, r5, r6, pc}
100052c2:	2e00      	cmp	r6, #0
100052c4:	d008      	beq.n	100052d8 <stdio_uart_in_chars+0x5c>
100052c6:	2350      	movs	r3, #80	@ 0x50
100052c8:	6393      	str	r3, [r2, #56]	@ 0x38
100052ca:	6b51      	ldr	r1, [r2, #52]	@ 0x34
100052cc:	3b18      	subs	r3, #24
100052ce:	400b      	ands	r3, r1
100052d0:	490d      	ldr	r1, [pc, #52]	@ (10005308 <stdio_uart_in_chars+0x8c>)
100052d2:	468c      	mov	ip, r1
100052d4:	4462      	add	r2, ip
100052d6:	6013      	str	r3, [r2, #0]
100052d8:	2800      	cmp	r0, #0
100052da:	d1f1      	bne.n	100052c0 <stdio_uart_in_chars+0x44>
100052dc:	e00c      	b.n	100052f8 <stdio_uart_in_chars+0x7c>
100052de:	2e00      	cmp	r6, #0
100052e0:	d00a      	beq.n	100052f8 <stdio_uart_in_chars+0x7c>
100052e2:	2250      	movs	r2, #80	@ 0x50
100052e4:	4b07      	ldr	r3, [pc, #28]	@ (10005304 <stdio_uart_in_chars+0x88>)
100052e6:	681b      	ldr	r3, [r3, #0]
100052e8:	639a      	str	r2, [r3, #56]	@ 0x38
100052ea:	6b59      	ldr	r1, [r3, #52]	@ 0x34
100052ec:	3a18      	subs	r2, #24
100052ee:	400a      	ands	r2, r1
100052f0:	4905      	ldr	r1, [pc, #20]	@ (10005308 <stdio_uart_in_chars+0x8c>)
100052f2:	468c      	mov	ip, r1
100052f4:	4463      	add	r3, ip
100052f6:	601a      	str	r2, [r3, #0]
100052f8:	2003      	movs	r0, #3
100052fa:	4240      	negs	r0, r0
100052fc:	e7e0      	b.n	100052c0 <stdio_uart_in_chars+0x44>
100052fe:	46c0      	nop			@ (mov r8, r8)
10005300:	20002f24 	.word	0x20002f24
10005304:	20004ce0 	.word	0x20004ce0
10005308:	00001034 	.word	0x00001034

1000530c <on_uart_rx>:
1000530c:	4b06      	ldr	r3, [pc, #24]	@ (10005328 <on_uart_rx+0x1c>)
1000530e:	b510      	push	{r4, lr}
10005310:	681b      	ldr	r3, [r3, #0]
10005312:	2b00      	cmp	r3, #0
10005314:	d006      	beq.n	10005324 <on_uart_rx+0x18>
10005316:	2100      	movs	r1, #0
10005318:	4a04      	ldr	r2, [pc, #16]	@ (1000532c <on_uart_rx+0x20>)
1000531a:	6812      	ldr	r2, [r2, #0]
1000531c:	6391      	str	r1, [r2, #56]	@ 0x38
1000531e:	4a04      	ldr	r2, [pc, #16]	@ (10005330 <on_uart_rx+0x24>)
10005320:	6810      	ldr	r0, [r2, #0]
10005322:	4798      	blx	r3
10005324:	bd10      	pop	{r4, pc}
10005326:	46c0      	nop			@ (mov r8, r8)
10005328:	20002f24 	.word	0x20002f24
1000532c:	20004ce0 	.word	0x20004ce0
10005330:	20002f2c 	.word	0x20002f2c

10005334 <stdio_uart_out_flush>:
10005334:	2208      	movs	r2, #8
10005336:	4b03      	ldr	r3, [pc, #12]	@ (10005344 <stdio_uart_out_flush+0x10>)
10005338:	6819      	ldr	r1, [r3, #0]
1000533a:	698b      	ldr	r3, [r1, #24]
1000533c:	421a      	tst	r2, r3
1000533e:	d1fc      	bne.n	1000533a <stdio_uart_out_flush+0x6>
10005340:	4770      	bx	lr
10005342:	46c0      	nop			@ (mov r8, r8)
10005344:	20004ce0 	.word	0x20004ce0

10005348 <stdio_uart_set_chars_available_callback>:
10005348:	b5f8      	push	{r3, r4, r5, r6, r7, lr}
1000534a:	4f1a      	ldr	r7, [pc, #104]	@ (100053b4 <stdio_uart_set_chars_available_callback+0x6c>)
1000534c:	4b1a      	ldr	r3, [pc, #104]	@ (100053b8 <stdio_uart_set_chars_available_callback+0x70>)
1000534e:	683a      	ldr	r2, [r7, #0]
10005350:	0005      	movs	r5, r0
10005352:	18d3      	adds	r3, r2, r3
10005354:	4258      	negs	r0, r3
10005356:	4143      	adcs	r3, r0
10005358:	4e18      	ldr	r6, [pc, #96]	@ (100053bc <stdio_uart_set_chars_available_callback+0x74>)
1000535a:	3314      	adds	r3, #20
1000535c:	001c      	movs	r4, r3
1000535e:	6833      	ldr	r3, [r6, #0]
10005360:	2d00      	cmp	r5, #0
10005362:	d002      	beq.n	1000536a <stdio_uart_set_chars_available_callback+0x22>
10005364:	2b00      	cmp	r3, #0
10005366:	d00f      	beq.n	10005388 <stdio_uart_set_chars_available_callback+0x40>
10005368:	bdf8      	pop	{r3, r4, r5, r6, r7, pc}
1000536a:	2b00      	cmp	r3, #0
1000536c:	d0fc      	beq.n	10005368 <stdio_uart_set_chars_available_callback+0x20>
1000536e:	2100      	movs	r1, #0
10005370:	0020      	movs	r0, r4
10005372:	6395      	str	r5, [r2, #56]	@ 0x38
10005374:	f7fb fe14 	bl	10000fa0 <irq_set_enabled>
10005378:	0020      	movs	r0, r4
1000537a:	4911      	ldr	r1, [pc, #68]	@ (100053c0 <stdio_uart_set_chars_available_callback+0x78>)
1000537c:	f7fb ff6c 	bl	10001258 <irq_remove_handler>
10005380:	4b10      	ldr	r3, [pc, #64]	@ (100053c4 <stdio_uart_set_chars_available_callback+0x7c>)
10005382:	6035      	str	r5, [r6, #0]
10005384:	601d      	str	r5, [r3, #0]
10005386:	e7ef      	b.n	10005368 <stdio_uart_set_chars_available_callback+0x20>
10005388:	4b0e      	ldr	r3, [pc, #56]	@ (100053c4 <stdio_uart_set_chars_available_callback+0x7c>)
1000538a:	0020      	movs	r0, r4
1000538c:	6019      	str	r1, [r3, #0]
1000538e:	490c      	ldr	r1, [pc, #48]	@ (100053c0 <stdio_uart_set_chars_available_callback+0x78>)
10005390:	6035      	str	r5, [r6, #0]
10005392:	f7fb fe3d 	bl	10001010 <irq_set_exclusive_handler>
10005396:	2101      	movs	r1, #1
10005398:	0020      	movs	r0, r4
1000539a:	f7fb fe01 	bl	10000fa0 <irq_set_enabled>
1000539e:	2250      	movs	r2, #80	@ 0x50
100053a0:	683b      	ldr	r3, [r7, #0]
100053a2:	639a      	str	r2, [r3, #56]	@ 0x38
100053a4:	6b59      	ldr	r1, [r3, #52]	@ 0x34
100053a6:	3a18      	subs	r2, #24
100053a8:	400a      	ands	r2, r1
100053aa:	4907      	ldr	r1, [pc, #28]	@ (100053c8 <stdio_uart_set_chars_available_callback+0x80>)
100053ac:	468c      	mov	ip, r1
100053ae:	4463      	add	r3, ip
100053b0:	601a      	str	r2, [r3, #0]
100053b2:	e7d9      	b.n	10005368 <stdio_uart_set_chars_available_callback+0x20>
100053b4:	20004ce0 	.word	0x20004ce0
100053b8:	bffc8000 	.word	0xbffc8000
100053bc:	20002f24 	.word	0x20002f24
100053c0:	1000530d 	.word	0x1000530d
100053c4:	20002f2c 	.word	0x20002f2c
100053c8:	00001034 	.word	0x00001034

100053cc <stdio_uart_init>:
100053cc:	4b0d      	ldr	r3, [pc, #52]	@ (10005404 <stdio_uart_init+0x38>)
100053ce:	b510      	push	{r4, lr}
100053d0:	781b      	ldrb	r3, [r3, #0]
100053d2:	4b0d      	ldr	r3, [pc, #52]	@ (10005408 <stdio_uart_init+0x3c>)
100053d4:	4c0d      	ldr	r4, [pc, #52]	@ (1000540c <stdio_uart_init+0x40>)
100053d6:	781b      	ldrb	r3, [r3, #0]
100053d8:	4b0d      	ldr	r3, [pc, #52]	@ (10005410 <stdio_uart_init+0x44>)
100053da:	2102      	movs	r1, #2
100053dc:	781b      	ldrb	r3, [r3, #0]
100053de:	4b0d      	ldr	r3, [pc, #52]	@ (10005414 <stdio_uart_init+0x48>)
100053e0:	2000      	movs	r0, #0
100053e2:	6023      	str	r3, [r4, #0]
100053e4:	f7fb fd00 	bl	10000de8 <gpio_set_function>
100053e8:	2102      	movs	r1, #2
100053ea:	2001      	movs	r0, #1
100053ec:	f7fb fcfc 	bl	10000de8 <gpio_set_function>
100053f0:	21e1      	movs	r1, #225	@ 0xe1
100053f2:	6820      	ldr	r0, [r4, #0]
100053f4:	0249      	lsls	r1, r1, #9
100053f6:	f7fc fd49 	bl	10001e8c <uart_init>
100053fa:	2101      	movs	r1, #1
100053fc:	4806      	ldr	r0, [pc, #24]	@ (10005418 <stdio_uart_init+0x4c>)
100053fe:	f7ff fe8f 	bl	10005120 <stdio_set_driver_enabled>
10005402:	bd10      	pop	{r4, pc}
10005404:	1000bc0c 	.word	0x1000bc0c
10005408:	1000bc08 	.word	0x1000bc08
1000540c:	20004ce0 	.word	0x20004ce0
10005410:	1000bc04 	.word	0x1000bc04
10005414:	40034000 	.word	0x40034000
10005418:	200010c0 	.word	0x200010c0

1000541c <resetd_init>:
1000541c:	4770      	bx	lr
1000541e:	46c0      	nop			@ (mov r8, r8)

10005420 <resetd_reset>:
10005420:	2200      	movs	r2, #0
10005422:	4b01      	ldr	r3, [pc, #4]	@ (10005428 <resetd_reset+0x8>)
10005424:	701a      	strb	r2, [r3, #0]
10005426:	4770      	bx	lr
10005428:	20004cfa 	.word	0x20004cfa

1000542c <resetd_open>:
1000542c:	794b      	ldrb	r3, [r1, #5]
1000542e:	2000      	movs	r0, #0
10005430:	2bff      	cmp	r3, #255	@ 0xff
10005432:	d10b      	bne.n	1000544c <resetd_open+0x20>
10005434:	798b      	ldrb	r3, [r1, #6]
10005436:	2b00      	cmp	r3, #0
10005438:	d108      	bne.n	1000544c <resetd_open+0x20>
1000543a:	79cb      	ldrb	r3, [r1, #7]
1000543c:	2b01      	cmp	r3, #1
1000543e:	d105      	bne.n	1000544c <resetd_open+0x20>
10005440:	2a08      	cmp	r2, #8
10005442:	d903      	bls.n	1000544c <resetd_open+0x20>
10005444:	4b02      	ldr	r3, [pc, #8]	@ (10005450 <resetd_open+0x24>)
10005446:	788a      	ldrb	r2, [r1, #2]
10005448:	3009      	adds	r0, #9
1000544a:	701a      	strb	r2, [r3, #0]
1000544c:	4770      	bx	lr
1000544e:	46c0      	nop			@ (mov r8, r8)
10005450:	20004cfa 	.word	0x20004cfa

10005454 <resetd_xfer_cb>:
10005454:	2001      	movs	r0, #1
10005456:	4770      	bx	lr

10005458 <resetd_control_xfer_cb>:
10005458:	b510      	push	{r4, lr}
1000545a:	2901      	cmp	r1, #1
1000545c:	d113      	bne.n	10005486 <resetd_control_xfer_cb+0x2e>
1000545e:	4912      	ldr	r1, [pc, #72]	@ (100054a8 <resetd_control_xfer_cb+0x50>)
10005460:	7953      	ldrb	r3, [r2, #5]
10005462:	7910      	ldrb	r0, [r2, #4]
10005464:	7809      	ldrb	r1, [r1, #0]
10005466:	021b      	lsls	r3, r3, #8
10005468:	4303      	orrs	r3, r0
1000546a:	2000      	movs	r0, #0
1000546c:	4299      	cmp	r1, r3
1000546e:	d000      	beq.n	10005472 <resetd_control_xfer_cb+0x1a>
10005470:	bd10      	pop	{r4, pc}
10005472:	7853      	ldrb	r3, [r2, #1]
10005474:	2b01      	cmp	r3, #1
10005476:	d008      	beq.n	1000548a <resetd_control_xfer_cb+0x32>
10005478:	2b02      	cmp	r3, #2
1000547a:	d1f9      	bne.n	10005470 <resetd_control_xfer_cb+0x18>
1000547c:	2264      	movs	r2, #100	@ 0x64
1000547e:	2100      	movs	r1, #0
10005480:	2000      	movs	r0, #0
10005482:	f7fc fed9 	bl	10002238 <watchdog_reboot>
10005486:	2001      	movs	r0, #1
10005488:	e7f2      	b.n	10005470 <resetd_control_xfer_cb+0x18>
1000548a:	78d3      	ldrb	r3, [r2, #3]
1000548c:	7891      	ldrb	r1, [r2, #2]
1000548e:	021b      	lsls	r3, r3, #8
10005490:	4319      	orrs	r1, r3
10005492:	0a48      	lsrs	r0, r1, #9
10005494:	05db      	lsls	r3, r3, #23
10005496:	d401      	bmi.n	1000549c <resetd_control_xfer_cb+0x44>
10005498:	2001      	movs	r0, #1
1000549a:	4240      	negs	r0, r0
1000549c:	237f      	movs	r3, #127	@ 0x7f
1000549e:	058a      	lsls	r2, r1, #22
100054a0:	0fd2      	lsrs	r2, r2, #31
100054a2:	4019      	ands	r1, r3
100054a4:	f7fc ff50 	bl	10002348 <rom_reset_usb_boot_extra>
100054a8:	20004cfa 	.word	0x20004cfa

100054ac <tud_descriptor_bos_cb>:
100054ac:	4800      	ldr	r0, [pc, #0]	@ (100054b0 <tud_descriptor_bos_cb+0x4>)
100054ae:	4770      	bx	lr
100054b0:	1000b600 	.word	0x1000b600

100054b4 <tud_vendor_control_xfer_cb>:
100054b4:	b570      	push	{r4, r5, r6, lr}
100054b6:	0005      	movs	r5, r0
100054b8:	0014      	movs	r4, r2
100054ba:	2001      	movs	r0, #1
100054bc:	2901      	cmp	r1, #1
100054be:	d109      	bne.n	100054d4 <tud_vendor_control_xfer_cb+0x20>
100054c0:	7853      	ldrb	r3, [r2, #1]
100054c2:	2000      	movs	r0, #0
100054c4:	2b01      	cmp	r3, #1
100054c6:	d105      	bne.n	100054d4 <tud_vendor_control_xfer_cb+0x20>
100054c8:	7963      	ldrb	r3, [r4, #5]
100054ca:	7912      	ldrb	r2, [r2, #4]
100054cc:	021b      	lsls	r3, r3, #8
100054ce:	4313      	orrs	r3, r2
100054d0:	2b07      	cmp	r3, #7
100054d2:	d000      	beq.n	100054d6 <tud_vendor_control_xfer_cb+0x22>
100054d4:	bd70      	pop	{r4, r5, r6, pc}
100054d6:	0021      	movs	r1, r4
100054d8:	0028      	movs	r0, r5
100054da:	4a02      	ldr	r2, [pc, #8]	@ (100054e4 <tud_vendor_control_xfer_cb+0x30>)
100054dc:	339f      	adds	r3, #159	@ 0x9f
100054de:	f001 fa55 	bl	1000698c <tud_control_xfer>
100054e2:	e7f7      	b.n	100054d4 <tud_vendor_control_xfer_cb+0x20>
100054e4:	1000b558 	.word	0x1000b558

100054e8 <usbd_app_driver_get_cb>:
100054e8:	2301      	movs	r3, #1
100054ea:	7003      	strb	r3, [r0, #0]
100054ec:	4800      	ldr	r0, [pc, #0]	@ (100054f0 <usbd_app_driver_get_cb+0x8>)
100054ee:	4770      	bx	lr
100054f0:	1000b538 	.word	0x1000b538

100054f4 <tud_cdc_line_coding_cb>:
100054f4:	784b      	ldrb	r3, [r1, #1]
100054f6:	780a      	ldrb	r2, [r1, #0]
100054f8:	021b      	lsls	r3, r3, #8
100054fa:	4313      	orrs	r3, r2
100054fc:	788a      	ldrb	r2, [r1, #2]
100054fe:	b510      	push	{r4, lr}
10005500:	0412      	lsls	r2, r2, #16
10005502:	431a      	orrs	r2, r3
10005504:	78cb      	ldrb	r3, [r1, #3]
10005506:	061b      	lsls	r3, r3, #24
10005508:	4313      	orrs	r3, r2
1000550a:	2296      	movs	r2, #150	@ 0x96
1000550c:	00d2      	lsls	r2, r2, #3
1000550e:	4293      	cmp	r3, r2
10005510:	d000      	beq.n	10005514 <tud_cdc_line_coding_cb+0x20>
10005512:	bd10      	pop	{r4, pc}
10005514:	2200      	movs	r2, #0
10005516:	2001      	movs	r0, #1
10005518:	0011      	movs	r1, r2
1000551a:	4240      	negs	r0, r0
1000551c:	f7fc ff14 	bl	10002348 <rom_reset_usb_boot_extra>

10005520 <stdio_usb_set_chars_available_callback>:
10005520:	4b02      	ldr	r3, [pc, #8]	@ (1000552c <stdio_usb_set_chars_available_callback+0xc>)
10005522:	6018      	str	r0, [r3, #0]
10005524:	4b02      	ldr	r3, [pc, #8]	@ (10005530 <stdio_usb_set_chars_available_callback+0x10>)
10005526:	6019      	str	r1, [r3, #0]
10005528:	4770      	bx	lr
1000552a:	46c0      	nop			@ (mov r8, r8)
1000552c:	20002f28 	.word	0x20002f28
10005530:	20002f30 	.word	0x20002f30

10005534 <usb_irq>:
10005534:	b510      	push	{r4, lr}
10005536:	4b02      	ldr	r3, [pc, #8]	@ (10005540 <usb_irq+0xc>)
10005538:	7818      	ldrb	r0, [r3, #0]
1000553a:	f7fb fd4f 	bl	10000fdc <irq_set_pending>
1000553e:	bd10      	pop	{r4, pc}
10005540:	20004cfb 	.word	0x20004cfb

10005544 <timer_task>:
10005544:	4b15      	ldr	r3, [pc, #84]	@ (1000559c <timer_task+0x58>)
10005546:	b570      	push	{r4, r5, r6, lr}
10005548:	681a      	ldr	r2, [r3, #0]
1000554a:	2a00      	cmp	r2, #0
1000554c:	d022      	beq.n	10005594 <timer_task+0x50>
1000554e:	f3ef 8110 	mrs	r1, PRIMASK
10005552:	b672      	cpsid	i
10005554:	6810      	ldr	r0, [r2, #0]
10005556:	2800      	cmp	r0, #0
10005558:	d0fc      	beq.n	10005554 <timer_task+0x10>
1000555a:	f3bf 8f5f 	dmb	sy
1000555e:	2000      	movs	r0, #0
10005560:	4a0f      	ldr	r2, [pc, #60]	@ (100055a0 <timer_task+0x5c>)
10005562:	6059      	str	r1, [r3, #4]
10005564:	7010      	strb	r0, [r2, #0]
10005566:	681b      	ldr	r3, [r3, #0]
10005568:	f3bf 8f5f 	dmb	sy
1000556c:	6018      	str	r0, [r3, #0]
1000556e:	f381 8810 	msr	PRIMASK, r1
10005572:	2400      	movs	r4, #0
10005574:	2500      	movs	r5, #0
10005576:	4e0b      	ldr	r6, [pc, #44]	@ (100055a4 <timer_task+0x60>)
10005578:	7830      	ldrb	r0, [r6, #0]
1000557a:	f7fb fd23 	bl	10000fc4 <irq_is_enabled>
1000557e:	2800      	cmp	r0, #0
10005580:	d104      	bne.n	1000558c <timer_task+0x48>
10005582:	2400      	movs	r4, #0
10005584:	2500      	movs	r5, #0
10005586:	0029      	movs	r1, r5
10005588:	0020      	movs	r0, r4
1000558a:	bd70      	pop	{r4, r5, r6, pc}
1000558c:	7830      	ldrb	r0, [r6, #0]
1000558e:	f7fb fd25 	bl	10000fdc <irq_set_pending>
10005592:	e7f8      	b.n	10005586 <timer_task+0x42>
10005594:	24fa      	movs	r4, #250	@ 0xfa
10005596:	2500      	movs	r5, #0
10005598:	00a4      	lsls	r4, r4, #2
1000559a:	e7ec      	b.n	10005576 <timer_task+0x32>
1000559c:	200033ac 	.word	0x200033ac
100055a0:	20004cfc 	.word	0x20004cfc
100055a4:	20004cfb 	.word	0x20004cfb

100055a8 <stdio_usb_in_chars>:
100055a8:	b570      	push	{r4, r5, r6, lr}
100055aa:	0004      	movs	r4, r0
100055ac:	2000      	movs	r0, #0
100055ae:	000e      	movs	r6, r1
100055b0:	f001 fb0a 	bl	10006bc8 <tud_cdc_n_connected>
100055b4:	2800      	cmp	r0, #0
100055b6:	d034      	beq.n	10005622 <stdio_usb_in_chars+0x7a>
100055b8:	2000      	movs	r0, #0
100055ba:	f001 fb1b 	bl	10006bf4 <tud_cdc_n_available>
100055be:	2800      	cmp	r0, #0
100055c0:	d02f      	beq.n	10005622 <stdio_usb_in_chars+0x7a>
100055c2:	f7fc fc15 	bl	10001df0 <time_us_64>
100055c6:	2300      	movs	r3, #0
100055c8:	4a17      	ldr	r2, [pc, #92]	@ (10005628 <stdio_usb_in_chars+0x80>)
100055ca:	1812      	adds	r2, r2, r0
100055cc:	414b      	adcs	r3, r1
100055ce:	2b00      	cmp	r3, #0
100055d0:	db16      	blt.n	10005600 <stdio_usb_in_chars+0x58>
100055d2:	4d16      	ldr	r5, [pc, #88]	@ (1000562c <stdio_usb_in_chars+0x84>)
100055d4:	0028      	movs	r0, r5
100055d6:	f005 fcb7 	bl	1000af48 <__mutex_try_enter_block_until_veneer>
100055da:	2800      	cmp	r0, #0
100055dc:	d021      	beq.n	10005622 <stdio_usb_in_chars+0x7a>
100055de:	2000      	movs	r0, #0
100055e0:	f001 faf2 	bl	10006bc8 <tud_cdc_n_connected>
100055e4:	2800      	cmp	r0, #0
100055e6:	d10f      	bne.n	10005608 <stdio_usb_in_chars+0x60>
100055e8:	2001      	movs	r0, #1
100055ea:	2100      	movs	r1, #0
100055ec:	4240      	negs	r0, r0
100055ee:	f000 fd01 	bl	10005ff4 <tud_task_ext>
100055f2:	2403      	movs	r4, #3
100055f4:	4264      	negs	r4, r4
100055f6:	0028      	movs	r0, r5
100055f8:	f005 fc6e 	bl	1000aed8 <__mutex_exit_veneer>
100055fc:	0020      	movs	r0, r4
100055fe:	bd70      	pop	{r4, r5, r6, pc}
10005600:	2201      	movs	r2, #1
10005602:	4b0b      	ldr	r3, [pc, #44]	@ (10005630 <stdio_usb_in_chars+0x88>)
10005604:	4252      	negs	r2, r2
10005606:	e7e4      	b.n	100055d2 <stdio_usb_in_chars+0x2a>
10005608:	2000      	movs	r0, #0
1000560a:	f001 faf3 	bl	10006bf4 <tud_cdc_n_available>
1000560e:	2800      	cmp	r0, #0
10005610:	d0ea      	beq.n	100055e8 <stdio_usb_in_chars+0x40>
10005612:	0021      	movs	r1, r4
10005614:	0032      	movs	r2, r6
10005616:	2000      	movs	r0, #0
10005618:	f001 faf6 	bl	10006c08 <tud_cdc_n_read>
1000561c:	1e04      	subs	r4, r0, #0
1000561e:	d1ea      	bne.n	100055f6 <stdio_usb_in_chars+0x4e>
10005620:	e7e7      	b.n	100055f2 <stdio_usb_in_chars+0x4a>
10005622:	2403      	movs	r4, #3
10005624:	4264      	negs	r4, r4
10005626:	e7e9      	b.n	100055fc <stdio_usb_in_chars+0x54>
10005628:	000f4240 	.word	0x000f4240
1000562c:	20004cd4 	.word	0x20004cd4
10005630:	7fffffff 	.word	0x7fffffff

10005634 <stdio_usb_out_flush>:
10005634:	b510      	push	{r4, lr}
10005636:	f7fc fbdb 	bl	10001df0 <time_us_64>
1000563a:	2300      	movs	r3, #0
1000563c:	4a0d      	ldr	r2, [pc, #52]	@ (10005674 <stdio_usb_out_flush+0x40>)
1000563e:	1812      	adds	r2, r2, r0
10005640:	414b      	adcs	r3, r1
10005642:	2b00      	cmp	r3, #0
10005644:	da02      	bge.n	1000564c <stdio_usb_out_flush+0x18>
10005646:	2201      	movs	r2, #1
10005648:	4b0b      	ldr	r3, [pc, #44]	@ (10005678 <stdio_usb_out_flush+0x44>)
1000564a:	4252      	negs	r2, r2
1000564c:	4c0b      	ldr	r4, [pc, #44]	@ (1000567c <stdio_usb_out_flush+0x48>)
1000564e:	0020      	movs	r0, r4
10005650:	f005 fc7a 	bl	1000af48 <__mutex_try_enter_block_until_veneer>
10005654:	2800      	cmp	r0, #0
10005656:	d00c      	beq.n	10005672 <stdio_usb_out_flush+0x3e>
10005658:	2001      	movs	r0, #1
1000565a:	2100      	movs	r1, #0
1000565c:	4240      	negs	r0, r0
1000565e:	f000 fcc9 	bl	10005ff4 <tud_task_ext>
10005662:	2000      	movs	r0, #0
10005664:	f001 fb14 	bl	10006c90 <tud_cdc_n_write_flush>
10005668:	2800      	cmp	r0, #0
1000566a:	d1f5      	bne.n	10005658 <stdio_usb_out_flush+0x24>
1000566c:	0020      	movs	r0, r4
1000566e:	f005 fc33 	bl	1000aed8 <__mutex_exit_veneer>
10005672:	bd10      	pop	{r4, pc}
10005674:	000f4240 	.word	0x000f4240
10005678:	7fffffff 	.word	0x7fffffff
1000567c:	20004cd4 	.word	0x20004cd4

10005680 <stdio_usb_out_chars>:
10005680:	b5f8      	push	{r3, r4, r5, r6, r7, lr}
10005682:	46de      	mov	lr, fp
10005684:	4657      	mov	r7, sl
10005686:	b580      	push	{r7, lr}
10005688:	0005      	movs	r5, r0
1000568a:	000c      	movs	r4, r1
1000568c:	f7fc fbb0 	bl	10001df0 <time_us_64>
10005690:	2300      	movs	r3, #0
10005692:	4a36      	ldr	r2, [pc, #216]	@ (1000576c <stdio_usb_out_chars+0xec>)
10005694:	1812      	adds	r2, r2, r0
10005696:	414b      	adcs	r3, r1
10005698:	2b00      	cmp	r3, #0
1000569a:	da02      	bge.n	100056a2 <stdio_usb_out_chars+0x22>
1000569c:	2201      	movs	r2, #1
1000569e:	4b34      	ldr	r3, [pc, #208]	@ (10005770 <stdio_usb_out_chars+0xf0>)
100056a0:	4252      	negs	r2, r2
100056a2:	4934      	ldr	r1, [pc, #208]	@ (10005774 <stdio_usb_out_chars+0xf4>)
100056a4:	0008      	movs	r0, r1
100056a6:	468a      	mov	sl, r1
100056a8:	f005 fc4e 	bl	1000af48 <__mutex_try_enter_block_until_veneer>
100056ac:	2800      	cmp	r0, #0
100056ae:	d103      	bne.n	100056b8 <stdio_usb_out_chars+0x38>
100056b0:	bcc0      	pop	{r6, r7}
100056b2:	46bb      	mov	fp, r7
100056b4:	46b2      	mov	sl, r6
100056b6:	bdf8      	pop	{r3, r4, r5, r6, r7, pc}
100056b8:	2000      	movs	r0, #0
100056ba:	f001 fa85 	bl	10006bc8 <tud_cdc_n_connected>
100056be:	2800      	cmp	r0, #0
100056c0:	d04a      	beq.n	10005758 <stdio_usb_out_chars+0xd8>
100056c2:	2600      	movs	r6, #0
100056c4:	2c00      	cmp	r4, #0
100056c6:	dd43      	ble.n	10005750 <stdio_usb_out_chars+0xd0>
100056c8:	4b2b      	ldr	r3, [pc, #172]	@ (10005778 <stdio_usb_out_chars+0xf8>)
100056ca:	469b      	mov	fp, r3
100056cc:	e014      	b.n	100056f8 <stdio_usb_out_chars+0x78>
100056ce:	19a9      	adds	r1, r5, r6
100056d0:	2000      	movs	r0, #0
100056d2:	f001 fb17 	bl	10006d04 <tud_cdc_n_write>
100056d6:	0007      	movs	r7, r0
100056d8:	2001      	movs	r0, #1
100056da:	2100      	movs	r1, #0
100056dc:	4240      	negs	r0, r0
100056de:	f000 fc89 	bl	10005ff4 <tud_task_ext>
100056e2:	2000      	movs	r0, #0
100056e4:	f001 fad4 	bl	10006c90 <tud_cdc_n_write_flush>
100056e8:	f7fc fb82 	bl	10001df0 <time_us_64>
100056ec:	4b22      	ldr	r3, [pc, #136]	@ (10005778 <stdio_usb_out_chars+0xf8>)
100056ee:	19f6      	adds	r6, r6, r7
100056f0:	6018      	str	r0, [r3, #0]
100056f2:	6059      	str	r1, [r3, #4]
100056f4:	42b4      	cmp	r4, r6
100056f6:	dd2b      	ble.n	10005750 <stdio_usb_out_chars+0xd0>
100056f8:	2000      	movs	r0, #0
100056fa:	f001 fb23 	bl	10006d44 <tud_cdc_n_write_available>
100056fe:	1ba7      	subs	r7, r4, r6
10005700:	0002      	movs	r2, r0
10005702:	42b8      	cmp	r0, r7
10005704:	dd00      	ble.n	10005708 <stdio_usb_out_chars+0x88>
10005706:	003a      	movs	r2, r7
10005708:	2a00      	cmp	r2, #0
1000570a:	d1e0      	bne.n	100056ce <stdio_usb_out_chars+0x4e>
1000570c:	2001      	movs	r0, #1
1000570e:	2100      	movs	r1, #0
10005710:	4240      	negs	r0, r0
10005712:	f000 fc6f 	bl	10005ff4 <tud_task_ext>
10005716:	2000      	movs	r0, #0
10005718:	f001 faba 	bl	10006c90 <tud_cdc_n_write_flush>
1000571c:	2000      	movs	r0, #0
1000571e:	f001 fa53 	bl	10006bc8 <tud_cdc_n_connected>
10005722:	2800      	cmp	r0, #0
10005724:	d014      	beq.n	10005750 <stdio_usb_out_chars+0xd0>
10005726:	2000      	movs	r0, #0
10005728:	f001 fb0c 	bl	10006d44 <tud_cdc_n_write_available>
1000572c:	2800      	cmp	r0, #0
1000572e:	d1e1      	bne.n	100056f4 <stdio_usb_out_chars+0x74>
10005730:	f7fc fb5e 	bl	10001df0 <time_us_64>
10005734:	465b      	mov	r3, fp
10005736:	000f      	movs	r7, r1
10005738:	681a      	ldr	r2, [r3, #0]
1000573a:	685b      	ldr	r3, [r3, #4]
1000573c:	2100      	movs	r1, #0
1000573e:	4684      	mov	ip, r0
10005740:	480e      	ldr	r0, [pc, #56]	@ (1000577c <stdio_usb_out_chars+0xfc>)
10005742:	1812      	adds	r2, r2, r0
10005744:	414b      	adcs	r3, r1
10005746:	429f      	cmp	r7, r3
10005748:	d802      	bhi.n	10005750 <stdio_usb_out_chars+0xd0>
1000574a:	d1d3      	bne.n	100056f4 <stdio_usb_out_chars+0x74>
1000574c:	4594      	cmp	ip, r2
1000574e:	d9d1      	bls.n	100056f4 <stdio_usb_out_chars+0x74>
10005750:	4650      	mov	r0, sl
10005752:	f005 fbc1 	bl	1000aed8 <__mutex_exit_veneer>
10005756:	e7ab      	b.n	100056b0 <stdio_usb_out_chars+0x30>
10005758:	2000      	movs	r0, #0
1000575a:	2100      	movs	r1, #0
1000575c:	4b06      	ldr	r3, [pc, #24]	@ (10005778 <stdio_usb_out_chars+0xf8>)
1000575e:	6018      	str	r0, [r3, #0]
10005760:	6059      	str	r1, [r3, #4]
10005762:	4650      	mov	r0, sl
10005764:	f005 fbb8 	bl	1000aed8 <__mutex_exit_veneer>
10005768:	e7a2      	b.n	100056b0 <stdio_usb_out_chars+0x30>
1000576a:	46c0      	nop			@ (mov r8, r8)
1000576c:	000f4240 	.word	0x000f4240
10005770:	7fffffff 	.word	0x7fffffff
10005774:	20004cd4 	.word	0x20004cd4
10005778:	20001960 	.word	0x20001960
1000577c:	0007a120 	.word	0x0007a120

10005780 <low_priority_worker_irq>:
10005780:	b530      	push	{r4, r5, lr}
10005782:	4c2a      	ldr	r4, [pc, #168]	@ (1000582c <low_priority_worker_irq+0xac>)
10005784:	b085      	sub	sp, #20
10005786:	2100      	movs	r1, #0
10005788:	0020      	movs	r0, r4
1000578a:	f005 fbbd 	bl	1000af08 <__mutex_try_enter_veneer>
1000578e:	2800      	cmp	r0, #0
10005790:	d11c      	bne.n	100057cc <low_priority_worker_irq+0x4c>
10005792:	4b27      	ldr	r3, [pc, #156]	@ (10005830 <low_priority_worker_irq+0xb0>)
10005794:	681a      	ldr	r2, [r3, #0]
10005796:	2a00      	cmp	r2, #0
10005798:	d016      	beq.n	100057c8 <low_priority_worker_irq+0x48>
1000579a:	f3ef 8110 	mrs	r1, PRIMASK
1000579e:	b672      	cpsid	i
100057a0:	6810      	ldr	r0, [r2, #0]
100057a2:	2800      	cmp	r0, #0
100057a4:	d0fc      	beq.n	100057a0 <low_priority_worker_irq+0x20>
100057a6:	f3bf 8f5f 	dmb	sy
100057aa:	2401      	movs	r4, #1
100057ac:	4821      	ldr	r0, [pc, #132]	@ (10005834 <low_priority_worker_irq+0xb4>)
100057ae:	6059      	str	r1, [r3, #4]
100057b0:	7802      	ldrb	r2, [r0, #0]
100057b2:	681b      	ldr	r3, [r3, #0]
100057b4:	b2d2      	uxtb	r2, r2
100057b6:	7004      	strb	r4, [r0, #0]
100057b8:	f3bf 8f5f 	dmb	sy
100057bc:	2000      	movs	r0, #0
100057be:	6018      	str	r0, [r3, #0]
100057c0:	f381 8810 	msr	PRIMASK, r1
100057c4:	2a00      	cmp	r2, #0
100057c6:	d017      	beq.n	100057f8 <low_priority_worker_irq+0x78>
100057c8:	b005      	add	sp, #20
100057ca:	bd30      	pop	{r4, r5, pc}
100057cc:	2001      	movs	r0, #1
100057ce:	2100      	movs	r1, #0
100057d0:	4240      	negs	r0, r0
100057d2:	f000 fc0f 	bl	10005ff4 <tud_task_ext>
100057d6:	2000      	movs	r0, #0
100057d8:	f001 fa0c 	bl	10006bf4 <tud_cdc_n_available>
100057dc:	0005      	movs	r5, r0
100057de:	0020      	movs	r0, r4
100057e0:	f005 fb7a 	bl	1000aed8 <__mutex_exit_veneer>
100057e4:	2d00      	cmp	r5, #0
100057e6:	d0ef      	beq.n	100057c8 <low_priority_worker_irq+0x48>
100057e8:	4b13      	ldr	r3, [pc, #76]	@ (10005838 <low_priority_worker_irq+0xb8>)
100057ea:	681b      	ldr	r3, [r3, #0]
100057ec:	2b00      	cmp	r3, #0
100057ee:	d0eb      	beq.n	100057c8 <low_priority_worker_irq+0x48>
100057f0:	4a12      	ldr	r2, [pc, #72]	@ (1000583c <low_priority_worker_irq+0xbc>)
100057f2:	6810      	ldr	r0, [r2, #0]
100057f4:	4798      	blx	r3
100057f6:	e7e7      	b.n	100057c8 <low_priority_worker_irq+0x48>
100057f8:	f7fc f8e4 	bl	100019c4 <alarm_pool_get_default>
100057fc:	0004      	movs	r4, r0
100057fe:	f7fc faf7 	bl	10001df0 <time_us_64>
10005802:	22fa      	movs	r2, #250	@ 0xfa
10005804:	2300      	movs	r3, #0
10005806:	0092      	lsls	r2, r2, #2
10005808:	1812      	adds	r2, r2, r0
1000580a:	414b      	adcs	r3, r1
1000580c:	2b00      	cmp	r3, #0
1000580e:	da02      	bge.n	10005816 <low_priority_worker_irq+0x96>
10005810:	2201      	movs	r2, #1
10005812:	4b0b      	ldr	r3, [pc, #44]	@ (10005840 <low_priority_worker_irq+0xc0>)
10005814:	4252      	negs	r2, r2
10005816:	2101      	movs	r1, #1
10005818:	9102      	str	r1, [sp, #8]
1000581a:	2100      	movs	r1, #0
1000581c:	9101      	str	r1, [sp, #4]
1000581e:	4909      	ldr	r1, [pc, #36]	@ (10005844 <low_priority_worker_irq+0xc4>)
10005820:	0020      	movs	r0, r4
10005822:	9100      	str	r1, [sp, #0]
10005824:	f7fc f8d2 	bl	100019cc <alarm_pool_add_alarm_at>
10005828:	e7ce      	b.n	100057c8 <low_priority_worker_irq+0x48>
1000582a:	46c0      	nop			@ (mov r8, r8)
1000582c:	20004cd4 	.word	0x20004cd4
10005830:	200033ac 	.word	0x200033ac
10005834:	20004cfc 	.word	0x20004cfc
10005838:	20002f28 	.word	0x20002f28
1000583c:	20002f30 	.word	0x20002f30
10005840:	7fffffff 	.word	0x7fffffff
10005844:	10005545 	.word	0x10005545

10005848 <stdio_usb_init>:
10005848:	23d0      	movs	r3, #208	@ 0xd0
1000584a:	b510      	push	{r4, lr}
1000584c:	061b      	lsls	r3, r3, #24
1000584e:	b084      	sub	sp, #16
10005850:	681c      	ldr	r4, [r3, #0]
10005852:	f7fc f8b7 	bl	100019c4 <alarm_pool_get_default>
10005856:	f7fc f9b3 	bl	10001bc0 <alarm_pool_core_num>
1000585a:	42a0      	cmp	r0, r4
1000585c:	d002      	beq.n	10005864 <stdio_usb_init+0x1c>
1000585e:	2000      	movs	r0, #0
10005860:	b004      	add	sp, #16
10005862:	bd10      	pop	{r4, pc}
10005864:	4b29      	ldr	r3, [pc, #164]	@ (1000590c <stdio_usb_init+0xc4>)
10005866:	2100      	movs	r1, #0
10005868:	2000      	movs	r0, #0
1000586a:	781b      	ldrb	r3, [r3, #0]
1000586c:	f001 fd5e 	bl	1000732c <tusb_rhport_init>
10005870:	4827      	ldr	r0, [pc, #156]	@ (10005910 <stdio_usb_init+0xc8>)
10005872:	6803      	ldr	r3, [r0, #0]
10005874:	2b00      	cmp	r3, #0
10005876:	d045      	beq.n	10005904 <stdio_usb_init+0xbc>
10005878:	2001      	movs	r0, #1
1000587a:	f7fb fe31 	bl	100014e0 <user_irq_claim_unused>
1000587e:	23ff      	movs	r3, #255	@ 0xff
10005880:	4c24      	ldr	r4, [pc, #144]	@ (10005914 <stdio_usb_init+0xcc>)
10005882:	4925      	ldr	r1, [pc, #148]	@ (10005918 <stdio_usb_init+0xd0>)
10005884:	7020      	strb	r0, [r4, #0]
10005886:	4018      	ands	r0, r3
10005888:	f7fb fbc2 	bl	10001010 <irq_set_exclusive_handler>
1000588c:	7820      	ldrb	r0, [r4, #0]
1000588e:	2101      	movs	r1, #1
10005890:	f7fb fb86 	bl	10000fa0 <irq_set_enabled>
10005894:	2005      	movs	r0, #5
10005896:	f7fb fba9 	bl	10000fec <irq_has_shared_handler>
1000589a:	2800      	cmp	r0, #0
1000589c:	d124      	bne.n	100058e8 <stdio_usb_init+0xa0>
1000589e:	2208      	movs	r2, #8
100058a0:	2100      	movs	r1, #0
100058a2:	481e      	ldr	r0, [pc, #120]	@ (1000591c <stdio_usb_init+0xd4>)
100058a4:	f7fd fe66 	bl	10003574 <__wrap_memset>
100058a8:	f7fc f88c 	bl	100019c4 <alarm_pool_get_default>
100058ac:	0004      	movs	r4, r0
100058ae:	f7fc fa9f 	bl	10001df0 <time_us_64>
100058b2:	22fa      	movs	r2, #250	@ 0xfa
100058b4:	2300      	movs	r3, #0
100058b6:	0092      	lsls	r2, r2, #2
100058b8:	1812      	adds	r2, r2, r0
100058ba:	414b      	adcs	r3, r1
100058bc:	2b00      	cmp	r3, #0
100058be:	da02      	bge.n	100058c6 <stdio_usb_init+0x7e>
100058c0:	2201      	movs	r2, #1
100058c2:	4b17      	ldr	r3, [pc, #92]	@ (10005920 <stdio_usb_init+0xd8>)
100058c4:	4252      	negs	r2, r2
100058c6:	2101      	movs	r1, #1
100058c8:	9102      	str	r1, [sp, #8]
100058ca:	2100      	movs	r1, #0
100058cc:	9101      	str	r1, [sp, #4]
100058ce:	4915      	ldr	r1, [pc, #84]	@ (10005924 <stdio_usb_init+0xdc>)
100058d0:	0020      	movs	r0, r4
100058d2:	9100      	str	r1, [sp, #0]
100058d4:	f7fc f87a 	bl	100019cc <alarm_pool_add_alarm_at>
100058d8:	2800      	cmp	r0, #0
100058da:	dbc0      	blt.n	1000585e <stdio_usb_init+0x16>
100058dc:	4812      	ldr	r0, [pc, #72]	@ (10005928 <stdio_usb_init+0xe0>)
100058de:	2101      	movs	r1, #1
100058e0:	f7ff fc1e 	bl	10005120 <stdio_set_driver_enabled>
100058e4:	2001      	movs	r0, #1
100058e6:	e7bb      	b.n	10005860 <stdio_usb_init+0x18>
100058e8:	2001      	movs	r0, #1
100058ea:	f7fb fb27 	bl	10000f3c <spin_lock_claim_unused>
100058ee:	4b0b      	ldr	r3, [pc, #44]	@ (1000591c <stdio_usb_init+0xd4>)
100058f0:	0001      	movs	r1, r0
100058f2:	0018      	movs	r0, r3
100058f4:	f7fb fe56 	bl	100015a4 <critical_section_init_with_lock_num>
100058f8:	2200      	movs	r2, #0
100058fa:	2005      	movs	r0, #5
100058fc:	490b      	ldr	r1, [pc, #44]	@ (1000592c <stdio_usb_init+0xe4>)
100058fe:	f7fb fbb1 	bl	10001064 <irq_add_shared_handler>
10005902:	e7eb      	b.n	100058dc <stdio_usb_init+0x94>
10005904:	f7fb fe32 	bl	1000156c <mutex_init>
10005908:	e7b6      	b.n	10005878 <stdio_usb_init+0x30>
1000590a:	46c0      	nop			@ (mov r8, r8)
1000590c:	1000bc10 	.word	0x1000bc10
10005910:	20004cd4 	.word	0x20004cd4
10005914:	20004cfb 	.word	0x20004cfb
10005918:	10005781 	.word	0x10005781
1000591c:	200033ac 	.word	0x200033ac
10005920:	7fffffff 	.word	0x7fffffff
10005924:	10005545 	.word	0x10005545
10005928:	200010d8 	.word	0x200010d8
1000592c:	10005535 	.word	0x10005535

10005930 <tud_descriptor_device_cb>:
10005930:	4800      	ldr	r0, [pc, #0]	@ (10005934 <tud_descriptor_device_cb+0x4>)
10005932:	4770      	bx	lr
10005934:	1000b69c 	.word	0x1000b69c

10005938 <tud_descriptor_configuration_cb>:
10005938:	4800      	ldr	r0, [pc, #0]	@ (1000593c <tud_descriptor_configuration_cb+0x4>)
1000593a:	4770      	bx	lr
1000593c:	1000b648 	.word	0x1000b648

10005940 <tud_descriptor_string_cb>:
10005940:	b510      	push	{r4, lr}
10005942:	0004      	movs	r4, r0
10005944:	4817      	ldr	r0, [pc, #92]	@ (100059a4 <tud_descriptor_string_cb+0x64>)
10005946:	7803      	ldrb	r3, [r0, #0]
10005948:	2b00      	cmp	r3, #0
1000594a:	d020      	beq.n	1000598e <tud_descriptor_string_cb+0x4e>
1000594c:	2c00      	cmp	r4, #0
1000594e:	d106      	bne.n	1000595e <tud_descriptor_string_cb+0x1e>
10005950:	4b15      	ldr	r3, [pc, #84]	@ (100059a8 <tud_descriptor_string_cb+0x68>)
10005952:	4816      	ldr	r0, [pc, #88]	@ (100059ac <tud_descriptor_string_cb+0x6c>)
10005954:	8043      	strh	r3, [r0, #2]
10005956:	3b06      	subs	r3, #6
10005958:	3bff      	subs	r3, #255	@ 0xff
1000595a:	8003      	strh	r3, [r0, #0]
1000595c:	bd10      	pop	{r4, pc}
1000595e:	2c05      	cmp	r4, #5
10005960:	d81d      	bhi.n	1000599e <tud_descriptor_string_cb+0x5e>
10005962:	4b13      	ldr	r3, [pc, #76]	@ (100059b0 <tud_descriptor_string_cb+0x70>)
10005964:	00a4      	lsls	r4, r4, #2
10005966:	58e0      	ldr	r0, [r4, r3]
10005968:	4912      	ldr	r1, [pc, #72]	@ (100059b4 <tud_descriptor_string_cb+0x74>)
1000596a:	2301      	movs	r3, #1
1000596c:	3801      	subs	r0, #1
1000596e:	e004      	b.n	1000597a <tud_descriptor_string_cb+0x3a>
10005970:	3301      	adds	r3, #1
10005972:	800a      	strh	r2, [r1, #0]
10005974:	3102      	adds	r1, #2
10005976:	2b14      	cmp	r3, #20
10005978:	d00d      	beq.n	10005996 <tud_descriptor_string_cb+0x56>
1000597a:	5cc2      	ldrb	r2, [r0, r3]
1000597c:	2a00      	cmp	r2, #0
1000597e:	d1f7      	bne.n	10005970 <tud_descriptor_string_cb+0x30>
10005980:	22c0      	movs	r2, #192	@ 0xc0
10005982:	b2db      	uxtb	r3, r3
10005984:	005b      	lsls	r3, r3, #1
10005986:	0092      	lsls	r2, r2, #2
10005988:	4808      	ldr	r0, [pc, #32]	@ (100059ac <tud_descriptor_string_cb+0x6c>)
1000598a:	4313      	orrs	r3, r2
1000598c:	e7e5      	b.n	1000595a <tud_descriptor_string_cb+0x1a>
1000598e:	2111      	movs	r1, #17
10005990:	f000 f81a 	bl	100059c8 <pico_get_unique_board_id_string>
10005994:	e7da      	b.n	1000594c <tud_descriptor_string_cb+0xc>
10005996:	23ca      	movs	r3, #202	@ 0xca
10005998:	4804      	ldr	r0, [pc, #16]	@ (100059ac <tud_descriptor_string_cb+0x6c>)
1000599a:	009b      	lsls	r3, r3, #2
1000599c:	e7dd      	b.n	1000595a <tud_descriptor_string_cb+0x1a>
1000599e:	2000      	movs	r0, #0
100059a0:	e7dc      	b.n	1000595c <tud_descriptor_string_cb+0x1c>
100059a2:	46c0      	nop			@ (mov r8, r8)
100059a4:	20004ce4 	.word	0x20004ce4
100059a8:	00000409 	.word	0x00000409
100059ac:	20002f68 	.word	0x20002f68
100059b0:	1000b630 	.word	0x1000b630
100059b4:	20002f6a 	.word	0x20002f6a

100059b8 <_retrieve_unique_id_on_boot>:
100059b8:	b510      	push	{r4, lr}
100059ba:	4802      	ldr	r0, [pc, #8]	@ (100059c4 <_retrieve_unique_id_on_boot+0xc>)
100059bc:	f000 f8d8 	bl	10005b70 <flash_get_unique_id>
100059c0:	bd10      	pop	{r4, pc}
100059c2:	46c0      	nop			@ (mov r8, r8)
100059c4:	20004cc4 	.word	0x20004cc4

100059c8 <pico_get_unique_board_id_string>:
100059c8:	b530      	push	{r4, r5, lr}
100059ca:	1e4b      	subs	r3, r1, #1
100059cc:	2901      	cmp	r1, #1
100059ce:	d100      	bne.n	100059d2 <pico_get_unique_board_id_string+0xa>
100059d0:	e0a7      	b.n	10005b22 <pico_get_unique_board_id_string+0x15a>
100059d2:	4a66      	ldr	r2, [pc, #408]	@ (10005b6c <pico_get_unique_board_id_string+0x1a4>)
100059d4:	7811      	ldrb	r1, [r2, #0]
100059d6:	090d      	lsrs	r5, r1, #4
100059d8:	002c      	movs	r4, r5
100059da:	3430      	adds	r4, #48	@ 0x30
100059dc:	299f      	cmp	r1, #159	@ 0x9f
100059de:	d900      	bls.n	100059e2 <pico_get_unique_board_id_string+0x1a>
100059e0:	e0a2      	b.n	10005b28 <pico_get_unique_board_id_string+0x160>
100059e2:	7004      	strb	r4, [r0, #0]
100059e4:	2b01      	cmp	r3, #1
100059e6:	d100      	bne.n	100059ea <pico_get_unique_board_id_string+0x22>
100059e8:	e0be      	b.n	10005b68 <pico_get_unique_board_id_string+0x1a0>
100059ea:	210f      	movs	r1, #15
100059ec:	7814      	ldrb	r4, [r2, #0]
100059ee:	4021      	ands	r1, r4
100059f0:	000c      	movs	r4, r1
100059f2:	3430      	adds	r4, #48	@ 0x30
100059f4:	2909      	cmp	r1, #9
100059f6:	d900      	bls.n	100059fa <pico_get_unique_board_id_string+0x32>
100059f8:	e098      	b.n	10005b2c <pico_get_unique_board_id_string+0x164>
100059fa:	7044      	strb	r4, [r0, #1]
100059fc:	2b02      	cmp	r3, #2
100059fe:	d100      	bne.n	10005a02 <pico_get_unique_board_id_string+0x3a>
10005a00:	e0b2      	b.n	10005b68 <pico_get_unique_board_id_string+0x1a0>
10005a02:	7854      	ldrb	r4, [r2, #1]
10005a04:	0925      	lsrs	r5, r4, #4
10005a06:	0029      	movs	r1, r5
10005a08:	3130      	adds	r1, #48	@ 0x30
10005a0a:	2c9f      	cmp	r4, #159	@ 0x9f
10005a0c:	d900      	bls.n	10005a10 <pico_get_unique_board_id_string+0x48>
10005a0e:	e090      	b.n	10005b32 <pico_get_unique_board_id_string+0x16a>
10005a10:	7081      	strb	r1, [r0, #2]
10005a12:	2b03      	cmp	r3, #3
10005a14:	d100      	bne.n	10005a18 <pico_get_unique_board_id_string+0x50>
10005a16:	e0a7      	b.n	10005b68 <pico_get_unique_board_id_string+0x1a0>
10005a18:	210f      	movs	r1, #15
10005a1a:	4021      	ands	r1, r4
10005a1c:	000c      	movs	r4, r1
10005a1e:	3430      	adds	r4, #48	@ 0x30
10005a20:	2909      	cmp	r1, #9
10005a22:	d900      	bls.n	10005a26 <pico_get_unique_board_id_string+0x5e>
10005a24:	e087      	b.n	10005b36 <pico_get_unique_board_id_string+0x16e>
10005a26:	70c4      	strb	r4, [r0, #3]
10005a28:	2b04      	cmp	r3, #4
10005a2a:	d100      	bne.n	10005a2e <pico_get_unique_board_id_string+0x66>
10005a2c:	e09c      	b.n	10005b68 <pico_get_unique_board_id_string+0x1a0>
10005a2e:	7894      	ldrb	r4, [r2, #2]
10005a30:	0925      	lsrs	r5, r4, #4
10005a32:	0029      	movs	r1, r5
10005a34:	3130      	adds	r1, #48	@ 0x30
10005a36:	2c9f      	cmp	r4, #159	@ 0x9f
10005a38:	d900      	bls.n	10005a3c <pico_get_unique_board_id_string+0x74>
10005a3a:	e07f      	b.n	10005b3c <pico_get_unique_board_id_string+0x174>
10005a3c:	7101      	strb	r1, [r0, #4]
10005a3e:	2b05      	cmp	r3, #5
10005a40:	d100      	bne.n	10005a44 <pico_get_unique_board_id_string+0x7c>
10005a42:	e091      	b.n	10005b68 <pico_get_unique_board_id_string+0x1a0>
10005a44:	210f      	movs	r1, #15
10005a46:	4021      	ands	r1, r4
10005a48:	000c      	movs	r4, r1
10005a4a:	3430      	adds	r4, #48	@ 0x30
10005a4c:	2909      	cmp	r1, #9
10005a4e:	d900      	bls.n	10005a52 <pico_get_unique_board_id_string+0x8a>
10005a50:	e076      	b.n	10005b40 <pico_get_unique_board_id_string+0x178>
10005a52:	7144      	strb	r4, [r0, #5]
10005a54:	2b06      	cmp	r3, #6
10005a56:	d100      	bne.n	10005a5a <pico_get_unique_board_id_string+0x92>
10005a58:	e086      	b.n	10005b68 <pico_get_unique_board_id_string+0x1a0>
10005a5a:	78d4      	ldrb	r4, [r2, #3]
10005a5c:	0925      	lsrs	r5, r4, #4
10005a5e:	0029      	movs	r1, r5
10005a60:	3130      	adds	r1, #48	@ 0x30
10005a62:	2c9f      	cmp	r4, #159	@ 0x9f
10005a64:	d900      	bls.n	10005a68 <pico_get_unique_board_id_string+0xa0>
10005a66:	e06e      	b.n	10005b46 <pico_get_unique_board_id_string+0x17e>
10005a68:	7181      	strb	r1, [r0, #6]
10005a6a:	2b07      	cmp	r3, #7
10005a6c:	d100      	bne.n	10005a70 <pico_get_unique_board_id_string+0xa8>
10005a6e:	e07b      	b.n	10005b68 <pico_get_unique_board_id_string+0x1a0>
10005a70:	210f      	movs	r1, #15
10005a72:	4021      	ands	r1, r4
10005a74:	000c      	movs	r4, r1
10005a76:	3430      	adds	r4, #48	@ 0x30
10005a78:	2909      	cmp	r1, #9
10005a7a:	d866      	bhi.n	10005b4a <pico_get_unique_board_id_string+0x182>
10005a7c:	71c4      	strb	r4, [r0, #7]
10005a7e:	2b08      	cmp	r3, #8
10005a80:	d100      	bne.n	10005a84 <pico_get_unique_board_id_string+0xbc>
10005a82:	e071      	b.n	10005b68 <pico_get_unique_board_id_string+0x1a0>
10005a84:	7914      	ldrb	r4, [r2, #4]
10005a86:	0925      	lsrs	r5, r4, #4
10005a88:	0029      	movs	r1, r5
10005a8a:	3130      	adds	r1, #48	@ 0x30
10005a8c:	2c9f      	cmp	r4, #159	@ 0x9f
10005a8e:	d85f      	bhi.n	10005b50 <pico_get_unique_board_id_string+0x188>
10005a90:	7201      	strb	r1, [r0, #8]
10005a92:	2b09      	cmp	r3, #9
10005a94:	d068      	beq.n	10005b68 <pico_get_unique_board_id_string+0x1a0>
10005a96:	210f      	movs	r1, #15
10005a98:	4021      	ands	r1, r4
10005a9a:	000c      	movs	r4, r1
10005a9c:	3430      	adds	r4, #48	@ 0x30
10005a9e:	2909      	cmp	r1, #9
10005aa0:	d858      	bhi.n	10005b54 <pico_get_unique_board_id_string+0x18c>
10005aa2:	7244      	strb	r4, [r0, #9]
10005aa4:	2b0a      	cmp	r3, #10
10005aa6:	d05f      	beq.n	10005b68 <pico_get_unique_board_id_string+0x1a0>
10005aa8:	7954      	ldrb	r4, [r2, #5]
10005aaa:	0925      	lsrs	r5, r4, #4
10005aac:	0029      	movs	r1, r5
10005aae:	3130      	adds	r1, #48	@ 0x30
10005ab0:	2c9f      	cmp	r4, #159	@ 0x9f
10005ab2:	d852      	bhi.n	10005b5a <pico_get_unique_board_id_string+0x192>
10005ab4:	7281      	strb	r1, [r0, #10]
10005ab6:	2b0b      	cmp	r3, #11
10005ab8:	d056      	beq.n	10005b68 <pico_get_unique_board_id_string+0x1a0>
10005aba:	210f      	movs	r1, #15
10005abc:	4021      	ands	r1, r4
10005abe:	000c      	movs	r4, r1
10005ac0:	3430      	adds	r4, #48	@ 0x30
10005ac2:	2909      	cmp	r1, #9
10005ac4:	d84b      	bhi.n	10005b5e <pico_get_unique_board_id_string+0x196>
10005ac6:	72c4      	strb	r4, [r0, #11]
10005ac8:	2b0c      	cmp	r3, #12
10005aca:	d04d      	beq.n	10005b68 <pico_get_unique_board_id_string+0x1a0>
10005acc:	7994      	ldrb	r4, [r2, #6]
10005ace:	0925      	lsrs	r5, r4, #4
10005ad0:	0029      	movs	r1, r5
10005ad2:	3130      	adds	r1, #48	@ 0x30
10005ad4:	2c9f      	cmp	r4, #159	@ 0x9f
10005ad6:	d900      	bls.n	10005ada <pico_get_unique_board_id_string+0x112>
10005ad8:	3107      	adds	r1, #7
10005ada:	7301      	strb	r1, [r0, #12]
10005adc:	2b0d      	cmp	r3, #13
10005ade:	d043      	beq.n	10005b68 <pico_get_unique_board_id_string+0x1a0>
10005ae0:	210f      	movs	r1, #15
10005ae2:	4021      	ands	r1, r4
10005ae4:	000c      	movs	r4, r1
10005ae6:	3430      	adds	r4, #48	@ 0x30
10005ae8:	2909      	cmp	r1, #9
10005aea:	d901      	bls.n	10005af0 <pico_get_unique_board_id_string+0x128>
10005aec:	3137      	adds	r1, #55	@ 0x37
10005aee:	000c      	movs	r4, r1
10005af0:	7344      	strb	r4, [r0, #13]
10005af2:	2b0e      	cmp	r3, #14
10005af4:	d038      	beq.n	10005b68 <pico_get_unique_board_id_string+0x1a0>
10005af6:	79d1      	ldrb	r1, [r2, #7]
10005af8:	090c      	lsrs	r4, r1, #4
10005afa:	0022      	movs	r2, r4
10005afc:	3230      	adds	r2, #48	@ 0x30
10005afe:	299f      	cmp	r1, #159	@ 0x9f
10005b00:	d900      	bls.n	10005b04 <pico_get_unique_board_id_string+0x13c>
10005b02:	3207      	adds	r2, #7
10005b04:	7382      	strb	r2, [r0, #14]
10005b06:	2b0f      	cmp	r3, #15
10005b08:	d02e      	beq.n	10005b68 <pico_get_unique_board_id_string+0x1a0>
10005b0a:	220f      	movs	r2, #15
10005b0c:	400a      	ands	r2, r1
10005b0e:	0011      	movs	r1, r2
10005b10:	3137      	adds	r1, #55	@ 0x37
10005b12:	2a09      	cmp	r2, #9
10005b14:	d801      	bhi.n	10005b1a <pico_get_unique_board_id_string+0x152>
10005b16:	3230      	adds	r2, #48	@ 0x30
10005b18:	0011      	movs	r1, r2
10005b1a:	73c1      	strb	r1, [r0, #15]
10005b1c:	2b10      	cmp	r3, #16
10005b1e:	d023      	beq.n	10005b68 <pico_get_unique_board_id_string+0x1a0>
10005b20:	3010      	adds	r0, #16
10005b22:	2300      	movs	r3, #0
10005b24:	7003      	strb	r3, [r0, #0]
10005b26:	bd30      	pop	{r4, r5, pc}
10005b28:	3407      	adds	r4, #7
10005b2a:	e75a      	b.n	100059e2 <pico_get_unique_board_id_string+0x1a>
10005b2c:	3137      	adds	r1, #55	@ 0x37
10005b2e:	000c      	movs	r4, r1
10005b30:	e763      	b.n	100059fa <pico_get_unique_board_id_string+0x32>
10005b32:	3107      	adds	r1, #7
10005b34:	e76c      	b.n	10005a10 <pico_get_unique_board_id_string+0x48>
10005b36:	3137      	adds	r1, #55	@ 0x37
10005b38:	000c      	movs	r4, r1
10005b3a:	e774      	b.n	10005a26 <pico_get_unique_board_id_string+0x5e>
10005b3c:	3107      	adds	r1, #7
10005b3e:	e77d      	b.n	10005a3c <pico_get_unique_board_id_string+0x74>
10005b40:	3137      	adds	r1, #55	@ 0x37
10005b42:	000c      	movs	r4, r1
10005b44:	e785      	b.n	10005a52 <pico_get_unique_board_id_string+0x8a>
10005b46:	3107      	adds	r1, #7
10005b48:	e78e      	b.n	10005a68 <pico_get_unique_board_id_string+0xa0>
10005b4a:	3137      	adds	r1, #55	@ 0x37
10005b4c:	000c      	movs	r4, r1
10005b4e:	e795      	b.n	10005a7c <pico_get_unique_board_id_string+0xb4>
10005b50:	3107      	adds	r1, #7
10005b52:	e79d      	b.n	10005a90 <pico_get_unique_board_id_string+0xc8>
10005b54:	3137      	adds	r1, #55	@ 0x37
10005b56:	000c      	movs	r4, r1
10005b58:	e7a3      	b.n	10005aa2 <pico_get_unique_board_id_string+0xda>
10005b5a:	3107      	adds	r1, #7
10005b5c:	e7aa      	b.n	10005ab4 <pico_get_unique_board_id_string+0xec>
10005b5e:	3137      	adds	r1, #55	@ 0x37
10005b60:	000c      	movs	r4, r1
10005b62:	72c4      	strb	r4, [r0, #11]
10005b64:	2b0c      	cmp	r3, #12
10005b66:	d1b1      	bne.n	10005acc <pico_get_unique_board_id_string+0x104>
10005b68:	18c0      	adds	r0, r0, r3
10005b6a:	e7da      	b.n	10005b22 <pico_get_unique_board_id_string+0x15a>
10005b6c:	20004cc4 	.word	0x20004cc4

10005b70 <flash_get_unique_id>:
10005b70:	b510      	push	{r4, lr}
10005b72:	b088      	sub	sp, #32
10005b74:	0004      	movs	r4, r0
10005b76:	220d      	movs	r2, #13
10005b78:	2100      	movs	r1, #0
10005b7a:	4668      	mov	r0, sp
10005b7c:	f7fd fcfa 	bl	10003574 <__wrap_memset>
10005b80:	220d      	movs	r2, #13
10005b82:	2100      	movs	r1, #0
10005b84:	a804      	add	r0, sp, #16
10005b86:	f7fd fcf5 	bl	10003574 <__wrap_memset>
10005b8a:	234b      	movs	r3, #75	@ 0x4b
10005b8c:	466a      	mov	r2, sp
10005b8e:	4668      	mov	r0, sp
10005b90:	7013      	strb	r3, [r2, #0]
10005b92:	a904      	add	r1, sp, #16
10005b94:	220d      	movs	r2, #13
10005b96:	f005 f997 	bl	1000aec8 <__flash_do_cmd_veneer>
10005b9a:	2115      	movs	r1, #21
10005b9c:	2208      	movs	r2, #8
10005b9e:	0020      	movs	r0, r4
10005ba0:	4469      	add	r1, sp
10005ba2:	f7fd fced 	bl	10003580 <__wrap___aeabi_memcpy>
10005ba6:	b008      	add	sp, #32
10005ba8:	bd10      	pop	{r4, pc}
10005baa:	46c0      	nop			@ (mov r8, r8)

10005bac <dcd_init>:
10005bac:	b5f8      	push	{r3, r4, r5, r6, r7, lr}
10005bae:	f000 f947 	bl	10005e40 <rp2040_usb_init>
10005bb2:	230c      	movs	r3, #12
10005bb4:	4d19      	ldr	r5, [pc, #100]	@ (10005c1c <dcd_init+0x70>)
10005bb6:	22ff      	movs	r2, #255	@ 0xff
10005bb8:	67ab      	str	r3, [r5, #120]	@ 0x78
10005bba:	2005      	movs	r0, #5
10005bbc:	4918      	ldr	r1, [pc, #96]	@ (10005c20 <dcd_init+0x74>)
10005bbe:	f7fb fa51 	bl	10001064 <irq_add_shared_handler>
10005bc2:	4c18      	ldr	r4, [pc, #96]	@ (10005c24 <dcd_init+0x78>)
10005bc4:	2240      	movs	r2, #64	@ 0x40
10005bc6:	2100      	movs	r1, #0
10005bc8:	0020      	movs	r0, r4
10005bca:	f7fd fcd3 	bl	10003574 <__wrap_memset>
10005bce:	2740      	movs	r7, #64	@ 0x40
10005bd0:	2300      	movs	r3, #0
10005bd2:	2601      	movs	r6, #1
10005bd4:	2121      	movs	r1, #33	@ 0x21
10005bd6:	4a14      	ldr	r2, [pc, #80]	@ (10005c28 <dcd_init+0x7c>)
10005bd8:	7066      	strb	r6, [r4, #1]
10005bda:	8327      	strh	r7, [r4, #24]
10005bdc:	60a2      	str	r2, [r4, #8]
10005bde:	6013      	str	r3, [r2, #0]
10005be0:	5463      	strb	r3, [r4, r1]
10005be2:	315f      	adds	r1, #95	@ 0x5f
10005be4:	8461      	strh	r1, [r4, #34]	@ 0x22
10005be6:	3945      	subs	r1, #69	@ 0x45
10005be8:	5463      	strb	r3, [r4, r1]
10005bea:	4a10      	ldr	r2, [pc, #64]	@ (10005c2c <dcd_init+0x80>)
10005bec:	4910      	ldr	r1, [pc, #64]	@ (10005c30 <dcd_init+0x84>)
10005bee:	6063      	str	r3, [r4, #4]
10005bf0:	60e2      	str	r2, [r4, #12]
10005bf2:	8727      	strh	r7, [r4, #56]	@ 0x38
10005bf4:	62a1      	str	r1, [r4, #40]	@ 0x28
10005bf6:	600b      	str	r3, [r1, #0]
10005bf8:	6263      	str	r3, [r4, #36]	@ 0x24
10005bfa:	62e2      	str	r2, [r4, #44]	@ 0x2c
10005bfc:	f005 f95c 	bl	1000aeb8 <__reset_non_control_endpoints_veneer>
10005c00:	2380      	movs	r3, #128	@ 0x80
10005c02:	059b      	lsls	r3, r3, #22
10005c04:	642e      	str	r6, [r5, #64]	@ 0x40
10005c06:	64eb      	str	r3, [r5, #76]	@ 0x4c
10005c08:	2390      	movs	r3, #144	@ 0x90
10005c0a:	4a0a      	ldr	r2, [pc, #40]	@ (10005c34 <dcd_init+0x88>)
10005c0c:	2001      	movs	r0, #1
10005c0e:	50ea      	str	r2, [r5, r3]
10005c10:	2280      	movs	r2, #128	@ 0x80
10005c12:	4b09      	ldr	r3, [pc, #36]	@ (10005c38 <dcd_init+0x8c>)
10005c14:	0252      	lsls	r2, r2, #9
10005c16:	64da      	str	r2, [r3, #76]	@ 0x4c
10005c18:	bdf8      	pop	{r3, r4, r5, r6, r7, pc}
10005c1a:	46c0      	nop			@ (mov r8, r8)
10005c1c:	50110000 	.word	0x50110000
10005c20:	20000595 	.word	0x20000595
10005c24:	20002fa0 	.word	0x20002fa0
10005c28:	50100084 	.word	0x50100084
10005c2c:	50100100 	.word	0x50100100
10005c30:	50100080 	.word	0x50100080
10005c34:	0001d010 	.word	0x0001d010
10005c38:	50112000 	.word	0x50112000

10005c3c <dcd_int_enable>:
10005c3c:	b510      	push	{r4, lr}
10005c3e:	2101      	movs	r1, #1
10005c40:	2005      	movs	r0, #5
10005c42:	f7fb f9ad 	bl	10000fa0 <irq_set_enabled>
10005c46:	bd10      	pop	{r4, pc}

10005c48 <dcd_set_address>:
10005c48:	b510      	push	{r4, lr}
10005c4a:	2200      	movs	r2, #0
10005c4c:	2100      	movs	r1, #0
10005c4e:	4802      	ldr	r0, [pc, #8]	@ (10005c58 <dcd_set_address+0x10>)
10005c50:	f000 f916 	bl	10005e80 <hw_endpoint_xfer_start>
10005c54:	bd10      	pop	{r4, pc}
10005c56:	46c0      	nop			@ (mov r8, r8)
10005c58:	20002fc0 	.word	0x20002fc0

10005c5c <dcd_sof_enable>:
10005c5c:	4b04      	ldr	r3, [pc, #16]	@ (10005c70 <dcd_sof_enable+0x14>)
10005c5e:	7019      	strb	r1, [r3, #0]
10005c60:	2900      	cmp	r1, #0
10005c62:	d004      	beq.n	10005c6e <dcd_sof_enable+0x12>
10005c64:	2180      	movs	r1, #128	@ 0x80
10005c66:	2390      	movs	r3, #144	@ 0x90
10005c68:	4a02      	ldr	r2, [pc, #8]	@ (10005c74 <dcd_sof_enable+0x18>)
10005c6a:	0289      	lsls	r1, r1, #10
10005c6c:	50d1      	str	r1, [r2, r3]
10005c6e:	4770      	bx	lr
10005c70:	20004cf6 	.word	0x20004cf6
10005c74:	50112000 	.word	0x50112000

10005c78 <dcd_edpt0_status_complete>:
10005c78:	780b      	ldrb	r3, [r1, #0]
10005c7a:	065b      	lsls	r3, r3, #25
10005c7c:	d102      	bne.n	10005c84 <dcd_edpt0_status_complete+0xc>
10005c7e:	784b      	ldrb	r3, [r1, #1]
10005c80:	2b05      	cmp	r3, #5
10005c82:	d000      	beq.n	10005c86 <dcd_edpt0_status_complete+0xe>
10005c84:	4770      	bx	lr
10005c86:	788a      	ldrb	r2, [r1, #2]
10005c88:	4b01      	ldr	r3, [pc, #4]	@ (10005c90 <dcd_edpt0_status_complete+0x18>)
10005c8a:	601a      	str	r2, [r3, #0]
10005c8c:	e7fa      	b.n	10005c84 <dcd_edpt0_status_complete+0xc>
10005c8e:	46c0      	nop			@ (mov r8, r8)
10005c90:	50110000 	.word	0x50110000

10005c94 <dcd_edpt_open>:
10005c94:	b5f0      	push	{r4, r5, r6, r7, lr}
10005c96:	46c6      	mov	lr, r8
10005c98:	78c8      	ldrb	r0, [r1, #3]
10005c9a:	b500      	push	{lr}
10005c9c:	0780      	lsls	r0, r0, #30
10005c9e:	0f83      	lsrs	r3, r0, #30
10005ca0:	0018      	movs	r0, r3
10005ca2:	2b01      	cmp	r3, #1
10005ca4:	d060      	beq.n	10005d68 <dcd_edpt_open+0xd4>
10005ca6:	788f      	ldrb	r7, [r1, #2]
10005ca8:	790a      	ldrb	r2, [r1, #4]
10005caa:	794b      	ldrb	r3, [r1, #5]
10005cac:	217f      	movs	r1, #127	@ 0x7f
10005cae:	4039      	ands	r1, r7
10005cb0:	09fc      	lsrs	r4, r7, #7
10005cb2:	021b      	lsls	r3, r3, #8
10005cb4:	004e      	lsls	r6, r1, #1
10005cb6:	4313      	orrs	r3, r2
10005cb8:	4d33      	ldr	r5, [pc, #204]	@ (10005d88 <dcd_edpt_open+0xf4>)
10005cba:	1932      	adds	r2, r6, r4
10005cbc:	0152      	lsls	r2, r2, #5
10005cbe:	18aa      	adds	r2, r5, r2
10005cc0:	7097      	strb	r7, [r2, #2]
10005cc2:	2701      	movs	r7, #1
10005cc4:	4067      	eors	r7, r4
10005cc6:	7057      	strb	r7, [r2, #1]
10005cc8:	2700      	movs	r7, #0
10005cca:	055b      	lsls	r3, r3, #21
10005ccc:	0d5b      	lsrs	r3, r3, #21
10005cce:	70d7      	strb	r7, [r2, #3]
10005cd0:	8313      	strh	r3, [r2, #24]
10005cd2:	76d0      	strb	r0, [r2, #27]
10005cd4:	46b8      	mov	r8, r7
10005cd6:	00ca      	lsls	r2, r1, #3
10005cd8:	2c01      	cmp	r4, #1
10005cda:	d032      	beq.n	10005d42 <dcd_edpt_open+0xae>
10005cdc:	4f2b      	ldr	r7, [pc, #172]	@ (10005d8c <dcd_edpt_open+0xf8>)
10005cde:	46bc      	mov	ip, r7
10005ce0:	018f      	lsls	r7, r1, #6
10005ce2:	4462      	add	r2, ip
10005ce4:	46bc      	mov	ip, r7
10005ce6:	44ac      	add	ip, r5
10005ce8:	4667      	mov	r7, ip
10005cea:	60ba      	str	r2, [r7, #8]
10005cec:	4647      	mov	r7, r8
10005cee:	6017      	str	r7, [r2, #0]
10005cf0:	2900      	cmp	r1, #0
10005cf2:	d032      	beq.n	10005d5a <dcd_edpt_open+0xc6>
10005cf4:	4a26      	ldr	r2, [pc, #152]	@ (10005d90 <dcd_edpt_open+0xfc>)
10005cf6:	00c9      	lsls	r1, r1, #3
10005cf8:	4690      	mov	r8, r2
10005cfa:	4662      	mov	r2, ip
10005cfc:	4441      	add	r1, r8
10005cfe:	6051      	str	r1, [r2, #4]
10005d00:	223f      	movs	r2, #63	@ 0x3f
10005d02:	333f      	adds	r3, #63	@ 0x3f
10005d04:	4393      	bics	r3, r2
10005d06:	2802      	cmp	r0, #2
10005d08:	d037      	beq.n	10005d7a <dcd_edpt_open+0xe6>
10005d0a:	4922      	ldr	r1, [pc, #136]	@ (10005d94 <dcd_edpt_open+0x100>)
10005d0c:	1937      	adds	r7, r6, r4
10005d0e:	680a      	ldr	r2, [r1, #0]
10005d10:	017f      	lsls	r7, r7, #5
10005d12:	18d3      	adds	r3, r2, r3
10005d14:	600b      	str	r3, [r1, #0]
10005d16:	4920      	ldr	r1, [pc, #128]	@ (10005d98 <dcd_edpt_open+0x104>)
10005d18:	19ef      	adds	r7, r5, r7
10005d1a:	60fa      	str	r2, [r7, #12]
10005d1c:	428b      	cmp	r3, r1
10005d1e:	d82e      	bhi.n	10005d7e <dcd_edpt_open+0xea>
10005d20:	1936      	adds	r6, r6, r4
10005d22:	0176      	lsls	r6, r6, #5
10005d24:	19ad      	adds	r5, r5, r6
10005d26:	7eeb      	ldrb	r3, [r5, #27]
10005d28:	491c      	ldr	r1, [pc, #112]	@ (10005d9c <dcd_edpt_open+0x108>)
10005d2a:	069b      	lsls	r3, r3, #26
10005d2c:	404a      	eors	r2, r1
10005d2e:	4313      	orrs	r3, r2
10005d30:	2280      	movs	r2, #128	@ 0x80
10005d32:	0612      	lsls	r2, r2, #24
10005d34:	4313      	orrs	r3, r2
10005d36:	686a      	ldr	r2, [r5, #4]
10005d38:	6013      	str	r3, [r2, #0]
10005d3a:	2001      	movs	r0, #1
10005d3c:	bc80      	pop	{r7}
10005d3e:	46b8      	mov	r8, r7
10005d40:	bdf0      	pop	{r4, r5, r6, r7, pc}
10005d42:	4f17      	ldr	r7, [pc, #92]	@ (10005da0 <dcd_edpt_open+0x10c>)
10005d44:	46bc      	mov	ip, r7
10005d46:	018f      	lsls	r7, r1, #6
10005d48:	4462      	add	r2, ip
10005d4a:	46bc      	mov	ip, r7
10005d4c:	44ac      	add	ip, r5
10005d4e:	4667      	mov	r7, ip
10005d50:	62ba      	str	r2, [r7, #40]	@ 0x28
10005d52:	4647      	mov	r7, r8
10005d54:	6017      	str	r7, [r2, #0]
10005d56:	2900      	cmp	r1, #0
10005d58:	d108      	bne.n	10005d6c <dcd_edpt_open+0xd8>
10005d5a:	2300      	movs	r3, #0
10005d5c:	0164      	lsls	r4, r4, #5
10005d5e:	192c      	adds	r4, r5, r4
10005d60:	6063      	str	r3, [r4, #4]
10005d62:	4b10      	ldr	r3, [pc, #64]	@ (10005da4 <dcd_edpt_open+0x110>)
10005d64:	60e3      	str	r3, [r4, #12]
10005d66:	e7e8      	b.n	10005d3a <dcd_edpt_open+0xa6>
10005d68:	2000      	movs	r0, #0
10005d6a:	e7e7      	b.n	10005d3c <dcd_edpt_open+0xa8>
10005d6c:	4a0b      	ldr	r2, [pc, #44]	@ (10005d9c <dcd_edpt_open+0x108>)
10005d6e:	00c9      	lsls	r1, r1, #3
10005d70:	4690      	mov	r8, r2
10005d72:	4662      	mov	r2, ip
10005d74:	4441      	add	r1, r8
10005d76:	6251      	str	r1, [r2, #36]	@ 0x24
10005d78:	e7c2      	b.n	10005d00 <dcd_edpt_open+0x6c>
10005d7a:	005b      	lsls	r3, r3, #1
10005d7c:	e7c5      	b.n	10005d0a <dcd_edpt_open+0x76>
10005d7e:	f7fc fb0b 	bl	10002398 <hard_assertion_failure>
10005d82:	68fa      	ldr	r2, [r7, #12]
10005d84:	e7cc      	b.n	10005d20 <dcd_edpt_open+0x8c>
10005d86:	46c0      	nop			@ (mov r8, r8)
10005d88:	20002fa0 	.word	0x20002fa0
10005d8c:	50100084 	.word	0x50100084
10005d90:	50100004 	.word	0x50100004
10005d94:	200033a8 	.word	0x200033a8
10005d98:	50100fff 	.word	0x50100fff
10005d9c:	50100000 	.word	0x50100000
10005da0:	50100080 	.word	0x50100080
10005da4:	50100100 	.word	0x50100100

10005da8 <dcd_edpt_close_all>:
10005da8:	b510      	push	{r4, lr}
10005daa:	f005 f885 	bl	1000aeb8 <__reset_non_control_endpoints_veneer>
10005dae:	bd10      	pop	{r4, pc}

10005db0 <dcd_edpt_xfer>:
10005db0:	b510      	push	{r4, lr}
10005db2:	207f      	movs	r0, #127	@ 0x7f
10005db4:	000c      	movs	r4, r1
10005db6:	4020      	ands	r0, r4
10005db8:	0040      	lsls	r0, r0, #1
10005dba:	09e4      	lsrs	r4, r4, #7
10005dbc:	0011      	movs	r1, r2
10005dbe:	1900      	adds	r0, r0, r4
10005dc0:	001a      	movs	r2, r3
10005dc2:	4b03      	ldr	r3, [pc, #12]	@ (10005dd0 <dcd_edpt_xfer+0x20>)
10005dc4:	0140      	lsls	r0, r0, #5
10005dc6:	18c0      	adds	r0, r0, r3
10005dc8:	f000 f85a 	bl	10005e80 <hw_endpoint_xfer_start>
10005dcc:	2001      	movs	r0, #1
10005dce:	bd10      	pop	{r4, pc}
10005dd0:	20002fa0 	.word	0x20002fa0

10005dd4 <dcd_edpt_stall>:
10005dd4:	237f      	movs	r3, #127	@ 0x7f
10005dd6:	0018      	movs	r0, r3
10005dd8:	b500      	push	{lr}
10005dda:	4008      	ands	r0, r1
10005ddc:	b083      	sub	sp, #12
10005dde:	420b      	tst	r3, r1
10005de0:	d104      	bne.n	10005dec <dcd_edpt_stall+0x18>
10005de2:	424b      	negs	r3, r1
10005de4:	414b      	adcs	r3, r1
10005de6:	4a08      	ldr	r2, [pc, #32]	@ (10005e08 <dcd_edpt_stall+0x34>)
10005de8:	3301      	adds	r3, #1
10005dea:	6693      	str	r3, [r2, #104]	@ 0x68
10005dec:	2280      	movs	r2, #128	@ 0x80
10005dee:	09c9      	lsrs	r1, r1, #7
10005df0:	0040      	lsls	r0, r0, #1
10005df2:	4b06      	ldr	r3, [pc, #24]	@ (10005e0c <dcd_edpt_stall+0x38>)
10005df4:	1840      	adds	r0, r0, r1
10005df6:	0140      	lsls	r0, r0, #5
10005df8:	2100      	movs	r1, #0
10005dfa:	18c0      	adds	r0, r0, r3
10005dfc:	0112      	lsls	r2, r2, #4
10005dfe:	f005 f8c3 	bl	1000af88 <___hw_endpoint_buffer_control_update32_veneer>
10005e02:	b003      	add	sp, #12
10005e04:	bd00      	pop	{pc}
10005e06:	46c0      	nop			@ (mov r8, r8)
10005e08:	50112000 	.word	0x50112000
10005e0c:	20002fa0 	.word	0x20002fa0

10005e10 <dcd_edpt_clear_stall>:
10005e10:	227f      	movs	r2, #127	@ 0x7f
10005e12:	0013      	movs	r3, r2
10005e14:	b510      	push	{r4, lr}
10005e16:	400b      	ands	r3, r1
10005e18:	420a      	tst	r2, r1
10005e1a:	d100      	bne.n	10005e1e <dcd_edpt_clear_stall+0xe>
10005e1c:	bd10      	pop	{r4, pc}
10005e1e:	09c9      	lsrs	r1, r1, #7
10005e20:	005b      	lsls	r3, r3, #1
10005e22:	185b      	adds	r3, r3, r1
10005e24:	4804      	ldr	r0, [pc, #16]	@ (10005e38 <dcd_edpt_clear_stall+0x28>)
10005e26:	015b      	lsls	r3, r3, #5
10005e28:	18c0      	adds	r0, r0, r3
10005e2a:	2300      	movs	r3, #0
10005e2c:	2200      	movs	r2, #0
10005e2e:	4903      	ldr	r1, [pc, #12]	@ (10005e3c <dcd_edpt_clear_stall+0x2c>)
10005e30:	70c3      	strb	r3, [r0, #3]
10005e32:	f005 f8a9 	bl	1000af88 <___hw_endpoint_buffer_control_update32_veneer>
10005e36:	e7f1      	b.n	10005e1c <dcd_edpt_clear_stall+0xc>
10005e38:	20002fa0 	.word	0x20002fa0
10005e3c:	fffff7ff 	.word	0xfffff7ff

10005e40 <rp2040_usb_init>:
10005e40:	2280      	movs	r2, #128	@ 0x80
10005e42:	4b0a      	ldr	r3, [pc, #40]	@ (10005e6c <rp2040_usb_init+0x2c>)
10005e44:	0452      	lsls	r2, r2, #17
10005e46:	b510      	push	{r4, lr}
10005e48:	601a      	str	r2, [r3, #0]
10005e4a:	4b09      	ldr	r3, [pc, #36]	@ (10005e70 <rp2040_usb_init+0x30>)
10005e4c:	4909      	ldr	r1, [pc, #36]	@ (10005e74 <rp2040_usb_init+0x34>)
10005e4e:	601a      	str	r2, [r3, #0]
10005e50:	0010      	movs	r0, r2
10005e52:	680b      	ldr	r3, [r1, #0]
10005e54:	4398      	bics	r0, r3
10005e56:	d1fb      	bne.n	10005e50 <rp2040_usb_init+0x10>
10005e58:	2280      	movs	r2, #128	@ 0x80
10005e5a:	2100      	movs	r1, #0
10005e5c:	0152      	lsls	r2, r2, #5
10005e5e:	4806      	ldr	r0, [pc, #24]	@ (10005e78 <rp2040_usb_init+0x38>)
10005e60:	f7fd fb88 	bl	10003574 <__wrap_memset>
10005e64:	2209      	movs	r2, #9
10005e66:	4b05      	ldr	r3, [pc, #20]	@ (10005e7c <rp2040_usb_init+0x3c>)
10005e68:	675a      	str	r2, [r3, #116]	@ 0x74
10005e6a:	bd10      	pop	{r4, pc}
10005e6c:	4000e000 	.word	0x4000e000
10005e70:	4000f000 	.word	0x4000f000
10005e74:	4000c008 	.word	0x4000c008
10005e78:	50100000 	.word	0x50100000
10005e7c:	50110000 	.word	0x50110000

10005e80 <hw_endpoint_xfer_start>:
10005e80:	2300      	movs	r3, #0
10005e82:	b510      	push	{r4, lr}
10005e84:	82c3      	strh	r3, [r0, #22]
10005e86:	3301      	adds	r3, #1
10005e88:	8282      	strh	r2, [r0, #20]
10005e8a:	7683      	strb	r3, [r0, #26]
10005e8c:	6101      	str	r1, [r0, #16]
10005e8e:	0004      	movs	r4, r0
10005e90:	f005 f882 	bl	1000af98 <__e15_is_bulkin_ep_veneer>
10005e94:	2800      	cmp	r0, #0
10005e96:	d004      	beq.n	10005ea2 <hw_endpoint_xfer_start+0x22>
10005e98:	2180      	movs	r1, #128	@ 0x80
10005e9a:	2390      	movs	r3, #144	@ 0x90
10005e9c:	4a07      	ldr	r2, [pc, #28]	@ (10005ebc <hw_endpoint_xfer_start+0x3c>)
10005e9e:	0289      	lsls	r1, r1, #10
10005ea0:	50d1      	str	r1, [r2, r3]
10005ea2:	0020      	movs	r0, r4
10005ea4:	f005 f860 	bl	1000af68 <__e15_is_critical_frame_period_veneer>
10005ea8:	2800      	cmp	r0, #0
10005eaa:	d002      	beq.n	10005eb2 <hw_endpoint_xfer_start+0x32>
10005eac:	2301      	movs	r3, #1
10005eae:	7723      	strb	r3, [r4, #28]
10005eb0:	bd10      	pop	{r4, pc}
10005eb2:	0020      	movs	r0, r4
10005eb4:	f005 f850 	bl	1000af58 <__hw_endpoint_start_next_buffer_veneer>
10005eb8:	e7fa      	b.n	10005eb0 <hw_endpoint_xfer_start+0x30>
10005eba:	46c0      	nop			@ (mov r8, r8)
10005ebc:	50112000 	.word	0x50112000

10005ec0 <tud_event_hook_cb>:
10005ec0:	4770      	bx	lr
10005ec2:	46c0      	nop			@ (mov r8, r8)

10005ec4 <tud_sof_cb>:
10005ec4:	4770      	bx	lr
10005ec6:	46c0      	nop			@ (mov r8, r8)

10005ec8 <tud_descriptor_device_qualifier_cb>:
10005ec8:	2000      	movs	r0, #0
10005eca:	4770      	bx	lr

10005ecc <tud_descriptor_other_speed_configuration_cb>:
10005ecc:	2000      	movs	r0, #0
10005ece:	4770      	bx	lr

10005ed0 <tud_mount_cb>:
10005ed0:	4770      	bx	lr
10005ed2:	46c0      	nop			@ (mov r8, r8)

10005ed4 <tud_umount_cb>:
10005ed4:	4770      	bx	lr
10005ed6:	46c0      	nop			@ (mov r8, r8)

10005ed8 <tud_suspend_cb>:
10005ed8:	4770      	bx	lr
10005eda:	46c0      	nop			@ (mov r8, r8)

10005edc <tud_resume_cb>:
10005edc:	4770      	bx	lr
10005ede:	46c0      	nop			@ (mov r8, r8)

10005ee0 <tud_mounted>:
10005ee0:	4b02      	ldr	r3, [pc, #8]	@ (10005eec <tud_mounted+0xc>)
10005ee2:	7858      	ldrb	r0, [r3, #1]
10005ee4:	1e43      	subs	r3, r0, #1
10005ee6:	4198      	sbcs	r0, r3
10005ee8:	b2c0      	uxtb	r0, r0
10005eea:	4770      	bx	lr
10005eec:	20002a3c 	.word	0x20002a3c

10005ef0 <tud_suspended>:
10005ef0:	4b02      	ldr	r3, [pc, #8]	@ (10005efc <tud_suspended+0xc>)
10005ef2:	7818      	ldrb	r0, [r3, #0]
10005ef4:	0740      	lsls	r0, r0, #29
10005ef6:	0fc0      	lsrs	r0, r0, #31
10005ef8:	4770      	bx	lr
10005efa:	46c0      	nop			@ (mov r8, r8)
10005efc:	20002a3c 	.word	0x20002a3c

10005f00 <tud_rhport_init>:
10005f00:	b5f0      	push	{r4, r5, r6, r7, lr}
10005f02:	46d6      	mov	lr, sl
10005f04:	464f      	mov	r7, r9
10005f06:	4646      	mov	r6, r8
10005f08:	b5c0      	push	{r6, r7, lr}
10005f0a:	4b2f      	ldr	r3, [pc, #188]	@ (10005fc8 <tud_rhport_init+0xc8>)
10005f0c:	0007      	movs	r7, r0
10005f0e:	469a      	mov	sl, r3
10005f10:	781b      	ldrb	r3, [r3, #0]
10005f12:	000e      	movs	r6, r1
10005f14:	2bff      	cmp	r3, #255	@ 0xff
10005f16:	d150      	bne.n	10005fba <tud_rhport_init+0xba>
10005f18:	2900      	cmp	r1, #0
10005f1a:	d041      	beq.n	10005fa0 <tud_rhport_init+0xa0>
10005f1c:	2100      	movs	r1, #0
10005f1e:	2254      	movs	r2, #84	@ 0x54
10005f20:	482a      	ldr	r0, [pc, #168]	@ (10005fcc <tud_rhport_init+0xcc>)
10005f22:	f7fd fb27 	bl	10003574 <__wrap_memset>
10005f26:	2200      	movs	r2, #0
10005f28:	4c29      	ldr	r4, [pc, #164]	@ (10005fd0 <tud_rhport_init+0xd0>)
10005f2a:	4b2a      	ldr	r3, [pc, #168]	@ (10005fd4 <tud_rhport_init+0xd4>)
10005f2c:	0020      	movs	r0, r4
10005f2e:	701a      	strb	r2, [r3, #0]
10005f30:	f7fb fb1c 	bl	1000156c <mutex_init>
10005f34:	4b28      	ldr	r3, [pc, #160]	@ (10005fd8 <tud_rhport_init+0xd8>)
10005f36:	601c      	str	r4, [r3, #0]
10005f38:	4c28      	ldr	r4, [pc, #160]	@ (10005fdc <tud_rhport_init+0xdc>)
10005f3a:	0020      	movs	r0, r4
10005f3c:	3c14      	subs	r4, #20
10005f3e:	f7fb fb23 	bl	10001588 <critical_section_init>
10005f42:	0020      	movs	r0, r4
10005f44:	f001 fdfa 	bl	10007b3c <tu_fifo_clear>
10005f48:	4b25      	ldr	r3, [pc, #148]	@ (10005fe0 <tud_rhport_init+0xe0>)
10005f4a:	4d26      	ldr	r5, [pc, #152]	@ (10005fe4 <tud_rhport_init+0xe4>)
10005f4c:	601c      	str	r4, [r3, #0]
10005f4e:	4b26      	ldr	r3, [pc, #152]	@ (10005fe8 <tud_rhport_init+0xe8>)
10005f50:	2b00      	cmp	r3, #0
10005f52:	d004      	beq.n	10005f5e <tud_rhport_init+0x5e>
10005f54:	0028      	movs	r0, r5
10005f56:	f7ff fac7 	bl	100054e8 <usbd_app_driver_get_cb>
10005f5a:	4b24      	ldr	r3, [pc, #144]	@ (10005fec <tud_rhport_init+0xec>)
10005f5c:	6018      	str	r0, [r3, #0]
10005f5e:	4924      	ldr	r1, [pc, #144]	@ (10005ff0 <tud_rhport_init+0xf0>)
10005f60:	2400      	movs	r4, #0
10005f62:	4689      	mov	r9, r1
10005f64:	4921      	ldr	r1, [pc, #132]	@ (10005fec <tud_rhport_init+0xec>)
10005f66:	2300      	movs	r3, #0
10005f68:	4688      	mov	r8, r1
10005f6a:	782a      	ldrb	r2, [r5, #0]
10005f6c:	e010      	b.n	10005f90 <tud_rhport_init+0x90>
10005f6e:	4643      	mov	r3, r8
10005f70:	681b      	ldr	r3, [r3, #0]
10005f72:	0162      	lsls	r2, r4, #5
10005f74:	189b      	adds	r3, r3, r2
10005f76:	2b00      	cmp	r3, #0
10005f78:	d012      	beq.n	10005fa0 <tud_rhport_init+0xa0>
10005f7a:	685b      	ldr	r3, [r3, #4]
10005f7c:	2b00      	cmp	r3, #0
10005f7e:	d00f      	beq.n	10005fa0 <tud_rhport_init+0xa0>
10005f80:	4798      	blx	r3
10005f82:	782a      	ldrb	r2, [r5, #0]
10005f84:	3401      	adds	r4, #1
10005f86:	b2e4      	uxtb	r4, r4
10005f88:	1c51      	adds	r1, r2, #1
10005f8a:	0023      	movs	r3, r4
10005f8c:	42a1      	cmp	r1, r4
10005f8e:	db09      	blt.n	10005fa4 <tud_rhport_init+0xa4>
10005f90:	42a2      	cmp	r2, r4
10005f92:	d8ec      	bhi.n	10005f6e <tud_rhport_init+0x6e>
10005f94:	1a9b      	subs	r3, r3, r2
10005f96:	015b      	lsls	r3, r3, #5
10005f98:	444b      	add	r3, r9
10005f9a:	685b      	ldr	r3, [r3, #4]
10005f9c:	2b00      	cmp	r3, #0
10005f9e:	d1ef      	bne.n	10005f80 <tud_rhport_init+0x80>
10005fa0:	2000      	movs	r0, #0
10005fa2:	e00b      	b.n	10005fbc <tud_rhport_init+0xbc>
10005fa4:	4653      	mov	r3, sl
10005fa6:	0031      	movs	r1, r6
10005fa8:	0038      	movs	r0, r7
10005faa:	701f      	strb	r7, [r3, #0]
10005fac:	f7ff fdfe 	bl	10005bac <dcd_init>
10005fb0:	2800      	cmp	r0, #0
10005fb2:	d0f5      	beq.n	10005fa0 <tud_rhport_init+0xa0>
10005fb4:	0038      	movs	r0, r7
10005fb6:	f7ff fe41 	bl	10005c3c <dcd_int_enable>
10005fba:	2001      	movs	r0, #1
10005fbc:	bce0      	pop	{r5, r6, r7}
10005fbe:	46ba      	mov	sl, r7
10005fc0:	46b1      	mov	r9, r6
10005fc2:	46a8      	mov	r8, r5
10005fc4:	bdf0      	pop	{r4, r5, r6, r7, pc}
10005fc6:	46c0      	nop			@ (mov r8, r8)
10005fc8:	2000110c 	.word	0x2000110c
10005fcc:	20002a3c 	.word	0x20002a3c
10005fd0:	20002a34 	.word	0x20002a34
10005fd4:	20004cf7 	.word	0x20004cf7
10005fd8:	20002a90 	.word	0x20002a90
10005fdc:	20001104 	.word	0x20001104
10005fe0:	20002a94 	.word	0x20002a94
10005fe4:	20004cf5 	.word	0x20004cf5
10005fe8:	100054e9 	.word	0x100054e9
10005fec:	2000288c 	.word	0x2000288c
10005ff0:	1000b758 	.word	0x1000b758

10005ff4 <tud_task_ext>:
10005ff4:	b5f0      	push	{r4, r5, r6, r7, lr}
10005ff6:	46de      	mov	lr, fp
10005ff8:	4657      	mov	r7, sl
10005ffa:	464e      	mov	r6, r9
10005ffc:	4645      	mov	r5, r8
10005ffe:	b5e0      	push	{r5, r6, r7, lr}
10006000:	4bc8      	ldr	r3, [pc, #800]	@ (10006324 <tud_task_ext+0x330>)
10006002:	b091      	sub	sp, #68	@ 0x44
10006004:	9302      	str	r3, [sp, #8]
10006006:	781b      	ldrb	r3, [r3, #0]
10006008:	2bff      	cmp	r3, #255	@ 0xff
1000600a:	d100      	bne.n	1000600e <tud_task_ext+0x1a>
1000600c:	e13e      	b.n	1000628c <tud_task_ext+0x298>
1000600e:	4bc6      	ldr	r3, [pc, #792]	@ (10006328 <tud_task_ext+0x334>)
10006010:	4ec6      	ldr	r6, [pc, #792]	@ (1000632c <tud_task_ext+0x338>)
10006012:	469b      	mov	fp, r3
10006014:	465f      	mov	r7, fp
10006016:	4bc6      	ldr	r3, [pc, #792]	@ (10006330 <tud_task_ext+0x33c>)
10006018:	ac0d      	add	r4, sp, #52	@ 0x34
1000601a:	9301      	str	r3, [sp, #4]
1000601c:	4bc5      	ldr	r3, [pc, #788]	@ (10006334 <tud_task_ext+0x340>)
1000601e:	9300      	str	r3, [sp, #0]
10006020:	6835      	ldr	r5, [r6, #0]
10006022:	696a      	ldr	r2, [r5, #20]
10006024:	f3ef 8110 	mrs	r1, PRIMASK
10006028:	b672      	cpsid	i
1000602a:	6813      	ldr	r3, [r2, #0]
1000602c:	2b00      	cmp	r3, #0
1000602e:	d0fc      	beq.n	1000602a <tud_task_ext+0x36>
10006030:	f3bf 8f5f 	dmb	sy
10006034:	61a9      	str	r1, [r5, #24]
10006036:	0028      	movs	r0, r5
10006038:	0021      	movs	r1, r4
1000603a:	f001 fbaf 	bl	1000779c <tu_fifo_read>
1000603e:	696a      	ldr	r2, [r5, #20]
10006040:	69ab      	ldr	r3, [r5, #24]
10006042:	f3bf 8f5f 	dmb	sy
10006046:	2100      	movs	r1, #0
10006048:	6011      	str	r1, [r2, #0]
1000604a:	f383 8810 	msr	PRIMASK, r3
1000604e:	2800      	cmp	r0, #0
10006050:	d100      	bne.n	10006054 <tud_task_ext+0x60>
10006052:	e11b      	b.n	1000628c <tud_task_ext+0x298>
10006054:	7863      	ldrb	r3, [r4, #1]
10006056:	2b08      	cmp	r3, #8
10006058:	d8e2      	bhi.n	10006020 <tud_task_ext+0x2c>
1000605a:	009b      	lsls	r3, r3, #2
1000605c:	58fb      	ldr	r3, [r7, r3]
1000605e:	469f      	mov	pc, r3
10006060:	6863      	ldr	r3, [r4, #4]
10006062:	2b00      	cmp	r3, #0
10006064:	d0dc      	beq.n	10006020 <tud_task_ext+0x2c>
10006066:	68a0      	ldr	r0, [r4, #8]
10006068:	4798      	blx	r3
1000606a:	e7d9      	b.n	10006020 <tud_task_ext+0x2c>
1000606c:	227f      	movs	r2, #127	@ 0x7f
1000606e:	7921      	ldrb	r1, [r4, #4]
10006070:	4daf      	ldr	r5, [pc, #700]	@ (10006330 <tud_task_ext+0x33c>)
10006072:	400a      	ands	r2, r1
10006074:	0053      	lsls	r3, r2, #1
10006076:	18eb      	adds	r3, r5, r3
10006078:	4698      	mov	r8, r3
1000607a:	09c8      	lsrs	r0, r1, #7
1000607c:	4480      	add	r8, r0
1000607e:	4640      	mov	r0, r8
10006080:	2301      	movs	r3, #1
10006082:	3030      	adds	r0, #48	@ 0x30
10006084:	7905      	ldrb	r5, [r0, #4]
10006086:	439d      	bics	r5, r3
10006088:	7105      	strb	r5, [r0, #4]
1000608a:	7905      	ldrb	r5, [r0, #4]
1000608c:	3303      	adds	r3, #3
1000608e:	439d      	bics	r5, r3
10006090:	7105      	strb	r5, [r0, #4]
10006092:	2a00      	cmp	r2, #0
10006094:	d100      	bne.n	10006098 <tud_task_ext+0xa4>
10006096:	e100      	b.n	1000629a <tud_task_ext+0x2a6>
10006098:	4643      	mov	r3, r8
1000609a:	4aa7      	ldr	r2, [pc, #668]	@ (10006338 <tud_task_ext+0x344>)
1000609c:	7d1b      	ldrb	r3, [r3, #20]
1000609e:	7812      	ldrb	r2, [r2, #0]
100060a0:	4293      	cmp	r3, r2
100060a2:	d300      	bcc.n	100060a6 <tud_task_ext+0xb2>
100060a4:	e0ef      	b.n	10006286 <tud_task_ext+0x292>
100060a6:	4aa5      	ldr	r2, [pc, #660]	@ (1000633c <tud_task_ext+0x348>)
100060a8:	015b      	lsls	r3, r3, #5
100060aa:	6815      	ldr	r5, [r2, #0]
100060ac:	18ed      	adds	r5, r5, r3
100060ae:	2d00      	cmp	r5, #0
100060b0:	d100      	bne.n	100060b4 <tud_task_ext+0xc0>
100060b2:	e0eb      	b.n	1000628c <tud_task_ext+0x298>
100060b4:	68a3      	ldr	r3, [r4, #8]
100060b6:	7962      	ldrb	r2, [r4, #5]
100060b8:	7820      	ldrb	r0, [r4, #0]
100060ba:	69ad      	ldr	r5, [r5, #24]
100060bc:	47a8      	blx	r5
100060be:	e7af      	b.n	10006020 <tud_task_ext+0x2c>
100060c0:	4a9f      	ldr	r2, [pc, #636]	@ (10006340 <tud_task_ext+0x34c>)
100060c2:	7813      	ldrb	r3, [r2, #0]
100060c4:	2b00      	cmp	r3, #0
100060c6:	d100      	bne.n	100060ca <tud_task_ext+0xd6>
100060c8:	e0e0      	b.n	1000628c <tud_task_ext+0x298>
100060ca:	7813      	ldrb	r3, [r2, #0]
100060cc:	3b01      	subs	r3, #1
100060ce:	b2db      	uxtb	r3, r3
100060d0:	7013      	strb	r3, [r2, #0]
100060d2:	7813      	ldrb	r3, [r2, #0]
100060d4:	2b00      	cmp	r3, #0
100060d6:	d1a3      	bne.n	10006020 <tud_task_ext+0x2c>
100060d8:	2201      	movs	r2, #1
100060da:	4d95      	ldr	r5, [pc, #596]	@ (10006330 <tud_task_ext+0x33c>)
100060dc:	2101      	movs	r1, #1
100060de:	782b      	ldrb	r3, [r5, #0]
100060e0:	2004      	movs	r0, #4
100060e2:	4313      	orrs	r3, r2
100060e4:	702b      	strb	r3, [r5, #0]
100060e6:	2334      	movs	r3, #52	@ 0x34
100060e8:	5cea      	ldrb	r2, [r5, r3]
100060ea:	438a      	bics	r2, r1
100060ec:	54ea      	strb	r2, [r5, r3]
100060ee:	5cea      	ldrb	r2, [r5, r3]
100060f0:	4382      	bics	r2, r0
100060f2:	54ea      	strb	r2, [r5, r3]
100060f4:	3301      	adds	r3, #1
100060f6:	5cea      	ldrb	r2, [r5, r3]
100060f8:	438a      	bics	r2, r1
100060fa:	54ea      	strb	r2, [r5, r3]
100060fc:	5cea      	ldrb	r2, [r5, r3]
100060fe:	4382      	bics	r2, r0
10006100:	54ea      	strb	r2, [r5, r3]
10006102:	7823      	ldrb	r3, [r4, #0]
10006104:	2000      	movs	r0, #0
10006106:	469b      	mov	fp, r3
10006108:	f000 fc9e 	bl	10006a48 <usbd_control_set_complete_callback>
1000610c:	2260      	movs	r2, #96	@ 0x60
1000610e:	7923      	ldrb	r3, [r4, #4]
10006110:	401a      	ands	r2, r3
10006112:	2a60      	cmp	r2, #96	@ 0x60
10006114:	d100      	bne.n	10006118 <tud_task_ext+0x124>
10006116:	e0ef      	b.n	100062f8 <tud_task_ext+0x304>
10006118:	2a40      	cmp	r2, #64	@ 0x40
1000611a:	d100      	bne.n	1000611e <tud_task_ext+0x12a>
1000611c:	e0f5      	b.n	1000630a <tud_task_ext+0x316>
1000611e:	06db      	lsls	r3, r3, #27
10006120:	0edb      	lsrs	r3, r3, #27
10006122:	2b01      	cmp	r3, #1
10006124:	d100      	bne.n	10006128 <tud_task_ext+0x134>
10006126:	e113      	b.n	10006350 <tud_task_ext+0x35c>
10006128:	2b02      	cmp	r3, #2
1000612a:	d100      	bne.n	1000612e <tud_task_ext+0x13a>
1000612c:	e0c7      	b.n	100062be <tud_task_ext+0x2ca>
1000612e:	2b00      	cmp	r3, #0
10006130:	d000      	beq.n	10006134 <tud_task_ext+0x140>
10006132:	e0e1      	b.n	100062f8 <tud_task_ext+0x304>
10006134:	2a20      	cmp	r2, #32
10006136:	d100      	bne.n	1000613a <tud_task_ext+0x146>
10006138:	e21c      	b.n	10006574 <tud_task_ext+0x580>
1000613a:	2a00      	cmp	r2, #0
1000613c:	d000      	beq.n	10006140 <tud_task_ext+0x14c>
1000613e:	e0db      	b.n	100062f8 <tud_task_ext+0x304>
10006140:	7963      	ldrb	r3, [r4, #5]
10006142:	2b09      	cmp	r3, #9
10006144:	d900      	bls.n	10006148 <tud_task_ext+0x154>
10006146:	e0d7      	b.n	100062f8 <tud_task_ext+0x304>
10006148:	4a7e      	ldr	r2, [pc, #504]	@ (10006344 <tud_task_ext+0x350>)
1000614a:	009b      	lsls	r3, r3, #2
1000614c:	58d3      	ldr	r3, [r2, r3]
1000614e:	469f      	mov	pc, r3
10006150:	4d77      	ldr	r5, [pc, #476]	@ (10006330 <tud_task_ext+0x33c>)
10006152:	782b      	ldrb	r3, [r5, #0]
10006154:	07db      	lsls	r3, r3, #31
10006156:	d400      	bmi.n	1000615a <tud_task_ext+0x166>
10006158:	e762      	b.n	10006020 <tud_task_ext+0x2c>
1000615a:	f7ff febf 	bl	10005edc <tud_resume_cb>
1000615e:	e75f      	b.n	10006020 <tud_task_ext+0x2c>
10006160:	9b01      	ldr	r3, [sp, #4]
10006162:	78db      	ldrb	r3, [r3, #3]
10006164:	07db      	lsls	r3, r3, #31
10006166:	d400      	bmi.n	1000616a <tud_task_ext+0x176>
10006168:	e75a      	b.n	10006020 <tud_task_ext+0x2c>
1000616a:	6860      	ldr	r0, [r4, #4]
1000616c:	f7ff feaa 	bl	10005ec4 <tud_sof_cb>
10006170:	e756      	b.n	10006020 <tud_task_ext+0x2c>
10006172:	4d6f      	ldr	r5, [pc, #444]	@ (10006330 <tud_task_ext+0x33c>)
10006174:	782b      	ldrb	r3, [r5, #0]
10006176:	07db      	lsls	r3, r3, #31
10006178:	d400      	bmi.n	1000617c <tud_task_ext+0x188>
1000617a:	e751      	b.n	10006020 <tud_task_ext+0x2c>
1000617c:	7828      	ldrb	r0, [r5, #0]
1000617e:	0700      	lsls	r0, r0, #28
10006180:	0fc0      	lsrs	r0, r0, #31
10006182:	f7ff fea9 	bl	10005ed8 <tud_suspend_cb>
10006186:	e74b      	b.n	10006020 <tud_task_ext+0x2c>
10006188:	7823      	ldrb	r3, [r4, #0]
1000618a:	496a      	ldr	r1, [pc, #424]	@ (10006334 <tud_task_ext+0x340>)
1000618c:	4699      	mov	r9, r3
1000618e:	468b      	mov	fp, r1
10006190:	4b69      	ldr	r3, [pc, #420]	@ (10006338 <tud_task_ext+0x344>)
10006192:	496a      	ldr	r1, [pc, #424]	@ (1000633c <tud_task_ext+0x348>)
10006194:	4698      	mov	r8, r3
10006196:	468a      	mov	sl, r1
10006198:	0039      	movs	r1, r7
1000619a:	781a      	ldrb	r2, [r3, #0]
1000619c:	4647      	mov	r7, r8
1000619e:	2300      	movs	r3, #0
100061a0:	46b0      	mov	r8, r6
100061a2:	2500      	movs	r5, #0
100061a4:	464e      	mov	r6, r9
100061a6:	4689      	mov	r9, r1
100061a8:	e010      	b.n	100061cc <tud_task_ext+0x1d8>
100061aa:	4653      	mov	r3, sl
100061ac:	681b      	ldr	r3, [r3, #0]
100061ae:	016a      	lsls	r2, r5, #5
100061b0:	189b      	adds	r3, r3, r2
100061b2:	2b00      	cmp	r3, #0
100061b4:	d100      	bne.n	100061b8 <tud_task_ext+0x1c4>
100061b6:	e076      	b.n	100062a6 <tud_task_ext+0x2b2>
100061b8:	68db      	ldr	r3, [r3, #12]
100061ba:	0030      	movs	r0, r6
100061bc:	4798      	blx	r3
100061be:	783a      	ldrb	r2, [r7, #0]
100061c0:	3501      	adds	r5, #1
100061c2:	b2ed      	uxtb	r5, r5
100061c4:	1c51      	adds	r1, r2, #1
100061c6:	002b      	movs	r3, r5
100061c8:	428d      	cmp	r5, r1
100061ca:	dc44      	bgt.n	10006256 <tud_task_ext+0x262>
100061cc:	4295      	cmp	r5, r2
100061ce:	d3ec      	bcc.n	100061aa <tud_task_ext+0x1b6>
100061d0:	1a9b      	subs	r3, r3, r2
100061d2:	015b      	lsls	r3, r3, #5
100061d4:	445b      	add	r3, fp
100061d6:	e7ef      	b.n	100061b8 <tud_task_ext+0x1c4>
100061d8:	7823      	ldrb	r3, [r4, #0]
100061da:	4958      	ldr	r1, [pc, #352]	@ (1000633c <tud_task_ext+0x348>)
100061dc:	4699      	mov	r9, r3
100061de:	4b56      	ldr	r3, [pc, #344]	@ (10006338 <tud_task_ext+0x344>)
100061e0:	468a      	mov	sl, r1
100061e2:	4698      	mov	r8, r3
100061e4:	0031      	movs	r1, r6
100061e6:	46bb      	mov	fp, r7
100061e8:	464e      	mov	r6, r9
100061ea:	781a      	ldrb	r2, [r3, #0]
100061ec:	2500      	movs	r5, #0
100061ee:	2300      	movs	r3, #0
100061f0:	4647      	mov	r7, r8
100061f2:	4689      	mov	r9, r1
100061f4:	e00f      	b.n	10006216 <tud_task_ext+0x222>
100061f6:	4653      	mov	r3, sl
100061f8:	681b      	ldr	r3, [r3, #0]
100061fa:	016a      	lsls	r2, r5, #5
100061fc:	189b      	adds	r3, r3, r2
100061fe:	2b00      	cmp	r3, #0
10006200:	d055      	beq.n	100062ae <tud_task_ext+0x2ba>
10006202:	68db      	ldr	r3, [r3, #12]
10006204:	0030      	movs	r0, r6
10006206:	4798      	blx	r3
10006208:	783a      	ldrb	r2, [r7, #0]
1000620a:	3501      	adds	r5, #1
1000620c:	b2ed      	uxtb	r5, r5
1000620e:	1c51      	adds	r1, r2, #1
10006210:	002b      	movs	r3, r5
10006212:	428d      	cmp	r5, r1
10006214:	dc07      	bgt.n	10006226 <tud_task_ext+0x232>
10006216:	4295      	cmp	r5, r2
10006218:	d3ed      	bcc.n	100061f6 <tud_task_ext+0x202>
1000621a:	1a9b      	subs	r3, r3, r2
1000621c:	9a00      	ldr	r2, [sp, #0]
1000621e:	015b      	lsls	r3, r3, #5
10006220:	4694      	mov	ip, r2
10006222:	4463      	add	r3, ip
10006224:	e7ed      	b.n	10006202 <tud_task_ext+0x20e>
10006226:	9d01      	ldr	r5, [sp, #4]
10006228:	2254      	movs	r2, #84	@ 0x54
1000622a:	2100      	movs	r1, #0
1000622c:	0028      	movs	r0, r5
1000622e:	f7fd f9a1 	bl	10003574 <__wrap_memset>
10006232:	2210      	movs	r2, #16
10006234:	21ff      	movs	r1, #255	@ 0xff
10006236:	4844      	ldr	r0, [pc, #272]	@ (10006348 <tud_task_ext+0x354>)
10006238:	f7fd f99c 	bl	10003574 <__wrap_memset>
1000623c:	0028      	movs	r0, r5
1000623e:	2220      	movs	r2, #32
10006240:	21ff      	movs	r1, #255	@ 0xff
10006242:	3014      	adds	r0, #20
10006244:	464e      	mov	r6, r9
10006246:	465f      	mov	r7, fp
10006248:	f7fd f994 	bl	10003574 <__wrap_memset>
1000624c:	f000 fbf2 	bl	10006a34 <usbd_control_reset>
10006250:	f7ff fe40 	bl	10005ed4 <tud_umount_cb>
10006254:	e6e4      	b.n	10006020 <tud_task_ext+0x2c>
10006256:	4d36      	ldr	r5, [pc, #216]	@ (10006330 <tud_task_ext+0x33c>)
10006258:	2254      	movs	r2, #84	@ 0x54
1000625a:	2100      	movs	r1, #0
1000625c:	0028      	movs	r0, r5
1000625e:	f7fd f989 	bl	10003574 <__wrap_memset>
10006262:	2210      	movs	r2, #16
10006264:	21ff      	movs	r1, #255	@ 0xff
10006266:	1d28      	adds	r0, r5, #4
10006268:	f7fd f984 	bl	10003574 <__wrap_memset>
1000626c:	0028      	movs	r0, r5
1000626e:	2220      	movs	r2, #32
10006270:	21ff      	movs	r1, #255	@ 0xff
10006272:	3014      	adds	r0, #20
10006274:	4646      	mov	r6, r8
10006276:	464f      	mov	r7, r9
10006278:	f7fd f97c 	bl	10003574 <__wrap_memset>
1000627c:	f000 fbda 	bl	10006a34 <usbd_control_reset>
10006280:	7923      	ldrb	r3, [r4, #4]
10006282:	70ab      	strb	r3, [r5, #2]
10006284:	e6cc      	b.n	10006020 <tud_task_ext+0x2c>
10006286:	1c50      	adds	r0, r2, #1
10006288:	4298      	cmp	r0, r3
1000628a:	da13      	bge.n	100062b4 <tud_task_ext+0x2c0>
1000628c:	b011      	add	sp, #68	@ 0x44
1000628e:	bcf0      	pop	{r4, r5, r6, r7}
10006290:	46bb      	mov	fp, r7
10006292:	46b2      	mov	sl, r6
10006294:	46a9      	mov	r9, r5
10006296:	46a0      	mov	r8, r4
10006298:	bdf0      	pop	{r4, r5, r6, r7, pc}
1000629a:	68a3      	ldr	r3, [r4, #8]
1000629c:	7962      	ldrb	r2, [r4, #5]
1000629e:	7820      	ldrb	r0, [r4, #0]
100062a0:	f000 fbe6 	bl	10006a70 <usbd_control_xfer_cb>
100062a4:	e6bc      	b.n	10006020 <tud_task_ext+0x2c>
100062a6:	4646      	mov	r6, r8
100062a8:	464f      	mov	r7, r9
100062aa:	4d21      	ldr	r5, [pc, #132]	@ (10006330 <tud_task_ext+0x33c>)
100062ac:	e7e6      	b.n	1000627c <tud_task_ext+0x288>
100062ae:	464e      	mov	r6, r9
100062b0:	465f      	mov	r7, fp
100062b2:	e7cb      	b.n	1000624c <tud_task_ext+0x258>
100062b4:	4d1f      	ldr	r5, [pc, #124]	@ (10006334 <tud_task_ext+0x340>)
100062b6:	1a9b      	subs	r3, r3, r2
100062b8:	015b      	lsls	r3, r3, #5
100062ba:	195d      	adds	r5, r3, r5
100062bc:	e6fa      	b.n	100060b4 <tud_task_ext+0xc0>
100062be:	2370      	movs	r3, #112	@ 0x70
100062c0:	7a21      	ldrb	r1, [r4, #8]
100062c2:	420b      	tst	r3, r1
100062c4:	d118      	bne.n	100062f8 <tud_task_ext+0x304>
100062c6:	09c8      	lsrs	r0, r1, #7
100062c8:	4682      	mov	sl, r0
100062ca:	330f      	adds	r3, #15
100062cc:	400b      	ands	r3, r1
100062ce:	005b      	lsls	r3, r3, #1
100062d0:	4698      	mov	r8, r3
100062d2:	4819      	ldr	r0, [pc, #100]	@ (10006338 <tud_task_ext+0x344>)
100062d4:	18eb      	adds	r3, r5, r3
100062d6:	4453      	add	r3, sl
100062d8:	7d1b      	ldrb	r3, [r3, #20]
100062da:	7800      	ldrb	r0, [r0, #0]
100062dc:	4699      	mov	r9, r3
100062de:	4283      	cmp	r3, r0
100062e0:	d266      	bcs.n	100063b0 <tud_task_ext+0x3bc>
100062e2:	4816      	ldr	r0, [pc, #88]	@ (1000633c <tud_task_ext+0x348>)
100062e4:	015b      	lsls	r3, r3, #5
100062e6:	6800      	ldr	r0, [r0, #0]
100062e8:	4681      	mov	r9, r0
100062ea:	4499      	add	r9, r3
100062ec:	2a00      	cmp	r2, #0
100062ee:	d100      	bne.n	100062f2 <tud_task_ext+0x2fe>
100062f0:	e15f      	b.n	100065b2 <tud_task_ext+0x5be>
100062f2:	464b      	mov	r3, r9
100062f4:	2b00      	cmp	r3, #0
100062f6:	d168      	bne.n	100063ca <tud_task_ext+0x3d6>
100062f8:	7820      	ldrb	r0, [r4, #0]
100062fa:	2100      	movs	r1, #0
100062fc:	f7ff fd6a 	bl	10005dd4 <dcd_edpt_stall>
10006300:	2180      	movs	r1, #128	@ 0x80
10006302:	7820      	ldrb	r0, [r4, #0]
10006304:	f7ff fd66 	bl	10005dd4 <dcd_edpt_stall>
10006308:	e68a      	b.n	10006020 <tud_task_ext+0x2c>
1000630a:	4810      	ldr	r0, [pc, #64]	@ (1000634c <tud_task_ext+0x358>)
1000630c:	f000 fb9c 	bl	10006a48 <usbd_control_set_complete_callback>
10006310:	2101      	movs	r1, #1
10006312:	4658      	mov	r0, fp
10006314:	aa0e      	add	r2, sp, #56	@ 0x38
10006316:	f7ff f8cd 	bl	100054b4 <tud_vendor_control_xfer_cb>
1000631a:	2800      	cmp	r0, #0
1000631c:	d000      	beq.n	10006320 <tud_task_ext+0x32c>
1000631e:	e67f      	b.n	10006020 <tud_task_ext+0x2c>
10006320:	e7ea      	b.n	100062f8 <tud_task_ext+0x304>
10006322:	46c0      	nop			@ (mov r8, r8)
10006324:	2000110c 	.word	0x2000110c
10006328:	1000b6b0 	.word	0x1000b6b0
1000632c:	20002a94 	.word	0x20002a94
10006330:	20002a3c 	.word	0x20002a3c
10006334:	1000b758 	.word	0x1000b758
10006338:	20004cf5 	.word	0x20004cf5
1000633c:	2000288c 	.word	0x2000288c
10006340:	20004cf7 	.word	0x20004cf7
10006344:	1000b6d4 	.word	0x1000b6d4
10006348:	20002a40 	.word	0x20002a40
1000634c:	100054b5 	.word	0x100054b5
10006350:	7a23      	ldrb	r3, [r4, #8]
10006352:	2b0f      	cmp	r3, #15
10006354:	d8d0      	bhi.n	100062f8 <tud_task_ext+0x304>
10006356:	4acf      	ldr	r2, [pc, #828]	@ (10006694 <tud_task_ext+0x6a0>)
10006358:	18eb      	adds	r3, r5, r3
1000635a:	791b      	ldrb	r3, [r3, #4]
1000635c:	7815      	ldrb	r5, [r2, #0]
1000635e:	42ab      	cmp	r3, r5
10006360:	d33e      	bcc.n	100063e0 <tud_task_ext+0x3ec>
10006362:	1c69      	adds	r1, r5, #1
10006364:	4299      	cmp	r1, r3
10006366:	dbc7      	blt.n	100062f8 <tud_task_ext+0x304>
10006368:	1b5d      	subs	r5, r3, r5
1000636a:	4bcb      	ldr	r3, [pc, #812]	@ (10006698 <tud_task_ext+0x6a4>)
1000636c:	016d      	lsls	r5, r5, #5
1000636e:	18ed      	adds	r5, r5, r3
10006370:	6968      	ldr	r0, [r5, #20]
10006372:	f000 fb69 	bl	10006a48 <usbd_control_set_complete_callback>
10006376:	2101      	movs	r1, #1
10006378:	4658      	mov	r0, fp
1000637a:	696b      	ldr	r3, [r5, #20]
1000637c:	aa0e      	add	r2, sp, #56	@ 0x38
1000637e:	4798      	blx	r3
10006380:	2800      	cmp	r0, #0
10006382:	d000      	beq.n	10006386 <tud_task_ext+0x392>
10006384:	e64c      	b.n	10006020 <tud_task_ext+0x2c>
10006386:	2260      	movs	r2, #96	@ 0x60
10006388:	0015      	movs	r5, r2
1000638a:	7923      	ldrb	r3, [r4, #4]
1000638c:	401d      	ands	r5, r3
1000638e:	421a      	tst	r2, r3
10006390:	d1b2      	bne.n	100062f8 <tud_task_ext+0x304>
10006392:	7963      	ldrb	r3, [r4, #5]
10006394:	3b0a      	subs	r3, #10
10006396:	2b01      	cmp	r3, #1
10006398:	d8ae      	bhi.n	100062f8 <tud_task_ext+0x304>
1000639a:	f000 fb55 	bl	10006a48 <usbd_control_set_complete_callback>
1000639e:	7963      	ldrb	r3, [r4, #5]
100063a0:	2b0a      	cmp	r3, #10
100063a2:	d100      	bne.n	100063a6 <tud_task_ext+0x3b2>
100063a4:	e199      	b.n	100066da <tud_task_ext+0x6e6>
100063a6:	4658      	mov	r0, fp
100063a8:	a90e      	add	r1, sp, #56	@ 0x38
100063aa:	f000 fad9 	bl	10006960 <tud_control_status>
100063ae:	e637      	b.n	10006020 <tud_task_ext+0x2c>
100063b0:	1c43      	adds	r3, r0, #1
100063b2:	454b      	cmp	r3, r9
100063b4:	da00      	bge.n	100063b8 <tud_task_ext+0x3c4>
100063b6:	e0f7      	b.n	100065a8 <tud_task_ext+0x5b4>
100063b8:	464b      	mov	r3, r9
100063ba:	1a1b      	subs	r3, r3, r0
100063bc:	015b      	lsls	r3, r3, #5
100063be:	4699      	mov	r9, r3
100063c0:	48b5      	ldr	r0, [pc, #724]	@ (10006698 <tud_task_ext+0x6a4>)
100063c2:	4481      	add	r9, r0
100063c4:	2a00      	cmp	r2, #0
100063c6:	d100      	bne.n	100063ca <tud_task_ext+0x3d6>
100063c8:	e0f3      	b.n	100065b2 <tud_task_ext+0x5be>
100063ca:	464b      	mov	r3, r9
100063cc:	6958      	ldr	r0, [r3, #20]
100063ce:	f000 fb3b 	bl	10006a48 <usbd_control_set_complete_callback>
100063d2:	464b      	mov	r3, r9
100063d4:	2101      	movs	r1, #1
100063d6:	4658      	mov	r0, fp
100063d8:	695b      	ldr	r3, [r3, #20]
100063da:	aa0e      	add	r2, sp, #56	@ 0x38
100063dc:	4798      	blx	r3
100063de:	e79c      	b.n	1000631a <tud_task_ext+0x326>
100063e0:	4aae      	ldr	r2, [pc, #696]	@ (1000669c <tud_task_ext+0x6a8>)
100063e2:	015b      	lsls	r3, r3, #5
100063e4:	6815      	ldr	r5, [r2, #0]
100063e6:	18ed      	adds	r5, r5, r3
100063e8:	2d00      	cmp	r5, #0
100063ea:	d1c1      	bne.n	10006370 <tud_task_ext+0x37c>
100063ec:	e784      	b.n	100062f8 <tud_task_ext+0x304>
100063ee:	79a3      	ldrb	r3, [r4, #6]
100063f0:	4699      	mov	r9, r3
100063f2:	786b      	ldrb	r3, [r5, #1]
100063f4:	4599      	cmp	r9, r3
100063f6:	d0d6      	beq.n	100063a6 <tud_task_ext+0x3b2>
100063f8:	786b      	ldrb	r3, [r5, #1]
100063fa:	2b00      	cmp	r3, #0
100063fc:	d000      	beq.n	10006400 <tud_task_ext+0x40c>
100063fe:	e133      	b.n	10006668 <tud_task_ext+0x674>
10006400:	464b      	mov	r3, r9
10006402:	706b      	strb	r3, [r5, #1]
10006404:	2b00      	cmp	r3, #0
10006406:	d100      	bne.n	1000640a <tud_task_ext+0x416>
10006408:	e12b      	b.n	10006662 <tud_task_ext+0x66e>
1000640a:	4648      	mov	r0, r9
1000640c:	3801      	subs	r0, #1
1000640e:	b2c0      	uxtb	r0, r0
10006410:	f7ff fa92 	bl	10005938 <tud_descriptor_configuration_cb>
10006414:	2800      	cmp	r0, #0
10006416:	d100      	bne.n	1000641a <tud_task_ext+0x426>
10006418:	e17e      	b.n	10006718 <tud_task_ext+0x724>
1000641a:	7843      	ldrb	r3, [r0, #1]
1000641c:	9307      	str	r3, [sp, #28]
1000641e:	2b02      	cmp	r3, #2
10006420:	d000      	beq.n	10006424 <tud_task_ext+0x430>
10006422:	e179      	b.n	10006718 <tud_task_ext+0x724>
10006424:	2201      	movs	r2, #1
10006426:	79c1      	ldrb	r1, [r0, #7]
10006428:	46b1      	mov	r9, r6
1000642a:	118b      	asrs	r3, r1, #6
1000642c:	1149      	asrs	r1, r1, #5
1000642e:	4013      	ands	r3, r2
10006430:	400a      	ands	r2, r1
10006432:	2130      	movs	r1, #48	@ 0x30
10006434:	0112      	lsls	r2, r2, #4
10006436:	015b      	lsls	r3, r3, #5
10006438:	4313      	orrs	r3, r2
1000643a:	782a      	ldrb	r2, [r5, #0]
1000643c:	46a8      	mov	r8, r5
1000643e:	438a      	bics	r2, r1
10006440:	4313      	orrs	r3, r2
10006442:	702b      	strb	r3, [r5, #0]
10006444:	2309      	movs	r3, #9
10006446:	469a      	mov	sl, r3
10006448:	4482      	add	sl, r0
1000644a:	4656      	mov	r6, sl
1000644c:	46ba      	mov	sl, r7
1000644e:	78c3      	ldrb	r3, [r0, #3]
10006450:	7882      	ldrb	r2, [r0, #2]
10006452:	021b      	lsls	r3, r3, #8
10006454:	4313      	orrs	r3, r2
10006456:	18c3      	adds	r3, r0, r3
10006458:	9305      	str	r3, [sp, #20]
1000645a:	4b8e      	ldr	r3, [pc, #568]	@ (10006694 <tud_task_ext+0x6a0>)
1000645c:	9304      	str	r3, [sp, #16]
1000645e:	4b8e      	ldr	r3, [pc, #568]	@ (10006698 <tud_task_ext+0x6a4>)
10006460:	9308      	str	r3, [sp, #32]
10006462:	4b8e      	ldr	r3, [pc, #568]	@ (1000669c <tud_task_ext+0x6a8>)
10006464:	9309      	str	r3, [sp, #36]	@ 0x24
10006466:	4b8e      	ldr	r3, [pc, #568]	@ (100066a0 <tud_task_ext+0x6ac>)
10006468:	930a      	str	r3, [sp, #40]	@ 0x28
1000646a:	9b05      	ldr	r3, [sp, #20]
1000646c:	42b3      	cmp	r3, r6
1000646e:	d800      	bhi.n	10006472 <tud_task_ext+0x47e>
10006470:	e155      	b.n	1000671e <tud_task_ext+0x72a>
10006472:	7873      	ldrb	r3, [r6, #1]
10006474:	2201      	movs	r2, #1
10006476:	2b0b      	cmp	r3, #11
10006478:	d103      	bne.n	10006482 <tud_task_ext+0x48e>
1000647a:	7833      	ldrb	r3, [r6, #0]
1000647c:	78f2      	ldrb	r2, [r6, #3]
1000647e:	18f6      	adds	r6, r6, r3
10006480:	7873      	ldrb	r3, [r6, #1]
10006482:	2b04      	cmp	r3, #4
10006484:	d000      	beq.n	10006488 <tud_task_ext+0x494>
10006486:	e144      	b.n	10006712 <tud_task_ext+0x71e>
10006488:	9b05      	ldr	r3, [sp, #20]
1000648a:	2700      	movs	r7, #0
1000648c:	1b9b      	subs	r3, r3, r6
1000648e:	b29b      	uxth	r3, r3
10006490:	9306      	str	r3, [sp, #24]
10006492:	9b04      	ldr	r3, [sp, #16]
10006494:	920b      	str	r2, [sp, #44]	@ 0x2c
10006496:	781d      	ldrb	r5, [r3, #0]
10006498:	2300      	movs	r3, #0
1000649a:	9303      	str	r3, [sp, #12]
1000649c:	e01b      	b.n	100064d6 <tud_task_ext+0x4e2>
1000649e:	9a09      	ldr	r2, [sp, #36]	@ 0x24
100064a0:	017b      	lsls	r3, r7, #5
100064a2:	6815      	ldr	r5, [r2, #0]
100064a4:	18ed      	adds	r5, r5, r3
100064a6:	2d00      	cmp	r5, #0
100064a8:	d100      	bne.n	100064ac <tud_task_ext+0x4b8>
100064aa:	e132      	b.n	10006712 <tud_task_ext+0x71e>
100064ac:	0031      	movs	r1, r6
100064ae:	4658      	mov	r0, fp
100064b0:	692b      	ldr	r3, [r5, #16]
100064b2:	9a06      	ldr	r2, [sp, #24]
100064b4:	4798      	blx	r3
100064b6:	4684      	mov	ip, r0
100064b8:	2808      	cmp	r0, #8
100064ba:	d903      	bls.n	100064c4 <tud_task_ext+0x4d0>
100064bc:	9a06      	ldr	r2, [sp, #24]
100064be:	4282      	cmp	r2, r0
100064c0:	d300      	bcc.n	100064c4 <tud_task_ext+0x4d0>
100064c2:	e113      	b.n	100066ec <tud_task_ext+0x6f8>
100064c4:	9b04      	ldr	r3, [sp, #16]
100064c6:	3701      	adds	r7, #1
100064c8:	781d      	ldrb	r5, [r3, #0]
100064ca:	b2ff      	uxtb	r7, r7
100064cc:	1c6b      	adds	r3, r5, #1
100064ce:	9703      	str	r7, [sp, #12]
100064d0:	429f      	cmp	r7, r3
100064d2:	dd00      	ble.n	100064d6 <tud_task_ext+0x4e2>
100064d4:	e11d      	b.n	10006712 <tud_task_ext+0x71e>
100064d6:	42bd      	cmp	r5, r7
100064d8:	d8e1      	bhi.n	1000649e <tud_task_ext+0x4aa>
100064da:	9b03      	ldr	r3, [sp, #12]
100064dc:	1b5d      	subs	r5, r3, r5
100064de:	9b08      	ldr	r3, [sp, #32]
100064e0:	016d      	lsls	r5, r5, #5
100064e2:	469c      	mov	ip, r3
100064e4:	4465      	add	r5, ip
100064e6:	e7e1      	b.n	100064ac <tud_task_ext+0x4b8>
100064e8:	786b      	ldrb	r3, [r5, #1]
100064ea:	aa0c      	add	r2, sp, #48	@ 0x30
100064ec:	3202      	adds	r2, #2
100064ee:	7013      	strb	r3, [r2, #0]
100064f0:	4658      	mov	r0, fp
100064f2:	2301      	movs	r3, #1
100064f4:	a90e      	add	r1, sp, #56	@ 0x38
100064f6:	f000 fa49 	bl	1000698c <tud_control_xfer>
100064fa:	e591      	b.n	10006020 <tud_task_ext+0x2c>
100064fc:	88e3      	ldrh	r3, [r4, #6]
100064fe:	0a1a      	lsrs	r2, r3, #8
10006500:	b2d8      	uxtb	r0, r3
10006502:	2a0f      	cmp	r2, #15
10006504:	d900      	bls.n	10006508 <tud_task_ext+0x514>
10006506:	e6f7      	b.n	100062f8 <tud_task_ext+0x304>
10006508:	4966      	ldr	r1, [pc, #408]	@ (100066a4 <tud_task_ext+0x6b0>)
1000650a:	0093      	lsls	r3, r2, #2
1000650c:	58cb      	ldr	r3, [r1, r3]
1000650e:	469f      	mov	pc, r3
10006510:	a80e      	add	r0, sp, #56	@ 0x38
10006512:	f000 fa9f 	bl	10006a54 <usbd_control_set_request>
10006516:	4658      	mov	r0, fp
10006518:	79a1      	ldrb	r1, [r4, #6]
1000651a:	f7ff fb95 	bl	10005c48 <dcd_set_address>
1000651e:	2202      	movs	r2, #2
10006520:	782b      	ldrb	r3, [r5, #0]
10006522:	4313      	orrs	r3, r2
10006524:	702b      	strb	r3, [r5, #0]
10006526:	e57b      	b.n	10006020 <tud_task_ext+0x2c>
10006528:	88e3      	ldrh	r3, [r4, #6]
1000652a:	2b01      	cmp	r3, #1
1000652c:	d000      	beq.n	10006530 <tud_task_ext+0x53c>
1000652e:	e6e3      	b.n	100062f8 <tud_task_ext+0x304>
10006530:	2208      	movs	r2, #8
10006532:	782b      	ldrb	r3, [r5, #0]
10006534:	4658      	mov	r0, fp
10006536:	4393      	bics	r3, r2
10006538:	a90e      	add	r1, sp, #56	@ 0x38
1000653a:	702b      	strb	r3, [r5, #0]
1000653c:	f000 fa10 	bl	10006960 <tud_control_status>
10006540:	e56e      	b.n	10006020 <tud_task_ext+0x2c>
10006542:	2002      	movs	r0, #2
10006544:	7829      	ldrb	r1, [r5, #0]
10006546:	ab0c      	add	r3, sp, #48	@ 0x30
10006548:	1c9a      	adds	r2, r3, #2
1000654a:	068b      	lsls	r3, r1, #26
1000654c:	0889      	lsrs	r1, r1, #2
1000654e:	0fdb      	lsrs	r3, r3, #31
10006550:	4001      	ands	r1, r0
10006552:	430b      	orrs	r3, r1
10006554:	8013      	strh	r3, [r2, #0]
10006556:	4658      	mov	r0, fp
10006558:	2302      	movs	r3, #2
1000655a:	a90e      	add	r1, sp, #56	@ 0x38
1000655c:	f000 fa16 	bl	1000698c <tud_control_xfer>
10006560:	e55e      	b.n	10006020 <tud_task_ext+0x2c>
10006562:	88e3      	ldrh	r3, [r4, #6]
10006564:	2b01      	cmp	r3, #1
10006566:	d000      	beq.n	1000656a <tud_task_ext+0x576>
10006568:	e6c6      	b.n	100062f8 <tud_task_ext+0x304>
1000656a:	2208      	movs	r2, #8
1000656c:	782b      	ldrb	r3, [r5, #0]
1000656e:	4313      	orrs	r3, r2
10006570:	702b      	strb	r3, [r5, #0]
10006572:	e718      	b.n	100063a6 <tud_task_ext+0x3b2>
10006574:	7a23      	ldrb	r3, [r4, #8]
10006576:	2b0f      	cmp	r3, #15
10006578:	d900      	bls.n	1000657c <tud_task_ext+0x588>
1000657a:	e6bd      	b.n	100062f8 <tud_task_ext+0x304>
1000657c:	18eb      	adds	r3, r5, r3
1000657e:	791d      	ldrb	r5, [r3, #4]
10006580:	4b44      	ldr	r3, [pc, #272]	@ (10006694 <tud_task_ext+0x6a0>)
10006582:	781b      	ldrb	r3, [r3, #0]
10006584:	429d      	cmp	r5, r3
10006586:	d228      	bcs.n	100065da <tud_task_ext+0x5e6>
10006588:	4b44      	ldr	r3, [pc, #272]	@ (1000669c <tud_task_ext+0x6a8>)
1000658a:	016d      	lsls	r5, r5, #5
1000658c:	681b      	ldr	r3, [r3, #0]
1000658e:	195d      	adds	r5, r3, r5
10006590:	2d00      	cmp	r5, #0
10006592:	d100      	bne.n	10006596 <tud_task_ext+0x5a2>
10006594:	e6b0      	b.n	100062f8 <tud_task_ext+0x304>
10006596:	6968      	ldr	r0, [r5, #20]
10006598:	f000 fa56 	bl	10006a48 <usbd_control_set_complete_callback>
1000659c:	2101      	movs	r1, #1
1000659e:	4658      	mov	r0, fp
100065a0:	696b      	ldr	r3, [r5, #20]
100065a2:	aa0e      	add	r2, sp, #56	@ 0x38
100065a4:	4798      	blx	r3
100065a6:	e6b8      	b.n	1000631a <tud_task_ext+0x326>
100065a8:	2a00      	cmp	r2, #0
100065aa:	d000      	beq.n	100065ae <tud_task_ext+0x5ba>
100065ac:	e6a4      	b.n	100062f8 <tud_task_ext+0x304>
100065ae:	2300      	movs	r3, #0
100065b0:	4699      	mov	r9, r3
100065b2:	7962      	ldrb	r2, [r4, #5]
100065b4:	2002      	movs	r0, #2
100065b6:	0013      	movs	r3, r2
100065b8:	9203      	str	r2, [sp, #12]
100065ba:	4383      	bics	r3, r0
100065bc:	2b01      	cmp	r3, #1
100065be:	d015      	beq.n	100065ec <tud_task_ext+0x5f8>
100065c0:	2a00      	cmp	r2, #0
100065c2:	d000      	beq.n	100065c6 <tud_task_ext+0x5d2>
100065c4:	e698      	b.n	100062f8 <tud_task_ext+0x304>
100065c6:	002b      	movs	r3, r5
100065c8:	4443      	add	r3, r8
100065ca:	4453      	add	r3, sl
100065cc:	3330      	adds	r3, #48	@ 0x30
100065ce:	791b      	ldrb	r3, [r3, #4]
100065d0:	aa0c      	add	r2, sp, #48	@ 0x30
100065d2:	079b      	lsls	r3, r3, #30
100065d4:	0fdb      	lsrs	r3, r3, #31
100065d6:	3202      	adds	r2, #2
100065d8:	e7bc      	b.n	10006554 <tud_task_ext+0x560>
100065da:	1c5a      	adds	r2, r3, #1
100065dc:	42aa      	cmp	r2, r5
100065de:	da00      	bge.n	100065e2 <tud_task_ext+0x5ee>
100065e0:	e68a      	b.n	100062f8 <tud_task_ext+0x304>
100065e2:	1aed      	subs	r5, r5, r3
100065e4:	4b2c      	ldr	r3, [pc, #176]	@ (10006698 <tud_task_ext+0x6a4>)
100065e6:	016d      	lsls	r5, r5, #5
100065e8:	18ed      	adds	r5, r5, r3
100065ea:	e7d4      	b.n	10006596 <tud_task_ext+0x5a2>
100065ec:	88e3      	ldrh	r3, [r4, #6]
100065ee:	2b00      	cmp	r3, #0
100065f0:	d112      	bne.n	10006618 <tud_task_ext+0x624>
100065f2:	9b02      	ldr	r3, [sp, #8]
100065f4:	7818      	ldrb	r0, [r3, #0]
100065f6:	9b03      	ldr	r3, [sp, #12]
100065f8:	2b01      	cmp	r3, #1
100065fa:	d023      	beq.n	10006644 <tud_task_ext+0x650>
100065fc:	f7ff fbea 	bl	10005dd4 <dcd_edpt_stall>
10006600:	4643      	mov	r3, r8
10006602:	2102      	movs	r1, #2
10006604:	18eb      	adds	r3, r5, r3
10006606:	4453      	add	r3, sl
10006608:	3330      	adds	r3, #48	@ 0x30
1000660a:	791a      	ldrb	r2, [r3, #4]
1000660c:	430a      	orrs	r2, r1
1000660e:	2101      	movs	r1, #1
10006610:	711a      	strb	r2, [r3, #4]
10006612:	791a      	ldrb	r2, [r3, #4]
10006614:	430a      	orrs	r2, r1
10006616:	711a      	strb	r2, [r3, #4]
10006618:	464b      	mov	r3, r9
1000661a:	2b00      	cmp	r3, #0
1000661c:	d100      	bne.n	10006620 <tud_task_ext+0x62c>
1000661e:	e4ff      	b.n	10006020 <tud_task_ext+0x2c>
10006620:	6958      	ldr	r0, [r3, #20]
10006622:	f000 fa11 	bl	10006a48 <usbd_control_set_complete_callback>
10006626:	464b      	mov	r3, r9
10006628:	2101      	movs	r1, #1
1000662a:	695b      	ldr	r3, [r3, #20]
1000662c:	aa0e      	add	r2, sp, #56	@ 0x38
1000662e:	4658      	mov	r0, fp
10006630:	4798      	blx	r3
10006632:	2000      	movs	r0, #0
10006634:	f000 fa08 	bl	10006a48 <usbd_control_set_complete_callback>
10006638:	2335      	movs	r3, #53	@ 0x35
1000663a:	5ceb      	ldrb	r3, [r5, r3]
1000663c:	07db      	lsls	r3, r3, #31
1000663e:	d500      	bpl.n	10006642 <tud_task_ext+0x64e>
10006640:	e4ee      	b.n	10006020 <tud_task_ext+0x2c>
10006642:	e6b0      	b.n	100063a6 <tud_task_ext+0x3b2>
10006644:	f7ff fbe4 	bl	10005e10 <dcd_edpt_clear_stall>
10006648:	4643      	mov	r3, r8
1000664a:	2102      	movs	r1, #2
1000664c:	18eb      	adds	r3, r5, r3
1000664e:	4453      	add	r3, sl
10006650:	3330      	adds	r3, #48	@ 0x30
10006652:	791a      	ldrb	r2, [r3, #4]
10006654:	438a      	bics	r2, r1
10006656:	711a      	strb	r2, [r3, #4]
10006658:	791a      	ldrb	r2, [r3, #4]
1000665a:	9903      	ldr	r1, [sp, #12]
1000665c:	438a      	bics	r2, r1
1000665e:	711a      	strb	r2, [r3, #4]
10006660:	e7da      	b.n	10006618 <tud_task_ext+0x624>
10006662:	f7ff fc37 	bl	10005ed4 <tud_umount_cb>
10006666:	e69e      	b.n	100063a6 <tud_task_ext+0x3b2>
10006668:	2100      	movs	r1, #0
1000666a:	4658      	mov	r0, fp
1000666c:	f7ff faf6 	bl	10005c5c <dcd_sof_enable>
10006670:	4658      	mov	r0, fp
10006672:	f7ff fb99 	bl	10005da8 <dcd_edpt_close_all>
10006676:	78ab      	ldrb	r3, [r5, #2]
10006678:	4907      	ldr	r1, [pc, #28]	@ (10006698 <tud_task_ext+0x6a4>)
1000667a:	9303      	str	r3, [sp, #12]
1000667c:	9104      	str	r1, [sp, #16]
1000667e:	4b05      	ldr	r3, [pc, #20]	@ (10006694 <tud_task_ext+0x6a0>)
10006680:	4906      	ldr	r1, [pc, #24]	@ (1000669c <tud_task_ext+0x6a8>)
10006682:	4698      	mov	r8, r3
10006684:	781a      	ldrb	r2, [r3, #0]
10006686:	9105      	str	r1, [sp, #20]
10006688:	2300      	movs	r3, #0
1000668a:	0029      	movs	r1, r5
1000668c:	001d      	movs	r5, r3
1000668e:	468a      	mov	sl, r1
10006690:	e01b      	b.n	100066ca <tud_task_ext+0x6d6>
10006692:	46c0      	nop			@ (mov r8, r8)
10006694:	20004cf5 	.word	0x20004cf5
10006698:	1000b758 	.word	0x1000b758
1000669c:	2000288c 	.word	0x2000288c
100066a0:	20002a50 	.word	0x20002a50
100066a4:	1000b6fc 	.word	0x1000b6fc
100066a8:	9b05      	ldr	r3, [sp, #20]
100066aa:	016a      	lsls	r2, r5, #5
100066ac:	681b      	ldr	r3, [r3, #0]
100066ae:	189b      	adds	r3, r3, r2
100066b0:	2b00      	cmp	r3, #0
100066b2:	d04d      	beq.n	10006750 <tud_task_ext+0x75c>
100066b4:	68db      	ldr	r3, [r3, #12]
100066b6:	4658      	mov	r0, fp
100066b8:	4798      	blx	r3
100066ba:	4643      	mov	r3, r8
100066bc:	781a      	ldrb	r2, [r3, #0]
100066be:	3501      	adds	r5, #1
100066c0:	b2ed      	uxtb	r5, r5
100066c2:	1c51      	adds	r1, r2, #1
100066c4:	002b      	movs	r3, r5
100066c6:	428d      	cmp	r5, r1
100066c8:	dc2e      	bgt.n	10006728 <tud_task_ext+0x734>
100066ca:	4295      	cmp	r5, r2
100066cc:	d3ec      	bcc.n	100066a8 <tud_task_ext+0x6b4>
100066ce:	1a9b      	subs	r3, r3, r2
100066d0:	9a04      	ldr	r2, [sp, #16]
100066d2:	015b      	lsls	r3, r3, #5
100066d4:	4694      	mov	ip, r2
100066d6:	4463      	add	r3, ip
100066d8:	e7ec      	b.n	100066b4 <tud_task_ext+0x6c0>
100066da:	ab0c      	add	r3, sp, #48	@ 0x30
100066dc:	1c9a      	adds	r2, r3, #2
100066de:	4658      	mov	r0, fp
100066e0:	2301      	movs	r3, #1
100066e2:	a90e      	add	r1, sp, #56	@ 0x38
100066e4:	7015      	strb	r5, [r2, #0]
100066e6:	f000 f951 	bl	1000698c <tud_control_xfer>
100066ea:	e499      	b.n	10006020 <tud_task_ext+0x2c>
100066ec:	9a0b      	ldr	r2, [sp, #44]	@ 0x2c
100066ee:	2a01      	cmp	r2, #1
100066f0:	d04f      	beq.n	10006792 <tud_task_ext+0x79e>
100066f2:	2a00      	cmp	r2, #0
100066f4:	d03c      	beq.n	10006770 <tud_task_ext+0x77c>
100066f6:	2300      	movs	r3, #0
100066f8:	78b0      	ldrb	r0, [r6, #2]
100066fa:	e004      	b.n	10006706 <tud_task_ext+0x712>
100066fc:	3301      	adds	r3, #1
100066fe:	b2db      	uxtb	r3, r3
10006700:	710f      	strb	r7, [r1, #4]
10006702:	4293      	cmp	r3, r2
10006704:	d234      	bcs.n	10006770 <tud_task_ext+0x77c>
10006706:	18c1      	adds	r1, r0, r3
10006708:	b2c9      	uxtb	r1, r1
1000670a:	4441      	add	r1, r8
1000670c:	790d      	ldrb	r5, [r1, #4]
1000670e:	2dff      	cmp	r5, #255	@ 0xff
10006710:	d0f4      	beq.n	100066fc <tud_task_ext+0x708>
10006712:	464e      	mov	r6, r9
10006714:	4645      	mov	r5, r8
10006716:	4657      	mov	r7, sl
10006718:	2300      	movs	r3, #0
1000671a:	706b      	strb	r3, [r5, #1]
1000671c:	e5ec      	b.n	100062f8 <tud_task_ext+0x304>
1000671e:	464e      	mov	r6, r9
10006720:	4657      	mov	r7, sl
10006722:	f7ff fbd5 	bl	10005ed0 <tud_mount_cb>
10006726:	e63e      	b.n	100063a6 <tud_task_ext+0x3b2>
10006728:	4655      	mov	r5, sl
1000672a:	2254      	movs	r2, #84	@ 0x54
1000672c:	2100      	movs	r1, #0
1000672e:	0028      	movs	r0, r5
10006730:	f7fc ff20 	bl	10003574 <__wrap_memset>
10006734:	2210      	movs	r2, #16
10006736:	21ff      	movs	r1, #255	@ 0xff
10006738:	1d28      	adds	r0, r5, #4
1000673a:	f7fc ff1b 	bl	10003574 <__wrap_memset>
1000673e:	0028      	movs	r0, r5
10006740:	2220      	movs	r2, #32
10006742:	21ff      	movs	r1, #255	@ 0xff
10006744:	3014      	adds	r0, #20
10006746:	f7fc ff15 	bl	10003574 <__wrap_memset>
1000674a:	9b03      	ldr	r3, [sp, #12]
1000674c:	70ab      	strb	r3, [r5, #2]
1000674e:	e657      	b.n	10006400 <tud_task_ext+0x40c>
10006750:	4655      	mov	r5, sl
10006752:	e7fa      	b.n	1000674a <tud_task_ext+0x756>
10006754:	f7fe feaa 	bl	100054ac <tud_descriptor_bos_cb>
10006758:	1e02      	subs	r2, r0, #0
1000675a:	d100      	bne.n	1000675e <tud_task_ext+0x76a>
1000675c:	e5cc      	b.n	100062f8 <tud_task_ext+0x304>
1000675e:	78d3      	ldrb	r3, [r2, #3]
10006760:	7891      	ldrb	r1, [r2, #2]
10006762:	021b      	lsls	r3, r3, #8
10006764:	430b      	orrs	r3, r1
10006766:	4658      	mov	r0, fp
10006768:	a90e      	add	r1, sp, #56	@ 0x38
1000676a:	f000 f90f 	bl	1000698c <tud_control_xfer>
1000676e:	e5d4      	b.n	1000631a <tud_task_ext+0x326>
10006770:	4665      	mov	r5, ip
10006772:	003b      	movs	r3, r7
10006774:	002a      	movs	r2, r5
10006776:	0031      	movs	r1, r6
10006778:	980a      	ldr	r0, [sp, #40]	@ 0x28
1000677a:	f000 fe7f 	bl	1000747c <tu_edpt_bind_driver>
1000677e:	46ac      	mov	ip, r5
10006780:	9b04      	ldr	r3, [sp, #16]
10006782:	9a03      	ldr	r2, [sp, #12]
10006784:	781b      	ldrb	r3, [r3, #0]
10006786:	4466      	add	r6, ip
10006788:	3301      	adds	r3, #1
1000678a:	4293      	cmp	r3, r2
1000678c:	db00      	blt.n	10006790 <tud_task_ext+0x79c>
1000678e:	e66c      	b.n	1000646a <tud_task_ext+0x476>
10006790:	e7bf      	b.n	10006712 <tud_task_ext+0x71e>
10006792:	4b17      	ldr	r3, [pc, #92]	@ (100067f0 <tud_task_ext+0x7fc>)
10006794:	6929      	ldr	r1, [r5, #16]
10006796:	4299      	cmp	r1, r3
10006798:	d1ad      	bne.n	100066f6 <tud_task_ext+0x702>
1000679a:	9a07      	ldr	r2, [sp, #28]
1000679c:	e7ab      	b.n	100066f6 <tud_task_ext+0x702>
1000679e:	f7ff fb93 	bl	10005ec8 <tud_descriptor_device_qualifier_cb>
100067a2:	1e02      	subs	r2, r0, #0
100067a4:	d100      	bne.n	100067a8 <tud_task_ext+0x7b4>
100067a6:	e5a7      	b.n	100062f8 <tud_task_ext+0x304>
100067a8:	4658      	mov	r0, fp
100067aa:	7813      	ldrb	r3, [r2, #0]
100067ac:	a90e      	add	r1, sp, #56	@ 0x38
100067ae:	f000 f8ed 	bl	1000698c <tud_control_xfer>
100067b2:	e5b2      	b.n	1000631a <tud_task_ext+0x326>
100067b4:	8921      	ldrh	r1, [r4, #8]
100067b6:	f7ff f8c3 	bl	10005940 <tud_descriptor_string_cb>
100067ba:	1e02      	subs	r2, r0, #0
100067bc:	d1f4      	bne.n	100067a8 <tud_task_ext+0x7b4>
100067be:	e59b      	b.n	100062f8 <tud_task_ext+0x304>
100067c0:	2a02      	cmp	r2, #2
100067c2:	d00f      	beq.n	100067e4 <tud_task_ext+0x7f0>
100067c4:	f7ff fb82 	bl	10005ecc <tud_descriptor_other_speed_configuration_cb>
100067c8:	1e02      	subs	r2, r0, #0
100067ca:	d1c8      	bne.n	1000675e <tud_task_ext+0x76a>
100067cc:	e594      	b.n	100062f8 <tud_task_ext+0x304>
100067ce:	f7ff f8af 	bl	10005930 <tud_descriptor_device_cb>
100067d2:	1e02      	subs	r2, r0, #0
100067d4:	d100      	bne.n	100067d8 <tud_task_ext+0x7e4>
100067d6:	e58f      	b.n	100062f8 <tud_task_ext+0x304>
100067d8:	2312      	movs	r3, #18
100067da:	4658      	mov	r0, fp
100067dc:	a90e      	add	r1, sp, #56	@ 0x38
100067de:	f000 f8d5 	bl	1000698c <tud_control_xfer>
100067e2:	e59a      	b.n	1000631a <tud_task_ext+0x326>
100067e4:	f7ff f8a8 	bl	10005938 <tud_descriptor_configuration_cb>
100067e8:	1e02      	subs	r2, r0, #0
100067ea:	d1b8      	bne.n	1000675e <tud_task_ext+0x76a>
100067ec:	e584      	b.n	100062f8 <tud_task_ext+0x304>
100067ee:	46c0      	nop			@ (mov r8, r8)
100067f0:	10006e45 	.word	0x10006e45

100067f4 <usbd_open_edpt_pair>:
100067f4:	b5f8      	push	{r3, r4, r5, r6, r7, lr}
100067f6:	4657      	mov	r7, sl
100067f8:	464e      	mov	r6, r9
100067fa:	46de      	mov	lr, fp
100067fc:	4645      	mov	r5, r8
100067fe:	000c      	movs	r4, r1
10006800:	b5e0      	push	{r5, r6, r7, lr}
10006802:	0016      	movs	r6, r2
10006804:	001f      	movs	r7, r3
10006806:	2a00      	cmp	r2, #0
10006808:	d03c      	beq.n	10006884 <usbd_open_edpt_pair+0x90>
1000680a:	2370      	movs	r3, #112	@ 0x70
1000680c:	4698      	mov	r8, r3
1000680e:	4b1e      	ldr	r3, [pc, #120]	@ (10006888 <usbd_open_edpt_pair+0x94>)
10006810:	2500      	movs	r5, #0
10006812:	469b      	mov	fp, r3
10006814:	4b1d      	ldr	r3, [pc, #116]	@ (1000688c <usbd_open_edpt_pair+0x98>)
10006816:	469a      	mov	sl, r3
10006818:	e01a      	b.n	10006850 <usbd_open_edpt_pair+0x5c>
1000681a:	465b      	mov	r3, fp
1000681c:	781b      	ldrb	r3, [r3, #0]
1000681e:	0020      	movs	r0, r4
10006820:	4699      	mov	r9, r3
10006822:	4653      	mov	r3, sl
10006824:	7899      	ldrb	r1, [r3, #2]
10006826:	f000 fdeb 	bl	10007400 <tu_edpt_validate>
1000682a:	2800      	cmp	r0, #0
1000682c:	d01c      	beq.n	10006868 <usbd_open_edpt_pair+0x74>
1000682e:	0021      	movs	r1, r4
10006830:	4648      	mov	r0, r9
10006832:	f7ff fa2f 	bl	10005c94 <dcd_edpt_open>
10006836:	2800      	cmp	r0, #0
10006838:	d016      	beq.n	10006868 <usbd_open_edpt_pair+0x74>
1000683a:	78a3      	ldrb	r3, [r4, #2]
1000683c:	09da      	lsrs	r2, r3, #7
1000683e:	2a01      	cmp	r2, #1
10006840:	d019      	beq.n	10006876 <usbd_open_edpt_pair+0x82>
10006842:	9a0a      	ldr	r2, [sp, #40]	@ 0x28
10006844:	3501      	adds	r5, #1
10006846:	7013      	strb	r3, [r2, #0]
10006848:	7823      	ldrb	r3, [r4, #0]
1000684a:	18e4      	adds	r4, r4, r3
1000684c:	42b5      	cmp	r5, r6
1000684e:	da19      	bge.n	10006884 <usbd_open_edpt_pair+0x90>
10006850:	7863      	ldrb	r3, [r4, #1]
10006852:	2b05      	cmp	r3, #5
10006854:	d108      	bne.n	10006868 <usbd_open_edpt_pair+0x74>
10006856:	78e3      	ldrb	r3, [r4, #3]
10006858:	079b      	lsls	r3, r3, #30
1000685a:	0f9b      	lsrs	r3, r3, #30
1000685c:	42bb      	cmp	r3, r7
1000685e:	d103      	bne.n	10006868 <usbd_open_edpt_pair+0x74>
10006860:	4642      	mov	r2, r8
10006862:	78a3      	ldrb	r3, [r4, #2]
10006864:	421a      	tst	r2, r3
10006866:	d0d8      	beq.n	1000681a <usbd_open_edpt_pair+0x26>
10006868:	2000      	movs	r0, #0
1000686a:	bcf0      	pop	{r4, r5, r6, r7}
1000686c:	46bb      	mov	fp, r7
1000686e:	46b2      	mov	sl, r6
10006870:	46a9      	mov	r9, r5
10006872:	46a0      	mov	r8, r4
10006874:	bdf8      	pop	{r3, r4, r5, r6, r7, pc}
10006876:	9a0b      	ldr	r2, [sp, #44]	@ 0x2c
10006878:	3501      	adds	r5, #1
1000687a:	7013      	strb	r3, [r2, #0]
1000687c:	7823      	ldrb	r3, [r4, #0]
1000687e:	18e4      	adds	r4, r4, r3
10006880:	42b5      	cmp	r5, r6
10006882:	dbe5      	blt.n	10006850 <usbd_open_edpt_pair+0x5c>
10006884:	2001      	movs	r0, #1
10006886:	e7f0      	b.n	1000686a <usbd_open_edpt_pair+0x76>
10006888:	2000110c 	.word	0x2000110c
1000688c:	20002a3c 	.word	0x20002a3c

10006890 <usbd_edpt_open>:
10006890:	2270      	movs	r2, #112	@ 0x70
10006892:	b570      	push	{r4, r5, r6, lr}
10006894:	788b      	ldrb	r3, [r1, #2]
10006896:	000c      	movs	r4, r1
10006898:	421a      	tst	r2, r3
1000689a:	d001      	beq.n	100068a0 <usbd_edpt_open+0x10>
1000689c:	2000      	movs	r0, #0
1000689e:	bd70      	pop	{r4, r5, r6, pc}
100068a0:	4b06      	ldr	r3, [pc, #24]	@ (100068bc <usbd_edpt_open+0x2c>)
100068a2:	0020      	movs	r0, r4
100068a4:	781d      	ldrb	r5, [r3, #0]
100068a6:	4b06      	ldr	r3, [pc, #24]	@ (100068c0 <usbd_edpt_open+0x30>)
100068a8:	7899      	ldrb	r1, [r3, #2]
100068aa:	f000 fda9 	bl	10007400 <tu_edpt_validate>
100068ae:	2800      	cmp	r0, #0
100068b0:	d0f4      	beq.n	1000689c <usbd_edpt_open+0xc>
100068b2:	0021      	movs	r1, r4
100068b4:	0028      	movs	r0, r5
100068b6:	f7ff f9ed 	bl	10005c94 <dcd_edpt_open>
100068ba:	e7f0      	b.n	1000689e <usbd_edpt_open+0xe>
100068bc:	2000110c 	.word	0x2000110c
100068c0:	20002a3c 	.word	0x20002a3c

100068c4 <usbd_edpt_claim>:
100068c4:	000b      	movs	r3, r1
100068c6:	207f      	movs	r0, #127	@ 0x7f
100068c8:	b510      	push	{r4, lr}
100068ca:	4018      	ands	r0, r3
100068cc:	09db      	lsrs	r3, r3, #7
100068ce:	3334      	adds	r3, #52	@ 0x34
100068d0:	0040      	lsls	r0, r0, #1
100068d2:	4a04      	ldr	r2, [pc, #16]	@ (100068e4 <usbd_edpt_claim+0x20>)
100068d4:	18c0      	adds	r0, r0, r3
100068d6:	4b04      	ldr	r3, [pc, #16]	@ (100068e8 <usbd_edpt_claim+0x24>)
100068d8:	6811      	ldr	r1, [r2, #0]
100068da:	18c0      	adds	r0, r0, r3
100068dc:	f000 fd4c 	bl	10007378 <tu_edpt_claim>
100068e0:	bd10      	pop	{r4, pc}
100068e2:	46c0      	nop			@ (mov r8, r8)
100068e4:	20002a90 	.word	0x20002a90
100068e8:	20002a3c 	.word	0x20002a3c

100068ec <usbd_edpt_release>:
100068ec:	000b      	movs	r3, r1
100068ee:	207f      	movs	r0, #127	@ 0x7f
100068f0:	b510      	push	{r4, lr}
100068f2:	4018      	ands	r0, r3
100068f4:	09db      	lsrs	r3, r3, #7
100068f6:	3334      	adds	r3, #52	@ 0x34
100068f8:	0040      	lsls	r0, r0, #1
100068fa:	4a04      	ldr	r2, [pc, #16]	@ (1000690c <usbd_edpt_release+0x20>)
100068fc:	18c0      	adds	r0, r0, r3
100068fe:	4b04      	ldr	r3, [pc, #16]	@ (10006910 <usbd_edpt_release+0x24>)
10006900:	6811      	ldr	r1, [r2, #0]
10006902:	18c0      	adds	r0, r0, r3
10006904:	f000 fd60 	bl	100073c8 <tu_edpt_release>
10006908:	bd10      	pop	{r4, pc}
1000690a:	46c0      	nop			@ (mov r8, r8)
1000690c:	20002a90 	.word	0x20002a90
10006910:	20002a3c 	.word	0x20002a3c

10006914 <usbd_edpt_xfer>:
10006914:	b570      	push	{r4, r5, r6, lr}
10006916:	247f      	movs	r4, #127	@ 0x7f
10006918:	480f      	ldr	r0, [pc, #60]	@ (10006958 <usbd_edpt_xfer+0x44>)
1000691a:	400c      	ands	r4, r1
1000691c:	0064      	lsls	r4, r4, #1
1000691e:	1904      	adds	r4, r0, r4
10006920:	09cd      	lsrs	r5, r1, #7
10006922:	1964      	adds	r4, r4, r5
10006924:	3430      	adds	r4, #48	@ 0x30
10006926:	7920      	ldrb	r0, [r4, #4]
10006928:	07c0      	lsls	r0, r0, #31
1000692a:	d501      	bpl.n	10006930 <usbd_edpt_xfer+0x1c>
1000692c:	2000      	movs	r0, #0
1000692e:	bd70      	pop	{r4, r5, r6, pc}
10006930:	2601      	movs	r6, #1
10006932:	7925      	ldrb	r5, [r4, #4]
10006934:	4809      	ldr	r0, [pc, #36]	@ (1000695c <usbd_edpt_xfer+0x48>)
10006936:	4335      	orrs	r5, r6
10006938:	7800      	ldrb	r0, [r0, #0]
1000693a:	7125      	strb	r5, [r4, #4]
1000693c:	f7ff fa38 	bl	10005db0 <dcd_edpt_xfer>
10006940:	2800      	cmp	r0, #0
10006942:	d1f4      	bne.n	1000692e <usbd_edpt_xfer+0x1a>
10006944:	2201      	movs	r2, #1
10006946:	7923      	ldrb	r3, [r4, #4]
10006948:	4393      	bics	r3, r2
1000694a:	7123      	strb	r3, [r4, #4]
1000694c:	7923      	ldrb	r3, [r4, #4]
1000694e:	3203      	adds	r2, #3
10006950:	4393      	bics	r3, r2
10006952:	7123      	strb	r3, [r4, #4]
10006954:	e7ea      	b.n	1000692c <usbd_edpt_xfer+0x18>
10006956:	46c0      	nop			@ (mov r8, r8)
10006958:	20002a3c 	.word	0x20002a3c
1000695c:	2000110c 	.word	0x2000110c

10006960 <tud_control_status>:
10006960:	b570      	push	{r4, r5, r6, lr}
10006962:	4c09      	ldr	r4, [pc, #36]	@ (10006988 <tud_control_status+0x28>)
10006964:	0006      	movs	r6, r0
10006966:	2208      	movs	r2, #8
10006968:	0020      	movs	r0, r4
1000696a:	000d      	movs	r5, r1
1000696c:	f7fc fe08 	bl	10003580 <__wrap___aeabi_memcpy>
10006970:	2300      	movs	r3, #0
10006972:	2180      	movs	r1, #128	@ 0x80
10006974:	60e3      	str	r3, [r4, #12]
10006976:	60a3      	str	r3, [r4, #8]
10006978:	782b      	ldrb	r3, [r5, #0]
1000697a:	0030      	movs	r0, r6
1000697c:	4399      	bics	r1, r3
1000697e:	2200      	movs	r2, #0
10006980:	2300      	movs	r3, #0
10006982:	f7ff ffc7 	bl	10006914 <usbd_edpt_xfer>
10006986:	bd70      	pop	{r4, r5, r6, pc}
10006988:	20002a1c 	.word	0x20002a1c

1000698c <tud_control_xfer>:
1000698c:	b5f8      	push	{r3, r4, r5, r6, r7, lr}
1000698e:	46ce      	mov	lr, r9
10006990:	4647      	mov	r7, r8
10006992:	4690      	mov	r8, r2
10006994:	4e25      	ldr	r6, [pc, #148]	@ (10006a2c <tud_control_xfer+0xa0>)
10006996:	b580      	push	{r7, lr}
10006998:	4681      	mov	r9, r0
1000699a:	2208      	movs	r2, #8
1000699c:	0030      	movs	r0, r6
1000699e:	000d      	movs	r5, r1
100069a0:	001f      	movs	r7, r3
100069a2:	f7fc fded 	bl	10003580 <__wrap___aeabi_memcpy>
100069a6:	4643      	mov	r3, r8
100069a8:	60b3      	str	r3, [r6, #8]
100069aa:	2300      	movs	r3, #0
100069ac:	81f3      	strh	r3, [r6, #14]
100069ae:	79ec      	ldrb	r4, [r5, #7]
100069b0:	79ab      	ldrb	r3, [r5, #6]
100069b2:	0224      	lsls	r4, r4, #8
100069b4:	431c      	orrs	r4, r3
100069b6:	1c23      	adds	r3, r4, #0
100069b8:	42bc      	cmp	r4, r7
100069ba:	d900      	bls.n	100069be <tud_control_xfer+0x32>
100069bc:	1c3b      	adds	r3, r7, #0
100069be:	b29f      	uxth	r7, r3
100069c0:	81b3      	strh	r3, [r6, #12]
100069c2:	2c00      	cmp	r4, #0
100069c4:	d00d      	beq.n	100069e2 <tud_control_xfer+0x56>
100069c6:	2f00      	cmp	r7, #0
100069c8:	d017      	beq.n	100069fa <tud_control_xfer+0x6e>
100069ca:	4642      	mov	r2, r8
100069cc:	2a00      	cmp	r2, #0
100069ce:	d02b      	beq.n	10006a28 <tud_control_xfer+0x9c>
100069d0:	2f40      	cmp	r7, #64	@ 0x40
100069d2:	d81b      	bhi.n	10006a0c <tud_control_xfer+0x80>
100069d4:	b29f      	uxth	r7, r3
100069d6:	7833      	ldrb	r3, [r6, #0]
100069d8:	2b7f      	cmp	r3, #127	@ 0x7f
100069da:	d81c      	bhi.n	10006a16 <tud_control_xfer+0x8a>
100069dc:	2100      	movs	r1, #0
100069de:	4a14      	ldr	r2, [pc, #80]	@ (10006a30 <tud_control_xfer+0xa4>)
100069e0:	e00f      	b.n	10006a02 <tud_control_xfer+0x76>
100069e2:	2180      	movs	r1, #128	@ 0x80
100069e4:	782b      	ldrb	r3, [r5, #0]
100069e6:	2200      	movs	r2, #0
100069e8:	4399      	bics	r1, r3
100069ea:	4648      	mov	r0, r9
100069ec:	2300      	movs	r3, #0
100069ee:	f7ff ff91 	bl	10006914 <usbd_edpt_xfer>
100069f2:	bcc0      	pop	{r6, r7}
100069f4:	46b9      	mov	r9, r7
100069f6:	46b0      	mov	r8, r6
100069f8:	bdf8      	pop	{r3, r4, r5, r6, r7, pc}
100069fa:	237f      	movs	r3, #127	@ 0x7f
100069fc:	2200      	movs	r2, #0
100069fe:	7831      	ldrb	r1, [r6, #0]
10006a00:	4399      	bics	r1, r3
10006a02:	003b      	movs	r3, r7
10006a04:	4648      	mov	r0, r9
10006a06:	f7ff ff85 	bl	10006914 <usbd_edpt_xfer>
10006a0a:	e7f2      	b.n	100069f2 <tud_control_xfer+0x66>
10006a0c:	2340      	movs	r3, #64	@ 0x40
10006a0e:	b29f      	uxth	r7, r3
10006a10:	7833      	ldrb	r3, [r6, #0]
10006a12:	2b7f      	cmp	r3, #127	@ 0x7f
10006a14:	d9e2      	bls.n	100069dc <tud_control_xfer+0x50>
10006a16:	4c06      	ldr	r4, [pc, #24]	@ (10006a30 <tud_control_xfer+0xa4>)
10006a18:	003a      	movs	r2, r7
10006a1a:	4641      	mov	r1, r8
10006a1c:	0020      	movs	r0, r4
10006a1e:	f7fc fdaf 	bl	10003580 <__wrap___aeabi_memcpy>
10006a22:	2180      	movs	r1, #128	@ 0x80
10006a24:	0022      	movs	r2, r4
10006a26:	e7ec      	b.n	10006a02 <tud_control_xfer+0x76>
10006a28:	2000      	movs	r0, #0
10006a2a:	e7e2      	b.n	100069f2 <tud_control_xfer+0x66>
10006a2c:	20002a1c 	.word	0x20002a1c
10006a30:	200029dc 	.word	0x200029dc

10006a34 <usbd_control_reset>:
10006a34:	b510      	push	{r4, lr}
10006a36:	2214      	movs	r2, #20
10006a38:	2100      	movs	r1, #0
10006a3a:	4802      	ldr	r0, [pc, #8]	@ (10006a44 <usbd_control_reset+0x10>)
10006a3c:	f7fc fd9a 	bl	10003574 <__wrap_memset>
10006a40:	bd10      	pop	{r4, pc}
10006a42:	46c0      	nop			@ (mov r8, r8)
10006a44:	20002a1c 	.word	0x20002a1c

10006a48 <usbd_control_set_complete_callback>:
10006a48:	4b01      	ldr	r3, [pc, #4]	@ (10006a50 <usbd_control_set_complete_callback+0x8>)
10006a4a:	6118      	str	r0, [r3, #16]
10006a4c:	4770      	bx	lr
10006a4e:	46c0      	nop			@ (mov r8, r8)
10006a50:	20002a1c 	.word	0x20002a1c

10006a54 <usbd_control_set_request>:
10006a54:	b510      	push	{r4, lr}
10006a56:	4c05      	ldr	r4, [pc, #20]	@ (10006a6c <usbd_control_set_request+0x18>)
10006a58:	0001      	movs	r1, r0
10006a5a:	2208      	movs	r2, #8
10006a5c:	0020      	movs	r0, r4
10006a5e:	f7fc fd8f 	bl	10003580 <__wrap___aeabi_memcpy>
10006a62:	2300      	movs	r3, #0
10006a64:	60a3      	str	r3, [r4, #8]
10006a66:	60e3      	str	r3, [r4, #12]
10006a68:	bd10      	pop	{r4, pc}
10006a6a:	46c0      	nop			@ (mov r8, r8)
10006a6c:	20002a1c 	.word	0x20002a1c

10006a70 <usbd_control_xfer_cb>:
10006a70:	b570      	push	{r4, r5, r6, lr}
10006a72:	4c38      	ldr	r4, [pc, #224]	@ (10006b54 <usbd_control_xfer_cb+0xe4>)
10006a74:	001d      	movs	r5, r3
10006a76:	7823      	ldrb	r3, [r4, #0]
10006a78:	0006      	movs	r6, r0
10006a7a:	09da      	lsrs	r2, r3, #7
10006a7c:	09c9      	lsrs	r1, r1, #7
10006a7e:	428a      	cmp	r2, r1
10006a80:	d010      	beq.n	10006aa4 <usbd_control_xfer_cb+0x34>
10006a82:	2000      	movs	r0, #0
10006a84:	2d00      	cmp	r5, #0
10006a86:	d000      	beq.n	10006a8a <usbd_control_xfer_cb+0x1a>
10006a88:	bd70      	pop	{r4, r5, r6, pc}
10006a8a:	0021      	movs	r1, r4
10006a8c:	0030      	movs	r0, r6
10006a8e:	f7ff f8f3 	bl	10005c78 <dcd_edpt0_status_complete>
10006a92:	6923      	ldr	r3, [r4, #16]
10006a94:	2b00      	cmp	r3, #0
10006a96:	d003      	beq.n	10006aa0 <usbd_control_xfer_cb+0x30>
10006a98:	0022      	movs	r2, r4
10006a9a:	2103      	movs	r1, #3
10006a9c:	0030      	movs	r0, r6
10006a9e:	4798      	blx	r3
10006aa0:	2001      	movs	r0, #1
10006aa2:	e7f1      	b.n	10006a88 <usbd_control_xfer_cb+0x18>
10006aa4:	2b7f      	cmp	r3, #127	@ 0x7f
10006aa6:	d806      	bhi.n	10006ab6 <usbd_control_xfer_cb+0x46>
10006aa8:	68a0      	ldr	r0, [r4, #8]
10006aaa:	2800      	cmp	r0, #0
10006aac:	d034      	beq.n	10006b18 <usbd_control_xfer_cb+0xa8>
10006aae:	002a      	movs	r2, r5
10006ab0:	4929      	ldr	r1, [pc, #164]	@ (10006b58 <usbd_control_xfer_cb+0xe8>)
10006ab2:	f7fc fd65 	bl	10003580 <__wrap___aeabi_memcpy>
10006ab6:	89e2      	ldrh	r2, [r4, #14]
10006ab8:	68a1      	ldr	r1, [r4, #8]
10006aba:	1952      	adds	r2, r2, r5
10006abc:	88e3      	ldrh	r3, [r4, #6]
10006abe:	b292      	uxth	r2, r2
10006ac0:	1949      	adds	r1, r1, r5
10006ac2:	81e2      	strh	r2, [r4, #14]
10006ac4:	60a1      	str	r1, [r4, #8]
10006ac6:	4293      	cmp	r3, r2
10006ac8:	d014      	beq.n	10006af4 <usbd_control_xfer_cb+0x84>
10006aca:	2d3f      	cmp	r5, #63	@ 0x3f
10006acc:	d912      	bls.n	10006af4 <usbd_control_xfer_cb+0x84>
10006ace:	89a3      	ldrh	r3, [r4, #12]
10006ad0:	1a98      	subs	r0, r3, r2
10006ad2:	1c05      	adds	r5, r0, #0
10006ad4:	b280      	uxth	r0, r0
10006ad6:	2840      	cmp	r0, #64	@ 0x40
10006ad8:	d82a      	bhi.n	10006b30 <usbd_control_xfer_cb+0xc0>
10006ada:	7820      	ldrb	r0, [r4, #0]
10006adc:	b2ad      	uxth	r5, r5
10006ade:	287f      	cmp	r0, #127	@ 0x7f
10006ae0:	d828      	bhi.n	10006b34 <usbd_control_xfer_cb+0xc4>
10006ae2:	2100      	movs	r1, #0
10006ae4:	429a      	cmp	r2, r3
10006ae6:	d032      	beq.n	10006b4e <usbd_control_xfer_cb+0xde>
10006ae8:	4a1b      	ldr	r2, [pc, #108]	@ (10006b58 <usbd_control_xfer_cb+0xe8>)
10006aea:	002b      	movs	r3, r5
10006aec:	0030      	movs	r0, r6
10006aee:	f7ff ff11 	bl	10006914 <usbd_edpt_xfer>
10006af2:	e7c9      	b.n	10006a88 <usbd_control_xfer_cb+0x18>
10006af4:	6923      	ldr	r3, [r4, #16]
10006af6:	2b00      	cmp	r3, #0
10006af8:	d005      	beq.n	10006b06 <usbd_control_xfer_cb+0x96>
10006afa:	0022      	movs	r2, r4
10006afc:	2102      	movs	r1, #2
10006afe:	0030      	movs	r0, r6
10006b00:	4798      	blx	r3
10006b02:	2800      	cmp	r0, #0
10006b04:	d00a      	beq.n	10006b1c <usbd_control_xfer_cb+0xac>
10006b06:	2180      	movs	r1, #128	@ 0x80
10006b08:	7823      	ldrb	r3, [r4, #0]
10006b0a:	2200      	movs	r2, #0
10006b0c:	4399      	bics	r1, r3
10006b0e:	0030      	movs	r0, r6
10006b10:	2300      	movs	r3, #0
10006b12:	f7ff feff 	bl	10006914 <usbd_edpt_xfer>
10006b16:	e7b7      	b.n	10006a88 <usbd_control_xfer_cb+0x18>
10006b18:	2000      	movs	r0, #0
10006b1a:	e7b5      	b.n	10006a88 <usbd_control_xfer_cb+0x18>
10006b1c:	2100      	movs	r1, #0
10006b1e:	0030      	movs	r0, r6
10006b20:	f7ff f958 	bl	10005dd4 <dcd_edpt_stall>
10006b24:	0030      	movs	r0, r6
10006b26:	2180      	movs	r1, #128	@ 0x80
10006b28:	f7ff f954 	bl	10005dd4 <dcd_edpt_stall>
10006b2c:	2001      	movs	r0, #1
10006b2e:	e7ab      	b.n	10006a88 <usbd_control_xfer_cb+0x18>
10006b30:	2540      	movs	r5, #64	@ 0x40
10006b32:	e7d2      	b.n	10006ada <usbd_control_xfer_cb+0x6a>
10006b34:	429a      	cmp	r2, r3
10006b36:	d007      	beq.n	10006b48 <usbd_control_xfer_cb+0xd8>
10006b38:	4c07      	ldr	r4, [pc, #28]	@ (10006b58 <usbd_control_xfer_cb+0xe8>)
10006b3a:	002a      	movs	r2, r5
10006b3c:	0020      	movs	r0, r4
10006b3e:	f7fc fd1f 	bl	10003580 <__wrap___aeabi_memcpy>
10006b42:	2180      	movs	r1, #128	@ 0x80
10006b44:	0022      	movs	r2, r4
10006b46:	e7d0      	b.n	10006aea <usbd_control_xfer_cb+0x7a>
10006b48:	2180      	movs	r1, #128	@ 0x80
10006b4a:	2200      	movs	r2, #0
10006b4c:	e7cd      	b.n	10006aea <usbd_control_xfer_cb+0x7a>
10006b4e:	2200      	movs	r2, #0
10006b50:	e7cb      	b.n	10006aea <usbd_control_xfer_cb+0x7a>
10006b52:	46c0      	nop			@ (mov r8, r8)
10006b54:	20002a1c 	.word	0x20002a1c
10006b58:	200029dc 	.word	0x200029dc

10006b5c <_prep_out_transaction.isra.0>:
10006b5c:	b570      	push	{r4, r5, r6, lr}
10006b5e:	0004      	movs	r4, r0
10006b60:	f7ff f9be 	bl	10005ee0 <tud_mounted>
10006b64:	2800      	cmp	r0, #0
10006b66:	d100      	bne.n	10006b6a <_prep_out_transaction.isra.0+0xe>
10006b68:	bd70      	pop	{r4, r5, r6, pc}
10006b6a:	f7ff f9c1 	bl	10005ef0 <tud_suspended>
10006b6e:	2800      	cmp	r0, #0
10006b70:	d1fa      	bne.n	10006b68 <_prep_out_transaction.isra.0+0xc>
10006b72:	23c8      	movs	r3, #200	@ 0xc8
10006b74:	4363      	muls	r3, r4
10006b76:	4d12      	ldr	r5, [pc, #72]	@ (10006bc0 <_prep_out_transaction.isra.0+0x64>)
10006b78:	18ee      	adds	r6, r5, r3
10006b7a:	78f1      	ldrb	r1, [r6, #3]
10006b7c:	2900      	cmp	r1, #0
10006b7e:	d0f3      	beq.n	10006b68 <_prep_out_transaction.isra.0+0xc>
10006b80:	3310      	adds	r3, #16
10006b82:	195d      	adds	r5, r3, r5
10006b84:	0028      	movs	r0, r5
10006b86:	f000 fdf3 	bl	10007770 <tu_fifo_remaining>
10006b8a:	283f      	cmp	r0, #63	@ 0x3f
10006b8c:	d9ec      	bls.n	10006b68 <_prep_out_transaction.isra.0+0xc>
10006b8e:	2000      	movs	r0, #0
10006b90:	78f1      	ldrb	r1, [r6, #3]
10006b92:	f7ff fe97 	bl	100068c4 <usbd_edpt_claim>
10006b96:	2800      	cmp	r0, #0
10006b98:	d0e6      	beq.n	10006b68 <_prep_out_transaction.isra.0+0xc>
10006b9a:	0028      	movs	r0, r5
10006b9c:	f000 fde8 	bl	10007770 <tu_fifo_remaining>
10006ba0:	78f1      	ldrb	r1, [r6, #3]
10006ba2:	283f      	cmp	r0, #63	@ 0x3f
10006ba4:	d907      	bls.n	10006bb6 <_prep_out_transaction.isra.0+0x5a>
10006ba6:	4b07      	ldr	r3, [pc, #28]	@ (10006bc4 <_prep_out_transaction.isra.0+0x68>)
10006ba8:	01e2      	lsls	r2, r4, #7
10006baa:	18d2      	adds	r2, r2, r3
10006bac:	2000      	movs	r0, #0
10006bae:	2340      	movs	r3, #64	@ 0x40
10006bb0:	f7ff feb0 	bl	10006914 <usbd_edpt_xfer>
10006bb4:	e7d8      	b.n	10006b68 <_prep_out_transaction.isra.0+0xc>
10006bb6:	2000      	movs	r0, #0
10006bb8:	f7ff fe98 	bl	100068ec <usbd_edpt_release>
10006bbc:	e7d4      	b.n	10006b68 <_prep_out_transaction.isra.0+0xc>
10006bbe:	46c0      	nop			@ (mov r8, r8)
10006bc0:	20002914 	.word	0x20002914
10006bc4:	20002890 	.word	0x20002890

10006bc8 <tud_cdc_n_connected>:
10006bc8:	b510      	push	{r4, lr}
10006bca:	0004      	movs	r4, r0
10006bcc:	f7ff f988 	bl	10005ee0 <tud_mounted>
10006bd0:	2800      	cmp	r0, #0
10006bd2:	d101      	bne.n	10006bd8 <tud_cdc_n_connected+0x10>
10006bd4:	2000      	movs	r0, #0
10006bd6:	bd10      	pop	{r4, pc}
10006bd8:	f7ff f98a 	bl	10005ef0 <tud_suspended>
10006bdc:	2800      	cmp	r0, #0
10006bde:	d1f9      	bne.n	10006bd4 <tud_cdc_n_connected+0xc>
10006be0:	22c8      	movs	r2, #200	@ 0xc8
10006be2:	4362      	muls	r2, r4
10006be4:	4b02      	ldr	r3, [pc, #8]	@ (10006bf0 <tud_cdc_n_connected+0x28>)
10006be6:	3001      	adds	r0, #1
10006be8:	189b      	adds	r3, r3, r2
10006bea:	791b      	ldrb	r3, [r3, #4]
10006bec:	4018      	ands	r0, r3
10006bee:	e7f2      	b.n	10006bd6 <tud_cdc_n_connected+0xe>
10006bf0:	20002914 	.word	0x20002914

10006bf4 <tud_cdc_n_available>:
10006bf4:	23c8      	movs	r3, #200	@ 0xc8
10006bf6:	b510      	push	{r4, lr}
10006bf8:	4343      	muls	r3, r0
10006bfa:	4802      	ldr	r0, [pc, #8]	@ (10006c04 <tud_cdc_n_available+0x10>)
10006bfc:	1818      	adds	r0, r3, r0
10006bfe:	f000 fd99 	bl	10007734 <tu_fifo_count>
10006c02:	bd10      	pop	{r4, pc}
10006c04:	20002924 	.word	0x20002924

10006c08 <tud_cdc_n_read>:
10006c08:	b5f8      	push	{r3, r4, r5, r6, r7, lr}
10006c0a:	24c8      	movs	r4, #200	@ 0xc8
10006c0c:	2380      	movs	r3, #128	@ 0x80
10006c0e:	4344      	muls	r4, r0
10006c10:	4f1c      	ldr	r7, [pc, #112]	@ (10006c84 <tud_cdc_n_read+0x7c>)
10006c12:	3410      	adds	r4, #16
10006c14:	0005      	movs	r5, r0
10006c16:	193c      	adds	r4, r7, r4
10006c18:	025b      	lsls	r3, r3, #9
10006c1a:	429a      	cmp	r2, r3
10006c1c:	d300      	bcc.n	10006c20 <tud_cdc_n_read+0x18>
10006c1e:	4a1a      	ldr	r2, [pc, #104]	@ (10006c88 <tud_cdc_n_read+0x80>)
10006c20:	0020      	movs	r0, r4
10006c22:	b292      	uxth	r2, r2
10006c24:	f000 fe08 	bl	10007838 <tu_fifo_read_n>
10006c28:	0006      	movs	r6, r0
10006c2a:	f7ff f959 	bl	10005ee0 <tud_mounted>
10006c2e:	2800      	cmp	r0, #0
10006c30:	d101      	bne.n	10006c36 <tud_cdc_n_read+0x2e>
10006c32:	0030      	movs	r0, r6
10006c34:	bdf8      	pop	{r3, r4, r5, r6, r7, pc}
10006c36:	f7ff f95b 	bl	10005ef0 <tud_suspended>
10006c3a:	2800      	cmp	r0, #0
10006c3c:	d1f9      	bne.n	10006c32 <tud_cdc_n_read+0x2a>
10006c3e:	23c8      	movs	r3, #200	@ 0xc8
10006c40:	436b      	muls	r3, r5
10006c42:	18ff      	adds	r7, r7, r3
10006c44:	78fb      	ldrb	r3, [r7, #3]
10006c46:	2b00      	cmp	r3, #0
10006c48:	d0f3      	beq.n	10006c32 <tud_cdc_n_read+0x2a>
10006c4a:	0020      	movs	r0, r4
10006c4c:	f000 fd90 	bl	10007770 <tu_fifo_remaining>
10006c50:	283f      	cmp	r0, #63	@ 0x3f
10006c52:	d9ee      	bls.n	10006c32 <tud_cdc_n_read+0x2a>
10006c54:	2000      	movs	r0, #0
10006c56:	78f9      	ldrb	r1, [r7, #3]
10006c58:	f7ff fe34 	bl	100068c4 <usbd_edpt_claim>
10006c5c:	2800      	cmp	r0, #0
10006c5e:	d0e8      	beq.n	10006c32 <tud_cdc_n_read+0x2a>
10006c60:	0020      	movs	r0, r4
10006c62:	f000 fd85 	bl	10007770 <tu_fifo_remaining>
10006c66:	78f9      	ldrb	r1, [r7, #3]
10006c68:	283f      	cmp	r0, #63	@ 0x3f
10006c6a:	d907      	bls.n	10006c7c <tud_cdc_n_read+0x74>
10006c6c:	4b07      	ldr	r3, [pc, #28]	@ (10006c8c <tud_cdc_n_read+0x84>)
10006c6e:	01ea      	lsls	r2, r5, #7
10006c70:	18d2      	adds	r2, r2, r3
10006c72:	2000      	movs	r0, #0
10006c74:	2340      	movs	r3, #64	@ 0x40
10006c76:	f7ff fe4d 	bl	10006914 <usbd_edpt_xfer>
10006c7a:	e7da      	b.n	10006c32 <tud_cdc_n_read+0x2a>
10006c7c:	2000      	movs	r0, #0
10006c7e:	f7ff fe35 	bl	100068ec <usbd_edpt_release>
10006c82:	e7d6      	b.n	10006c32 <tud_cdc_n_read+0x2a>
10006c84:	20002914 	.word	0x20002914
10006c88:	0000ffff 	.word	0x0000ffff
10006c8c:	20002890 	.word	0x20002890

10006c90 <tud_cdc_n_write_flush>:
10006c90:	b5f8      	push	{r3, r4, r5, r6, r7, lr}
10006c92:	0004      	movs	r4, r0
10006c94:	f7ff f924 	bl	10005ee0 <tud_mounted>
10006c98:	2800      	cmp	r0, #0
10006c9a:	d101      	bne.n	10006ca0 <tud_cdc_n_write_flush+0x10>
10006c9c:	2000      	movs	r0, #0
10006c9e:	bdf8      	pop	{r3, r4, r5, r6, r7, pc}
10006ca0:	f7ff f926 	bl	10005ef0 <tud_suspended>
10006ca4:	2800      	cmp	r0, #0
10006ca6:	d1f9      	bne.n	10006c9c <tud_cdc_n_write_flush+0xc>
10006ca8:	25c8      	movs	r5, #200	@ 0xc8
10006caa:	4365      	muls	r5, r4
10006cac:	002e      	movs	r6, r5
10006cae:	4f13      	ldr	r7, [pc, #76]	@ (10006cfc <tud_cdc_n_write_flush+0x6c>)
10006cb0:	3624      	adds	r6, #36	@ 0x24
10006cb2:	19f6      	adds	r6, r6, r7
10006cb4:	0030      	movs	r0, r6
10006cb6:	f000 fd3d 	bl	10007734 <tu_fifo_count>
10006cba:	2800      	cmp	r0, #0
10006cbc:	d0ee      	beq.n	10006c9c <tud_cdc_n_write_flush+0xc>
10006cbe:	197f      	adds	r7, r7, r5
10006cc0:	2000      	movs	r0, #0
10006cc2:	78b9      	ldrb	r1, [r7, #2]
10006cc4:	f7ff fdfe 	bl	100068c4 <usbd_edpt_claim>
10006cc8:	2800      	cmp	r0, #0
10006cca:	d0e7      	beq.n	10006c9c <tud_cdc_n_write_flush+0xc>
10006ccc:	4d0c      	ldr	r5, [pc, #48]	@ (10006d00 <tud_cdc_n_write_flush+0x70>)
10006cce:	01e4      	lsls	r4, r4, #7
10006cd0:	1965      	adds	r5, r4, r5
10006cd2:	0029      	movs	r1, r5
10006cd4:	2240      	movs	r2, #64	@ 0x40
10006cd6:	0030      	movs	r0, r6
10006cd8:	f000 fdae 	bl	10007838 <tu_fifo_read_n>
10006cdc:	78b9      	ldrb	r1, [r7, #2]
10006cde:	1e04      	subs	r4, r0, #0
10006ce0:	d008      	beq.n	10006cf4 <tud_cdc_n_write_flush+0x64>
10006ce2:	0003      	movs	r3, r0
10006ce4:	002a      	movs	r2, r5
10006ce6:	2000      	movs	r0, #0
10006ce8:	f7ff fe14 	bl	10006914 <usbd_edpt_xfer>
10006cec:	2800      	cmp	r0, #0
10006cee:	d0d5      	beq.n	10006c9c <tud_cdc_n_write_flush+0xc>
10006cf0:	0020      	movs	r0, r4
10006cf2:	e7d4      	b.n	10006c9e <tud_cdc_n_write_flush+0xe>
10006cf4:	2000      	movs	r0, #0
10006cf6:	f7ff fdf9 	bl	100068ec <usbd_edpt_release>
10006cfa:	e7cf      	b.n	10006c9c <tud_cdc_n_write_flush+0xc>
10006cfc:	20002914 	.word	0x20002914
10006d00:	200028d0 	.word	0x200028d0

10006d04 <tud_cdc_n_write>:
10006d04:	b570      	push	{r4, r5, r6, lr}
10006d06:	24c8      	movs	r4, #200	@ 0xc8
10006d08:	4344      	muls	r4, r0
10006d0a:	4b0c      	ldr	r3, [pc, #48]	@ (10006d3c <tud_cdc_n_write+0x38>)
10006d0c:	0005      	movs	r5, r0
10006d0e:	18e4      	adds	r4, r4, r3
10006d10:	2380      	movs	r3, #128	@ 0x80
10006d12:	025b      	lsls	r3, r3, #9
10006d14:	429a      	cmp	r2, r3
10006d16:	d300      	bcc.n	10006d1a <tud_cdc_n_write+0x16>
10006d18:	4a09      	ldr	r2, [pc, #36]	@ (10006d40 <tud_cdc_n_write+0x3c>)
10006d1a:	0020      	movs	r0, r4
10006d1c:	b292      	uxth	r2, r2
10006d1e:	f000 fe51 	bl	100079c4 <tu_fifo_write_n>
10006d22:	0006      	movs	r6, r0
10006d24:	0020      	movs	r0, r4
10006d26:	f000 fd05 	bl	10007734 <tu_fifo_count>
10006d2a:	283f      	cmp	r0, #63	@ 0x3f
10006d2c:	d801      	bhi.n	10006d32 <tud_cdc_n_write+0x2e>
10006d2e:	0030      	movs	r0, r6
10006d30:	bd70      	pop	{r4, r5, r6, pc}
10006d32:	0028      	movs	r0, r5
10006d34:	f7ff ffac 	bl	10006c90 <tud_cdc_n_write_flush>
10006d38:	e7f9      	b.n	10006d2e <tud_cdc_n_write+0x2a>
10006d3a:	46c0      	nop			@ (mov r8, r8)
10006d3c:	20002938 	.word	0x20002938
10006d40:	0000ffff 	.word	0x0000ffff

10006d44 <tud_cdc_n_write_available>:
10006d44:	23c8      	movs	r3, #200	@ 0xc8
10006d46:	b510      	push	{r4, lr}
10006d48:	4343      	muls	r3, r0
10006d4a:	4802      	ldr	r0, [pc, #8]	@ (10006d54 <tud_cdc_n_write_available+0x10>)
10006d4c:	1818      	adds	r0, r3, r0
10006d4e:	f000 fd0f 	bl	10007770 <tu_fifo_remaining>
10006d52:	bd10      	pop	{r4, pc}
10006d54:	20002938 	.word	0x20002938

10006d58 <cdcd_init>:
10006d58:	b5f0      	push	{r4, r5, r6, r7, lr}
10006d5a:	2500      	movs	r5, #0
10006d5c:	4c18      	ldr	r4, [pc, #96]	@ (10006dc0 <cdcd_init+0x68>)
10006d5e:	b083      	sub	sp, #12
10006d60:	22c8      	movs	r2, #200	@ 0xc8
10006d62:	2100      	movs	r1, #0
10006d64:	0020      	movs	r0, r4
10006d66:	f7fc fc05 	bl	10003574 <__wrap_memset>
10006d6a:	4b16      	ldr	r3, [pc, #88]	@ (10006dc4 <cdcd_init+0x6c>)
10006d6c:	0021      	movs	r1, r4
10006d6e:	701d      	strb	r5, [r3, #0]
10006d70:	23ff      	movs	r3, #255	@ 0xff
10006d72:	7163      	strb	r3, [r4, #5]
10006d74:	23e1      	movs	r3, #225	@ 0xe1
10006d76:	025b      	lsls	r3, r3, #9
10006d78:	60a3      	str	r3, [r4, #8]
10006d7a:	0020      	movs	r0, r4
10006d7c:	2308      	movs	r3, #8
10006d7e:	2240      	movs	r2, #64	@ 0x40
10006d80:	73a3      	strb	r3, [r4, #14]
10006d82:	3138      	adds	r1, #56	@ 0x38
10006d84:	9500      	str	r5, [sp, #0]
10006d86:	3b07      	subs	r3, #7
10006d88:	3010      	adds	r0, #16
10006d8a:	f000 fc9d 	bl	100076c8 <tu_fifo_config>
10006d8e:	0027      	movs	r7, r4
10006d90:	2301      	movs	r3, #1
10006d92:	0021      	movs	r1, r4
10006d94:	0020      	movs	r0, r4
10006d96:	0026      	movs	r6, r4
10006d98:	2240      	movs	r2, #64	@ 0x40
10006d9a:	3178      	adds	r1, #120	@ 0x78
10006d9c:	9300      	str	r3, [sp, #0]
10006d9e:	37b8      	adds	r7, #184	@ 0xb8
10006da0:	3024      	adds	r0, #36	@ 0x24
10006da2:	f000 fc91 	bl	100076c8 <tu_fifo_config>
10006da6:	36c0      	adds	r6, #192	@ 0xc0
10006da8:	0038      	movs	r0, r7
10006daa:	f7fa fbdf 	bl	1000156c <mutex_init>
10006dae:	0030      	movs	r0, r6
10006db0:	f7fa fbdc 	bl	1000156c <mutex_init>
10006db4:	61e5      	str	r5, [r4, #28]
10006db6:	6227      	str	r7, [r4, #32]
10006db8:	6326      	str	r6, [r4, #48]	@ 0x30
10006dba:	6365      	str	r5, [r4, #52]	@ 0x34
10006dbc:	b003      	add	sp, #12
10006dbe:	bdf0      	pop	{r4, r5, r6, r7, pc}
10006dc0:	20002914 	.word	0x20002914
10006dc4:	20002910 	.word	0x20002910

10006dc8 <cdcd_deinit>:
10006dc8:	4a0a      	ldr	r2, [pc, #40]	@ (10006df4 <cdcd_deinit+0x2c>)
10006dca:	6b11      	ldr	r1, [r2, #48]	@ 0x30
10006dcc:	6a13      	ldr	r3, [r2, #32]
10006dce:	2900      	cmp	r1, #0
10006dd0:	d00c      	beq.n	10006dec <cdcd_deinit+0x24>
10006dd2:	2b00      	cmp	r3, #0
10006dd4:	d007      	beq.n	10006de6 <cdcd_deinit+0x1e>
10006dd6:	2300      	movs	r3, #0
10006dd8:	61d3      	str	r3, [r2, #28]
10006dda:	6353      	str	r3, [r2, #52]	@ 0x34
10006ddc:	6313      	str	r3, [r2, #48]	@ 0x30
10006dde:	2300      	movs	r3, #0
10006de0:	6213      	str	r3, [r2, #32]
10006de2:	2001      	movs	r0, #1
10006de4:	4770      	bx	lr
10006de6:	6353      	str	r3, [r2, #52]	@ 0x34
10006de8:	6313      	str	r3, [r2, #48]	@ 0x30
10006dea:	e7fa      	b.n	10006de2 <cdcd_deinit+0x1a>
10006dec:	2b00      	cmp	r3, #0
10006dee:	d0f8      	beq.n	10006de2 <cdcd_deinit+0x1a>
10006df0:	61d1      	str	r1, [r2, #28]
10006df2:	e7f4      	b.n	10006dde <cdcd_deinit+0x16>
10006df4:	20002914 	.word	0x20002914

10006df8 <cdcd_reset>:
10006df8:	b570      	push	{r4, r5, r6, lr}
10006dfa:	4c0f      	ldr	r4, [pc, #60]	@ (10006e38 <cdcd_reset+0x40>)
10006dfc:	2205      	movs	r2, #5
10006dfe:	2100      	movs	r1, #0
10006e00:	0020      	movs	r0, r4
10006e02:	f7fc fbb7 	bl	10003574 <__wrap_memset>
10006e06:	4d0d      	ldr	r5, [pc, #52]	@ (10006e3c <cdcd_reset+0x44>)
10006e08:	782b      	ldrb	r3, [r5, #0]
10006e0a:	07da      	lsls	r2, r3, #31
10006e0c:	d507      	bpl.n	10006e1e <cdcd_reset+0x26>
10006e0e:	4c0c      	ldr	r4, [pc, #48]	@ (10006e40 <cdcd_reset+0x48>)
10006e10:	079b      	lsls	r3, r3, #30
10006e12:	d50c      	bpl.n	10006e2e <cdcd_reset+0x36>
10006e14:	2101      	movs	r1, #1
10006e16:	0020      	movs	r0, r4
10006e18:	f000 feb0 	bl	10007b7c <tu_fifo_set_overwritable>
10006e1c:	bd70      	pop	{r4, r5, r6, pc}
10006e1e:	0020      	movs	r0, r4
10006e20:	3010      	adds	r0, #16
10006e22:	f000 fe8b 	bl	10007b3c <tu_fifo_clear>
10006e26:	782b      	ldrb	r3, [r5, #0]
10006e28:	4c05      	ldr	r4, [pc, #20]	@ (10006e40 <cdcd_reset+0x48>)
10006e2a:	079b      	lsls	r3, r3, #30
10006e2c:	d4f2      	bmi.n	10006e14 <cdcd_reset+0x1c>
10006e2e:	0020      	movs	r0, r4
10006e30:	f000 fe84 	bl	10007b3c <tu_fifo_clear>
10006e34:	e7ee      	b.n	10006e14 <cdcd_reset+0x1c>
10006e36:	46c0      	nop			@ (mov r8, r8)
10006e38:	20002914 	.word	0x20002914
10006e3c:	20002910 	.word	0x20002910
10006e40:	20002938 	.word	0x20002938

10006e44 <cdcd_open>:
10006e44:	b5f0      	push	{r4, r5, r6, r7, lr}
10006e46:	794b      	ldrb	r3, [r1, #5]
10006e48:	0006      	movs	r6, r0
10006e4a:	b083      	sub	sp, #12
10006e4c:	2b02      	cmp	r3, #2
10006e4e:	d102      	bne.n	10006e56 <cdcd_open+0x12>
10006e50:	798b      	ldrb	r3, [r1, #6]
10006e52:	2b02      	cmp	r3, #2
10006e54:	d003      	beq.n	10006e5e <cdcd_open+0x1a>
10006e56:	2500      	movs	r5, #0
10006e58:	0028      	movs	r0, r5
10006e5a:	b003      	add	sp, #12
10006e5c:	bdf0      	pop	{r4, r5, r6, r7, pc}
10006e5e:	4f20      	ldr	r7, [pc, #128]	@ (10006ee0 <cdcd_open+0x9c>)
10006e60:	78bb      	ldrb	r3, [r7, #2]
10006e62:	2b00      	cmp	r3, #0
10006e64:	d1f7      	bne.n	10006e56 <cdcd_open+0x12>
10006e66:	788b      	ldrb	r3, [r1, #2]
10006e68:	2509      	movs	r5, #9
10006e6a:	703b      	strb	r3, [r7, #0]
10006e6c:	780c      	ldrb	r4, [r1, #0]
10006e6e:	190c      	adds	r4, r1, r4
10006e70:	7863      	ldrb	r3, [r4, #1]
10006e72:	2b24      	cmp	r3, #36	@ 0x24
10006e74:	d007      	beq.n	10006e86 <cdcd_open+0x42>
10006e76:	e00c      	b.n	10006e92 <cdcd_open+0x4e>
10006e78:	7823      	ldrb	r3, [r4, #0]
10006e7a:	18e4      	adds	r4, r4, r3
10006e7c:	195d      	adds	r5, r3, r5
10006e7e:	7863      	ldrb	r3, [r4, #1]
10006e80:	b2ad      	uxth	r5, r5
10006e82:	2b24      	cmp	r3, #36	@ 0x24
10006e84:	d105      	bne.n	10006e92 <cdcd_open+0x4e>
10006e86:	4295      	cmp	r5, r2
10006e88:	d9f6      	bls.n	10006e78 <cdcd_open+0x34>
10006e8a:	2000      	movs	r0, #0
10006e8c:	f7ff fe66 	bl	10006b5c <_prep_out_transaction.isra.0>
10006e90:	e7e2      	b.n	10006e58 <cdcd_open+0x14>
10006e92:	001a      	movs	r2, r3
10006e94:	2b05      	cmp	r3, #5
10006e96:	d015      	beq.n	10006ec4 <cdcd_open+0x80>
10006e98:	2a04      	cmp	r2, #4
10006e9a:	d1f6      	bne.n	10006e8a <cdcd_open+0x46>
10006e9c:	7963      	ldrb	r3, [r4, #5]
10006e9e:	2b0a      	cmp	r3, #10
10006ea0:	d1f3      	bne.n	10006e8a <cdcd_open+0x46>
10006ea2:	4b10      	ldr	r3, [pc, #64]	@ (10006ee4 <cdcd_open+0xa0>)
10006ea4:	7827      	ldrb	r7, [r4, #0]
10006ea6:	9301      	str	r3, [sp, #4]
10006ea8:	3301      	adds	r3, #1
10006eaa:	9300      	str	r3, [sp, #0]
10006eac:	0030      	movs	r0, r6
10006eae:	2302      	movs	r3, #2
10006eb0:	19e1      	adds	r1, r4, r7
10006eb2:	3a02      	subs	r2, #2
10006eb4:	f7ff fc9e 	bl	100067f4 <usbd_open_edpt_pair>
10006eb8:	2800      	cmp	r0, #0
10006eba:	d0cc      	beq.n	10006e56 <cdcd_open+0x12>
10006ebc:	350e      	adds	r5, #14
10006ebe:	19ed      	adds	r5, r5, r7
10006ec0:	b2ad      	uxth	r5, r5
10006ec2:	e7e2      	b.n	10006e8a <cdcd_open+0x46>
10006ec4:	0021      	movs	r1, r4
10006ec6:	0030      	movs	r0, r6
10006ec8:	f7ff fce2 	bl	10006890 <usbd_edpt_open>
10006ecc:	2800      	cmp	r0, #0
10006ece:	d0c2      	beq.n	10006e56 <cdcd_open+0x12>
10006ed0:	78a3      	ldrb	r3, [r4, #2]
10006ed2:	707b      	strb	r3, [r7, #1]
10006ed4:	7823      	ldrb	r3, [r4, #0]
10006ed6:	195d      	adds	r5, r3, r5
10006ed8:	18e4      	adds	r4, r4, r3
10006eda:	7862      	ldrb	r2, [r4, #1]
10006edc:	b2ad      	uxth	r5, r5
10006ede:	e7db      	b.n	10006e98 <cdcd_open+0x54>
10006ee0:	20002914 	.word	0x20002914
10006ee4:	20002916 	.word	0x20002916

10006ee8 <cdcd_control_xfer_cb>:
10006ee8:	b5f8      	push	{r3, r4, r5, r6, r7, lr}
10006eea:	2360      	movs	r3, #96	@ 0x60
10006eec:	0014      	movs	r4, r2
10006eee:	7812      	ldrb	r2, [r2, #0]
10006ef0:	0005      	movs	r5, r0
10006ef2:	4013      	ands	r3, r2
10006ef4:	2000      	movs	r0, #0
10006ef6:	2b20      	cmp	r3, #32
10006ef8:	d107      	bne.n	10006f0a <cdcd_control_xfer_cb+0x22>
10006efa:	4a30      	ldr	r2, [pc, #192]	@ (10006fbc <cdcd_control_xfer_cb+0xd4>)
10006efc:	7963      	ldrb	r3, [r4, #5]
10006efe:	7927      	ldrb	r7, [r4, #4]
10006f00:	7816      	ldrb	r6, [r2, #0]
10006f02:	021b      	lsls	r3, r3, #8
10006f04:	433b      	orrs	r3, r7
10006f06:	429e      	cmp	r6, r3
10006f08:	d000      	beq.n	10006f0c <cdcd_control_xfer_cb+0x24>
10006f0a:	bdf8      	pop	{r3, r4, r5, r6, r7, pc}
10006f0c:	7863      	ldrb	r3, [r4, #1]
10006f0e:	2b22      	cmp	r3, #34	@ 0x22
10006f10:	d01a      	beq.n	10006f48 <cdcd_control_xfer_cb+0x60>
10006f12:	d807      	bhi.n	10006f24 <cdcd_control_xfer_cb+0x3c>
10006f14:	2b20      	cmp	r3, #32
10006f16:	d034      	beq.n	10006f82 <cdcd_control_xfer_cb+0x9a>
10006f18:	2b21      	cmp	r3, #33	@ 0x21
10006f1a:	d1f6      	bne.n	10006f0a <cdcd_control_xfer_cb+0x22>
10006f1c:	2901      	cmp	r1, #1
10006f1e:	d03e      	beq.n	10006f9e <cdcd_control_xfer_cb+0xb6>
10006f20:	2001      	movs	r0, #1
10006f22:	e7f2      	b.n	10006f0a <cdcd_control_xfer_cb+0x22>
10006f24:	2b23      	cmp	r3, #35	@ 0x23
10006f26:	d1f0      	bne.n	10006f0a <cdcd_control_xfer_cb+0x22>
10006f28:	2901      	cmp	r1, #1
10006f2a:	d040      	beq.n	10006fae <cdcd_control_xfer_cb+0xc6>
10006f2c:	2903      	cmp	r1, #3
10006f2e:	d1f7      	bne.n	10006f20 <cdcd_control_xfer_cb+0x38>
10006f30:	4b23      	ldr	r3, [pc, #140]	@ (10006fc0 <cdcd_control_xfer_cb+0xd8>)
10006f32:	2b00      	cmp	r3, #0
10006f34:	d0f4      	beq.n	10006f20 <cdcd_control_xfer_cb+0x38>
10006f36:	78e1      	ldrb	r1, [r4, #3]
10006f38:	78a3      	ldrb	r3, [r4, #2]
10006f3a:	0209      	lsls	r1, r1, #8
10006f3c:	2000      	movs	r0, #0
10006f3e:	4319      	orrs	r1, r3
10006f40:	e000      	b.n	10006f44 <cdcd_control_xfer_cb+0x5c>
10006f42:	bf00      	nop
10006f44:	2001      	movs	r0, #1
10006f46:	e7e0      	b.n	10006f0a <cdcd_control_xfer_cb+0x22>
10006f48:	2901      	cmp	r1, #1
10006f4a:	d030      	beq.n	10006fae <cdcd_control_xfer_cb+0xc6>
10006f4c:	2903      	cmp	r1, #3
10006f4e:	d1e7      	bne.n	10006f20 <cdcd_control_xfer_cb+0x38>
10006f50:	2501      	movs	r5, #1
10006f52:	002e      	movs	r6, r5
10006f54:	78a3      	ldrb	r3, [r4, #2]
10006f56:	78e4      	ldrb	r4, [r4, #3]
10006f58:	3902      	subs	r1, #2
10006f5a:	0224      	lsls	r4, r4, #8
10006f5c:	431c      	orrs	r4, r3
10006f5e:	7114      	strb	r4, [r2, #4]
10006f60:	4026      	ands	r6, r4
10006f62:	3224      	adds	r2, #36	@ 0x24
10006f64:	0010      	movs	r0, r2
10006f66:	4071      	eors	r1, r6
10006f68:	f000 fe08 	bl	10007b7c <tu_fifo_set_overwritable>
10006f6c:	4b15      	ldr	r3, [pc, #84]	@ (10006fc4 <cdcd_control_xfer_cb+0xdc>)
10006f6e:	2b00      	cmp	r3, #0
10006f70:	d0d6      	beq.n	10006f20 <cdcd_control_xfer_cb+0x38>
10006f72:	0862      	lsrs	r2, r4, #1
10006f74:	2000      	movs	r0, #0
10006f76:	0031      	movs	r1, r6
10006f78:	402a      	ands	r2, r5
10006f7a:	e000      	b.n	10006f7e <cdcd_control_xfer_cb+0x96>
10006f7c:	bf00      	nop
10006f7e:	2001      	movs	r0, #1
10006f80:	e7c3      	b.n	10006f0a <cdcd_control_xfer_cb+0x22>
10006f82:	2901      	cmp	r1, #1
10006f84:	d00b      	beq.n	10006f9e <cdcd_control_xfer_cb+0xb6>
10006f86:	2903      	cmp	r1, #3
10006f88:	d1ca      	bne.n	10006f20 <cdcd_control_xfer_cb+0x38>
10006f8a:	4b0f      	ldr	r3, [pc, #60]	@ (10006fc8 <cdcd_control_xfer_cb+0xe0>)
10006f8c:	2b00      	cmp	r3, #0
10006f8e:	d0c7      	beq.n	10006f20 <cdcd_control_xfer_cb+0x38>
10006f90:	3208      	adds	r2, #8
10006f92:	2000      	movs	r0, #0
10006f94:	0011      	movs	r1, r2
10006f96:	f7fe faad 	bl	100054f4 <tud_cdc_line_coding_cb>
10006f9a:	2001      	movs	r0, #1
10006f9c:	e7b5      	b.n	10006f0a <cdcd_control_xfer_cb+0x22>
10006f9e:	2307      	movs	r3, #7
10006fa0:	0021      	movs	r1, r4
10006fa2:	0028      	movs	r0, r5
10006fa4:	4a09      	ldr	r2, [pc, #36]	@ (10006fcc <cdcd_control_xfer_cb+0xe4>)
10006fa6:	f7ff fcf1 	bl	1000698c <tud_control_xfer>
10006faa:	2001      	movs	r0, #1
10006fac:	e7ad      	b.n	10006f0a <cdcd_control_xfer_cb+0x22>
10006fae:	0021      	movs	r1, r4
10006fb0:	0028      	movs	r0, r5
10006fb2:	f7ff fcd5 	bl	10006960 <tud_control_status>
10006fb6:	2001      	movs	r0, #1
10006fb8:	e7a7      	b.n	10006f0a <cdcd_control_xfer_cb+0x22>
10006fba:	46c0      	nop			@ (mov r8, r8)
10006fbc:	20002914 	.word	0x20002914
	...
10006fc8:	100054f5 	.word	0x100054f5
10006fcc:	2000291c 	.word	0x2000291c

10006fd0 <cdcd_xfer_cb>:
10006fd0:	b5f0      	push	{r4, r5, r6, r7, lr}
10006fd2:	464f      	mov	r7, r9
10006fd4:	4646      	mov	r6, r8
10006fd6:	46d6      	mov	lr, sl
10006fd8:	b5c0      	push	{r6, r7, lr}
10006fda:	4d36      	ldr	r5, [pc, #216]	@ (100070b4 <cdcd_xfer_cb+0xe4>)
10006fdc:	4680      	mov	r8, r0
10006fde:	78ea      	ldrb	r2, [r5, #3]
10006fe0:	000c      	movs	r4, r1
10006fe2:	001f      	movs	r7, r3
10006fe4:	428a      	cmp	r2, r1
10006fe6:	d03c      	beq.n	10007062 <cdcd_xfer_cb+0x92>
10006fe8:	78ab      	ldrb	r3, [r5, #2]
10006fea:	428b      	cmp	r3, r1
10006fec:	d010      	beq.n	10007010 <cdcd_xfer_cb+0x40>
10006fee:	2000      	movs	r0, #0
10006ff0:	bce0      	pop	{r5, r6, r7}
10006ff2:	46ba      	mov	sl, r7
10006ff4:	46b1      	mov	r9, r6
10006ff6:	46a8      	mov	r8, r5
10006ff8:	bdf0      	pop	{r4, r5, r6, r7, pc}
10006ffa:	4b2f      	ldr	r3, [pc, #188]	@ (100070b8 <cdcd_xfer_cb+0xe8>)
10006ffc:	2b00      	cmp	r3, #0
10006ffe:	d004      	beq.n	1000700a <cdcd_xfer_cb+0x3a>
10007000:	482e      	ldr	r0, [pc, #184]	@ (100070bc <cdcd_xfer_cb+0xec>)
10007002:	f000 fbad 	bl	10007760 <tu_fifo_empty>
10007006:	2800      	cmp	r0, #0
10007008:	d051      	beq.n	100070ae <cdcd_xfer_cb+0xde>
1000700a:	2000      	movs	r0, #0
1000700c:	f7ff fda6 	bl	10006b5c <_prep_out_transaction.isra.0>
10007010:	78ab      	ldrb	r3, [r5, #2]
10007012:	42a3      	cmp	r3, r4
10007014:	d001      	beq.n	1000701a <cdcd_xfer_cb+0x4a>
10007016:	2001      	movs	r0, #1
10007018:	e7ea      	b.n	10006ff0 <cdcd_xfer_cb+0x20>
1000701a:	4b29      	ldr	r3, [pc, #164]	@ (100070c0 <cdcd_xfer_cb+0xf0>)
1000701c:	2b00      	cmp	r3, #0
1000701e:	d002      	beq.n	10007026 <cdcd_xfer_cb+0x56>
10007020:	2000      	movs	r0, #0
10007022:	e000      	b.n	10007026 <cdcd_xfer_cb+0x56>
10007024:	bf00      	nop
10007026:	2000      	movs	r0, #0
10007028:	f7ff fe32 	bl	10006c90 <tud_cdc_n_write_flush>
1000702c:	2800      	cmp	r0, #0
1000702e:	d1f2      	bne.n	10007016 <cdcd_xfer_cb+0x46>
10007030:	4c24      	ldr	r4, [pc, #144]	@ (100070c4 <cdcd_xfer_cb+0xf4>)
10007032:	0020      	movs	r0, r4
10007034:	f000 fb7e 	bl	10007734 <tu_fifo_count>
10007038:	2800      	cmp	r0, #0
1000703a:	d1ec      	bne.n	10007016 <cdcd_xfer_cb+0x46>
1000703c:	2f00      	cmp	r7, #0
1000703e:	d0ea      	beq.n	10007016 <cdcd_xfer_cb+0x46>
10007040:	06bf      	lsls	r7, r7, #26
10007042:	d1e8      	bne.n	10007016 <cdcd_xfer_cb+0x46>
10007044:	3c24      	subs	r4, #36	@ 0x24
10007046:	4640      	mov	r0, r8
10007048:	78a1      	ldrb	r1, [r4, #2]
1000704a:	f7ff fc3b 	bl	100068c4 <usbd_edpt_claim>
1000704e:	2800      	cmp	r0, #0
10007050:	d0e1      	beq.n	10007016 <cdcd_xfer_cb+0x46>
10007052:	2300      	movs	r3, #0
10007054:	2200      	movs	r2, #0
10007056:	4640      	mov	r0, r8
10007058:	78a1      	ldrb	r1, [r4, #2]
1000705a:	f7ff fc5b 	bl	10006914 <usbd_edpt_xfer>
1000705e:	2001      	movs	r0, #1
10007060:	e7c6      	b.n	10006ff0 <cdcd_xfer_cb+0x20>
10007062:	b29a      	uxth	r2, r3
10007064:	2310      	movs	r3, #16
10007066:	469a      	mov	sl, r3
10007068:	4e17      	ldr	r6, [pc, #92]	@ (100070c8 <cdcd_xfer_cb+0xf8>)
1000706a:	44aa      	add	sl, r5
1000706c:	0031      	movs	r1, r6
1000706e:	4650      	mov	r0, sl
10007070:	f000 fca8 	bl	100079c4 <tu_fifo_write_n>
10007074:	4b15      	ldr	r3, [pc, #84]	@ (100070cc <cdcd_xfer_cb+0xfc>)
10007076:	2b00      	cmp	r3, #0
10007078:	d0bf      	beq.n	10006ffa <cdcd_xfer_cb+0x2a>
1000707a:	796b      	ldrb	r3, [r5, #5]
1000707c:	2bff      	cmp	r3, #255	@ 0xff
1000707e:	d0bc      	beq.n	10006ffa <cdcd_xfer_cb+0x2a>
10007080:	2f00      	cmp	r7, #0
10007082:	d0ba      	beq.n	10006ffa <cdcd_xfer_cb+0x2a>
10007084:	19f2      	adds	r2, r6, r7
10007086:	4691      	mov	r9, r2
10007088:	e003      	b.n	10007092 <cdcd_xfer_cb+0xc2>
1000708a:	3601      	adds	r6, #1
1000708c:	454e      	cmp	r6, r9
1000708e:	d0b4      	beq.n	10006ffa <cdcd_xfer_cb+0x2a>
10007090:	796b      	ldrb	r3, [r5, #5]
10007092:	7832      	ldrb	r2, [r6, #0]
10007094:	429a      	cmp	r2, r3
10007096:	d1f8      	bne.n	1000708a <cdcd_xfer_cb+0xba>
10007098:	4650      	mov	r0, sl
1000709a:	f000 fb61 	bl	10007760 <tu_fifo_empty>
1000709e:	2800      	cmp	r0, #0
100070a0:	d1f3      	bne.n	1000708a <cdcd_xfer_cb+0xba>
100070a2:	4653      	mov	r3, sl
100070a4:	3b10      	subs	r3, #16
100070a6:	7959      	ldrb	r1, [r3, #5]
100070a8:	e000      	b.n	100070ac <cdcd_xfer_cb+0xdc>
100070aa:	bf00      	nop
100070ac:	e7ed      	b.n	1000708a <cdcd_xfer_cb+0xba>
100070ae:	e000      	b.n	100070b2 <cdcd_xfer_cb+0xe2>
100070b0:	bf00      	nop
100070b2:	e7aa      	b.n	1000700a <cdcd_xfer_cb+0x3a>
100070b4:	20002914 	.word	0x20002914
100070b8:	00000000 	.word	0x00000000
100070bc:	20002924 	.word	0x20002924
100070c0:	00000000 	.word	0x00000000
100070c4:	20002938 	.word	0x20002938
100070c8:	20002890 	.word	0x20002890
100070cc:	00000000 	.word	0x00000000

100070d0 <vendord_init>:
100070d0:	2293      	movs	r2, #147	@ 0x93
100070d2:	b5f0      	push	{r4, r5, r6, r7, lr}
100070d4:	4c13      	ldr	r4, [pc, #76]	@ (10007124 <vendord_init+0x54>)
100070d6:	b085      	sub	sp, #20
100070d8:	2100      	movs	r1, #0
100070da:	0020      	movs	r0, r4
100070dc:	0092      	lsls	r2, r2, #2
100070de:	f7fc fa49 	bl	10003574 <__wrap_memset>
100070e2:	0023      	movs	r3, r4
100070e4:	0020      	movs	r0, r4
100070e6:	2680      	movs	r6, #128	@ 0x80
100070e8:	2740      	movs	r7, #64	@ 0x40
100070ea:	4d0f      	ldr	r5, [pc, #60]	@ (10007128 <vendord_init+0x58>)
100070ec:	334d      	adds	r3, #77	@ 0x4d
100070ee:	0076      	lsls	r6, r6, #1
100070f0:	33ff      	adds	r3, #255	@ 0xff
100070f2:	3029      	adds	r0, #41	@ 0x29
100070f4:	9502      	str	r5, [sp, #8]
100070f6:	9300      	str	r3, [sp, #0]
100070f8:	2200      	movs	r2, #0
100070fa:	2300      	movs	r3, #0
100070fc:	2100      	movs	r1, #0
100070fe:	9703      	str	r7, [sp, #12]
10007100:	9601      	str	r6, [sp, #4]
10007102:	30ff      	adds	r0, #255	@ 0xff
10007104:	f000 f9d4 	bl	100074b0 <tu_edpt_stream_init>
10007108:	3540      	adds	r5, #64	@ 0x40
1000710a:	1d20      	adds	r0, r4, #4
1000710c:	3428      	adds	r4, #40	@ 0x28
1000710e:	2300      	movs	r3, #0
10007110:	2201      	movs	r2, #1
10007112:	2100      	movs	r1, #0
10007114:	9703      	str	r7, [sp, #12]
10007116:	9502      	str	r5, [sp, #8]
10007118:	9601      	str	r6, [sp, #4]
1000711a:	9400      	str	r4, [sp, #0]
1000711c:	f000 f9c8 	bl	100074b0 <tu_edpt_stream_init>
10007120:	b005      	add	sp, #20
10007122:	bdf0      	pop	{r4, r5, r6, r7, pc}
10007124:	20002bd8 	.word	0x20002bd8
10007128:	20002b58 	.word	0x20002b58

1000712c <vendord_deinit>:
1000712c:	b510      	push	{r4, lr}
1000712e:	4c05      	ldr	r4, [pc, #20]	@ (10007144 <vendord_deinit+0x18>)
10007130:	0020      	movs	r0, r4
10007132:	f000 f9f3 	bl	1000751c <tu_edpt_stream_deinit>
10007136:	0020      	movs	r0, r4
10007138:	3825      	subs	r0, #37	@ 0x25
1000713a:	38ff      	subs	r0, #255	@ 0xff
1000713c:	f000 f9ee 	bl	1000751c <tu_edpt_stream_deinit>
10007140:	2001      	movs	r0, #1
10007142:	bd10      	pop	{r4, pc}
10007144:	20002d00 	.word	0x20002d00

10007148 <vendord_reset>:
10007148:	b570      	push	{r4, r5, r6, lr}
1000714a:	4c08      	ldr	r4, [pc, #32]	@ (1000716c <vendord_reset+0x24>)
1000714c:	2500      	movs	r5, #0
1000714e:	0020      	movs	r0, r4
10007150:	3031      	adds	r0, #49	@ 0x31
10007152:	30ff      	adds	r0, #255	@ 0xff
10007154:	7025      	strb	r5, [r4, #0]
10007156:	f000 fcf1 	bl	10007b3c <tu_fifo_clear>
1000715a:	0020      	movs	r0, r4
1000715c:	300c      	adds	r0, #12
1000715e:	f000 fced 	bl	10007b3c <tu_fifo_clear>
10007162:	232a      	movs	r3, #42	@ 0x2a
10007164:	33ff      	adds	r3, #255	@ 0xff
10007166:	54e5      	strb	r5, [r4, r3]
10007168:	7165      	strb	r5, [r4, #5]
1000716a:	bd70      	pop	{r4, r5, r6, pc}
1000716c:	20002bd8 	.word	0x20002bd8

10007170 <vendord_open>:
10007170:	b5f8      	push	{r3, r4, r5, r6, r7, lr}
10007172:	4657      	mov	r7, sl
10007174:	4645      	mov	r5, r8
10007176:	46de      	mov	lr, fp
10007178:	464e      	mov	r6, r9
1000717a:	b5e0      	push	{r5, r6, r7, lr}
1000717c:	794b      	ldrb	r3, [r1, #5]
1000717e:	4680      	mov	r8, r0
10007180:	000f      	movs	r7, r1
10007182:	2bff      	cmp	r3, #255	@ 0xff
10007184:	d15b      	bne.n	1000723e <vendord_open+0xce>
10007186:	4b40      	ldr	r3, [pc, #256]	@ (10007288 <vendord_open+0x118>)
10007188:	4699      	mov	r9, r3
1000718a:	232a      	movs	r3, #42	@ 0x2a
1000718c:	4649      	mov	r1, r9
1000718e:	33ff      	adds	r3, #255	@ 0xff
10007190:	5ccb      	ldrb	r3, [r1, r3]
10007192:	2b00      	cmp	r3, #0
10007194:	d153      	bne.n	1000723e <vendord_open+0xce>
10007196:	794e      	ldrb	r6, [r1, #5]
10007198:	2e00      	cmp	r6, #0
1000719a:	d150      	bne.n	1000723e <vendord_open+0xce>
1000719c:	78bb      	ldrb	r3, [r7, #2]
1000719e:	783c      	ldrb	r4, [r7, #0]
100071a0:	700b      	strb	r3, [r1, #0]
100071a2:	793b      	ldrb	r3, [r7, #4]
100071a4:	193c      	adds	r4, r7, r4
100071a6:	2b00      	cmp	r3, #0
100071a8:	d046      	beq.n	10007238 <vendord_open+0xc8>
100071aa:	2398      	movs	r3, #152	@ 0x98
100071ac:	005b      	lsls	r3, r3, #1
100071ae:	444b      	add	r3, r9
100071b0:	469a      	mov	sl, r3
100071b2:	230c      	movs	r3, #12
100071b4:	444b      	add	r3, r9
100071b6:	469b      	mov	fp, r3
100071b8:	18a5      	adds	r5, r4, r2
100071ba:	e003      	b.n	100071c4 <vendord_open+0x54>
100071bc:	42ac      	cmp	r4, r5
100071be:	d23b      	bcs.n	10007238 <vendord_open+0xc8>
100071c0:	7823      	ldrb	r3, [r4, #0]
100071c2:	18e4      	adds	r4, r4, r3
100071c4:	7863      	ldrb	r3, [r4, #1]
100071c6:	2b05      	cmp	r3, #5
100071c8:	d1f8      	bne.n	100071bc <vendord_open+0x4c>
100071ca:	42ac      	cmp	r4, r5
100071cc:	d234      	bcs.n	10007238 <vendord_open+0xc8>
100071ce:	0021      	movs	r1, r4
100071d0:	4640      	mov	r0, r8
100071d2:	f7ff fb5d 	bl	10006890 <usbd_edpt_open>
100071d6:	2800      	cmp	r0, #0
100071d8:	d031      	beq.n	1000723e <vendord_open+0xce>
100071da:	78a3      	ldrb	r3, [r4, #2]
100071dc:	3601      	adds	r6, #1
100071de:	b2f6      	uxtb	r6, r6
100071e0:	09db      	lsrs	r3, r3, #7
100071e2:	2b01      	cmp	r3, #1
100071e4:	d032      	beq.n	1000724c <vendord_open+0xdc>
100071e6:	4650      	mov	r0, sl
100071e8:	f000 fca8 	bl	10007b3c <tu_fifo_clear>
100071ec:	232a      	movs	r3, #42	@ 0x2a
100071ee:	4649      	mov	r1, r9
100071f0:	78a2      	ldrb	r2, [r4, #2]
100071f2:	33ff      	adds	r3, #255	@ 0xff
100071f4:	54ca      	strb	r2, [r1, r3]
100071f6:	7963      	ldrb	r3, [r4, #5]
100071f8:	7922      	ldrb	r2, [r4, #4]
100071fa:	021b      	lsls	r3, r3, #8
100071fc:	4313      	orrs	r3, r2
100071fe:	4a23      	ldr	r2, [pc, #140]	@ (1000728c <vendord_open+0x11c>)
10007200:	055b      	lsls	r3, r3, #21
10007202:	4694      	mov	ip, r2
10007204:	0d5b      	lsrs	r3, r3, #21
10007206:	2194      	movs	r1, #148	@ 0x94
10007208:	4463      	add	r3, ip
1000720a:	425a      	negs	r2, r3
1000720c:	4153      	adcs	r3, r2
1000720e:	464a      	mov	r2, r9
10007210:	2002      	movs	r0, #2
10007212:	0049      	lsls	r1, r1, #1
10007214:	5c52      	ldrb	r2, [r2, r1]
10007216:	005b      	lsls	r3, r3, #1
10007218:	4382      	bics	r2, r0
1000721a:	4313      	orrs	r3, r2
1000721c:	464a      	mov	r2, r9
1000721e:	5453      	strb	r3, [r2, r1]
10007220:	4651      	mov	r1, sl
10007222:	4640      	mov	r0, r8
10007224:	3908      	subs	r1, #8
10007226:	f000 f9e3 	bl	100075f0 <tu_edpt_stream_read_xfer>
1000722a:	2800      	cmp	r0, #0
1000722c:	d007      	beq.n	1000723e <vendord_open+0xce>
1000722e:	7823      	ldrb	r3, [r4, #0]
10007230:	18e4      	adds	r4, r4, r3
10007232:	793b      	ldrb	r3, [r7, #4]
10007234:	42b3      	cmp	r3, r6
10007236:	d8c5      	bhi.n	100071c4 <vendord_open+0x54>
10007238:	1be0      	subs	r0, r4, r7
1000723a:	b280      	uxth	r0, r0
1000723c:	e000      	b.n	10007240 <vendord_open+0xd0>
1000723e:	2000      	movs	r0, #0
10007240:	bcf0      	pop	{r4, r5, r6, r7}
10007242:	46bb      	mov	fp, r7
10007244:	46b2      	mov	sl, r6
10007246:	46a9      	mov	r9, r5
10007248:	46a0      	mov	r8, r4
1000724a:	bdf8      	pop	{r3, r4, r5, r6, r7, pc}
1000724c:	4658      	mov	r0, fp
1000724e:	f000 fc75 	bl	10007b3c <tu_fifo_clear>
10007252:	465a      	mov	r2, fp
10007254:	78a3      	ldrb	r3, [r4, #2]
10007256:	3a0c      	subs	r2, #12
10007258:	7153      	strb	r3, [r2, #5]
1000725a:	7963      	ldrb	r3, [r4, #5]
1000725c:	7921      	ldrb	r1, [r4, #4]
1000725e:	021b      	lsls	r3, r3, #8
10007260:	430b      	orrs	r3, r1
10007262:	490a      	ldr	r1, [pc, #40]	@ (1000728c <vendord_open+0x11c>)
10007264:	055b      	lsls	r3, r3, #21
10007266:	468c      	mov	ip, r1
10007268:	0d5b      	lsrs	r3, r3, #21
1000726a:	4463      	add	r3, ip
1000726c:	4259      	negs	r1, r3
1000726e:	414b      	adcs	r3, r1
10007270:	2002      	movs	r0, #2
10007272:	7911      	ldrb	r1, [r2, #4]
10007274:	005b      	lsls	r3, r3, #1
10007276:	4381      	bics	r1, r0
10007278:	430b      	orrs	r3, r1
1000727a:	4659      	mov	r1, fp
1000727c:	2000      	movs	r0, #0
1000727e:	3908      	subs	r1, #8
10007280:	7113      	strb	r3, [r2, #4]
10007282:	f000 f981 	bl	10007588 <tu_edpt_stream_write_xfer>
10007286:	e7d2      	b.n	1000722e <vendord_open+0xbe>
10007288:	20002bd8 	.word	0x20002bd8
1000728c:	fffffe00 	.word	0xfffffe00

10007290 <vendord_xfer_cb>:
10007290:	b5f8      	push	{r3, r4, r5, r6, r7, lr}
10007292:	252a      	movs	r5, #42	@ 0x2a
10007294:	0006      	movs	r6, r0
10007296:	481f      	ldr	r0, [pc, #124]	@ (10007314 <vendord_xfer_cb+0x84>)
10007298:	35ff      	adds	r5, #255	@ 0xff
1000729a:	5d45      	ldrb	r5, [r0, r5]
1000729c:	001f      	movs	r7, r3
1000729e:	428d      	cmp	r5, r1
100072a0:	d015      	beq.n	100072ce <vendord_xfer_cb+0x3e>
100072a2:	7943      	ldrb	r3, [r0, #5]
100072a4:	428b      	cmp	r3, r1
100072a6:	d001      	beq.n	100072ac <vendord_xfer_cb+0x1c>
100072a8:	2000      	movs	r0, #0
100072aa:	bdf8      	pop	{r3, r4, r5, r6, r7, pc}
100072ac:	4b1a      	ldr	r3, [pc, #104]	@ (10007318 <vendord_xfer_cb+0x88>)
100072ae:	2b00      	cmp	r3, #0
100072b0:	d004      	beq.n	100072bc <vendord_xfer_cb+0x2c>
100072b2:	0439      	lsls	r1, r7, #16
100072b4:	2000      	movs	r0, #0
100072b6:	0c09      	lsrs	r1, r1, #16
100072b8:	e000      	b.n	100072bc <vendord_xfer_cb+0x2c>
100072ba:	bf00      	nop
100072bc:	4c17      	ldr	r4, [pc, #92]	@ (1000731c <vendord_xfer_cb+0x8c>)
100072be:	0030      	movs	r0, r6
100072c0:	0021      	movs	r1, r4
100072c2:	f000 f961 	bl	10007588 <tu_edpt_stream_write_xfer>
100072c6:	2800      	cmp	r0, #0
100072c8:	d01d      	beq.n	10007306 <vendord_xfer_cb+0x76>
100072ca:	2001      	movs	r0, #1
100072cc:	e7ed      	b.n	100072aa <vendord_xfer_cb+0x1a>
100072ce:	239a      	movs	r3, #154	@ 0x9a
100072d0:	005b      	lsls	r3, r3, #1
100072d2:	5ac3      	ldrh	r3, [r0, r3]
100072d4:	2b00      	cmp	r3, #0
100072d6:	d10d      	bne.n	100072f4 <vendord_xfer_cb+0x64>
100072d8:	4b11      	ldr	r3, [pc, #68]	@ (10007320 <vendord_xfer_cb+0x90>)
100072da:	2b00      	cmp	r3, #0
100072dc:	d004      	beq.n	100072e8 <vendord_xfer_cb+0x58>
100072de:	2000      	movs	r0, #0
100072e0:	4910      	ldr	r1, [pc, #64]	@ (10007324 <vendord_xfer_cb+0x94>)
100072e2:	b2ba      	uxth	r2, r7
100072e4:	e000      	b.n	100072e8 <vendord_xfer_cb+0x58>
100072e6:	bf00      	nop
100072e8:	0030      	movs	r0, r6
100072ea:	490f      	ldr	r1, [pc, #60]	@ (10007328 <vendord_xfer_cb+0x98>)
100072ec:	f000 f980 	bl	100075f0 <tu_edpt_stream_read_xfer>
100072f0:	2001      	movs	r0, #1
100072f2:	e7da      	b.n	100072aa <vendord_xfer_cb+0x1a>
100072f4:	2396      	movs	r3, #150	@ 0x96
100072f6:	005b      	lsls	r3, r3, #1
100072f8:	58c1      	ldr	r1, [r0, r3]
100072fa:	3031      	adds	r0, #49	@ 0x31
100072fc:	b2ba      	uxth	r2, r7
100072fe:	30ff      	adds	r0, #255	@ 0xff
10007300:	f000 fb60 	bl	100079c4 <tu_fifo_write_n>
10007304:	e7e8      	b.n	100072d8 <vendord_xfer_cb+0x48>
10007306:	003a      	movs	r2, r7
10007308:	0021      	movs	r1, r4
1000730a:	0030      	movs	r0, r6
1000730c:	f000 f908 	bl	10007520 <tu_edpt_stream_write_zlp_if_needed>
10007310:	2001      	movs	r0, #1
10007312:	e7ca      	b.n	100072aa <vendord_xfer_cb+0x1a>
10007314:	20002bd8 	.word	0x20002bd8
10007318:	00000000 	.word	0x00000000
1000731c:	20002bdc 	.word	0x20002bdc
10007320:	00000000 	.word	0x00000000
10007324:	20002b58 	.word	0x20002b58
10007328:	20002d00 	.word	0x20002d00

1000732c <tusb_rhport_init>:
1000732c:	b500      	push	{lr}
1000732e:	0003      	movs	r3, r0
10007330:	b083      	sub	sp, #12
10007332:	2900      	cmp	r1, #0
10007334:	d010      	beq.n	10007358 <tusb_rhport_init+0x2c>
10007336:	2000      	movs	r0, #0
10007338:	2b01      	cmp	r3, #1
1000733a:	d807      	bhi.n	1000734c <tusb_rhport_init+0x20>
1000733c:	780a      	ldrb	r2, [r1, #0]
1000733e:	2a00      	cmp	r2, #0
10007340:	d004      	beq.n	1000734c <tusb_rhport_init+0x20>
10007342:	480c      	ldr	r0, [pc, #48]	@ (10007374 <tusb_rhport_init+0x48>)
10007344:	54c2      	strb	r2, [r0, r3]
10007346:	2001      	movs	r0, #1
10007348:	2a01      	cmp	r2, #1
1000734a:	d001      	beq.n	10007350 <tusb_rhport_init+0x24>
1000734c:	b003      	add	sp, #12
1000734e:	bd00      	pop	{pc}
10007350:	0018      	movs	r0, r3
10007352:	f7fe fdd5 	bl	10005f00 <tud_rhport_init>
10007356:	e7f9      	b.n	1000734c <tusb_rhport_init+0x20>
10007358:	2301      	movs	r3, #1
1000735a:	466a      	mov	r2, sp
1000735c:	2000      	movs	r0, #0
1000735e:	a901      	add	r1, sp, #4
10007360:	8093      	strh	r3, [r2, #4]
10007362:	f7fe fdcd 	bl	10005f00 <tud_rhport_init>
10007366:	2800      	cmp	r0, #0
10007368:	d0f0      	beq.n	1000734c <tusb_rhport_init+0x20>
1000736a:	2201      	movs	r2, #1
1000736c:	4b01      	ldr	r3, [pc, #4]	@ (10007374 <tusb_rhport_init+0x48>)
1000736e:	701a      	strb	r2, [r3, #0]
10007370:	e7ec      	b.n	1000734c <tusb_rhport_init+0x20>
10007372:	46c0      	nop			@ (mov r8, r8)
10007374:	20002a30 	.word	0x20002a30

10007378 <tu_edpt_claim>:
10007378:	7803      	ldrb	r3, [r0, #0]
1000737a:	b570      	push	{r4, r5, r6, lr}
1000737c:	07db      	lsls	r3, r3, #31
1000737e:	0004      	movs	r4, r0
10007380:	000e      	movs	r6, r1
10007382:	0fdd      	lsrs	r5, r3, #31
10007384:	2b00      	cmp	r3, #0
10007386:	d117      	bne.n	100073b8 <tu_edpt_claim+0x40>
10007388:	7803      	ldrb	r3, [r0, #0]
1000738a:	075b      	lsls	r3, r3, #29
1000738c:	d501      	bpl.n	10007392 <tu_edpt_claim+0x1a>
1000738e:	0028      	movs	r0, r5
10007390:	bd70      	pop	{r4, r5, r6, pc}
10007392:	2101      	movs	r1, #1
10007394:	0030      	movs	r0, r6
10007396:	4249      	negs	r1, r1
10007398:	f003 fdbe 	bl	1000af18 <__mutex_enter_timeout_ms_veneer>
1000739c:	7823      	ldrb	r3, [r4, #0]
1000739e:	07db      	lsls	r3, r3, #31
100073a0:	0fdd      	lsrs	r5, r3, #31
100073a2:	2b00      	cmp	r3, #0
100073a4:	d10a      	bne.n	100073bc <tu_edpt_claim+0x44>
100073a6:	7823      	ldrb	r3, [r4, #0]
100073a8:	075b      	lsls	r3, r3, #29
100073aa:	d408      	bmi.n	100073be <tu_edpt_claim+0x46>
100073ac:	2204      	movs	r2, #4
100073ae:	7823      	ldrb	r3, [r4, #0]
100073b0:	2501      	movs	r5, #1
100073b2:	4313      	orrs	r3, r2
100073b4:	7023      	strb	r3, [r4, #0]
100073b6:	e002      	b.n	100073be <tu_edpt_claim+0x46>
100073b8:	2500      	movs	r5, #0
100073ba:	e7e8      	b.n	1000738e <tu_edpt_claim+0x16>
100073bc:	2500      	movs	r5, #0
100073be:	0030      	movs	r0, r6
100073c0:	f003 fd8a 	bl	1000aed8 <__mutex_exit_veneer>
100073c4:	e7e3      	b.n	1000738e <tu_edpt_claim+0x16>
100073c6:	46c0      	nop			@ (mov r8, r8)

100073c8 <tu_edpt_release>:
100073c8:	b570      	push	{r4, r5, r6, lr}
100073ca:	000c      	movs	r4, r1
100073cc:	2101      	movs	r1, #1
100073ce:	0006      	movs	r6, r0
100073d0:	4249      	negs	r1, r1
100073d2:	0020      	movs	r0, r4
100073d4:	f003 fda0 	bl	1000af18 <__mutex_enter_timeout_ms_veneer>
100073d8:	7833      	ldrb	r3, [r6, #0]
100073da:	075b      	lsls	r3, r3, #29
100073dc:	0fdd      	lsrs	r5, r3, #31
100073de:	2b00      	cmp	r3, #0
100073e0:	db04      	blt.n	100073ec <tu_edpt_release+0x24>
100073e2:	0020      	movs	r0, r4
100073e4:	f003 fd78 	bl	1000aed8 <__mutex_exit_veneer>
100073e8:	0028      	movs	r0, r5
100073ea:	bd70      	pop	{r4, r5, r6, pc}
100073ec:	7833      	ldrb	r3, [r6, #0]
100073ee:	07db      	lsls	r3, r3, #31
100073f0:	d404      	bmi.n	100073fc <tu_edpt_release+0x34>
100073f2:	2204      	movs	r2, #4
100073f4:	7833      	ldrb	r3, [r6, #0]
100073f6:	4393      	bics	r3, r2
100073f8:	7033      	strb	r3, [r6, #0]
100073fa:	e7f2      	b.n	100073e2 <tu_edpt_release+0x1a>
100073fc:	2500      	movs	r5, #0
100073fe:	e7f0      	b.n	100073e2 <tu_edpt_release+0x1a>

10007400 <tu_edpt_validate>:
10007400:	7943      	ldrb	r3, [r0, #5]
10007402:	7902      	ldrb	r2, [r0, #4]
10007404:	021b      	lsls	r3, r3, #8
10007406:	4313      	orrs	r3, r2
10007408:	78c2      	ldrb	r2, [r0, #3]
1000740a:	055b      	lsls	r3, r3, #21
1000740c:	0792      	lsls	r2, r2, #30
1000740e:	0d5b      	lsrs	r3, r3, #21
10007410:	0f92      	lsrs	r2, r2, #30
10007412:	2a02      	cmp	r2, #2
10007414:	d01d      	beq.n	10007452 <tu_edpt_validate+0x52>
10007416:	2a03      	cmp	r2, #3
10007418:	d00c      	beq.n	10007434 <tu_edpt_validate+0x34>
1000741a:	2000      	movs	r0, #0
1000741c:	2a01      	cmp	r2, #1
1000741e:	d108      	bne.n	10007432 <tu_edpt_validate+0x32>
10007420:	3902      	subs	r1, #2
10007422:	424a      	negs	r2, r1
10007424:	4151      	adcs	r1, r2
10007426:	4a12      	ldr	r2, [pc, #72]	@ (10007470 <tu_edpt_validate+0x70>)
10007428:	4694      	mov	ip, r2
1000742a:	4461      	add	r1, ip
1000742c:	4299      	cmp	r1, r3
1000742e:	4140      	adcs	r0, r0
10007430:	b2c0      	uxtb	r0, r0
10007432:	4770      	bx	lr
10007434:	3902      	subs	r1, #2
10007436:	1e4a      	subs	r2, r1, #1
10007438:	4191      	sbcs	r1, r2
1000743a:	4a0e      	ldr	r2, [pc, #56]	@ (10007474 <tu_edpt_validate+0x74>)
1000743c:	4249      	negs	r1, r1
1000743e:	4011      	ands	r1, r2
10007440:	2280      	movs	r2, #128	@ 0x80
10007442:	00d2      	lsls	r2, r2, #3
10007444:	4694      	mov	ip, r2
10007446:	2000      	movs	r0, #0
10007448:	4461      	add	r1, ip
1000744a:	4299      	cmp	r1, r3
1000744c:	4140      	adcs	r0, r0
1000744e:	b2c0      	uxtb	r0, r0
10007450:	e7ef      	b.n	10007432 <tu_edpt_validate+0x32>
10007452:	2902      	cmp	r1, #2
10007454:	d005      	beq.n	10007462 <tu_edpt_validate+0x62>
10007456:	2000      	movs	r0, #0
10007458:	2240      	movs	r2, #64	@ 0x40
1000745a:	429a      	cmp	r2, r3
1000745c:	4140      	adcs	r0, r0
1000745e:	b2c0      	uxtb	r0, r0
10007460:	e7e7      	b.n	10007432 <tu_edpt_validate+0x32>
10007462:	4a05      	ldr	r2, [pc, #20]	@ (10007478 <tu_edpt_validate+0x78>)
10007464:	1898      	adds	r0, r3, r2
10007466:	4243      	negs	r3, r0
10007468:	4158      	adcs	r0, r3
1000746a:	b2c0      	uxtb	r0, r0
1000746c:	e7e1      	b.n	10007432 <tu_edpt_validate+0x32>
1000746e:	46c0      	nop			@ (mov r8, r8)
10007470:	000003ff 	.word	0x000003ff
10007474:	fffffc40 	.word	0xfffffc40
10007478:	fffffe00 	.word	0xfffffe00

1000747c <tu_edpt_bind_driver>:
1000747c:	188a      	adds	r2, r1, r2
1000747e:	b570      	push	{r4, r5, r6, lr}
10007480:	4291      	cmp	r1, r2
10007482:	d207      	bcs.n	10007494 <tu_edpt_bind_driver+0x18>
10007484:	267f      	movs	r6, #127	@ 0x7f
10007486:	784c      	ldrb	r4, [r1, #1]
10007488:	2c05      	cmp	r4, #5
1000748a:	d004      	beq.n	10007496 <tu_edpt_bind_driver+0x1a>
1000748c:	780c      	ldrb	r4, [r1, #0]
1000748e:	1909      	adds	r1, r1, r4
10007490:	428a      	cmp	r2, r1
10007492:	d8f8      	bhi.n	10007486 <tu_edpt_bind_driver+0xa>
10007494:	bd70      	pop	{r4, r5, r6, pc}
10007496:	0034      	movs	r4, r6
10007498:	788d      	ldrb	r5, [r1, #2]
1000749a:	402c      	ands	r4, r5
1000749c:	0064      	lsls	r4, r4, #1
1000749e:	1904      	adds	r4, r0, r4
100074a0:	09ed      	lsrs	r5, r5, #7
100074a2:	5563      	strb	r3, [r4, r5]
100074a4:	780c      	ldrb	r4, [r1, #0]
100074a6:	1909      	adds	r1, r1, r4
100074a8:	428a      	cmp	r2, r1
100074aa:	d8ec      	bhi.n	10007486 <tu_edpt_bind_driver+0xa>
100074ac:	e7f2      	b.n	10007494 <tu_edpt_bind_driver+0x18>
100074ae:	46c0      	nop			@ (mov r8, r8)

100074b0 <tu_edpt_stream_init>:
100074b0:	b5f0      	push	{r4, r5, r6, r7, lr}
100074b2:	46c6      	mov	lr, r8
100074b4:	b500      	push	{lr}
100074b6:	b082      	sub	sp, #8
100074b8:	0015      	movs	r5, r2
100074ba:	aa08      	add	r2, sp, #32
100074bc:	ca40      	ldmia	r2!, {r6}
100074be:	0004      	movs	r4, r0
100074c0:	8817      	ldrh	r7, [r2, #0]
100074c2:	466a      	mov	r2, sp
100074c4:	8d92      	ldrh	r2, [r2, #44]	@ 0x2c
100074c6:	2001      	movs	r0, #1
100074c8:	4690      	mov	r8, r2
100074ca:	000a      	movs	r2, r1
100074cc:	7821      	ldrb	r1, [r4, #0]
100074ce:	4002      	ands	r2, r0
100074d0:	4381      	bics	r1, r0
100074d2:	0020      	movs	r0, r4
100074d4:	4311      	orrs	r1, r2
100074d6:	7021      	strb	r1, [r4, #0]
100074d8:	003a      	movs	r2, r7
100074da:	9300      	str	r3, [sp, #0]
100074dc:	0031      	movs	r1, r6
100074de:	2301      	movs	r3, #1
100074e0:	3008      	adds	r0, #8
100074e2:	f000 f8f1 	bl	100076c8 <tu_fifo_config>
100074e6:	2e00      	cmp	r6, #0
100074e8:	d001      	beq.n	100074ee <tu_edpt_stream_init+0x3e>
100074ea:	2f00      	cmp	r7, #0
100074ec:	d108      	bne.n	10007500 <tu_edpt_stream_init+0x50>
100074ee:	9b0a      	ldr	r3, [sp, #40]	@ 0x28
100074f0:	2001      	movs	r0, #1
100074f2:	6063      	str	r3, [r4, #4]
100074f4:	4643      	mov	r3, r8
100074f6:	8063      	strh	r3, [r4, #2]
100074f8:	b002      	add	sp, #8
100074fa:	bc80      	pop	{r7}
100074fc:	46b8      	mov	r8, r7
100074fe:	bdf0      	pop	{r4, r5, r6, r7, pc}
10007500:	0026      	movs	r6, r4
10007502:	361c      	adds	r6, #28
10007504:	0030      	movs	r0, r6
10007506:	f7fa f831 	bl	1000156c <mutex_init>
1000750a:	2300      	movs	r3, #0
1000750c:	2d00      	cmp	r5, #0
1000750e:	d001      	beq.n	10007514 <tu_edpt_stream_init+0x64>
10007510:	0033      	movs	r3, r6
10007512:	2600      	movs	r6, #0
10007514:	6163      	str	r3, [r4, #20]
10007516:	61a6      	str	r6, [r4, #24]
10007518:	e7e9      	b.n	100074ee <tu_edpt_stream_init+0x3e>
1000751a:	46c0      	nop			@ (mov r8, r8)

1000751c <tu_edpt_stream_deinit>:
1000751c:	2001      	movs	r0, #1
1000751e:	4770      	bx	lr

10007520 <tu_edpt_stream_write_zlp_if_needed>:
10007520:	b5f8      	push	{r3, r4, r5, r6, r7, lr}
10007522:	2402      	movs	r4, #2
10007524:	780b      	ldrb	r3, [r1, #0]
10007526:	0007      	movs	r7, r0
10007528:	401c      	ands	r4, r3
1000752a:	4263      	negs	r3, r4
1000752c:	415c      	adcs	r4, r3
1000752e:	4b14      	ldr	r3, [pc, #80]	@ (10007580 <tu_edpt_stream_write_zlp_if_needed+0x60>)
10007530:	4264      	negs	r4, r4
10007532:	401c      	ands	r4, r3
10007534:	4b13      	ldr	r3, [pc, #76]	@ (10007584 <tu_edpt_stream_write_zlp_if_needed+0x64>)
10007536:	0008      	movs	r0, r1
10007538:	469c      	mov	ip, r3
1000753a:	3008      	adds	r0, #8
1000753c:	000d      	movs	r5, r1
1000753e:	0016      	movs	r6, r2
10007540:	4464      	add	r4, ip
10007542:	f000 f8f7 	bl	10007734 <tu_fifo_count>
10007546:	2800      	cmp	r0, #0
10007548:	d107      	bne.n	1000755a <tu_edpt_stream_write_zlp_if_needed+0x3a>
1000754a:	2e00      	cmp	r6, #0
1000754c:	d005      	beq.n	1000755a <tu_edpt_stream_write_zlp_if_needed+0x3a>
1000754e:	4234      	tst	r4, r6
10007550:	d103      	bne.n	1000755a <tu_edpt_stream_write_zlp_if_needed+0x3a>
10007552:	2401      	movs	r4, #1
10007554:	782b      	ldrb	r3, [r5, #0]
10007556:	421c      	tst	r4, r3
10007558:	d001      	beq.n	1000755e <tu_edpt_stream_write_zlp_if_needed+0x3e>
1000755a:	2000      	movs	r0, #0
1000755c:	bdf8      	pop	{r3, r4, r5, r6, r7, pc}
1000755e:	0038      	movs	r0, r7
10007560:	7869      	ldrb	r1, [r5, #1]
10007562:	f7ff f9af 	bl	100068c4 <usbd_edpt_claim>
10007566:	2800      	cmp	r0, #0
10007568:	d0f7      	beq.n	1000755a <tu_edpt_stream_write_zlp_if_needed+0x3a>
1000756a:	782b      	ldrb	r3, [r5, #0]
1000756c:	421c      	tst	r4, r3
1000756e:	d1f4      	bne.n	1000755a <tu_edpt_stream_write_zlp_if_needed+0x3a>
10007570:	2300      	movs	r3, #0
10007572:	2200      	movs	r2, #0
10007574:	0038      	movs	r0, r7
10007576:	7869      	ldrb	r1, [r5, #1]
10007578:	f7ff f9cc 	bl	10006914 <usbd_edpt_xfer>
1000757c:	e7ee      	b.n	1000755c <tu_edpt_stream_write_zlp_if_needed+0x3c>
1000757e:	46c0      	nop			@ (mov r8, r8)
10007580:	fffffe40 	.word	0xfffffe40
10007584:	000001ff 	.word	0x000001ff

10007588 <tu_edpt_stream_write_xfer>:
10007588:	b5f8      	push	{r3, r4, r5, r6, r7, lr}
1000758a:	000d      	movs	r5, r1
1000758c:	3508      	adds	r5, #8
1000758e:	0006      	movs	r6, r0
10007590:	0028      	movs	r0, r5
10007592:	000c      	movs	r4, r1
10007594:	f000 f8ce 	bl	10007734 <tu_fifo_count>
10007598:	2800      	cmp	r0, #0
1000759a:	d003      	beq.n	100075a4 <tu_edpt_stream_write_xfer+0x1c>
1000759c:	2701      	movs	r7, #1
1000759e:	7823      	ldrb	r3, [r4, #0]
100075a0:	421f      	tst	r7, r3
100075a2:	d001      	beq.n	100075a8 <tu_edpt_stream_write_xfer+0x20>
100075a4:	2000      	movs	r0, #0
100075a6:	bdf8      	pop	{r3, r4, r5, r6, r7, pc}
100075a8:	0030      	movs	r0, r6
100075aa:	7861      	ldrb	r1, [r4, #1]
100075ac:	f7ff f98a 	bl	100068c4 <usbd_edpt_claim>
100075b0:	2800      	cmp	r0, #0
100075b2:	d0f7      	beq.n	100075a4 <tu_edpt_stream_write_xfer+0x1c>
100075b4:	0028      	movs	r0, r5
100075b6:	8862      	ldrh	r2, [r4, #2]
100075b8:	6861      	ldr	r1, [r4, #4]
100075ba:	f000 f93d 	bl	10007838 <tu_fifo_read_n>
100075be:	7823      	ldrb	r3, [r4, #0]
100075c0:	0005      	movs	r5, r0
100075c2:	401f      	ands	r7, r3
100075c4:	2800      	cmp	r0, #0
100075c6:	d00b      	beq.n	100075e0 <tu_edpt_stream_write_xfer+0x58>
100075c8:	2f00      	cmp	r7, #0
100075ca:	d1eb      	bne.n	100075a4 <tu_edpt_stream_write_xfer+0x1c>
100075cc:	0003      	movs	r3, r0
100075ce:	6862      	ldr	r2, [r4, #4]
100075d0:	0030      	movs	r0, r6
100075d2:	7861      	ldrb	r1, [r4, #1]
100075d4:	f7ff f99e 	bl	10006914 <usbd_edpt_xfer>
100075d8:	2800      	cmp	r0, #0
100075da:	d0e3      	beq.n	100075a4 <tu_edpt_stream_write_xfer+0x1c>
100075dc:	0028      	movs	r0, r5
100075de:	e7e2      	b.n	100075a6 <tu_edpt_stream_write_xfer+0x1e>
100075e0:	2f00      	cmp	r7, #0
100075e2:	d1df      	bne.n	100075a4 <tu_edpt_stream_write_xfer+0x1c>
100075e4:	0030      	movs	r0, r6
100075e6:	7861      	ldrb	r1, [r4, #1]
100075e8:	f7ff f980 	bl	100068ec <usbd_edpt_release>
100075ec:	e7da      	b.n	100075a4 <tu_edpt_stream_write_xfer+0x1c>
100075ee:	46c0      	nop			@ (mov r8, r8)

100075f0 <tu_edpt_stream_read_xfer>:
100075f0:	b5f8      	push	{r3, r4, r5, r6, r7, lr}
100075f2:	46ce      	mov	lr, r9
100075f4:	4647      	mov	r7, r8
100075f6:	b580      	push	{r7, lr}
100075f8:	898a      	ldrh	r2, [r1, #12]
100075fa:	0006      	movs	r6, r0
100075fc:	000c      	movs	r4, r1
100075fe:	780b      	ldrb	r3, [r1, #0]
10007600:	2a00      	cmp	r2, #0
10007602:	d107      	bne.n	10007614 <tu_edpt_stream_read_xfer+0x24>
10007604:	2501      	movs	r5, #1
10007606:	421d      	tst	r5, r3
10007608:	d040      	beq.n	1000768c <tu_edpt_stream_read_xfer+0x9c>
1000760a:	2000      	movs	r0, #0
1000760c:	bcc0      	pop	{r6, r7}
1000760e:	46b9      	mov	r9, r7
10007610:	46b0      	mov	r8, r6
10007612:	bdf8      	pop	{r3, r4, r5, r6, r7, pc}
10007614:	079b      	lsls	r3, r3, #30
10007616:	d433      	bmi.n	10007680 <tu_edpt_stream_read_xfer+0x90>
10007618:	4b2a      	ldr	r3, [pc, #168]	@ (100076c4 <tu_edpt_stream_read_xfer+0xd4>)
1000761a:	2540      	movs	r5, #64	@ 0x40
1000761c:	4699      	mov	r9, r3
1000761e:	0027      	movs	r7, r4
10007620:	3708      	adds	r7, #8
10007622:	0038      	movs	r0, r7
10007624:	f000 f8a4 	bl	10007770 <tu_fifo_remaining>
10007628:	4285      	cmp	r5, r0
1000762a:	d8ee      	bhi.n	1000760a <tu_edpt_stream_read_xfer+0x1a>
1000762c:	2201      	movs	r2, #1
1000762e:	7823      	ldrb	r3, [r4, #0]
10007630:	4690      	mov	r8, r2
10007632:	421a      	tst	r2, r3
10007634:	d1e9      	bne.n	1000760a <tu_edpt_stream_read_xfer+0x1a>
10007636:	0030      	movs	r0, r6
10007638:	7861      	ldrb	r1, [r4, #1]
1000763a:	f7ff f943 	bl	100068c4 <usbd_edpt_claim>
1000763e:	2800      	cmp	r0, #0
10007640:	d0e3      	beq.n	1000760a <tu_edpt_stream_read_xfer+0x1a>
10007642:	0038      	movs	r0, r7
10007644:	f000 f894 	bl	10007770 <tu_fifo_remaining>
10007648:	4642      	mov	r2, r8
1000764a:	7823      	ldrb	r3, [r4, #0]
1000764c:	401a      	ands	r2, r3
1000764e:	4285      	cmp	r5, r0
10007650:	d831      	bhi.n	100076b6 <tu_edpt_stream_read_xfer+0xc6>
10007652:	2a00      	cmp	r2, #0
10007654:	d1d9      	bne.n	1000760a <tu_edpt_stream_read_xfer+0x1a>
10007656:	464a      	mov	r2, r9
10007658:	8863      	ldrh	r3, [r4, #2]
1000765a:	4002      	ands	r2, r0
1000765c:	1c1d      	adds	r5, r3, #0
1000765e:	4293      	cmp	r3, r2
10007660:	d900      	bls.n	10007664 <tu_edpt_stream_read_xfer+0x74>
10007662:	1c15      	adds	r5, r2, #0
10007664:	b2ad      	uxth	r5, r5
10007666:	2200      	movs	r2, #0
10007668:	7861      	ldrb	r1, [r4, #1]
1000766a:	2d00      	cmp	r5, #0
1000766c:	d000      	beq.n	10007670 <tu_edpt_stream_read_xfer+0x80>
1000766e:	6862      	ldr	r2, [r4, #4]
10007670:	002b      	movs	r3, r5
10007672:	0030      	movs	r0, r6
10007674:	f7ff f94e 	bl	10006914 <usbd_edpt_xfer>
10007678:	2800      	cmp	r0, #0
1000767a:	d0c6      	beq.n	1000760a <tu_edpt_stream_read_xfer+0x1a>
1000767c:	0028      	movs	r0, r5
1000767e:	e7c5      	b.n	1000760c <tu_edpt_stream_read_xfer+0x1c>
10007680:	23fe      	movs	r3, #254	@ 0xfe
10007682:	2580      	movs	r5, #128	@ 0x80
10007684:	021b      	lsls	r3, r3, #8
10007686:	4699      	mov	r9, r3
10007688:	00ad      	lsls	r5, r5, #2
1000768a:	e7c8      	b.n	1000761e <tu_edpt_stream_read_xfer+0x2e>
1000768c:	7849      	ldrb	r1, [r1, #1]
1000768e:	f7ff f919 	bl	100068c4 <usbd_edpt_claim>
10007692:	2800      	cmp	r0, #0
10007694:	d0b9      	beq.n	1000760a <tu_edpt_stream_read_xfer+0x1a>
10007696:	7823      	ldrb	r3, [r4, #0]
10007698:	421d      	tst	r5, r3
1000769a:	d1b6      	bne.n	1000760a <tu_edpt_stream_read_xfer+0x1a>
1000769c:	8863      	ldrh	r3, [r4, #2]
1000769e:	2200      	movs	r2, #0
100076a0:	7861      	ldrb	r1, [r4, #1]
100076a2:	2b00      	cmp	r3, #0
100076a4:	d000      	beq.n	100076a8 <tu_edpt_stream_read_xfer+0xb8>
100076a6:	6862      	ldr	r2, [r4, #4]
100076a8:	0030      	movs	r0, r6
100076aa:	f7ff f933 	bl	10006914 <usbd_edpt_xfer>
100076ae:	2800      	cmp	r0, #0
100076b0:	d0ab      	beq.n	1000760a <tu_edpt_stream_read_xfer+0x1a>
100076b2:	8860      	ldrh	r0, [r4, #2]
100076b4:	e7aa      	b.n	1000760c <tu_edpt_stream_read_xfer+0x1c>
100076b6:	2a00      	cmp	r2, #0
100076b8:	d1a7      	bne.n	1000760a <tu_edpt_stream_read_xfer+0x1a>
100076ba:	0030      	movs	r0, r6
100076bc:	7861      	ldrb	r1, [r4, #1]
100076be:	f7ff f915 	bl	100068ec <usbd_edpt_release>
100076c2:	e7a2      	b.n	1000760a <tu_edpt_stream_read_xfer+0x1a>
100076c4:	0000ffc0 	.word	0x0000ffc0

100076c8 <tu_fifo_config>:
100076c8:	b5f0      	push	{r4, r5, r6, r7, lr}
100076ca:	46c6      	mov	lr, r8
100076cc:	b500      	push	{lr}
100076ce:	0004      	movs	r4, r0
100076d0:	4668      	mov	r0, sp
100076d2:	7e05      	ldrb	r5, [r0, #24]
100076d4:	2080      	movs	r0, #128	@ 0x80
100076d6:	4688      	mov	r8, r1
100076d8:	0017      	movs	r7, r2
100076da:	001e      	movs	r6, r3
100076dc:	0200      	lsls	r0, r0, #8
100076de:	4282      	cmp	r2, r0
100076e0:	d826      	bhi.n	10007730 <tu_fifo_config+0x68>
100076e2:	68e0      	ldr	r0, [r4, #12]
100076e4:	2800      	cmp	r0, #0
100076e6:	d003      	beq.n	100076f0 <tu_fifo_config+0x28>
100076e8:	2101      	movs	r1, #1
100076ea:	4249      	negs	r1, r1
100076ec:	f003 fc14 	bl	1000af18 <__mutex_enter_timeout_ms_veneer>
100076f0:	6920      	ldr	r0, [r4, #16]
100076f2:	2800      	cmp	r0, #0
100076f4:	d003      	beq.n	100076fe <tu_fifo_config+0x36>
100076f6:	2101      	movs	r1, #1
100076f8:	4249      	negs	r1, r1
100076fa:	f003 fc0d 	bl	1000af18 <__mutex_enter_timeout_ms_veneer>
100076fe:	4643      	mov	r3, r8
10007700:	6023      	str	r3, [r4, #0]
10007702:	0473      	lsls	r3, r6, #17
10007704:	0c5b      	lsrs	r3, r3, #17
10007706:	03ed      	lsls	r5, r5, #15
10007708:	431d      	orrs	r5, r3
1000770a:	2300      	movs	r3, #0
1000770c:	68e0      	ldr	r0, [r4, #12]
1000770e:	8163      	strh	r3, [r4, #10]
10007710:	80a7      	strh	r7, [r4, #4]
10007712:	80e5      	strh	r5, [r4, #6]
10007714:	8123      	strh	r3, [r4, #8]
10007716:	2800      	cmp	r0, #0
10007718:	d001      	beq.n	1000771e <tu_fifo_config+0x56>
1000771a:	f003 fbdd 	bl	1000aed8 <__mutex_exit_veneer>
1000771e:	6920      	ldr	r0, [r4, #16]
10007720:	2800      	cmp	r0, #0
10007722:	d001      	beq.n	10007728 <tu_fifo_config+0x60>
10007724:	f003 fbd8 	bl	1000aed8 <__mutex_exit_veneer>
10007728:	2001      	movs	r0, #1
1000772a:	bc80      	pop	{r7}
1000772c:	46b8      	mov	r8, r7
1000772e:	bdf0      	pop	{r4, r5, r6, r7, pc}
10007730:	2000      	movs	r0, #0
10007732:	e7fa      	b.n	1000772a <tu_fifo_config+0x62>

10007734 <tu_fifo_count>:
10007734:	b510      	push	{r4, lr}
10007736:	8904      	ldrh	r4, [r0, #8]
10007738:	8941      	ldrh	r1, [r0, #10]
1000773a:	8882      	ldrh	r2, [r0, #4]
1000773c:	b2a3      	uxth	r3, r4
1000773e:	b288      	uxth	r0, r1
10007740:	428c      	cmp	r4, r1
10007742:	d307      	bcc.n	10007754 <tu_fifo_count+0x20>
10007744:	1a1b      	subs	r3, r3, r0
10007746:	b29b      	uxth	r3, r3
10007748:	1c10      	adds	r0, r2, #0
1000774a:	429a      	cmp	r2, r3
1000774c:	d900      	bls.n	10007750 <tu_fifo_count+0x1c>
1000774e:	1c18      	adds	r0, r3, #0
10007750:	b280      	uxth	r0, r0
10007752:	bd10      	pop	{r4, pc}
10007754:	0051      	lsls	r1, r2, #1
10007756:	1a09      	subs	r1, r1, r0
10007758:	185b      	adds	r3, r3, r1
1000775a:	b29b      	uxth	r3, r3
1000775c:	e7f4      	b.n	10007748 <tu_fifo_count+0x14>
1000775e:	46c0      	nop			@ (mov r8, r8)

10007760 <tu_fifo_empty>:
10007760:	8903      	ldrh	r3, [r0, #8]
10007762:	8940      	ldrh	r0, [r0, #10]
10007764:	1a18      	subs	r0, r3, r0
10007766:	4243      	negs	r3, r0
10007768:	4158      	adcs	r0, r3
1000776a:	b2c0      	uxtb	r0, r0
1000776c:	4770      	bx	lr
1000776e:	46c0      	nop			@ (mov r8, r8)

10007770 <tu_fifo_remaining>:
10007770:	b510      	push	{r4, lr}
10007772:	8904      	ldrh	r4, [r0, #8]
10007774:	8941      	ldrh	r1, [r0, #10]
10007776:	8882      	ldrh	r2, [r0, #4]
10007778:	b2a3      	uxth	r3, r4
1000777a:	b288      	uxth	r0, r1
1000777c:	428c      	cmp	r4, r1
1000777e:	d307      	bcc.n	10007790 <tu_fifo_remaining+0x20>
10007780:	1a1b      	subs	r3, r3, r0
10007782:	b29b      	uxth	r3, r3
10007784:	2000      	movs	r0, #0
10007786:	429a      	cmp	r2, r3
10007788:	d901      	bls.n	1000778e <tu_fifo_remaining+0x1e>
1000778a:	1ad2      	subs	r2, r2, r3
1000778c:	b290      	uxth	r0, r2
1000778e:	bd10      	pop	{r4, pc}
10007790:	0051      	lsls	r1, r2, #1
10007792:	1a09      	subs	r1, r1, r0
10007794:	185b      	adds	r3, r3, r1
10007796:	b29b      	uxth	r3, r3
10007798:	e7f4      	b.n	10007784 <tu_fifo_remaining+0x14>
1000779a:	46c0      	nop			@ (mov r8, r8)

1000779c <tu_fifo_read>:
1000779c:	b570      	push	{r4, r5, r6, lr}
1000779e:	0004      	movs	r4, r0
100077a0:	6900      	ldr	r0, [r0, #16]
100077a2:	000e      	movs	r6, r1
100077a4:	2800      	cmp	r0, #0
100077a6:	d003      	beq.n	100077b0 <tu_fifo_read+0x14>
100077a8:	2101      	movs	r1, #1
100077aa:	4249      	negs	r1, r1
100077ac:	f003 fbb4 	bl	1000af18 <__mutex_enter_timeout_ms_veneer>
100077b0:	8925      	ldrh	r5, [r4, #8]
100077b2:	8960      	ldrh	r0, [r4, #10]
100077b4:	88a2      	ldrh	r2, [r4, #4]
100077b6:	b2a9      	uxth	r1, r5
100077b8:	b283      	uxth	r3, r0
100077ba:	4285      	cmp	r5, r0
100077bc:	d332      	bcc.n	10007824 <tu_fifo_read+0x88>
100077be:	1acd      	subs	r5, r1, r3
100077c0:	b2ad      	uxth	r5, r5
100077c2:	2d00      	cmp	r5, #0
100077c4:	d028      	beq.n	10007818 <tu_fifo_read+0x7c>
100077c6:	42aa      	cmp	r2, r5
100077c8:	d208      	bcs.n	100077dc <tu_fifo_read+0x40>
100077ca:	4291      	cmp	r1, r2
100077cc:	d32f      	bcc.n	1000782e <tu_fifo_read+0x92>
100077ce:	1a89      	subs	r1, r1, r2
100077d0:	b28b      	uxth	r3, r1
100077d2:	8163      	strh	r3, [r4, #10]
100077d4:	429a      	cmp	r2, r3
100077d6:	d803      	bhi.n	100077e0 <tu_fifo_read+0x44>
100077d8:	1a9b      	subs	r3, r3, r2
100077da:	b29b      	uxth	r3, r3
100077dc:	429a      	cmp	r2, r3
100077de:	d9fb      	bls.n	100077d8 <tu_fifo_read+0x3c>
100077e0:	88e2      	ldrh	r2, [r4, #6]
100077e2:	6821      	ldr	r1, [r4, #0]
100077e4:	0452      	lsls	r2, r2, #17
100077e6:	0c52      	lsrs	r2, r2, #17
100077e8:	4353      	muls	r3, r2
100077ea:	0030      	movs	r0, r6
100077ec:	18c9      	adds	r1, r1, r3
100077ee:	f7fb fec7 	bl	10003580 <__wrap___aeabi_memcpy>
100077f2:	8963      	ldrh	r3, [r4, #10]
100077f4:	2501      	movs	r5, #1
100077f6:	1c59      	adds	r1, r3, #1
100077f8:	b289      	uxth	r1, r1
100077fa:	88a2      	ldrh	r2, [r4, #4]
100077fc:	428b      	cmp	r3, r1
100077fe:	d90d      	bls.n	1000781c <tu_fifo_read+0x80>
10007800:	2100      	movs	r1, #0
10007802:	0052      	lsls	r2, r2, #1
10007804:	1a89      	subs	r1, r1, r2
10007806:	b289      	uxth	r1, r1
10007808:	6920      	ldr	r0, [r4, #16]
1000780a:	8161      	strh	r1, [r4, #10]
1000780c:	2800      	cmp	r0, #0
1000780e:	d001      	beq.n	10007814 <tu_fifo_read+0x78>
10007810:	f003 fb62 	bl	1000aed8 <__mutex_exit_veneer>
10007814:	0028      	movs	r0, r5
10007816:	bd70      	pop	{r4, r5, r6, pc}
10007818:	8961      	ldrh	r1, [r4, #10]
1000781a:	b289      	uxth	r1, r1
1000781c:	0052      	lsls	r2, r2, #1
1000781e:	4291      	cmp	r1, r2
10007820:	dbf2      	blt.n	10007808 <tu_fifo_read+0x6c>
10007822:	e7ef      	b.n	10007804 <tu_fifo_read+0x68>
10007824:	0055      	lsls	r5, r2, #1
10007826:	1aed      	subs	r5, r5, r3
10007828:	194d      	adds	r5, r1, r5
1000782a:	b2ad      	uxth	r5, r5
1000782c:	e7c9      	b.n	100077c2 <tu_fifo_read+0x26>
1000782e:	1889      	adds	r1, r1, r2
10007830:	b28b      	uxth	r3, r1
10007832:	8163      	strh	r3, [r4, #10]
10007834:	e7ce      	b.n	100077d4 <tu_fifo_read+0x38>
10007836:	46c0      	nop			@ (mov r8, r8)

10007838 <tu_fifo_read_n>:
10007838:	b5f0      	push	{r4, r5, r6, r7, lr}
1000783a:	4646      	mov	r6, r8
1000783c:	464f      	mov	r7, r9
1000783e:	46d6      	mov	lr, sl
10007840:	b5c0      	push	{r6, r7, lr}
10007842:	0006      	movs	r6, r0
10007844:	6900      	ldr	r0, [r0, #16]
10007846:	4689      	mov	r9, r1
10007848:	4690      	mov	r8, r2
1000784a:	2800      	cmp	r0, #0
1000784c:	d003      	beq.n	10007856 <tu_fifo_read_n+0x1e>
1000784e:	2101      	movs	r1, #1
10007850:	4249      	negs	r1, r1
10007852:	f003 fb61 	bl	1000af18 <__mutex_enter_timeout_ms_veneer>
10007856:	8931      	ldrh	r1, [r6, #8]
10007858:	8972      	ldrh	r2, [r6, #10]
1000785a:	88b5      	ldrh	r5, [r6, #4]
1000785c:	b28b      	uxth	r3, r1
1000785e:	b294      	uxth	r4, r2
10007860:	4291      	cmp	r1, r2
10007862:	d354      	bcc.n	1000790e <tu_fifo_read_n+0xd6>
10007864:	1b1f      	subs	r7, r3, r4
10007866:	b2bf      	uxth	r7, r7
10007868:	2f00      	cmp	r7, #0
1000786a:	d04a      	beq.n	10007902 <tu_fifo_read_n+0xca>
1000786c:	42bd      	cmp	r5, r7
1000786e:	d205      	bcs.n	1000787c <tu_fifo_read_n+0x44>
10007870:	42ab      	cmp	r3, r5
10007872:	d251      	bcs.n	10007918 <tu_fifo_read_n+0xe0>
10007874:	195b      	adds	r3, r3, r5
10007876:	b29c      	uxth	r4, r3
10007878:	002f      	movs	r7, r5
1000787a:	8174      	strh	r4, [r6, #10]
1000787c:	4643      	mov	r3, r8
1000787e:	45b8      	cmp	r8, r7
10007880:	d83d      	bhi.n	100078fe <tu_fifo_read_n+0xc6>
10007882:	b29f      	uxth	r7, r3
10007884:	42a5      	cmp	r5, r4
10007886:	d803      	bhi.n	10007890 <tu_fifo_read_n+0x58>
10007888:	1b64      	subs	r4, r4, r5
1000788a:	b2a4      	uxth	r4, r4
1000788c:	42a5      	cmp	r5, r4
1000788e:	d9fb      	bls.n	10007888 <tu_fifo_read_n+0x50>
10007890:	88f2      	ldrh	r2, [r6, #6]
10007892:	6831      	ldr	r1, [r6, #0]
10007894:	0452      	lsls	r2, r2, #17
10007896:	0c52      	lsrs	r2, r2, #17
10007898:	4690      	mov	r8, r2
1000789a:	4362      	muls	r2, r4
1000789c:	1b2b      	subs	r3, r5, r4
1000789e:	b29b      	uxth	r3, r3
100078a0:	1889      	adds	r1, r1, r2
100078a2:	4642      	mov	r2, r8
100078a4:	429f      	cmp	r7, r3
100078a6:	d925      	bls.n	100078f4 <tu_fifo_read_n+0xbc>
100078a8:	4353      	muls	r3, r2
100078aa:	b29b      	uxth	r3, r3
100078ac:	001a      	movs	r2, r3
100078ae:	4648      	mov	r0, r9
100078b0:	469a      	mov	sl, r3
100078b2:	f7fb fe65 	bl	10003580 <__wrap___aeabi_memcpy>
100078b6:	4643      	mov	r3, r8
100078b8:	4648      	mov	r0, r9
100078ba:	1b7d      	subs	r5, r7, r5
100078bc:	1964      	adds	r4, r4, r5
100078be:	435c      	muls	r4, r3
100078c0:	6831      	ldr	r1, [r6, #0]
100078c2:	4450      	add	r0, sl
100078c4:	b2a2      	uxth	r2, r4
100078c6:	f7fb fe5b 	bl	10003580 <__wrap___aeabi_memcpy>
100078ca:	8971      	ldrh	r1, [r6, #10]
100078cc:	88b5      	ldrh	r5, [r6, #4]
100078ce:	19cb      	adds	r3, r1, r7
100078d0:	b29b      	uxth	r3, r3
100078d2:	006a      	lsls	r2, r5, #1
100078d4:	4299      	cmp	r1, r3
100078d6:	d916      	bls.n	10007906 <tu_fifo_read_n+0xce>
100078d8:	1a9b      	subs	r3, r3, r2
100078da:	b29b      	uxth	r3, r3
100078dc:	6930      	ldr	r0, [r6, #16]
100078de:	8173      	strh	r3, [r6, #10]
100078e0:	2800      	cmp	r0, #0
100078e2:	d001      	beq.n	100078e8 <tu_fifo_read_n+0xb0>
100078e4:	f003 faf8 	bl	1000aed8 <__mutex_exit_veneer>
100078e8:	0038      	movs	r0, r7
100078ea:	bce0      	pop	{r5, r6, r7}
100078ec:	46ba      	mov	sl, r7
100078ee:	46b1      	mov	r9, r6
100078f0:	46a8      	mov	r8, r5
100078f2:	bdf0      	pop	{r4, r5, r6, r7, pc}
100078f4:	4648      	mov	r0, r9
100078f6:	437a      	muls	r2, r7
100078f8:	f7fb fe42 	bl	10003580 <__wrap___aeabi_memcpy>
100078fc:	e7e5      	b.n	100078ca <tu_fifo_read_n+0x92>
100078fe:	1c3b      	adds	r3, r7, #0
10007900:	e7bf      	b.n	10007882 <tu_fifo_read_n+0x4a>
10007902:	8973      	ldrh	r3, [r6, #10]
10007904:	b29b      	uxth	r3, r3
10007906:	006a      	lsls	r2, r5, #1
10007908:	4293      	cmp	r3, r2
1000790a:	dbe7      	blt.n	100078dc <tu_fifo_read_n+0xa4>
1000790c:	e7e4      	b.n	100078d8 <tu_fifo_read_n+0xa0>
1000790e:	006f      	lsls	r7, r5, #1
10007910:	1b3f      	subs	r7, r7, r4
10007912:	19df      	adds	r7, r3, r7
10007914:	b2bf      	uxth	r7, r7
10007916:	e7a7      	b.n	10007868 <tu_fifo_read_n+0x30>
10007918:	1b5b      	subs	r3, r3, r5
1000791a:	b29c      	uxth	r4, r3
1000791c:	e7ac      	b.n	10007878 <tu_fifo_read_n+0x40>
1000791e:	46c0      	nop			@ (mov r8, r8)

10007920 <tu_fifo_write>:
10007920:	b5f8      	push	{r3, r4, r5, r6, r7, lr}
10007922:	0004      	movs	r4, r0
10007924:	68c0      	ldr	r0, [r0, #12]
10007926:	000e      	movs	r6, r1
10007928:	2800      	cmp	r0, #0
1000792a:	d003      	beq.n	10007934 <tu_fifo_write+0x14>
1000792c:	2101      	movs	r1, #1
1000792e:	4249      	negs	r1, r1
10007930:	f003 faf2 	bl	1000af18 <__mutex_enter_timeout_ms_veneer>
10007934:	8925      	ldrh	r5, [r4, #8]
10007936:	8920      	ldrh	r0, [r4, #8]
10007938:	8961      	ldrh	r1, [r4, #10]
1000793a:	88a2      	ldrh	r2, [r4, #4]
1000793c:	b2ad      	uxth	r5, r5
1000793e:	b283      	uxth	r3, r0
10007940:	b28f      	uxth	r7, r1
10007942:	4288      	cmp	r0, r1
10007944:	d329      	bcc.n	1000799a <tu_fifo_write+0x7a>
10007946:	1bdb      	subs	r3, r3, r7
10007948:	b29b      	uxth	r3, r3
1000794a:	429a      	cmp	r2, r3
1000794c:	d809      	bhi.n	10007962 <tu_fifo_write+0x42>
1000794e:	79e7      	ldrb	r7, [r4, #7]
10007950:	09ff      	lsrs	r7, r7, #7
10007952:	d106      	bne.n	10007962 <tu_fifo_write+0x42>
10007954:	68e0      	ldr	r0, [r4, #12]
10007956:	2800      	cmp	r0, #0
10007958:	d001      	beq.n	1000795e <tu_fifo_write+0x3e>
1000795a:	f003 fabd 	bl	1000aed8 <__mutex_exit_veneer>
1000795e:	0038      	movs	r0, r7
10007960:	bdf8      	pop	{r3, r4, r5, r6, r7, pc}
10007962:	002b      	movs	r3, r5
10007964:	4295      	cmp	r5, r2
10007966:	d31d      	bcc.n	100079a4 <tu_fifo_write+0x84>
10007968:	1a9b      	subs	r3, r3, r2
1000796a:	b29b      	uxth	r3, r3
1000796c:	4293      	cmp	r3, r2
1000796e:	d2fb      	bcs.n	10007968 <tu_fifo_write+0x48>
10007970:	88e2      	ldrh	r2, [r4, #6]
10007972:	6820      	ldr	r0, [r4, #0]
10007974:	0452      	lsls	r2, r2, #17
10007976:	0c52      	lsrs	r2, r2, #17
10007978:	4353      	muls	r3, r2
1000797a:	0031      	movs	r1, r6
1000797c:	18c0      	adds	r0, r0, r3
1000797e:	f7fb fdff 	bl	10003580 <__wrap___aeabi_memcpy>
10007982:	1c6b      	adds	r3, r5, #1
10007984:	b29b      	uxth	r3, r3
10007986:	88a2      	ldrh	r2, [r4, #4]
10007988:	429d      	cmp	r5, r3
1000798a:	d917      	bls.n	100079bc <tu_fifo_write+0x9c>
1000798c:	2300      	movs	r3, #0
1000798e:	0052      	lsls	r2, r2, #1
10007990:	1a9b      	subs	r3, r3, r2
10007992:	b29b      	uxth	r3, r3
10007994:	2701      	movs	r7, #1
10007996:	8123      	strh	r3, [r4, #8]
10007998:	e7dc      	b.n	10007954 <tu_fifo_write+0x34>
1000799a:	0051      	lsls	r1, r2, #1
1000799c:	1bc9      	subs	r1, r1, r7
1000799e:	185b      	adds	r3, r3, r1
100079a0:	b29b      	uxth	r3, r3
100079a2:	e7d2      	b.n	1000794a <tu_fifo_write+0x2a>
100079a4:	88e2      	ldrh	r2, [r4, #6]
100079a6:	6820      	ldr	r0, [r4, #0]
100079a8:	0452      	lsls	r2, r2, #17
100079aa:	0c52      	lsrs	r2, r2, #17
100079ac:	4353      	muls	r3, r2
100079ae:	0031      	movs	r1, r6
100079b0:	18c0      	adds	r0, r0, r3
100079b2:	f7fb fde5 	bl	10003580 <__wrap___aeabi_memcpy>
100079b6:	3501      	adds	r5, #1
100079b8:	88a2      	ldrh	r2, [r4, #4]
100079ba:	b2ab      	uxth	r3, r5
100079bc:	0052      	lsls	r2, r2, #1
100079be:	4293      	cmp	r3, r2
100079c0:	dbe8      	blt.n	10007994 <tu_fifo_write+0x74>
100079c2:	e7e5      	b.n	10007990 <tu_fifo_write+0x70>

100079c4 <tu_fifo_write_n>:
100079c4:	b5f0      	push	{r4, r5, r6, r7, lr}
100079c6:	464e      	mov	r6, r9
100079c8:	4657      	mov	r7, sl
100079ca:	46de      	mov	lr, fp
100079cc:	4645      	mov	r5, r8
100079ce:	b5e0      	push	{r5, r6, r7, lr}
100079d0:	4689      	mov	r9, r1
100079d2:	0006      	movs	r6, r0
100079d4:	0017      	movs	r7, r2
100079d6:	b083      	sub	sp, #12
100079d8:	2a00      	cmp	r2, #0
100079da:	d067      	beq.n	10007aac <tu_fifo_write_n+0xe8>
100079dc:	68c0      	ldr	r0, [r0, #12]
100079de:	2800      	cmp	r0, #0
100079e0:	d003      	beq.n	100079ea <tu_fifo_write_n+0x26>
100079e2:	2101      	movs	r1, #1
100079e4:	4249      	negs	r1, r1
100079e6:	f003 fa97 	bl	1000af18 <__mutex_enter_timeout_ms_veneer>
100079ea:	8933      	ldrh	r3, [r6, #8]
100079ec:	79f2      	ldrb	r2, [r6, #7]
100079ee:	b29b      	uxth	r3, r3
100079f0:	4698      	mov	r8, r3
100079f2:	8973      	ldrh	r3, [r6, #10]
100079f4:	88b5      	ldrh	r5, [r6, #4]
100079f6:	b29b      	uxth	r3, r3
100079f8:	09d2      	lsrs	r2, r2, #7
100079fa:	d140      	bne.n	10007a7e <tu_fifo_write_n+0xba>
100079fc:	4598      	cmp	r8, r3
100079fe:	d25e      	bcs.n	10007abe <tu_fifo_write_n+0xfa>
10007a00:	006a      	lsls	r2, r5, #1
10007a02:	1ad3      	subs	r3, r2, r3
10007a04:	4443      	add	r3, r8
10007a06:	b29b      	uxth	r3, r3
10007a08:	42ab      	cmp	r3, r5
10007a0a:	d25d      	bcs.n	10007ac8 <tu_fifo_write_n+0x104>
10007a0c:	1aeb      	subs	r3, r5, r3
10007a0e:	1c1a      	adds	r2, r3, #0
10007a10:	b29b      	uxth	r3, r3
10007a12:	42bb      	cmp	r3, r7
10007a14:	d900      	bls.n	10007a18 <tu_fifo_write_n+0x54>
10007a16:	1c3a      	adds	r2, r7, #0
10007a18:	b297      	uxth	r7, r2
10007a1a:	1b7b      	subs	r3, r7, r5
10007a1c:	b29b      	uxth	r3, r3
10007a1e:	9301      	str	r3, [sp, #4]
10007a20:	88f3      	ldrh	r3, [r6, #6]
10007a22:	045b      	lsls	r3, r3, #17
10007a24:	0c5b      	lsrs	r3, r3, #17
10007a26:	469a      	mov	sl, r3
10007a28:	4643      	mov	r3, r8
10007a2a:	19db      	adds	r3, r3, r7
10007a2c:	b29b      	uxth	r3, r3
10007a2e:	469b      	mov	fp, r3
10007a30:	4644      	mov	r4, r8
10007a32:	45a8      	cmp	r8, r5
10007a34:	d303      	bcc.n	10007a3e <tu_fifo_write_n+0x7a>
10007a36:	1b64      	subs	r4, r4, r5
10007a38:	b2a4      	uxth	r4, r4
10007a3a:	42ac      	cmp	r4, r5
10007a3c:	d2fb      	bcs.n	10007a36 <tu_fifo_write_n+0x72>
10007a3e:	4653      	mov	r3, sl
10007a40:	4363      	muls	r3, r4
10007a42:	6830      	ldr	r0, [r6, #0]
10007a44:	1b2d      	subs	r5, r5, r4
10007a46:	b2ad      	uxth	r5, r5
10007a48:	18c0      	adds	r0, r0, r3
10007a4a:	42bd      	cmp	r5, r7
10007a4c:	d34b      	bcc.n	10007ae6 <tu_fifo_write_n+0x122>
10007a4e:	4652      	mov	r2, sl
10007a50:	4649      	mov	r1, r9
10007a52:	437a      	muls	r2, r7
10007a54:	f7fb fd94 	bl	10003580 <__wrap___aeabi_memcpy>
10007a58:	88b3      	ldrh	r3, [r6, #4]
10007a5a:	005b      	lsls	r3, r3, #1
10007a5c:	45d8      	cmp	r8, fp
10007a5e:	d801      	bhi.n	10007a64 <tu_fifo_write_n+0xa0>
10007a60:	459b      	cmp	fp, r3
10007a62:	db03      	blt.n	10007a6c <tu_fifo_write_n+0xa8>
10007a64:	465a      	mov	r2, fp
10007a66:	1ad3      	subs	r3, r2, r3
10007a68:	b29b      	uxth	r3, r3
10007a6a:	469b      	mov	fp, r3
10007a6c:	465b      	mov	r3, fp
10007a6e:	003d      	movs	r5, r7
10007a70:	8133      	strh	r3, [r6, #8]
10007a72:	68f0      	ldr	r0, [r6, #12]
10007a74:	2800      	cmp	r0, #0
10007a76:	d01a      	beq.n	10007aae <tu_fifo_write_n+0xea>
10007a78:	f003 fa2e 	bl	1000aed8 <__mutex_exit_veneer>
10007a7c:	e017      	b.n	10007aae <tu_fifo_write_n+0xea>
10007a7e:	88f2      	ldrh	r2, [r6, #6]
10007a80:	0452      	lsls	r2, r2, #17
10007a82:	0c52      	lsrs	r2, r2, #17
10007a84:	4692      	mov	sl, r2
10007a86:	42af      	cmp	r7, r5
10007a88:	d220      	bcs.n	10007acc <tu_fifo_write_n+0x108>
10007a8a:	4598      	cmp	r8, r3
10007a8c:	d34d      	bcc.n	10007b2a <tu_fifo_write_n+0x166>
10007a8e:	4642      	mov	r2, r8
10007a90:	1ad2      	subs	r2, r2, r3
10007a92:	b292      	uxth	r2, r2
10007a94:	0069      	lsls	r1, r5, #1
10007a96:	1b78      	subs	r0, r7, r5
10007a98:	b280      	uxth	r0, r0
10007a9a:	19d2      	adds	r2, r2, r7
10007a9c:	9001      	str	r0, [sp, #4]
10007a9e:	428a      	cmp	r2, r1
10007aa0:	da33      	bge.n	10007b0a <tu_fifo_write_n+0x146>
10007aa2:	4643      	mov	r3, r8
10007aa4:	18fb      	adds	r3, r7, r3
10007aa6:	b29b      	uxth	r3, r3
10007aa8:	469b      	mov	fp, r3
10007aaa:	e7c1      	b.n	10007a30 <tu_fifo_write_n+0x6c>
10007aac:	2500      	movs	r5, #0
10007aae:	0028      	movs	r0, r5
10007ab0:	b003      	add	sp, #12
10007ab2:	bcf0      	pop	{r4, r5, r6, r7}
10007ab4:	46bb      	mov	fp, r7
10007ab6:	46b2      	mov	sl, r6
10007ab8:	46a9      	mov	r9, r5
10007aba:	46a0      	mov	r8, r4
10007abc:	bdf0      	pop	{r4, r5, r6, r7, pc}
10007abe:	4642      	mov	r2, r8
10007ac0:	1ad3      	subs	r3, r2, r3
10007ac2:	b29b      	uxth	r3, r3
10007ac4:	42ab      	cmp	r3, r5
10007ac6:	d3a1      	bcc.n	10007a0c <tu_fifo_write_n+0x48>
10007ac8:	2500      	movs	r5, #0
10007aca:	e7d2      	b.n	10007a72 <tu_fifo_write_n+0xae>
10007acc:	2d00      	cmp	r5, #0
10007ace:	d0d0      	beq.n	10007a72 <tu_fifo_write_n+0xae>
10007ad0:	1b7f      	subs	r7, r7, r5
10007ad2:	4357      	muls	r7, r2
10007ad4:	4698      	mov	r8, r3
10007ad6:	195a      	adds	r2, r3, r5
10007ad8:	2300      	movs	r3, #0
10007ada:	b292      	uxth	r2, r2
10007adc:	44b9      	add	r9, r7
10007ade:	4693      	mov	fp, r2
10007ae0:	002f      	movs	r7, r5
10007ae2:	9301      	str	r3, [sp, #4]
10007ae4:	e7a4      	b.n	10007a30 <tu_fifo_write_n+0x6c>
10007ae6:	4653      	mov	r3, sl
10007ae8:	435d      	muls	r5, r3
10007aea:	b2ad      	uxth	r5, r5
10007aec:	002a      	movs	r2, r5
10007aee:	4649      	mov	r1, r9
10007af0:	f7fb fd46 	bl	10003580 <__wrap___aeabi_memcpy>
10007af4:	9b01      	ldr	r3, [sp, #4]
10007af6:	0029      	movs	r1, r5
10007af8:	18e2      	adds	r2, r4, r3
10007afa:	4653      	mov	r3, sl
10007afc:	435a      	muls	r2, r3
10007afe:	6830      	ldr	r0, [r6, #0]
10007b00:	b292      	uxth	r2, r2
10007b02:	4449      	add	r1, r9
10007b04:	f7fb fd3c 	bl	10003580 <__wrap___aeabi_memcpy>
10007b08:	e7a6      	b.n	10007a58 <tu_fifo_write_n+0x94>
10007b0a:	195a      	adds	r2, r3, r5
10007b0c:	b292      	uxth	r2, r2
10007b0e:	4693      	mov	fp, r2
10007b10:	1bd2      	subs	r2, r2, r7
10007b12:	b292      	uxth	r2, r2
10007b14:	4690      	mov	r8, r2
10007b16:	4293      	cmp	r3, r2
10007b18:	d90c      	bls.n	10007b34 <tu_fifo_write_n+0x170>
10007b1a:	4643      	mov	r3, r8
10007b1c:	1a59      	subs	r1, r3, r1
10007b1e:	b28b      	uxth	r3, r1
10007b20:	4698      	mov	r8, r3
10007b22:	18fb      	adds	r3, r7, r3
10007b24:	b29b      	uxth	r3, r3
10007b26:	469b      	mov	fp, r3
10007b28:	e782      	b.n	10007a30 <tu_fifo_write_n+0x6c>
10007b2a:	0069      	lsls	r1, r5, #1
10007b2c:	1aca      	subs	r2, r1, r3
10007b2e:	4442      	add	r2, r8
10007b30:	b292      	uxth	r2, r2
10007b32:	e7b0      	b.n	10007a96 <tu_fifo_write_n+0xd2>
10007b34:	4291      	cmp	r1, r2
10007b36:	dd00      	ble.n	10007b3a <tu_fifo_write_n+0x176>
10007b38:	e77a      	b.n	10007a30 <tu_fifo_write_n+0x6c>
10007b3a:	e7ee      	b.n	10007b1a <tu_fifo_write_n+0x156>

10007b3c <tu_fifo_clear>:
10007b3c:	b510      	push	{r4, lr}
10007b3e:	0004      	movs	r4, r0
10007b40:	68c0      	ldr	r0, [r0, #12]
10007b42:	2800      	cmp	r0, #0
10007b44:	d003      	beq.n	10007b4e <tu_fifo_clear+0x12>
10007b46:	2101      	movs	r1, #1
10007b48:	4249      	negs	r1, r1
10007b4a:	f003 f9e5 	bl	1000af18 <__mutex_enter_timeout_ms_veneer>
10007b4e:	6920      	ldr	r0, [r4, #16]
10007b50:	2800      	cmp	r0, #0
10007b52:	d003      	beq.n	10007b5c <tu_fifo_clear+0x20>
10007b54:	2101      	movs	r1, #1
10007b56:	4249      	negs	r1, r1
10007b58:	f003 f9de 	bl	1000af18 <__mutex_enter_timeout_ms_veneer>
10007b5c:	2300      	movs	r3, #0
10007b5e:	68e0      	ldr	r0, [r4, #12]
10007b60:	8163      	strh	r3, [r4, #10]
10007b62:	8123      	strh	r3, [r4, #8]
10007b64:	2800      	cmp	r0, #0
10007b66:	d001      	beq.n	10007b6c <tu_fifo_clear+0x30>
10007b68:	f003 f9b6 	bl	1000aed8 <__mutex_exit_veneer>
10007b6c:	6920      	ldr	r0, [r4, #16]
10007b6e:	2800      	cmp	r0, #0
10007b70:	d001      	beq.n	10007b76 <tu_fifo_clear+0x3a>
10007b72:	f003 f9b1 	bl	1000aed8 <__mutex_exit_veneer>
10007b76:	2001      	movs	r0, #1
10007b78:	bd10      	pop	{r4, pc}
10007b7a:	46c0      	nop			@ (mov r8, r8)

10007b7c <tu_fifo_set_overwritable>:
10007b7c:	b570      	push	{r4, r5, r6, lr}
10007b7e:	0004      	movs	r4, r0
10007b80:	68c0      	ldr	r0, [r0, #12]
10007b82:	000d      	movs	r5, r1
10007b84:	2800      	cmp	r0, #0
10007b86:	d003      	beq.n	10007b90 <tu_fifo_set_overwritable+0x14>
10007b88:	2101      	movs	r1, #1
10007b8a:	4249      	negs	r1, r1
10007b8c:	f003 f9c4 	bl	1000af18 <__mutex_enter_timeout_ms_veneer>
10007b90:	6920      	ldr	r0, [r4, #16]
10007b92:	2800      	cmp	r0, #0
10007b94:	d003      	beq.n	10007b9e <tu_fifo_set_overwritable+0x22>
10007b96:	2101      	movs	r1, #1
10007b98:	4249      	negs	r1, r1
10007b9a:	f003 f9bd 	bl	1000af18 <__mutex_enter_timeout_ms_veneer>
10007b9e:	217f      	movs	r1, #127	@ 0x7f
10007ba0:	79e3      	ldrb	r3, [r4, #7]
10007ba2:	01ed      	lsls	r5, r5, #7
10007ba4:	4019      	ands	r1, r3
10007ba6:	68e0      	ldr	r0, [r4, #12]
10007ba8:	4329      	orrs	r1, r5
10007baa:	71e1      	strb	r1, [r4, #7]
10007bac:	2800      	cmp	r0, #0
10007bae:	d001      	beq.n	10007bb4 <tu_fifo_set_overwritable+0x38>
10007bb0:	f003 f992 	bl	1000aed8 <__mutex_exit_veneer>
10007bb4:	6920      	ldr	r0, [r4, #16]
10007bb6:	2800      	cmp	r0, #0
10007bb8:	d001      	beq.n	10007bbe <tu_fifo_set_overwritable+0x42>
10007bba:	f003 f98d 	bl	1000aed8 <__mutex_exit_veneer>
10007bbe:	2001      	movs	r0, #1
10007bc0:	bd70      	pop	{r4, r5, r6, pc}
10007bc2:	46c0      	nop			@ (mov r8, r8)

10007bc4 <strncpy>:
10007bc4:	000b      	movs	r3, r1
10007bc6:	4303      	orrs	r3, r0
10007bc8:	b570      	push	{r4, r5, r6, lr}
10007bca:	0006      	movs	r6, r0
10007bcc:	079b      	lsls	r3, r3, #30
10007bce:	d10e      	bne.n	10007bee <strncpy+0x2a>
10007bd0:	2a03      	cmp	r2, #3
10007bd2:	d90c      	bls.n	10007bee <strncpy+0x2a>
10007bd4:	4d11      	ldr	r5, [pc, #68]	@ (10007c1c <strncpy+0x58>)
10007bd6:	e004      	b.n	10007be2 <strncpy+0x1e>
10007bd8:	3a04      	subs	r2, #4
10007bda:	3104      	adds	r1, #4
10007bdc:	c610      	stmia	r6!, {r4}
10007bde:	2a03      	cmp	r2, #3
10007be0:	d905      	bls.n	10007bee <strncpy+0x2a>
10007be2:	680c      	ldr	r4, [r1, #0]
10007be4:	4b0e      	ldr	r3, [pc, #56]	@ (10007c20 <strncpy+0x5c>)
10007be6:	18e3      	adds	r3, r4, r3
10007be8:	43a3      	bics	r3, r4
10007bea:	422b      	tst	r3, r5
10007bec:	d0f4      	beq.n	10007bd8 <strncpy+0x14>
10007bee:	0033      	movs	r3, r6
10007bf0:	2400      	movs	r4, #0
10007bf2:	e006      	b.n	10007c02 <strncpy+0x3e>
10007bf4:	5d0d      	ldrb	r5, [r1, r4]
10007bf6:	3a01      	subs	r2, #1
10007bf8:	5535      	strb	r5, [r6, r4]
10007bfa:	3301      	adds	r3, #1
10007bfc:	3401      	adds	r4, #1
10007bfe:	2d00      	cmp	r5, #0
10007c00:	d002      	beq.n	10007c08 <strncpy+0x44>
10007c02:	2a00      	cmp	r2, #0
10007c04:	d1f6      	bne.n	10007bf4 <strncpy+0x30>
10007c06:	bd70      	pop	{r4, r5, r6, pc}
10007c08:	2100      	movs	r1, #0
10007c0a:	189c      	adds	r4, r3, r2
10007c0c:	2a00      	cmp	r2, #0
10007c0e:	d0fa      	beq.n	10007c06 <strncpy+0x42>
10007c10:	7019      	strb	r1, [r3, #0]
10007c12:	3301      	adds	r3, #1
10007c14:	42a3      	cmp	r3, r4
10007c16:	d1fb      	bne.n	10007c10 <strncpy+0x4c>
10007c18:	e7f5      	b.n	10007c06 <strncpy+0x42>
10007c1a:	46c0      	nop			@ (mov r8, r8)
10007c1c:	80808080 	.word	0x80808080
10007c20:	fefefeff 	.word	0xfefefeff

10007c24 <strlen>:
10007c24:	b510      	push	{r4, lr}
10007c26:	0783      	lsls	r3, r0, #30
10007c28:	d00a      	beq.n	10007c40 <strlen+0x1c>
10007c2a:	0003      	movs	r3, r0
10007c2c:	2103      	movs	r1, #3
10007c2e:	e002      	b.n	10007c36 <strlen+0x12>
10007c30:	3301      	adds	r3, #1
10007c32:	420b      	tst	r3, r1
10007c34:	d005      	beq.n	10007c42 <strlen+0x1e>
10007c36:	781a      	ldrb	r2, [r3, #0]
10007c38:	2a00      	cmp	r2, #0
10007c3a:	d1f9      	bne.n	10007c30 <strlen+0xc>
10007c3c:	1a18      	subs	r0, r3, r0
10007c3e:	bd10      	pop	{r4, pc}
10007c40:	0003      	movs	r3, r0
10007c42:	6819      	ldr	r1, [r3, #0]
10007c44:	4a0c      	ldr	r2, [pc, #48]	@ (10007c78 <strlen+0x54>)
10007c46:	4c0d      	ldr	r4, [pc, #52]	@ (10007c7c <strlen+0x58>)
10007c48:	188a      	adds	r2, r1, r2
10007c4a:	438a      	bics	r2, r1
10007c4c:	4222      	tst	r2, r4
10007c4e:	d10f      	bne.n	10007c70 <strlen+0x4c>
10007c50:	6859      	ldr	r1, [r3, #4]
10007c52:	4a09      	ldr	r2, [pc, #36]	@ (10007c78 <strlen+0x54>)
10007c54:	3304      	adds	r3, #4
10007c56:	188a      	adds	r2, r1, r2
10007c58:	438a      	bics	r2, r1
10007c5a:	4222      	tst	r2, r4
10007c5c:	d108      	bne.n	10007c70 <strlen+0x4c>
10007c5e:	6859      	ldr	r1, [r3, #4]
10007c60:	4a05      	ldr	r2, [pc, #20]	@ (10007c78 <strlen+0x54>)
10007c62:	3304      	adds	r3, #4
10007c64:	188a      	adds	r2, r1, r2
10007c66:	438a      	bics	r2, r1
10007c68:	4222      	tst	r2, r4
10007c6a:	d0f1      	beq.n	10007c50 <strlen+0x2c>
10007c6c:	e000      	b.n	10007c70 <strlen+0x4c>
10007c6e:	3301      	adds	r3, #1
10007c70:	781a      	ldrb	r2, [r3, #0]
10007c72:	2a00      	cmp	r2, #0
10007c74:	d1fb      	bne.n	10007c6e <strlen+0x4a>
10007c76:	e7e1      	b.n	10007c3c <strlen+0x18>
10007c78:	fefefeff 	.word	0xfefefeff
10007c7c:	80808080 	.word	0x80808080

10007c80 <sulp>:
10007c80:	b570      	push	{r4, r5, r6, lr}
10007c82:	0016      	movs	r6, r2
10007c84:	000d      	movs	r5, r1
10007c86:	f002 ff49 	bl	1000ab1c <__ulp>
10007c8a:	2e00      	cmp	r6, #0
10007c8c:	d00d      	beq.n	10007caa <sulp+0x2a>
10007c8e:	236b      	movs	r3, #107	@ 0x6b
10007c90:	006a      	lsls	r2, r5, #1
10007c92:	0d52      	lsrs	r2, r2, #21
10007c94:	1a9b      	subs	r3, r3, r2
10007c96:	2b00      	cmp	r3, #0
10007c98:	dd07      	ble.n	10007caa <sulp+0x2a>
10007c9a:	2400      	movs	r4, #0
10007c9c:	4a03      	ldr	r2, [pc, #12]	@ (10007cac <sulp+0x2c>)
10007c9e:	051b      	lsls	r3, r3, #20
10007ca0:	189d      	adds	r5, r3, r2
10007ca2:	002b      	movs	r3, r5
10007ca4:	0022      	movs	r2, r4
10007ca6:	f7fa ff34 	bl	10002b12 <__wrap___aeabi_dmul>
10007caa:	bd70      	pop	{r4, r5, r6, pc}
10007cac:	3ff00000 	.word	0x3ff00000

10007cb0 <_strtod_l>:
10007cb0:	b5f0      	push	{r4, r5, r6, r7, lr}
10007cb2:	4645      	mov	r5, r8
10007cb4:	46de      	mov	lr, fp
10007cb6:	4657      	mov	r7, sl
10007cb8:	464e      	mov	r6, r9
10007cba:	b5e0      	push	{r5, r6, r7, lr}
10007cbc:	b09f      	sub	sp, #124	@ 0x7c
10007cbe:	9207      	str	r2, [sp, #28]
10007cc0:	2200      	movs	r2, #0
10007cc2:	000c      	movs	r4, r1
10007cc4:	921a      	str	r2, [sp, #104]	@ 0x68
10007cc6:	2100      	movs	r1, #0
10007cc8:	2200      	movs	r2, #0
10007cca:	4680      	mov	r8, r0
10007ccc:	9104      	str	r1, [sp, #16]
10007cce:	9205      	str	r2, [sp, #20]
10007cd0:	0021      	movs	r1, r4
10007cd2:	9119      	str	r1, [sp, #100]	@ 0x64
10007cd4:	780a      	ldrb	r2, [r1, #0]
10007cd6:	000f      	movs	r7, r1
10007cd8:	2a2d      	cmp	r2, #45	@ 0x2d
10007cda:	d803      	bhi.n	10007ce4 <_strtod_l+0x34>
10007cdc:	4db4      	ldr	r5, [pc, #720]	@ (10007fb0 <_strtod_l+0x300>)
10007cde:	0090      	lsls	r0, r2, #2
10007ce0:	5828      	ldr	r0, [r5, r0]
10007ce2:	4687      	mov	pc, r0
10007ce4:	2100      	movs	r1, #0
10007ce6:	9108      	str	r1, [sp, #32]
10007ce8:	2100      	movs	r1, #0
10007cea:	9109      	str	r1, [sp, #36]	@ 0x24
10007cec:	2a30      	cmp	r2, #48	@ 0x30
10007cee:	d100      	bne.n	10007cf2 <_strtod_l+0x42>
10007cf0:	e0b2      	b.n	10007e58 <_strtod_l+0x1a8>
10007cf2:	0015      	movs	r5, r2
10007cf4:	2a2f      	cmp	r2, #47	@ 0x2f
10007cf6:	d801      	bhi.n	10007cfc <_strtod_l+0x4c>
10007cf8:	f000 fd44 	bl	10008784 <_strtod_l+0xad4>
10007cfc:	2300      	movs	r3, #0
10007cfe:	46a4      	mov	ip, r4
10007d00:	0038      	movs	r0, r7
10007d02:	2600      	movs	r6, #0
10007d04:	0019      	movs	r1, r3
10007d06:	001c      	movs	r4, r3
10007d08:	e00b      	b.n	10007d22 <_strtod_l+0x72>
10007d0a:	008b      	lsls	r3, r1, #2
10007d0c:	3001      	adds	r0, #1
10007d0e:	185b      	adds	r3, r3, r1
10007d10:	9019      	str	r0, [sp, #100]	@ 0x64
10007d12:	7805      	ldrb	r5, [r0, #0]
10007d14:	005b      	lsls	r3, r3, #1
10007d16:	1899      	adds	r1, r3, r2
10007d18:	3930      	subs	r1, #48	@ 0x30
10007d1a:	002a      	movs	r2, r5
10007d1c:	3601      	adds	r6, #1
10007d1e:	2d2f      	cmp	r5, #47	@ 0x2f
10007d20:	dd0f      	ble.n	10007d42 <_strtod_l+0x92>
10007d22:	2d39      	cmp	r5, #57	@ 0x39
10007d24:	dc37      	bgt.n	10007d96 <_strtod_l+0xe6>
10007d26:	2e08      	cmp	r6, #8
10007d28:	ddef      	ble.n	10007d0a <_strtod_l+0x5a>
10007d2a:	00a3      	lsls	r3, r4, #2
10007d2c:	3001      	adds	r0, #1
10007d2e:	191b      	adds	r3, r3, r4
10007d30:	9019      	str	r0, [sp, #100]	@ 0x64
10007d32:	7805      	ldrb	r5, [r0, #0]
10007d34:	005b      	lsls	r3, r3, #1
10007d36:	189c      	adds	r4, r3, r2
10007d38:	3c30      	subs	r4, #48	@ 0x30
10007d3a:	002a      	movs	r2, r5
10007d3c:	3601      	adds	r6, #1
10007d3e:	2d2f      	cmp	r5, #47	@ 0x2f
10007d40:	dcef      	bgt.n	10007d22 <_strtod_l+0x72>
10007d42:	4689      	mov	r9, r1
10007d44:	2201      	movs	r2, #1
10007d46:	499b      	ldr	r1, [pc, #620]	@ (10007fb4 <_strtod_l+0x304>)
10007d48:	46a2      	mov	sl, r4
10007d4a:	4664      	mov	r4, ip
10007d4c:	f001 fb60 	bl	10009410 <strncmp>
10007d50:	2800      	cmp	r0, #0
10007d52:	d000      	beq.n	10007d56 <_strtod_l+0xa6>
10007d54:	e094      	b.n	10007e80 <_strtod_l+0x1d0>
10007d56:	9b19      	ldr	r3, [sp, #100]	@ 0x64
10007d58:	960d      	str	r6, [sp, #52]	@ 0x34
10007d5a:	1c5a      	adds	r2, r3, #1
10007d5c:	9219      	str	r2, [sp, #100]	@ 0x64
10007d5e:	785d      	ldrb	r5, [r3, #1]
10007d60:	2300      	movs	r3, #0
10007d62:	9312      	str	r3, [sp, #72]	@ 0x48
10007d64:	e050      	b.n	10007e08 <_strtod_l+0x158>
10007d66:	3101      	adds	r1, #1
10007d68:	e7b3      	b.n	10007cd2 <_strtod_l+0x22>
10007d6a:	2200      	movs	r2, #0
10007d6c:	9208      	str	r2, [sp, #32]
10007d6e:	1c4f      	adds	r7, r1, #1
10007d70:	9719      	str	r7, [sp, #100]	@ 0x64
10007d72:	784a      	ldrb	r2, [r1, #1]
10007d74:	2a00      	cmp	r2, #0
10007d76:	d1b7      	bne.n	10007ce8 <_strtod_l+0x38>
10007d78:	9b07      	ldr	r3, [sp, #28]
10007d7a:	2600      	movs	r6, #0
10007d7c:	2700      	movs	r7, #0
10007d7e:	2b00      	cmp	r3, #0
10007d80:	d000      	beq.n	10007d84 <_strtod_l+0xd4>
10007d82:	601c      	str	r4, [r3, #0]
10007d84:	0030      	movs	r0, r6
10007d86:	0039      	movs	r1, r7
10007d88:	b01f      	add	sp, #124	@ 0x7c
10007d8a:	bcf0      	pop	{r4, r5, r6, r7}
10007d8c:	46bb      	mov	fp, r7
10007d8e:	46b2      	mov	sl, r6
10007d90:	46a9      	mov	r9, r5
10007d92:	46a0      	mov	r8, r4
10007d94:	bdf0      	pop	{r4, r5, r6, r7, pc}
10007d96:	4689      	mov	r9, r1
10007d98:	2201      	movs	r2, #1
10007d9a:	4986      	ldr	r1, [pc, #536]	@ (10007fb4 <_strtod_l+0x304>)
10007d9c:	46a2      	mov	sl, r4
10007d9e:	4664      	mov	r4, ip
10007da0:	f001 fb36 	bl	10009410 <strncmp>
10007da4:	2800      	cmp	r0, #0
10007da6:	d16b      	bne.n	10007e80 <_strtod_l+0x1d0>
10007da8:	9a19      	ldr	r2, [sp, #100]	@ 0x64
10007daa:	0013      	movs	r3, r2
10007dac:	3201      	adds	r2, #1
10007dae:	9219      	str	r2, [sp, #100]	@ 0x64
10007db0:	785d      	ldrb	r5, [r3, #1]
10007db2:	2e00      	cmp	r6, #0
10007db4:	d001      	beq.n	10007dba <_strtod_l+0x10a>
10007db6:	f000 fd75 	bl	100088a4 <_strtod_l+0xbf4>
10007dba:	2d30      	cmp	r5, #48	@ 0x30
10007dbc:	d001      	beq.n	10007dc2 <_strtod_l+0x112>
10007dbe:	f000 fd1d 	bl	100087fc <_strtod_l+0xb4c>
10007dc2:	0013      	movs	r3, r2
10007dc4:	0018      	movs	r0, r3
10007dc6:	3301      	adds	r3, #1
10007dc8:	9319      	str	r3, [sp, #100]	@ 0x64
10007dca:	781d      	ldrb	r5, [r3, #0]
10007dcc:	2d30      	cmp	r5, #48	@ 0x30
10007dce:	d0f9      	beq.n	10007dc4 <_strtod_l+0x114>
10007dd0:	1a80      	subs	r0, r0, r2
10007dd2:	3001      	adds	r0, #1
10007dd4:	002b      	movs	r3, r5
10007dd6:	3b31      	subs	r3, #49	@ 0x31
10007dd8:	2b08      	cmp	r3, #8
10007dda:	d900      	bls.n	10007dde <_strtod_l+0x12e>
10007ddc:	e2fc      	b.n	100083d8 <_strtod_l+0x728>
10007dde:	2230      	movs	r2, #48	@ 0x30
10007de0:	4252      	negs	r2, r2
10007de2:	4694      	mov	ip, r2
10007de4:	9b19      	ldr	r3, [sp, #100]	@ 0x64
10007de6:	1c42      	adds	r2, r0, #1
10007de8:	9212      	str	r2, [sp, #72]	@ 0x48
10007dea:	2200      	movs	r2, #0
10007dec:	001f      	movs	r7, r3
10007dee:	2601      	movs	r6, #1
10007df0:	44ac      	add	ip, r5
10007df2:	920d      	str	r2, [sp, #52]	@ 0x34
10007df4:	464a      	mov	r2, r9
10007df6:	0092      	lsls	r2, r2, #2
10007df8:	444a      	add	r2, r9
10007dfa:	0052      	lsls	r2, r2, #1
10007dfc:	4462      	add	r2, ip
10007dfe:	4691      	mov	r9, r2
10007e00:	2000      	movs	r0, #0
10007e02:	1c5a      	adds	r2, r3, #1
10007e04:	9219      	str	r2, [sp, #100]	@ 0x64
10007e06:	785d      	ldrb	r5, [r3, #1]
10007e08:	002a      	movs	r2, r5
10007e0a:	3a30      	subs	r2, #48	@ 0x30
10007e0c:	2a09      	cmp	r2, #9
10007e0e:	d900      	bls.n	10007e12 <_strtod_l+0x162>
10007e10:	e2e6      	b.n	100083e0 <_strtod_l+0x730>
10007e12:	4694      	mov	ip, r2
10007e14:	9b19      	ldr	r3, [sp, #100]	@ 0x64
10007e16:	3001      	adds	r0, #1
10007e18:	2a00      	cmp	r2, #0
10007e1a:	d0f2      	beq.n	10007e02 <_strtod_l+0x152>
10007e1c:	1831      	adds	r1, r6, r0
10007e1e:	468b      	mov	fp, r1
10007e20:	3901      	subs	r1, #1
10007e22:	2801      	cmp	r0, #1
10007e24:	dc01      	bgt.n	10007e2a <_strtod_l+0x17a>
10007e26:	f000 fe89 	bl	10008b3c <_strtod_l+0xe8c>
10007e2a:	4655      	mov	r5, sl
10007e2c:	464a      	mov	r2, r9
10007e2e:	469a      	mov	sl, r3
10007e30:	46e1      	mov	r9, ip
10007e32:	002b      	movs	r3, r5
10007e34:	e006      	b.n	10007e44 <_strtod_l+0x194>
10007e36:	0095      	lsls	r5, r2, #2
10007e38:	18aa      	adds	r2, r5, r2
10007e3a:	0052      	lsls	r2, r2, #1
10007e3c:	42b1      	cmp	r1, r6
10007e3e:	d101      	bne.n	10007e44 <_strtod_l+0x194>
10007e40:	f000 fc8f 	bl	10008762 <_strtod_l+0xab2>
10007e44:	0035      	movs	r5, r6
10007e46:	3601      	adds	r6, #1
10007e48:	2d08      	cmp	r5, #8
10007e4a:	ddf4      	ble.n	10007e36 <_strtod_l+0x186>
10007e4c:	2e10      	cmp	r6, #16
10007e4e:	dcf5      	bgt.n	10007e3c <_strtod_l+0x18c>
10007e50:	009d      	lsls	r5, r3, #2
10007e52:	18eb      	adds	r3, r5, r3
10007e54:	005b      	lsls	r3, r3, #1
10007e56:	e7f1      	b.n	10007e3c <_strtod_l+0x18c>
10007e58:	787a      	ldrb	r2, [r7, #1]
10007e5a:	3120      	adds	r1, #32
10007e5c:	438a      	bics	r2, r1
10007e5e:	1c7d      	adds	r5, r7, #1
10007e60:	2a58      	cmp	r2, #88	@ 0x58
10007e62:	d101      	bne.n	10007e68 <_strtod_l+0x1b8>
10007e64:	f000 fc23 	bl	100086ae <_strtod_l+0x9fe>
10007e68:	002f      	movs	r7, r5
10007e6a:	9519      	str	r5, [sp, #100]	@ 0x64
10007e6c:	783a      	ldrb	r2, [r7, #0]
10007e6e:	3501      	adds	r5, #1
10007e70:	2a30      	cmp	r2, #48	@ 0x30
10007e72:	d0f9      	beq.n	10007e68 <_strtod_l+0x1b8>
10007e74:	2a00      	cmp	r2, #0
10007e76:	d100      	bne.n	10007e7a <_strtod_l+0x1ca>
10007e78:	e2b4      	b.n	100083e4 <_strtod_l+0x734>
10007e7a:	2301      	movs	r3, #1
10007e7c:	9309      	str	r3, [sp, #36]	@ 0x24
10007e7e:	e738      	b.n	10007cf2 <_strtod_l+0x42>
10007e80:	2300      	movs	r3, #0
10007e82:	2000      	movs	r0, #0
10007e84:	2200      	movs	r2, #0
10007e86:	960d      	str	r6, [sp, #52]	@ 0x34
10007e88:	9312      	str	r3, [sp, #72]	@ 0x48
10007e8a:	2320      	movs	r3, #32
10007e8c:	0029      	movs	r1, r5
10007e8e:	4399      	bics	r1, r3
10007e90:	000b      	movs	r3, r1
10007e92:	2100      	movs	r1, #0
10007e94:	910c      	str	r1, [sp, #48]	@ 0x30
10007e96:	2b45      	cmp	r3, #69	@ 0x45
10007e98:	d028      	beq.n	10007eec <_strtod_l+0x23c>
10007e9a:	2e00      	cmp	r6, #0
10007e9c:	d000      	beq.n	10007ea0 <_strtod_l+0x1f0>
10007e9e:	e091      	b.n	10007fc4 <_strtod_l+0x314>
10007ea0:	9b09      	ldr	r3, [sp, #36]	@ 0x24
10007ea2:	4303      	orrs	r3, r0
10007ea4:	d000      	beq.n	10007ea8 <_strtod_l+0x1f8>
10007ea6:	e29d      	b.n	100083e4 <_strtod_l+0x734>
10007ea8:	2a00      	cmp	r2, #0
10007eaa:	d000      	beq.n	10007eae <_strtod_l+0x1fe>
10007eac:	e764      	b.n	10007d78 <_strtod_l+0xc8>
10007eae:	2d69      	cmp	r5, #105	@ 0x69
10007eb0:	d100      	bne.n	10007eb4 <_strtod_l+0x204>
10007eb2:	e31f      	b.n	100084f4 <_strtod_l+0x844>
10007eb4:	dd01      	ble.n	10007eba <_strtod_l+0x20a>
10007eb6:	f000 fc75 	bl	100087a4 <_strtod_l+0xaf4>
10007eba:	2d49      	cmp	r5, #73	@ 0x49
10007ebc:	d100      	bne.n	10007ec0 <_strtod_l+0x210>
10007ebe:	e319      	b.n	100084f4 <_strtod_l+0x844>
10007ec0:	2d4e      	cmp	r5, #78	@ 0x4e
10007ec2:	d000      	beq.n	10007ec6 <_strtod_l+0x216>
10007ec4:	e758      	b.n	10007d78 <_strtod_l+0xc8>
10007ec6:	493c      	ldr	r1, [pc, #240]	@ (10007fb8 <_strtod_l+0x308>)
10007ec8:	a819      	add	r0, sp, #100	@ 0x64
10007eca:	f002 f8ef 	bl	1000a0ac <__match>
10007ece:	2800      	cmp	r0, #0
10007ed0:	d100      	bne.n	10007ed4 <_strtod_l+0x224>
10007ed2:	e751      	b.n	10007d78 <_strtod_l+0xc8>
10007ed4:	9b19      	ldr	r3, [sp, #100]	@ 0x64
10007ed6:	781b      	ldrb	r3, [r3, #0]
10007ed8:	2b28      	cmp	r3, #40	@ 0x28
10007eda:	d101      	bne.n	10007ee0 <_strtod_l+0x230>
10007edc:	f000 fd2b 	bl	10008936 <_strtod_l+0xc86>
10007ee0:	4836      	ldr	r0, [pc, #216]	@ (10007fbc <_strtod_l+0x30c>)
10007ee2:	f002 f9fb 	bl	1000a2dc <nan>
10007ee6:	0006      	movs	r6, r0
10007ee8:	000f      	movs	r7, r1
10007eea:	e27d      	b.n	100083e8 <_strtod_l+0x738>
10007eec:	0033      	movs	r3, r6
10007eee:	9909      	ldr	r1, [sp, #36]	@ 0x24
10007ef0:	4303      	orrs	r3, r0
10007ef2:	430b      	orrs	r3, r1
10007ef4:	d100      	bne.n	10007ef8 <_strtod_l+0x248>
10007ef6:	e73f      	b.n	10007d78 <_strtod_l+0xc8>
10007ef8:	9c19      	ldr	r4, [sp, #100]	@ 0x64
10007efa:	1c63      	adds	r3, r4, #1
10007efc:	9319      	str	r3, [sp, #100]	@ 0x64
10007efe:	7865      	ldrb	r5, [r4, #1]
10007f00:	2d2b      	cmp	r5, #43	@ 0x2b
10007f02:	d100      	bne.n	10007f06 <_strtod_l+0x256>
10007f04:	e3c4      	b.n	10008690 <_strtod_l+0x9e0>
10007f06:	2d2d      	cmp	r5, #45	@ 0x2d
10007f08:	d000      	beq.n	10007f0c <_strtod_l+0x25c>
10007f0a:	e27b      	b.n	10008404 <_strtod_l+0x754>
10007f0c:	2301      	movs	r3, #1
10007f0e:	930a      	str	r3, [sp, #40]	@ 0x28
10007f10:	1ca3      	adds	r3, r4, #2
10007f12:	9319      	str	r3, [sp, #100]	@ 0x64
10007f14:	78a5      	ldrb	r5, [r4, #2]
10007f16:	002b      	movs	r3, r5
10007f18:	3b30      	subs	r3, #48	@ 0x30
10007f1a:	2b09      	cmp	r3, #9
10007f1c:	d900      	bls.n	10007f20 <_strtod_l+0x270>
10007f1e:	e379      	b.n	10008614 <_strtod_l+0x964>
10007f20:	9919      	ldr	r1, [sp, #100]	@ 0x64
10007f22:	2d30      	cmp	r5, #48	@ 0x30
10007f24:	d10d      	bne.n	10007f42 <_strtod_l+0x292>
10007f26:	1c4b      	adds	r3, r1, #1
10007f28:	9319      	str	r3, [sp, #100]	@ 0x64
10007f2a:	781d      	ldrb	r5, [r3, #0]
10007f2c:	0019      	movs	r1, r3
10007f2e:	3301      	adds	r3, #1
10007f30:	2d30      	cmp	r5, #48	@ 0x30
10007f32:	d0f9      	beq.n	10007f28 <_strtod_l+0x278>
10007f34:	2300      	movs	r3, #0
10007f36:	930c      	str	r3, [sp, #48]	@ 0x30
10007f38:	002b      	movs	r3, r5
10007f3a:	3b31      	subs	r3, #49	@ 0x31
10007f3c:	2b08      	cmp	r3, #8
10007f3e:	d8ac      	bhi.n	10007e9a <_strtod_l+0x1ea>
10007f40:	3301      	adds	r3, #1
10007f42:	1c4d      	adds	r5, r1, #1
10007f44:	9519      	str	r5, [sp, #100]	@ 0x64
10007f46:	46ac      	mov	ip, r5
10007f48:	784d      	ldrb	r5, [r1, #1]
10007f4a:	930b      	str	r3, [sp, #44]	@ 0x2c
10007f4c:	2d2f      	cmp	r5, #47	@ 0x2f
10007f4e:	dc01      	bgt.n	10007f54 <_strtod_l+0x2a4>
10007f50:	f000 fc2e 	bl	100087b0 <_strtod_l+0xb00>
10007f54:	920c      	str	r2, [sp, #48]	@ 0x30
10007f56:	4662      	mov	r2, ip
10007f58:	9110      	str	r1, [sp, #64]	@ 0x40
10007f5a:	990c      	ldr	r1, [sp, #48]	@ 0x30
10007f5c:	4683      	mov	fp, r0
10007f5e:	468c      	mov	ip, r1
10007f60:	0010      	movs	r0, r2
10007f62:	9b0b      	ldr	r3, [sp, #44]	@ 0x2c
10007f64:	e00a      	b.n	10007f7c <_strtod_l+0x2cc>
10007f66:	0099      	lsls	r1, r3, #2
10007f68:	18c9      	adds	r1, r1, r3
10007f6a:	3201      	adds	r2, #1
10007f6c:	0049      	lsls	r1, r1, #1
10007f6e:	9219      	str	r2, [sp, #100]	@ 0x64
10007f70:	194b      	adds	r3, r1, r5
10007f72:	7845      	ldrb	r5, [r0, #1]
10007f74:	3b30      	subs	r3, #48	@ 0x30
10007f76:	2d2f      	cmp	r5, #47	@ 0x2f
10007f78:	dd02      	ble.n	10007f80 <_strtod_l+0x2d0>
10007f7a:	0010      	movs	r0, r2
10007f7c:	2d39      	cmp	r5, #57	@ 0x39
10007f7e:	ddf2      	ble.n	10007f66 <_strtod_l+0x2b6>
10007f80:	4660      	mov	r0, ip
10007f82:	4694      	mov	ip, r2
10007f84:	930b      	str	r3, [sp, #44]	@ 0x2c
10007f86:	4663      	mov	r3, ip
10007f88:	9910      	ldr	r1, [sp, #64]	@ 0x40
10007f8a:	900c      	str	r0, [sp, #48]	@ 0x30
10007f8c:	9a0c      	ldr	r2, [sp, #48]	@ 0x30
10007f8e:	4658      	mov	r0, fp
10007f90:	1a59      	subs	r1, r3, r1
10007f92:	2908      	cmp	r1, #8
10007f94:	dc01      	bgt.n	10007f9a <_strtod_l+0x2ea>
10007f96:	f000 fc0b 	bl	100087b0 <_strtod_l+0xb00>
10007f9a:	4b09      	ldr	r3, [pc, #36]	@ (10007fc0 <_strtod_l+0x310>)
10007f9c:	930c      	str	r3, [sp, #48]	@ 0x30
10007f9e:	9b0a      	ldr	r3, [sp, #40]	@ 0x28
10007fa0:	2b00      	cmp	r3, #0
10007fa2:	d100      	bne.n	10007fa6 <_strtod_l+0x2f6>
10007fa4:	e779      	b.n	10007e9a <_strtod_l+0x1ea>
10007fa6:	9b0c      	ldr	r3, [sp, #48]	@ 0x30
10007fa8:	425b      	negs	r3, r3
10007faa:	930c      	str	r3, [sp, #48]	@ 0x30
10007fac:	e775      	b.n	10007e9a <_strtod_l+0x1ea>
10007fae:	46c0      	nop			@ (mov r8, r8)
10007fb0:	1000b798 	.word	0x1000b798
10007fb4:	1000b240 	.word	0x1000b240
10007fb8:	1000b250 	.word	0x1000b250
10007fbc:	1000b010 	.word	0x1000b010
10007fc0:	00004e1f 	.word	0x00004e1f
10007fc4:	9b0c      	ldr	r3, [sp, #48]	@ 0x30
10007fc6:	9a12      	ldr	r2, [sp, #72]	@ 0x48
10007fc8:	1a9b      	subs	r3, r3, r2
10007fca:	930b      	str	r3, [sp, #44]	@ 0x2c
10007fcc:	9b0d      	ldr	r3, [sp, #52]	@ 0x34
10007fce:	2b00      	cmp	r3, #0
10007fd0:	d100      	bne.n	10007fd4 <_strtod_l+0x324>
10007fd2:	960d      	str	r6, [sp, #52]	@ 0x34
10007fd4:	0034      	movs	r4, r6
10007fd6:	2e10      	cmp	r6, #16
10007fd8:	dd00      	ble.n	10007fdc <_strtod_l+0x32c>
10007fda:	2410      	movs	r4, #16
10007fdc:	4648      	mov	r0, r9
10007fde:	f7fa fe0b 	bl	10002bf8 <__wrap___aeabi_ui2d>
10007fe2:	9004      	str	r0, [sp, #16]
10007fe4:	9105      	str	r1, [sp, #20]
10007fe6:	2e09      	cmp	r6, #9
10007fe8:	dd17      	ble.n	1000801a <_strtod_l+0x36a>
10007fea:	0022      	movs	r2, r4
10007fec:	4b62      	ldr	r3, [pc, #392]	@ (10008178 <_strtod_l+0x4c8>)
10007fee:	3a09      	subs	r2, #9
10007ff0:	00d2      	lsls	r2, r2, #3
10007ff2:	189b      	adds	r3, r3, r2
10007ff4:	681a      	ldr	r2, [r3, #0]
10007ff6:	685b      	ldr	r3, [r3, #4]
10007ff8:	f7fa fd8b 	bl	10002b12 <__wrap___aeabi_dmul>
10007ffc:	9004      	str	r0, [sp, #16]
10007ffe:	9105      	str	r1, [sp, #20]
10008000:	4650      	mov	r0, sl
10008002:	f7fa fdf9 	bl	10002bf8 <__wrap___aeabi_ui2d>
10008006:	0002      	movs	r2, r0
10008008:	000b      	movs	r3, r1
1000800a:	9804      	ldr	r0, [sp, #16]
1000800c:	9905      	ldr	r1, [sp, #20]
1000800e:	f7fa fd59 	bl	10002ac4 <__wrap___aeabi_dadd>
10008012:	9004      	str	r0, [sp, #16]
10008014:	9105      	str	r1, [sp, #20]
10008016:	2e0f      	cmp	r6, #15
10008018:	dc25      	bgt.n	10008066 <_strtod_l+0x3b6>
1000801a:	9b0b      	ldr	r3, [sp, #44]	@ 0x2c
1000801c:	2b00      	cmp	r3, #0
1000801e:	d100      	bne.n	10008022 <_strtod_l+0x372>
10008020:	e339      	b.n	10008696 <_strtod_l+0x9e6>
10008022:	9b0b      	ldr	r3, [sp, #44]	@ 0x2c
10008024:	2b00      	cmp	r3, #0
10008026:	dc00      	bgt.n	1000802a <_strtod_l+0x37a>
10008028:	e24e      	b.n	100084c8 <_strtod_l+0x818>
1000802a:	2b16      	cmp	r3, #22
1000802c:	dc00      	bgt.n	10008030 <_strtod_l+0x380>
1000802e:	e3c8      	b.n	100087c2 <_strtod_l+0xb12>
10008030:	2325      	movs	r3, #37	@ 0x25
10008032:	9a0b      	ldr	r2, [sp, #44]	@ 0x2c
10008034:	1b9b      	subs	r3, r3, r6
10008036:	4293      	cmp	r3, r2
10008038:	db15      	blt.n	10008066 <_strtod_l+0x3b6>
1000803a:	9a04      	ldr	r2, [sp, #16]
1000803c:	9b05      	ldr	r3, [sp, #20]
1000803e:	240f      	movs	r4, #15
10008040:	4d4d      	ldr	r5, [pc, #308]	@ (10008178 <_strtod_l+0x4c8>)
10008042:	1ba4      	subs	r4, r4, r6
10008044:	00e1      	lsls	r1, r4, #3
10008046:	1869      	adds	r1, r5, r1
10008048:	6808      	ldr	r0, [r1, #0]
1000804a:	6849      	ldr	r1, [r1, #4]
1000804c:	f7fa fd61 	bl	10002b12 <__wrap___aeabi_dmul>
10008050:	9b0b      	ldr	r3, [sp, #44]	@ 0x2c
10008052:	1b1c      	subs	r4, r3, r4
10008054:	00e4      	lsls	r4, r4, #3
10008056:	192d      	adds	r5, r5, r4
10008058:	682a      	ldr	r2, [r5, #0]
1000805a:	686b      	ldr	r3, [r5, #4]
1000805c:	f7fa fd59 	bl	10002b12 <__wrap___aeabi_dmul>
10008060:	0006      	movs	r6, r0
10008062:	000f      	movs	r7, r1
10008064:	e1c0      	b.n	100083e8 <_strtod_l+0x738>
10008066:	9b0b      	ldr	r3, [sp, #44]	@ 0x2c
10008068:	1b34      	subs	r4, r6, r4
1000806a:	469c      	mov	ip, r3
1000806c:	4464      	add	r4, ip
1000806e:	2c00      	cmp	r4, #0
10008070:	dc00      	bgt.n	10008074 <_strtod_l+0x3c4>
10008072:	e1ca      	b.n	1000840a <_strtod_l+0x75a>
10008074:	230f      	movs	r3, #15
10008076:	001a      	movs	r2, r3
10008078:	4022      	ands	r2, r4
1000807a:	4223      	tst	r3, r4
1000807c:	d00a      	beq.n	10008094 <_strtod_l+0x3e4>
1000807e:	4b3e      	ldr	r3, [pc, #248]	@ (10008178 <_strtod_l+0x4c8>)
10008080:	00d2      	lsls	r2, r2, #3
10008082:	1899      	adds	r1, r3, r2
10008084:	6808      	ldr	r0, [r1, #0]
10008086:	6849      	ldr	r1, [r1, #4]
10008088:	9a04      	ldr	r2, [sp, #16]
1000808a:	9b05      	ldr	r3, [sp, #20]
1000808c:	f7fa fd41 	bl	10002b12 <__wrap___aeabi_dmul>
10008090:	9004      	str	r0, [sp, #16]
10008092:	9105      	str	r1, [sp, #20]
10008094:	230f      	movs	r3, #15
10008096:	439c      	bics	r4, r3
10008098:	1e23      	subs	r3, r4, #0
1000809a:	d04f      	beq.n	1000813c <_strtod_l+0x48c>
1000809c:	229a      	movs	r2, #154	@ 0x9a
1000809e:	0052      	lsls	r2, r2, #1
100080a0:	4294      	cmp	r4, r2
100080a2:	dd00      	ble.n	100080a6 <_strtod_l+0x3f6>
100080a4:	e3a6      	b.n	100087f4 <_strtod_l+0xb44>
100080a6:	1124      	asrs	r4, r4, #4
100080a8:	2b1f      	cmp	r3, #31
100080aa:	dc01      	bgt.n	100080b0 <_strtod_l+0x400>
100080ac:	f000 fccb 	bl	10008a46 <_strtod_l+0xd96>
100080b0:	9804      	ldr	r0, [sp, #16]
100080b2:	9905      	ldr	r1, [sp, #20]
100080b4:	2200      	movs	r2, #0
100080b6:	4692      	mov	sl, r2
100080b8:	3201      	adds	r2, #1
100080ba:	4693      	mov	fp, r2
100080bc:	4652      	mov	r2, sl
100080be:	4b2f      	ldr	r3, [pc, #188]	@ (1000817c <_strtod_l+0x4cc>)
100080c0:	46b2      	mov	sl, r6
100080c2:	001d      	movs	r5, r3
100080c4:	9309      	str	r3, [sp, #36]	@ 0x24
100080c6:	0016      	movs	r6, r2
100080c8:	2300      	movs	r3, #0
100080ca:	465a      	mov	r2, fp
100080cc:	4222      	tst	r2, r4
100080ce:	d004      	beq.n	100080da <_strtod_l+0x42a>
100080d0:	682a      	ldr	r2, [r5, #0]
100080d2:	686b      	ldr	r3, [r5, #4]
100080d4:	f7fa fd1d 	bl	10002b12 <__wrap___aeabi_dmul>
100080d8:	2301      	movs	r3, #1
100080da:	3601      	adds	r6, #1
100080dc:	1064      	asrs	r4, r4, #1
100080de:	3508      	adds	r5, #8
100080e0:	2c01      	cmp	r4, #1
100080e2:	d1f2      	bne.n	100080ca <_strtod_l+0x41a>
100080e4:	0032      	movs	r2, r6
100080e6:	4656      	mov	r6, sl
100080e8:	4692      	mov	sl, r2
100080ea:	2b00      	cmp	r3, #0
100080ec:	d001      	beq.n	100080f2 <_strtod_l+0x442>
100080ee:	9004      	str	r0, [sp, #16]
100080f0:	9105      	str	r1, [sp, #20]
100080f2:	4a23      	ldr	r2, [pc, #140]	@ (10008180 <_strtod_l+0x4d0>)
100080f4:	9b05      	ldr	r3, [sp, #20]
100080f6:	4694      	mov	ip, r2
100080f8:	4463      	add	r3, ip
100080fa:	9305      	str	r3, [sp, #20]
100080fc:	4653      	mov	r3, sl
100080fe:	00d9      	lsls	r1, r3, #3
10008100:	9b09      	ldr	r3, [sp, #36]	@ 0x24
10008102:	469c      	mov	ip, r3
10008104:	9a04      	ldr	r2, [sp, #16]
10008106:	9b05      	ldr	r3, [sp, #20]
10008108:	4461      	add	r1, ip
1000810a:	6808      	ldr	r0, [r1, #0]
1000810c:	6849      	ldr	r1, [r1, #4]
1000810e:	f7fa fd00 	bl	10002b12 <__wrap___aeabi_dmul>
10008112:	4b1c      	ldr	r3, [pc, #112]	@ (10008184 <_strtod_l+0x4d4>)
10008114:	4a1c      	ldr	r2, [pc, #112]	@ (10008188 <_strtod_l+0x4d8>)
10008116:	9004      	str	r0, [sp, #16]
10008118:	9105      	str	r1, [sp, #20]
1000811a:	400b      	ands	r3, r1
1000811c:	4293      	cmp	r3, r2
1000811e:	d900      	bls.n	10008122 <_strtod_l+0x472>
10008120:	e368      	b.n	100087f4 <_strtod_l+0xb44>
10008122:	20d4      	movs	r0, #212	@ 0xd4
10008124:	0480      	lsls	r0, r0, #18
10008126:	4684      	mov	ip, r0
10008128:	4a18      	ldr	r2, [pc, #96]	@ (1000818c <_strtod_l+0x4dc>)
1000812a:	4461      	add	r1, ip
1000812c:	9105      	str	r1, [sp, #20]
1000812e:	4293      	cmp	r3, r2
10008130:	d904      	bls.n	1000813c <_strtod_l+0x48c>
10008132:	2301      	movs	r3, #1
10008134:	4c16      	ldr	r4, [pc, #88]	@ (10008190 <_strtod_l+0x4e0>)
10008136:	425b      	negs	r3, r3
10008138:	9304      	str	r3, [sp, #16]
1000813a:	9405      	str	r4, [sp, #20]
1000813c:	2300      	movs	r3, #0
1000813e:	930a      	str	r3, [sp, #40]	@ 0x28
10008140:	464b      	mov	r3, r9
10008142:	0039      	movs	r1, r7
10008144:	9300      	str	r3, [sp, #0]
10008146:	4640      	mov	r0, r8
10008148:	0033      	movs	r3, r6
1000814a:	9a0d      	ldr	r2, [sp, #52]	@ 0x34
1000814c:	f002 f956 	bl	1000a3fc <__s2b>
10008150:	9013      	str	r0, [sp, #76]	@ 0x4c
10008152:	2800      	cmp	r0, #0
10008154:	d100      	bne.n	10008158 <_strtod_l+0x4a8>
10008156:	e34d      	b.n	100087f4 <_strtod_l+0xb44>
10008158:	990b      	ldr	r1, [sp, #44]	@ 0x2c
1000815a:	9a12      	ldr	r2, [sp, #72]	@ 0x48
1000815c:	43cb      	mvns	r3, r1
1000815e:	980c      	ldr	r0, [sp, #48]	@ 0x30
10008160:	17db      	asrs	r3, r3, #31
10008162:	1a10      	subs	r0, r2, r0
10008164:	17ca      	asrs	r2, r1, #31
10008166:	4019      	ands	r1, r3
10008168:	2300      	movs	r3, #0
1000816a:	4010      	ands	r0, r2
1000816c:	4699      	mov	r9, r3
1000816e:	469b      	mov	fp, r3
10008170:	900c      	str	r0, [sp, #48]	@ 0x30
10008172:	9114      	str	r1, [sp, #80]	@ 0x50
10008174:	e0f0      	b.n	10008358 <_strtod_l+0x6a8>
10008176:	46c0      	nop			@ (mov r8, r8)
10008178:	1000bb20 	.word	0x1000bb20
1000817c:	1000baf8 	.word	0x1000baf8
10008180:	fcb00000 	.word	0xfcb00000
10008184:	7ff00000 	.word	0x7ff00000
10008188:	7ca00000 	.word	0x7ca00000
1000818c:	7c900000 	.word	0x7c900000
10008190:	7fefffff 	.word	0x7fefffff
10008194:	1ac9      	subs	r1, r1, r3
10008196:	1a52      	subs	r2, r2, r1
10008198:	291f      	cmp	r1, #31
1000819a:	dd00      	ble.n	1000819e <_strtod_l+0x4ee>
1000819c:	e23e      	b.n	1000861c <_strtod_l+0x96c>
1000819e:	2301      	movs	r3, #1
100081a0:	408b      	lsls	r3, r1
100081a2:	9310      	str	r3, [sp, #64]	@ 0x40
100081a4:	2300      	movs	r3, #0
100081a6:	9315      	str	r3, [sp, #84]	@ 0x54
100081a8:	18ab      	adds	r3, r5, r2
100081aa:	469a      	mov	sl, r3
100081ac:	9b0a      	ldr	r3, [sp, #40]	@ 0x28
100081ae:	18a4      	adds	r4, r4, r2
100081b0:	469c      	mov	ip, r3
100081b2:	002b      	movs	r3, r5
100081b4:	4464      	add	r4, ip
100081b6:	4555      	cmp	r5, sl
100081b8:	dd00      	ble.n	100081bc <_strtod_l+0x50c>
100081ba:	4653      	mov	r3, sl
100081bc:	42a3      	cmp	r3, r4
100081be:	dd00      	ble.n	100081c2 <_strtod_l+0x512>
100081c0:	0023      	movs	r3, r4
100081c2:	2b00      	cmp	r3, #0
100081c4:	dd04      	ble.n	100081d0 <_strtod_l+0x520>
100081c6:	4652      	mov	r2, sl
100081c8:	1ad2      	subs	r2, r2, r3
100081ca:	4692      	mov	sl, r2
100081cc:	1ae4      	subs	r4, r4, r3
100081ce:	1aed      	subs	r5, r5, r3
100081d0:	9b0c      	ldr	r3, [sp, #48]	@ 0x30
100081d2:	2b00      	cmp	r3, #0
100081d4:	dd00      	ble.n	100081d8 <_strtod_l+0x528>
100081d6:	e1b1      	b.n	1000853c <_strtod_l+0x88c>
100081d8:	4653      	mov	r3, sl
100081da:	2b00      	cmp	r3, #0
100081dc:	dd00      	ble.n	100081e0 <_strtod_l+0x530>
100081de:	e1c8      	b.n	10008572 <_strtod_l+0x8c2>
100081e0:	9b0b      	ldr	r3, [sp, #44]	@ 0x2c
100081e2:	2b00      	cmp	r3, #0
100081e4:	dd00      	ble.n	100081e8 <_strtod_l+0x538>
100081e6:	e20b      	b.n	10008600 <_strtod_l+0x950>
100081e8:	2c00      	cmp	r4, #0
100081ea:	dd00      	ble.n	100081ee <_strtod_l+0x53e>
100081ec:	e1fc      	b.n	100085e8 <_strtod_l+0x938>
100081ee:	2d00      	cmp	r5, #0
100081f0:	dd08      	ble.n	10008204 <_strtod_l+0x554>
100081f2:	4649      	mov	r1, r9
100081f4:	002a      	movs	r2, r5
100081f6:	4640      	mov	r0, r8
100081f8:	f002 fb1a 	bl	1000a830 <__lshift>
100081fc:	4681      	mov	r9, r0
100081fe:	2800      	cmp	r0, #0
10008200:	d100      	bne.n	10008204 <_strtod_l+0x554>
10008202:	e1fa      	b.n	100085fa <_strtod_l+0x94a>
10008204:	4640      	mov	r0, r8
10008206:	991a      	ldr	r1, [sp, #104]	@ 0x68
10008208:	9a09      	ldr	r2, [sp, #36]	@ 0x24
1000820a:	f002 fbad 	bl	1000a968 <__mdiff>
1000820e:	4683      	mov	fp, r0
10008210:	2800      	cmp	r0, #0
10008212:	d100      	bne.n	10008216 <_strtod_l+0x566>
10008214:	e1f1      	b.n	100085fa <_strtod_l+0x94a>
10008216:	68c3      	ldr	r3, [r0, #12]
10008218:	4649      	mov	r1, r9
1000821a:	9312      	str	r3, [sp, #72]	@ 0x48
1000821c:	2300      	movs	r3, #0
1000821e:	60c3      	str	r3, [r0, #12]
10008220:	f002 fb84 	bl	1000a92c <__mcmp>
10008224:	2800      	cmp	r0, #0
10008226:	da00      	bge.n	1000822a <_strtod_l+0x57a>
10008228:	e3c8      	b.n	100089bc <_strtod_l+0xd0c>
1000822a:	9b05      	ldr	r3, [sp, #20]
1000822c:	930d      	str	r3, [sp, #52]	@ 0x34
1000822e:	d100      	bne.n	10008232 <_strtod_l+0x582>
10008230:	e34a      	b.n	100088c8 <_strtod_l+0xc18>
10008232:	4649      	mov	r1, r9
10008234:	4658      	mov	r0, fp
10008236:	f002 fd53 	bl	1000ace0 <__ratio>
1000823a:	2380      	movs	r3, #128	@ 0x80
1000823c:	2200      	movs	r2, #0
1000823e:	05db      	lsls	r3, r3, #23
10008240:	0004      	movs	r4, r0
10008242:	000d      	movs	r5, r1
10008244:	f7fa fcb6 	bl	10002bb4 <__wrap___aeabi_dcmple>
10008248:	2800      	cmp	r0, #0
1000824a:	d100      	bne.n	1000824e <_strtod_l+0x59e>
1000824c:	e168      	b.n	10008520 <_strtod_l+0x870>
1000824e:	9b12      	ldr	r3, [sp, #72]	@ 0x48
10008250:	2b00      	cmp	r3, #0
10008252:	d000      	beq.n	10008256 <_strtod_l+0x5a6>
10008254:	e1ef      	b.n	10008636 <_strtod_l+0x986>
10008256:	9b04      	ldr	r3, [sp, #16]
10008258:	2b00      	cmp	r3, #0
1000825a:	d000      	beq.n	1000825e <_strtod_l+0x5ae>
1000825c:	e274      	b.n	10008748 <_strtod_l+0xa98>
1000825e:	9b0d      	ldr	r3, [sp, #52]	@ 0x34
10008260:	031b      	lsls	r3, r3, #12
10008262:	d000      	beq.n	10008266 <_strtod_l+0x5b6>
10008264:	e21a      	b.n	1000869c <_strtod_l+0x9ec>
10008266:	2200      	movs	r2, #0
10008268:	0020      	movs	r0, r4
1000826a:	0029      	movs	r1, r5
1000826c:	4bd3      	ldr	r3, [pc, #844]	@ (100085bc <_strtod_l+0x90c>)
1000826e:	f7fa fc9b 	bl	10002ba8 <__wrap___aeabi_dcmplt>
10008272:	2800      	cmp	r0, #0
10008274:	d000      	beq.n	10008278 <_strtod_l+0x5c8>
10008276:	e31e      	b.n	100088b6 <_strtod_l+0xc06>
10008278:	2200      	movs	r2, #0
1000827a:	4bd1      	ldr	r3, [pc, #836]	@ (100085c0 <_strtod_l+0x910>)
1000827c:	0020      	movs	r0, r4
1000827e:	0029      	movs	r1, r5
10008280:	f7fa fc47 	bl	10002b12 <__wrap___aeabi_dmul>
10008284:	000a      	movs	r2, r1
10008286:	0001      	movs	r1, r0
10008288:	0013      	movs	r3, r2
1000828a:	9110      	str	r1, [sp, #64]	@ 0x40
1000828c:	9211      	str	r2, [sp, #68]	@ 0x44
1000828e:	900e      	str	r0, [sp, #56]	@ 0x38
10008290:	2280      	movs	r2, #128	@ 0x80
10008292:	0612      	lsls	r2, r2, #24
10008294:	4694      	mov	ip, r2
10008296:	4463      	add	r3, ip
10008298:	930f      	str	r3, [sp, #60]	@ 0x3c
1000829a:	9b0d      	ldr	r3, [sp, #52]	@ 0x34
1000829c:	4ac9      	ldr	r2, [pc, #804]	@ (100085c4 <_strtod_l+0x914>)
1000829e:	9c0e      	ldr	r4, [sp, #56]	@ 0x38
100082a0:	9d0f      	ldr	r5, [sp, #60]	@ 0x3c
100082a2:	4013      	ands	r3, r2
100082a4:	469a      	mov	sl, r3
100082a6:	4bc8      	ldr	r3, [pc, #800]	@ (100085c8 <_strtod_l+0x918>)
100082a8:	459a      	cmp	sl, r3
100082aa:	d100      	bne.n	100082ae <_strtod_l+0x5fe>
100082ac:	e1ca      	b.n	10008644 <_strtod_l+0x994>
100082ae:	9b0a      	ldr	r3, [sp, #40]	@ 0x28
100082b0:	2b00      	cmp	r3, #0
100082b2:	d028      	beq.n	10008306 <_strtod_l+0x656>
100082b4:	23d4      	movs	r3, #212	@ 0xd4
100082b6:	04db      	lsls	r3, r3, #19
100082b8:	459a      	cmp	sl, r3
100082ba:	d824      	bhi.n	10008306 <_strtod_l+0x656>
100082bc:	9810      	ldr	r0, [sp, #64]	@ 0x40
100082be:	9911      	ldr	r1, [sp, #68]	@ 0x44
100082c0:	4ac2      	ldr	r2, [pc, #776]	@ (100085cc <_strtod_l+0x91c>)
100082c2:	4bc3      	ldr	r3, [pc, #780]	@ (100085d0 <_strtod_l+0x920>)
100082c4:	f7fa fc76 	bl	10002bb4 <__wrap___aeabi_dcmple>
100082c8:	2800      	cmp	r0, #0
100082ca:	d017      	beq.n	100082fc <_strtod_l+0x64c>
100082cc:	9810      	ldr	r0, [sp, #64]	@ 0x40
100082ce:	9911      	ldr	r1, [sp, #68]	@ 0x44
100082d0:	f7fa fcd2 	bl	10002c78 <__wrap___aeabi_d2uiz>
100082d4:	2800      	cmp	r0, #0
100082d6:	d100      	bne.n	100082da <_strtod_l+0x62a>
100082d8:	3001      	adds	r0, #1
100082da:	f7fa fc8d 	bl	10002bf8 <__wrap___aeabi_ui2d>
100082de:	9b12      	ldr	r3, [sp, #72]	@ 0x48
100082e0:	9010      	str	r0, [sp, #64]	@ 0x40
100082e2:	9111      	str	r1, [sp, #68]	@ 0x44
100082e4:	2b00      	cmp	r3, #0
100082e6:	d000      	beq.n	100082ea <_strtod_l+0x63a>
100082e8:	e2d7      	b.n	1000889a <_strtod_l+0xbea>
100082ea:	2280      	movs	r2, #128	@ 0x80
100082ec:	0612      	lsls	r2, r2, #24
100082ee:	000b      	movs	r3, r1
100082f0:	4694      	mov	ip, r2
100082f2:	4463      	add	r3, ip
100082f4:	9016      	str	r0, [sp, #88]	@ 0x58
100082f6:	9317      	str	r3, [sp, #92]	@ 0x5c
100082f8:	9c16      	ldr	r4, [sp, #88]	@ 0x58
100082fa:	9d17      	ldr	r5, [sp, #92]	@ 0x5c
100082fc:	23d6      	movs	r3, #214	@ 0xd6
100082fe:	4652      	mov	r2, sl
10008300:	04db      	lsls	r3, r3, #19
10008302:	18eb      	adds	r3, r5, r3
10008304:	1a9d      	subs	r5, r3, r2
10008306:	0030      	movs	r0, r6
10008308:	0039      	movs	r1, r7
1000830a:	f002 fc07 	bl	1000ab1c <__ulp>
1000830e:	0002      	movs	r2, r0
10008310:	000b      	movs	r3, r1
10008312:	0020      	movs	r0, r4
10008314:	0029      	movs	r1, r5
10008316:	f7fa fbfc 	bl	10002b12 <__wrap___aeabi_dmul>
1000831a:	0032      	movs	r2, r6
1000831c:	003b      	movs	r3, r7
1000831e:	f7fa fbd1 	bl	10002ac4 <__wrap___aeabi_dadd>
10008322:	000e      	movs	r6, r1
10008324:	9004      	str	r0, [sp, #16]
10008326:	9105      	str	r1, [sp, #20]
10008328:	9b0a      	ldr	r3, [sp, #40]	@ 0x28
1000832a:	2b00      	cmp	r3, #0
1000832c:	d104      	bne.n	10008338 <_strtod_l+0x688>
1000832e:	4ba5      	ldr	r3, [pc, #660]	@ (100085c4 <_strtod_l+0x914>)
10008330:	4033      	ands	r3, r6
10008332:	459a      	cmp	sl, r3
10008334:	d100      	bne.n	10008338 <_strtod_l+0x688>
10008336:	e1d5      	b.n	100086e4 <_strtod_l+0xa34>
10008338:	4640      	mov	r0, r8
1000833a:	991a      	ldr	r1, [sp, #104]	@ 0x68
1000833c:	f002 f800 	bl	1000a340 <_Bfree>
10008340:	4640      	mov	r0, r8
10008342:	9909      	ldr	r1, [sp, #36]	@ 0x24
10008344:	f001 fffc 	bl	1000a340 <_Bfree>
10008348:	4649      	mov	r1, r9
1000834a:	4640      	mov	r0, r8
1000834c:	f001 fff8 	bl	1000a340 <_Bfree>
10008350:	4659      	mov	r1, fp
10008352:	4640      	mov	r0, r8
10008354:	f001 fff4 	bl	1000a340 <_Bfree>
10008358:	9c13      	ldr	r4, [sp, #76]	@ 0x4c
1000835a:	4640      	mov	r0, r8
1000835c:	6861      	ldr	r1, [r4, #4]
1000835e:	f001 ffc7 	bl	1000a2f0 <_Balloc>
10008362:	1e03      	subs	r3, r0, #0
10008364:	9009      	str	r0, [sp, #36]	@ 0x24
10008366:	d100      	bne.n	1000836a <_strtod_l+0x6ba>
10008368:	e147      	b.n	100085fa <_strtod_l+0x94a>
1000836a:	6922      	ldr	r2, [r4, #16]
1000836c:	330c      	adds	r3, #12
1000836e:	3202      	adds	r2, #2
10008370:	340c      	adds	r4, #12
10008372:	0021      	movs	r1, r4
10008374:	0018      	movs	r0, r3
10008376:	0092      	lsls	r2, r2, #2
10008378:	f7fb f902 	bl	10003580 <__wrap___aeabi_memcpy>
1000837c:	9e04      	ldr	r6, [sp, #16]
1000837e:	9f05      	ldr	r7, [sp, #20]
10008380:	ab1c      	add	r3, sp, #112	@ 0x70
10008382:	9301      	str	r3, [sp, #4]
10008384:	ab1b      	add	r3, sp, #108	@ 0x6c
10008386:	9300      	str	r3, [sp, #0]
10008388:	0032      	movs	r2, r6
1000838a:	003b      	movs	r3, r7
1000838c:	4640      	mov	r0, r8
1000838e:	f002 fc41 	bl	1000ac14 <__d2b>
10008392:	901a      	str	r0, [sp, #104]	@ 0x68
10008394:	2800      	cmp	r0, #0
10008396:	d100      	bne.n	1000839a <_strtod_l+0x6ea>
10008398:	e0f4      	b.n	10008584 <_strtod_l+0x8d4>
1000839a:	2101      	movs	r1, #1
1000839c:	4640      	mov	r0, r8
1000839e:	f002 f8d9 	bl	1000a554 <__i2b>
100083a2:	4681      	mov	r9, r0
100083a4:	2800      	cmp	r0, #0
100083a6:	d100      	bne.n	100083aa <_strtod_l+0x6fa>
100083a8:	e127      	b.n	100085fa <_strtod_l+0x94a>
100083aa:	9b1b      	ldr	r3, [sp, #108]	@ 0x6c
100083ac:	2b00      	cmp	r3, #0
100083ae:	da00      	bge.n	100083b2 <_strtod_l+0x702>
100083b0:	e0db      	b.n	1000856a <_strtod_l+0x8ba>
100083b2:	9a0c      	ldr	r2, [sp, #48]	@ 0x30
100083b4:	9c14      	ldr	r4, [sp, #80]	@ 0x50
100083b6:	189d      	adds	r5, r3, r2
100083b8:	990a      	ldr	r1, [sp, #40]	@ 0x28
100083ba:	9a1c      	ldr	r2, [sp, #112]	@ 0x70
100083bc:	1a5b      	subs	r3, r3, r1
100083be:	2136      	movs	r1, #54	@ 0x36
100083c0:	189b      	adds	r3, r3, r2
100083c2:	1a8a      	subs	r2, r1, r2
100083c4:	4983      	ldr	r1, [pc, #524]	@ (100085d4 <_strtod_l+0x924>)
100083c6:	3b01      	subs	r3, #1
100083c8:	428b      	cmp	r3, r1
100083ca:	da00      	bge.n	100083ce <_strtod_l+0x71e>
100083cc:	e6e2      	b.n	10008194 <_strtod_l+0x4e4>
100083ce:	2300      	movs	r3, #0
100083d0:	9315      	str	r3, [sp, #84]	@ 0x54
100083d2:	3301      	adds	r3, #1
100083d4:	9310      	str	r3, [sp, #64]	@ 0x40
100083d6:	e6e7      	b.n	100081a8 <_strtod_l+0x4f8>
100083d8:	2300      	movs	r3, #0
100083da:	2600      	movs	r6, #0
100083dc:	930d      	str	r3, [sp, #52]	@ 0x34
100083de:	9312      	str	r3, [sp, #72]	@ 0x48
100083e0:	2201      	movs	r2, #1
100083e2:	e552      	b.n	10007e8a <_strtod_l+0x1da>
100083e4:	2600      	movs	r6, #0
100083e6:	2700      	movs	r7, #0
100083e8:	9a07      	ldr	r2, [sp, #28]
100083ea:	2a00      	cmp	r2, #0
100083ec:	d001      	beq.n	100083f2 <_strtod_l+0x742>
100083ee:	9b19      	ldr	r3, [sp, #100]	@ 0x64
100083f0:	6013      	str	r3, [r2, #0]
100083f2:	9b08      	ldr	r3, [sp, #32]
100083f4:	2b00      	cmp	r3, #0
100083f6:	d100      	bne.n	100083fa <_strtod_l+0x74a>
100083f8:	e4c4      	b.n	10007d84 <_strtod_l+0xd4>
100083fa:	2180      	movs	r1, #128	@ 0x80
100083fc:	0609      	lsls	r1, r1, #24
100083fe:	187b      	adds	r3, r7, r1
10008400:	001f      	movs	r7, r3
10008402:	e4bf      	b.n	10007d84 <_strtod_l+0xd4>
10008404:	2300      	movs	r3, #0
10008406:	930a      	str	r3, [sp, #40]	@ 0x28
10008408:	e585      	b.n	10007f16 <_strtod_l+0x266>
1000840a:	2c00      	cmp	r4, #0
1000840c:	d100      	bne.n	10008410 <_strtod_l+0x760>
1000840e:	e695      	b.n	1000813c <_strtod_l+0x48c>
10008410:	230f      	movs	r3, #15
10008412:	001a      	movs	r2, r3
10008414:	4264      	negs	r4, r4
10008416:	4022      	ands	r2, r4
10008418:	4223      	tst	r3, r4
1000841a:	d00a      	beq.n	10008432 <_strtod_l+0x782>
1000841c:	9804      	ldr	r0, [sp, #16]
1000841e:	9905      	ldr	r1, [sp, #20]
10008420:	4b6d      	ldr	r3, [pc, #436]	@ (100085d8 <_strtod_l+0x928>)
10008422:	00d2      	lsls	r2, r2, #3
10008424:	189b      	adds	r3, r3, r2
10008426:	681a      	ldr	r2, [r3, #0]
10008428:	685b      	ldr	r3, [r3, #4]
1000842a:	f7fa fb54 	bl	10002ad6 <__wrap___aeabi_ddiv>
1000842e:	9004      	str	r0, [sp, #16]
10008430:	9105      	str	r1, [sp, #20]
10008432:	1124      	asrs	r4, r4, #4
10008434:	d100      	bne.n	10008438 <_strtod_l+0x788>
10008436:	e681      	b.n	1000813c <_strtod_l+0x48c>
10008438:	2c1f      	cmp	r4, #31
1000843a:	dc3f      	bgt.n	100084bc <_strtod_l+0x80c>
1000843c:	2310      	movs	r3, #16
1000843e:	001a      	movs	r2, r3
10008440:	4022      	ands	r2, r4
10008442:	920a      	str	r2, [sp, #40]	@ 0x28
10008444:	4223      	tst	r3, r4
10008446:	d001      	beq.n	1000844c <_strtod_l+0x79c>
10008448:	335a      	adds	r3, #90	@ 0x5a
1000844a:	930a      	str	r3, [sp, #40]	@ 0x28
1000844c:	2201      	movs	r2, #1
1000844e:	9804      	ldr	r0, [sp, #16]
10008450:	9905      	ldr	r1, [sp, #20]
10008452:	2300      	movs	r3, #0
10008454:	4692      	mov	sl, r2
10008456:	4d61      	ldr	r5, [pc, #388]	@ (100085dc <_strtod_l+0x92c>)
10008458:	4652      	mov	r2, sl
1000845a:	4222      	tst	r2, r4
1000845c:	d004      	beq.n	10008468 <_strtod_l+0x7b8>
1000845e:	682a      	ldr	r2, [r5, #0]
10008460:	686b      	ldr	r3, [r5, #4]
10008462:	f7fa fb56 	bl	10002b12 <__wrap___aeabi_dmul>
10008466:	2301      	movs	r3, #1
10008468:	1064      	asrs	r4, r4, #1
1000846a:	3508      	adds	r5, #8
1000846c:	2c00      	cmp	r4, #0
1000846e:	d1f3      	bne.n	10008458 <_strtod_l+0x7a8>
10008470:	2b00      	cmp	r3, #0
10008472:	d001      	beq.n	10008478 <_strtod_l+0x7c8>
10008474:	9004      	str	r0, [sp, #16]
10008476:	9105      	str	r1, [sp, #20]
10008478:	9b0a      	ldr	r3, [sp, #40]	@ 0x28
1000847a:	2b00      	cmp	r3, #0
1000847c:	d015      	beq.n	100084aa <_strtod_l+0x7fa>
1000847e:	9b04      	ldr	r3, [sp, #16]
10008480:	9c05      	ldr	r4, [sp, #20]
10008482:	236b      	movs	r3, #107	@ 0x6b
10008484:	0062      	lsls	r2, r4, #1
10008486:	0d52      	lsrs	r2, r2, #21
10008488:	0021      	movs	r1, r4
1000848a:	1a9b      	subs	r3, r3, r2
1000848c:	2b00      	cmp	r3, #0
1000848e:	dd0a      	ble.n	100084a6 <_strtod_l+0x7f6>
10008490:	2b1f      	cmp	r3, #31
10008492:	dc00      	bgt.n	10008496 <_strtod_l+0x7e6>
10008494:	e314      	b.n	10008ac0 <_strtod_l+0xe10>
10008496:	2000      	movs	r0, #0
10008498:	9004      	str	r0, [sp, #16]
1000849a:	2b34      	cmp	r3, #52	@ 0x34
1000849c:	dc00      	bgt.n	100084a0 <_strtod_l+0x7f0>
1000849e:	e316      	b.n	10008ace <_strtod_l+0xe1e>
100084a0:	23dc      	movs	r3, #220	@ 0xdc
100084a2:	049b      	lsls	r3, r3, #18
100084a4:	9305      	str	r3, [sp, #20]
100084a6:	236a      	movs	r3, #106	@ 0x6a
100084a8:	930a      	str	r3, [sp, #40]	@ 0x28
100084aa:	2200      	movs	r2, #0
100084ac:	9804      	ldr	r0, [sp, #16]
100084ae:	9905      	ldr	r1, [sp, #20]
100084b0:	2300      	movs	r3, #0
100084b2:	f7fa fb71 	bl	10002b98 <__wrap___aeabi_dcmpeq>
100084b6:	2800      	cmp	r0, #0
100084b8:	d100      	bne.n	100084bc <_strtod_l+0x80c>
100084ba:	e641      	b.n	10008140 <_strtod_l+0x490>
100084bc:	2322      	movs	r3, #34	@ 0x22
100084be:	4642      	mov	r2, r8
100084c0:	2600      	movs	r6, #0
100084c2:	2700      	movs	r7, #0
100084c4:	6013      	str	r3, [r2, #0]
100084c6:	e78f      	b.n	100083e8 <_strtod_l+0x738>
100084c8:	9b0b      	ldr	r3, [sp, #44]	@ 0x2c
100084ca:	3316      	adds	r3, #22
100084cc:	da00      	bge.n	100084d0 <_strtod_l+0x820>
100084ce:	e5ca      	b.n	10008066 <_strtod_l+0x3b6>
100084d0:	990c      	ldr	r1, [sp, #48]	@ 0x30
100084d2:	9a12      	ldr	r2, [sp, #72]	@ 0x48
100084d4:	4b40      	ldr	r3, [pc, #256]	@ (100085d8 <_strtod_l+0x928>)
100084d6:	1a52      	subs	r2, r2, r1
100084d8:	00d2      	lsls	r2, r2, #3
100084da:	189b      	adds	r3, r3, r2
100084dc:	681a      	ldr	r2, [r3, #0]
100084de:	685b      	ldr	r3, [r3, #4]
100084e0:	9804      	ldr	r0, [sp, #16]
100084e2:	9905      	ldr	r1, [sp, #20]
100084e4:	f7fa faf7 	bl	10002ad6 <__wrap___aeabi_ddiv>
100084e8:	0006      	movs	r6, r0
100084ea:	000f      	movs	r7, r1
100084ec:	e77c      	b.n	100083e8 <_strtod_l+0x738>
100084ee:	2201      	movs	r2, #1
100084f0:	9208      	str	r2, [sp, #32]
100084f2:	e43c      	b.n	10007d6e <_strtod_l+0xbe>
100084f4:	493a      	ldr	r1, [pc, #232]	@ (100085e0 <_strtod_l+0x930>)
100084f6:	a819      	add	r0, sp, #100	@ 0x64
100084f8:	f001 fdd8 	bl	1000a0ac <__match>
100084fc:	2800      	cmp	r0, #0
100084fe:	d100      	bne.n	10008502 <_strtod_l+0x852>
10008500:	e43a      	b.n	10007d78 <_strtod_l+0xc8>
10008502:	9b19      	ldr	r3, [sp, #100]	@ 0x64
10008504:	4937      	ldr	r1, [pc, #220]	@ (100085e4 <_strtod_l+0x934>)
10008506:	3b01      	subs	r3, #1
10008508:	a819      	add	r0, sp, #100	@ 0x64
1000850a:	9319      	str	r3, [sp, #100]	@ 0x64
1000850c:	f001 fdce 	bl	1000a0ac <__match>
10008510:	2800      	cmp	r0, #0
10008512:	d102      	bne.n	1000851a <_strtod_l+0x86a>
10008514:	9b19      	ldr	r3, [sp, #100]	@ 0x64
10008516:	3301      	adds	r3, #1
10008518:	9319      	str	r3, [sp, #100]	@ 0x64
1000851a:	2600      	movs	r6, #0
1000851c:	4f29      	ldr	r7, [pc, #164]	@ (100085c4 <_strtod_l+0x914>)
1000851e:	e763      	b.n	100083e8 <_strtod_l+0x738>
10008520:	4b27      	ldr	r3, [pc, #156]	@ (100085c0 <_strtod_l+0x910>)
10008522:	2200      	movs	r2, #0
10008524:	0020      	movs	r0, r4
10008526:	0029      	movs	r1, r5
10008528:	f7fa faf3 	bl	10002b12 <__wrap___aeabi_dmul>
1000852c:	9b12      	ldr	r3, [sp, #72]	@ 0x48
1000852e:	9010      	str	r0, [sp, #64]	@ 0x40
10008530:	9111      	str	r1, [sp, #68]	@ 0x44
10008532:	2b00      	cmp	r3, #0
10008534:	d17a      	bne.n	1000862c <_strtod_l+0x97c>
10008536:	000b      	movs	r3, r1
10008538:	900e      	str	r0, [sp, #56]	@ 0x38
1000853a:	e6a9      	b.n	10008290 <_strtod_l+0x5e0>
1000853c:	4649      	mov	r1, r9
1000853e:	001a      	movs	r2, r3
10008540:	4640      	mov	r0, r8
10008542:	f002 f90d 	bl	1000a760 <__pow5mult>
10008546:	4681      	mov	r9, r0
10008548:	2800      	cmp	r0, #0
1000854a:	d056      	beq.n	100085fa <_strtod_l+0x94a>
1000854c:	0001      	movs	r1, r0
1000854e:	9a1a      	ldr	r2, [sp, #104]	@ 0x68
10008550:	4640      	mov	r0, r8
10008552:	f002 f82f 	bl	1000a5b4 <__multiply>
10008556:	900d      	str	r0, [sp, #52]	@ 0x34
10008558:	2800      	cmp	r0, #0
1000855a:	d04e      	beq.n	100085fa <_strtod_l+0x94a>
1000855c:	4640      	mov	r0, r8
1000855e:	991a      	ldr	r1, [sp, #104]	@ 0x68
10008560:	f001 feee 	bl	1000a340 <_Bfree>
10008564:	9b0d      	ldr	r3, [sp, #52]	@ 0x34
10008566:	931a      	str	r3, [sp, #104]	@ 0x68
10008568:	e636      	b.n	100081d8 <_strtod_l+0x528>
1000856a:	9a14      	ldr	r2, [sp, #80]	@ 0x50
1000856c:	9d0c      	ldr	r5, [sp, #48]	@ 0x30
1000856e:	1ad4      	subs	r4, r2, r3
10008570:	e722      	b.n	100083b8 <_strtod_l+0x708>
10008572:	4652      	mov	r2, sl
10008574:	4640      	mov	r0, r8
10008576:	991a      	ldr	r1, [sp, #104]	@ 0x68
10008578:	f002 f95a 	bl	1000a830 <__lshift>
1000857c:	901a      	str	r0, [sp, #104]	@ 0x68
1000857e:	2800      	cmp	r0, #0
10008580:	d000      	beq.n	10008584 <_strtod_l+0x8d4>
10008582:	e62d      	b.n	100081e0 <_strtod_l+0x530>
10008584:	46da      	mov	sl, fp
10008586:	2322      	movs	r3, #34	@ 0x22
10008588:	4642      	mov	r2, r8
1000858a:	2600      	movs	r6, #0
1000858c:	4f0d      	ldr	r7, [pc, #52]	@ (100085c4 <_strtod_l+0x914>)
1000858e:	6013      	str	r3, [r2, #0]
10008590:	0001      	movs	r1, r0
10008592:	4640      	mov	r0, r8
10008594:	f001 fed4 	bl	1000a340 <_Bfree>
10008598:	4640      	mov	r0, r8
1000859a:	9909      	ldr	r1, [sp, #36]	@ 0x24
1000859c:	f001 fed0 	bl	1000a340 <_Bfree>
100085a0:	4649      	mov	r1, r9
100085a2:	4640      	mov	r0, r8
100085a4:	f001 fecc 	bl	1000a340 <_Bfree>
100085a8:	4640      	mov	r0, r8
100085aa:	9913      	ldr	r1, [sp, #76]	@ 0x4c
100085ac:	f001 fec8 	bl	1000a340 <_Bfree>
100085b0:	4651      	mov	r1, sl
100085b2:	4640      	mov	r0, r8
100085b4:	f001 fec4 	bl	1000a340 <_Bfree>
100085b8:	e716      	b.n	100083e8 <_strtod_l+0x738>
100085ba:	46c0      	nop			@ (mov r8, r8)
100085bc:	3ff00000 	.word	0x3ff00000
100085c0:	3fe00000 	.word	0x3fe00000
100085c4:	7ff00000 	.word	0x7ff00000
100085c8:	7fe00000 	.word	0x7fe00000
100085cc:	ffc00000 	.word	0xffc00000
100085d0:	41dfffff 	.word	0x41dfffff
100085d4:	fffffc02 	.word	0xfffffc02
100085d8:	1000bb20 	.word	0x1000bb20
100085dc:	1000b890 	.word	0x1000b890
100085e0:	1000b244 	.word	0x1000b244
100085e4:	1000b248 	.word	0x1000b248
100085e8:	0022      	movs	r2, r4
100085ea:	4640      	mov	r0, r8
100085ec:	9909      	ldr	r1, [sp, #36]	@ 0x24
100085ee:	f002 f91f 	bl	1000a830 <__lshift>
100085f2:	9009      	str	r0, [sp, #36]	@ 0x24
100085f4:	2800      	cmp	r0, #0
100085f6:	d000      	beq.n	100085fa <_strtod_l+0x94a>
100085f8:	e5f9      	b.n	100081ee <_strtod_l+0x53e>
100085fa:	46da      	mov	sl, fp
100085fc:	981a      	ldr	r0, [sp, #104]	@ 0x68
100085fe:	e7c2      	b.n	10008586 <_strtod_l+0x8d6>
10008600:	4640      	mov	r0, r8
10008602:	9a14      	ldr	r2, [sp, #80]	@ 0x50
10008604:	9909      	ldr	r1, [sp, #36]	@ 0x24
10008606:	f002 f8ab 	bl	1000a760 <__pow5mult>
1000860a:	9009      	str	r0, [sp, #36]	@ 0x24
1000860c:	2800      	cmp	r0, #0
1000860e:	d000      	beq.n	10008612 <_strtod_l+0x962>
10008610:	e5ea      	b.n	100081e8 <_strtod_l+0x538>
10008612:	e7f2      	b.n	100085fa <_strtod_l+0x94a>
10008614:	2300      	movs	r3, #0
10008616:	9419      	str	r4, [sp, #100]	@ 0x64
10008618:	930c      	str	r3, [sp, #48]	@ 0x30
1000861a:	e43e      	b.n	10007e9a <_strtod_l+0x1ea>
1000861c:	49cf      	ldr	r1, [pc, #828]	@ (1000895c <_strtod_l+0xcac>)
1000861e:	1acb      	subs	r3, r1, r3
10008620:	2101      	movs	r1, #1
10008622:	4099      	lsls	r1, r3
10008624:	2301      	movs	r3, #1
10008626:	9115      	str	r1, [sp, #84]	@ 0x54
10008628:	9310      	str	r3, [sp, #64]	@ 0x40
1000862a:	e5bd      	b.n	100081a8 <_strtod_l+0x4f8>
1000862c:	9b10      	ldr	r3, [sp, #64]	@ 0x40
1000862e:	9c11      	ldr	r4, [sp, #68]	@ 0x44
10008630:	930e      	str	r3, [sp, #56]	@ 0x38
10008632:	940f      	str	r4, [sp, #60]	@ 0x3c
10008634:	e631      	b.n	1000829a <_strtod_l+0x5ea>
10008636:	2300      	movs	r3, #0
10008638:	4cc9      	ldr	r4, [pc, #804]	@ (10008960 <_strtod_l+0xcb0>)
1000863a:	930e      	str	r3, [sp, #56]	@ 0x38
1000863c:	940f      	str	r4, [sp, #60]	@ 0x3c
1000863e:	9310      	str	r3, [sp, #64]	@ 0x40
10008640:	9411      	str	r4, [sp, #68]	@ 0x44
10008642:	e62a      	b.n	1000829a <_strtod_l+0x5ea>
10008644:	4ac7      	ldr	r2, [pc, #796]	@ (10008964 <_strtod_l+0xcb4>)
10008646:	9b0d      	ldr	r3, [sp, #52]	@ 0x34
10008648:	4694      	mov	ip, r2
1000864a:	4463      	add	r3, ip
1000864c:	9305      	str	r3, [sp, #20]
1000864e:	9c04      	ldr	r4, [sp, #16]
10008650:	9d05      	ldr	r5, [sp, #20]
10008652:	0020      	movs	r0, r4
10008654:	0029      	movs	r1, r5
10008656:	f002 fa61 	bl	1000ab1c <__ulp>
1000865a:	9a0e      	ldr	r2, [sp, #56]	@ 0x38
1000865c:	9b0f      	ldr	r3, [sp, #60]	@ 0x3c
1000865e:	f7fa fa58 	bl	10002b12 <__wrap___aeabi_dmul>
10008662:	0022      	movs	r2, r4
10008664:	002b      	movs	r3, r5
10008666:	f7fa fa2d 	bl	10002ac4 <__wrap___aeabi_dadd>
1000866a:	4bbf      	ldr	r3, [pc, #764]	@ (10008968 <_strtod_l+0xcb8>)
1000866c:	4abf      	ldr	r2, [pc, #764]	@ (1000896c <_strtod_l+0xcbc>)
1000866e:	9004      	str	r0, [sp, #16]
10008670:	9105      	str	r1, [sp, #20]
10008672:	400b      	ands	r3, r1
10008674:	4293      	cmp	r3, r2
10008676:	d800      	bhi.n	1000867a <_strtod_l+0x9ca>
10008678:	e08f      	b.n	1000879a <_strtod_l+0xaea>
1000867a:	4abd      	ldr	r2, [pc, #756]	@ (10008970 <_strtod_l+0xcc0>)
1000867c:	4297      	cmp	r7, r2
1000867e:	d101      	bne.n	10008684 <_strtod_l+0x9d4>
10008680:	3601      	adds	r6, #1
10008682:	d0ba      	beq.n	100085fa <_strtod_l+0x94a>
10008684:	2301      	movs	r3, #1
10008686:	4cba      	ldr	r4, [pc, #744]	@ (10008970 <_strtod_l+0xcc0>)
10008688:	425b      	negs	r3, r3
1000868a:	9304      	str	r3, [sp, #16]
1000868c:	9405      	str	r4, [sp, #20]
1000868e:	e653      	b.n	10008338 <_strtod_l+0x688>
10008690:	2300      	movs	r3, #0
10008692:	930a      	str	r3, [sp, #40]	@ 0x28
10008694:	e43c      	b.n	10007f10 <_strtod_l+0x260>
10008696:	9e04      	ldr	r6, [sp, #16]
10008698:	9f05      	ldr	r7, [sp, #20]
1000869a:	e6a5      	b.n	100083e8 <_strtod_l+0x738>
1000869c:	2300      	movs	r3, #0
1000869e:	4cb5      	ldr	r4, [pc, #724]	@ (10008974 <_strtod_l+0xcc4>)
100086a0:	930e      	str	r3, [sp, #56]	@ 0x38
100086a2:	940f      	str	r4, [sp, #60]	@ 0x3c
100086a4:	2300      	movs	r3, #0
100086a6:	4cae      	ldr	r4, [pc, #696]	@ (10008960 <_strtod_l+0xcb0>)
100086a8:	9310      	str	r3, [sp, #64]	@ 0x40
100086aa:	9411      	str	r4, [sp, #68]	@ 0x44
100086ac:	e5f5      	b.n	1000829a <_strtod_l+0x5ea>
100086ae:	9302      	str	r3, [sp, #8]
100086b0:	9b08      	ldr	r3, [sp, #32]
100086b2:	4640      	mov	r0, r8
100086b4:	9301      	str	r3, [sp, #4]
100086b6:	ab1a      	add	r3, sp, #104	@ 0x68
100086b8:	9300      	str	r3, [sp, #0]
100086ba:	4aaf      	ldr	r2, [pc, #700]	@ (10008978 <_strtod_l+0xcc8>)
100086bc:	ab1b      	add	r3, sp, #108	@ 0x6c
100086be:	a919      	add	r1, sp, #100	@ 0x64
100086c0:	f000 fb9c 	bl	10008dfc <__gethex>
100086c4:	230f      	movs	r3, #15
100086c6:	001e      	movs	r6, r3
100086c8:	0004      	movs	r4, r0
100086ca:	4006      	ands	r6, r0
100086cc:	4203      	tst	r3, r0
100086ce:	d100      	bne.n	100086d2 <_strtod_l+0xa22>
100086d0:	e688      	b.n	100083e4 <_strtod_l+0x734>
100086d2:	2e06      	cmp	r6, #6
100086d4:	d000      	beq.n	100086d8 <_strtod_l+0xa28>
100086d6:	e09e      	b.n	10008816 <_strtod_l+0xb66>
100086d8:	2300      	movs	r3, #0
100086da:	2600      	movs	r6, #0
100086dc:	2700      	movs	r7, #0
100086de:	9519      	str	r5, [sp, #100]	@ 0x64
100086e0:	9308      	str	r3, [sp, #32]
100086e2:	e681      	b.n	100083e8 <_strtod_l+0x738>
100086e4:	9c10      	ldr	r4, [sp, #64]	@ 0x40
100086e6:	9d11      	ldr	r5, [sp, #68]	@ 0x44
100086e8:	0020      	movs	r0, r4
100086ea:	0029      	movs	r1, r5
100086ec:	f7fa fadc 	bl	10002ca8 <__wrap___aeabi_d2lz>
100086f0:	f7fa face 	bl	10002c90 <__wrap___aeabi_l2d>
100086f4:	0002      	movs	r2, r0
100086f6:	000b      	movs	r3, r1
100086f8:	0020      	movs	r0, r4
100086fa:	0029      	movs	r1, r5
100086fc:	f7fa f9d9 	bl	10002ab2 <__wrap___aeabi_dsub>
10008700:	9a04      	ldr	r2, [sp, #16]
10008702:	9b12      	ldr	r3, [sp, #72]	@ 0x48
10008704:	0336      	lsls	r6, r6, #12
10008706:	4313      	orrs	r3, r2
10008708:	0b36      	lsrs	r6, r6, #12
1000870a:	0004      	movs	r4, r0
1000870c:	000d      	movs	r5, r1
1000870e:	4a9b      	ldr	r2, [pc, #620]	@ (1000897c <_strtod_l+0xccc>)
10008710:	4333      	orrs	r3, r6
10008712:	d10a      	bne.n	1000872a <_strtod_l+0xa7a>
10008714:	4b9a      	ldr	r3, [pc, #616]	@ (10008980 <_strtod_l+0xcd0>)
10008716:	f7fa fa47 	bl	10002ba8 <__wrap___aeabi_dcmplt>
1000871a:	2800      	cmp	r0, #0
1000871c:	d100      	bne.n	10008720 <_strtod_l+0xa70>
1000871e:	e60b      	b.n	10008338 <_strtod_l+0x688>
10008720:	46da      	mov	sl, fp
10008722:	9e04      	ldr	r6, [sp, #16]
10008724:	9f05      	ldr	r7, [sp, #20]
10008726:	981a      	ldr	r0, [sp, #104]	@ 0x68
10008728:	e732      	b.n	10008590 <_strtod_l+0x8e0>
1000872a:	4b96      	ldr	r3, [pc, #600]	@ (10008984 <_strtod_l+0xcd4>)
1000872c:	f7fa fa3c 	bl	10002ba8 <__wrap___aeabi_dcmplt>
10008730:	2800      	cmp	r0, #0
10008732:	d1f5      	bne.n	10008720 <_strtod_l+0xa70>
10008734:	0020      	movs	r0, r4
10008736:	0029      	movs	r1, r5
10008738:	4a93      	ldr	r2, [pc, #588]	@ (10008988 <_strtod_l+0xcd8>)
1000873a:	4b94      	ldr	r3, [pc, #592]	@ (1000898c <_strtod_l+0xcdc>)
1000873c:	f7fa fa4a 	bl	10002bd4 <__wrap___aeabi_dcmpgt>
10008740:	2800      	cmp	r0, #0
10008742:	d100      	bne.n	10008746 <_strtod_l+0xa96>
10008744:	e5f8      	b.n	10008338 <_strtod_l+0x688>
10008746:	e7eb      	b.n	10008720 <_strtod_l+0xa70>
10008748:	2b01      	cmp	r3, #1
1000874a:	d1a7      	bne.n	1000869c <_strtod_l+0x9ec>
1000874c:	9b0d      	ldr	r3, [sp, #52]	@ 0x34
1000874e:	2b00      	cmp	r3, #0
10008750:	d1a4      	bne.n	1000869c <_strtod_l+0x9ec>
10008752:	46da      	mov	sl, fp
10008754:	2322      	movs	r3, #34	@ 0x22
10008756:	4642      	mov	r2, r8
10008758:	2600      	movs	r6, #0
1000875a:	2700      	movs	r7, #0
1000875c:	981a      	ldr	r0, [sp, #104]	@ 0x68
1000875e:	6013      	str	r3, [r2, #0]
10008760:	e716      	b.n	10008590 <_strtod_l+0x8e0>
10008762:	4649      	mov	r1, r9
10008764:	001d      	movs	r5, r3
10008766:	4691      	mov	r9, r2
10008768:	4653      	mov	r3, sl
1000876a:	000a      	movs	r2, r1
1000876c:	46aa      	mov	sl, r5
1000876e:	4659      	mov	r1, fp
10008770:	9d12      	ldr	r5, [sp, #72]	@ 0x48
10008772:	46ab      	mov	fp, r5
10008774:	4483      	add	fp, r0
10008776:	4658      	mov	r0, fp
10008778:	9012      	str	r0, [sp, #72]	@ 0x48
1000877a:	2e08      	cmp	r6, #8
1000877c:	dc2e      	bgt.n	100087dc <_strtod_l+0xb2c>
1000877e:	000e      	movs	r6, r1
10008780:	f7ff fb38 	bl	10007df4 <_strtod_l+0x144>
10008784:	2201      	movs	r2, #1
10008786:	0038      	movs	r0, r7
10008788:	4981      	ldr	r1, [pc, #516]	@ (10008990 <_strtod_l+0xce0>)
1000878a:	f000 fe41 	bl	10009410 <strncmp>
1000878e:	2800      	cmp	r0, #0
10008790:	d037      	beq.n	10008802 <_strtod_l+0xb52>
10008792:	2000      	movs	r0, #0
10008794:	2200      	movs	r2, #0
10008796:	f7ff fb83 	bl	10007ea0 <_strtod_l+0x1f0>
1000879a:	23d4      	movs	r3, #212	@ 0xd4
1000879c:	049b      	lsls	r3, r3, #18
1000879e:	18ce      	adds	r6, r1, r3
100087a0:	9605      	str	r6, [sp, #20]
100087a2:	e5c1      	b.n	10008328 <_strtod_l+0x678>
100087a4:	2d6e      	cmp	r5, #110	@ 0x6e
100087a6:	d101      	bne.n	100087ac <_strtod_l+0xafc>
100087a8:	f7ff fb8d 	bl	10007ec6 <_strtod_l+0x216>
100087ac:	f7ff fae4 	bl	10007d78 <_strtod_l+0xc8>
100087b0:	990b      	ldr	r1, [sp, #44]	@ 0x2c
100087b2:	4b78      	ldr	r3, [pc, #480]	@ (10008994 <_strtod_l+0xce4>)
100087b4:	910c      	str	r1, [sp, #48]	@ 0x30
100087b6:	4299      	cmp	r1, r3
100087b8:	dc01      	bgt.n	100087be <_strtod_l+0xb0e>
100087ba:	f7ff fbf0 	bl	10007f9e <_strtod_l+0x2ee>
100087be:	f7ff fbed 	bl	10007f9c <_strtod_l+0x2ec>
100087c2:	9a0b      	ldr	r2, [sp, #44]	@ 0x2c
100087c4:	4b74      	ldr	r3, [pc, #464]	@ (10008998 <_strtod_l+0xce8>)
100087c6:	00d1      	lsls	r1, r2, #3
100087c8:	1859      	adds	r1, r3, r1
100087ca:	6808      	ldr	r0, [r1, #0]
100087cc:	6849      	ldr	r1, [r1, #4]
100087ce:	9a04      	ldr	r2, [sp, #16]
100087d0:	9b05      	ldr	r3, [sp, #20]
100087d2:	f7fa f99e 	bl	10002b12 <__wrap___aeabi_dmul>
100087d6:	0006      	movs	r6, r0
100087d8:	000f      	movs	r7, r1
100087da:	e605      	b.n	100083e8 <_strtod_l+0x738>
100087dc:	2910      	cmp	r1, #16
100087de:	dc66      	bgt.n	100088ae <_strtod_l+0xbfe>
100087e0:	4650      	mov	r0, sl
100087e2:	0080      	lsls	r0, r0, #2
100087e4:	4450      	add	r0, sl
100087e6:	4692      	mov	sl, r2
100087e8:	0040      	lsls	r0, r0, #1
100087ea:	4482      	add	sl, r0
100087ec:	000e      	movs	r6, r1
100087ee:	2000      	movs	r0, #0
100087f0:	f7ff fb07 	bl	10007e02 <_strtod_l+0x152>
100087f4:	2322      	movs	r3, #34	@ 0x22
100087f6:	4642      	mov	r2, r8
100087f8:	6013      	str	r3, [r2, #0]
100087fa:	e68e      	b.n	1000851a <_strtod_l+0x86a>
100087fc:	2000      	movs	r0, #0
100087fe:	f7ff fae9 	bl	10007dd4 <_strtod_l+0x124>
10008802:	9a19      	ldr	r2, [sp, #100]	@ 0x64
10008804:	0013      	movs	r3, r2
10008806:	3201      	adds	r2, #1
10008808:	9219      	str	r2, [sp, #100]	@ 0x64
1000880a:	785d      	ldrb	r5, [r3, #1]
1000880c:	2300      	movs	r3, #0
1000880e:	4699      	mov	r9, r3
10008810:	469a      	mov	sl, r3
10008812:	f7ff fad2 	bl	10007dba <_strtod_l+0x10a>
10008816:	9a1a      	ldr	r2, [sp, #104]	@ 0x68
10008818:	2a00      	cmp	r2, #0
1000881a:	d007      	beq.n	1000882c <_strtod_l+0xb7c>
1000881c:	2135      	movs	r1, #53	@ 0x35
1000881e:	a81c      	add	r0, sp, #112	@ 0x70
10008820:	f002 faac 	bl	1000ad7c <__copybits>
10008824:	4640      	mov	r0, r8
10008826:	991a      	ldr	r1, [sp, #104]	@ 0x68
10008828:	f001 fd8a 	bl	1000a340 <_Bfree>
1000882c:	9a1b      	ldr	r2, [sp, #108]	@ 0x6c
1000882e:	2e05      	cmp	r6, #5
10008830:	d900      	bls.n	10008834 <_strtod_l+0xb84>
10008832:	e181      	b.n	10008b38 <_strtod_l+0xe88>
10008834:	4b59      	ldr	r3, [pc, #356]	@ (1000899c <_strtod_l+0xcec>)
10008836:	00b6      	lsls	r6, r6, #2
10008838:	599b      	ldr	r3, [r3, r6]
1000883a:	469f      	mov	pc, r3
1000883c:	9b1c      	ldr	r3, [sp, #112]	@ 0x70
1000883e:	4958      	ldr	r1, [pc, #352]	@ (100089a0 <_strtod_l+0xcf0>)
10008840:	9304      	str	r3, [sp, #16]
10008842:	9b1d      	ldr	r3, [sp, #116]	@ 0x74
10008844:	400b      	ands	r3, r1
10008846:	4957      	ldr	r1, [pc, #348]	@ (100089a4 <_strtod_l+0xcf4>)
10008848:	468c      	mov	ip, r1
1000884a:	4462      	add	r2, ip
1000884c:	0512      	lsls	r2, r2, #20
1000884e:	4313      	orrs	r3, r2
10008850:	9305      	str	r3, [sp, #20]
10008852:	05e4      	lsls	r4, r4, #23
10008854:	d503      	bpl.n	1000885e <_strtod_l+0xbae>
10008856:	2280      	movs	r2, #128	@ 0x80
10008858:	0612      	lsls	r2, r2, #24
1000885a:	4313      	orrs	r3, r2
1000885c:	9305      	str	r3, [sp, #20]
1000885e:	4a42      	ldr	r2, [pc, #264]	@ (10008968 <_strtod_l+0xcb8>)
10008860:	9e04      	ldr	r6, [sp, #16]
10008862:	9f05      	ldr	r7, [sp, #20]
10008864:	4213      	tst	r3, r2
10008866:	d000      	beq.n	1000886a <_strtod_l+0xbba>
10008868:	e5be      	b.n	100083e8 <_strtod_l+0x738>
1000886a:	f001 fb9b 	bl	10009fa4 <__errno>
1000886e:	2322      	movs	r3, #34	@ 0x22
10008870:	6003      	str	r3, [r0, #0]
10008872:	e5b9      	b.n	100083e8 <_strtod_l+0x738>
10008874:	2201      	movs	r2, #1
10008876:	4b4c      	ldr	r3, [pc, #304]	@ (100089a8 <_strtod_l+0xcf8>)
10008878:	4252      	negs	r2, r2
1000887a:	9204      	str	r2, [sp, #16]
1000887c:	9305      	str	r3, [sp, #20]
1000887e:	05e4      	lsls	r4, r4, #23
10008880:	d400      	bmi.n	10008884 <_strtod_l+0xbd4>
10008882:	e708      	b.n	10008696 <_strtod_l+0x9e6>
10008884:	9b05      	ldr	r3, [sp, #20]
10008886:	e7e6      	b.n	10008856 <_strtod_l+0xba6>
10008888:	4b37      	ldr	r3, [pc, #220]	@ (10008968 <_strtod_l+0xcb8>)
1000888a:	9305      	str	r3, [sp, #20]
1000888c:	e7f7      	b.n	1000887e <_strtod_l+0xbce>
1000888e:	991c      	ldr	r1, [sp, #112]	@ 0x70
10008890:	9a1d      	ldr	r2, [sp, #116]	@ 0x74
10008892:	9b1d      	ldr	r3, [sp, #116]	@ 0x74
10008894:	9104      	str	r1, [sp, #16]
10008896:	9205      	str	r2, [sp, #20]
10008898:	e7db      	b.n	10008852 <_strtod_l+0xba2>
1000889a:	9b10      	ldr	r3, [sp, #64]	@ 0x40
1000889c:	9c11      	ldr	r4, [sp, #68]	@ 0x44
1000889e:	9316      	str	r3, [sp, #88]	@ 0x58
100088a0:	9417      	str	r4, [sp, #92]	@ 0x5c
100088a2:	e529      	b.n	100082f8 <_strtod_l+0x648>
100088a4:	2300      	movs	r3, #0
100088a6:	960d      	str	r6, [sp, #52]	@ 0x34
100088a8:	9312      	str	r3, [sp, #72]	@ 0x48
100088aa:	f7ff faad 	bl	10007e08 <_strtod_l+0x158>
100088ae:	000e      	movs	r6, r1
100088b0:	2000      	movs	r0, #0
100088b2:	f7ff faa6 	bl	10007e02 <_strtod_l+0x152>
100088b6:	2300      	movs	r3, #0
100088b8:	4c3c      	ldr	r4, [pc, #240]	@ (100089ac <_strtod_l+0xcfc>)
100088ba:	930e      	str	r3, [sp, #56]	@ 0x38
100088bc:	940f      	str	r4, [sp, #60]	@ 0x3c
100088be:	2300      	movs	r3, #0
100088c0:	4c32      	ldr	r4, [pc, #200]	@ (1000898c <_strtod_l+0xcdc>)
100088c2:	9310      	str	r3, [sp, #64]	@ 0x40
100088c4:	9411      	str	r4, [sp, #68]	@ 0x44
100088c6:	e4e8      	b.n	1000829a <_strtod_l+0x5ea>
100088c8:	9b15      	ldr	r3, [sp, #84]	@ 0x54
100088ca:	9912      	ldr	r1, [sp, #72]	@ 0x48
100088cc:	469c      	mov	ip, r3
100088ce:	9b0d      	ldr	r3, [sp, #52]	@ 0x34
100088d0:	46da      	mov	sl, fp
100088d2:	031a      	lsls	r2, r3, #12
100088d4:	0b12      	lsrs	r2, r2, #12
100088d6:	2900      	cmp	r1, #0
100088d8:	d100      	bne.n	100088dc <_strtod_l+0xc2c>
100088da:	e0a0      	b.n	10008a1e <_strtod_l+0xd6e>
100088dc:	4934      	ldr	r1, [pc, #208]	@ (100089b0 <_strtod_l+0xd00>)
100088de:	428a      	cmp	r2, r1
100088e0:	d100      	bne.n	100088e4 <_strtod_l+0xc34>
100088e2:	e0d3      	b.n	10008a8c <_strtod_l+0xddc>
100088e4:	4662      	mov	r2, ip
100088e6:	2a00      	cmp	r2, #0
100088e8:	d101      	bne.n	100088ee <_strtod_l+0xc3e>
100088ea:	9b10      	ldr	r3, [sp, #64]	@ 0x40
100088ec:	9a04      	ldr	r2, [sp, #16]
100088ee:	4213      	tst	r3, r2
100088f0:	d00c      	beq.n	1000890c <_strtod_l+0xc5c>
100088f2:	9804      	ldr	r0, [sp, #16]
100088f4:	9905      	ldr	r1, [sp, #20]
100088f6:	9a0a      	ldr	r2, [sp, #40]	@ 0x28
100088f8:	f7ff f9c2 	bl	10007c80 <sulp>
100088fc:	0002      	movs	r2, r0
100088fe:	000b      	movs	r3, r1
10008900:	0030      	movs	r0, r6
10008902:	0039      	movs	r1, r7
10008904:	f7fa f8de 	bl	10002ac4 <__wrap___aeabi_dadd>
10008908:	0006      	movs	r6, r0
1000890a:	000f      	movs	r7, r1
1000890c:	9b0a      	ldr	r3, [sp, #40]	@ 0x28
1000890e:	2b00      	cmp	r3, #0
10008910:	d100      	bne.n	10008914 <_strtod_l+0xc64>
10008912:	e708      	b.n	10008726 <_strtod_l+0xa76>
10008914:	0030      	movs	r0, r6
10008916:	0039      	movs	r1, r7
10008918:	4b26      	ldr	r3, [pc, #152]	@ (100089b4 <_strtod_l+0xd04>)
1000891a:	2200      	movs	r2, #0
1000891c:	f7fa f8f9 	bl	10002b12 <__wrap___aeabi_dmul>
10008920:	4b11      	ldr	r3, [pc, #68]	@ (10008968 <_strtod_l+0xcb8>)
10008922:	0006      	movs	r6, r0
10008924:	000f      	movs	r7, r1
10008926:	420b      	tst	r3, r1
10008928:	d000      	beq.n	1000892c <_strtod_l+0xc7c>
1000892a:	e6fc      	b.n	10008726 <_strtod_l+0xa76>
1000892c:	2322      	movs	r3, #34	@ 0x22
1000892e:	4642      	mov	r2, r8
10008930:	981a      	ldr	r0, [sp, #104]	@ 0x68
10008932:	6013      	str	r3, [r2, #0]
10008934:	e62c      	b.n	10008590 <_strtod_l+0x8e0>
10008936:	4920      	ldr	r1, [pc, #128]	@ (100089b8 <_strtod_l+0xd08>)
10008938:	aa1c      	add	r2, sp, #112	@ 0x70
1000893a:	a819      	add	r0, sp, #100	@ 0x64
1000893c:	f001 fbcc 	bl	1000a0d8 <__hexnan>
10008940:	2805      	cmp	r0, #5
10008942:	d001      	beq.n	10008948 <_strtod_l+0xc98>
10008944:	f7ff facc 	bl	10007ee0 <_strtod_l+0x230>
10008948:	9b1d      	ldr	r3, [sp, #116]	@ 0x74
1000894a:	4a07      	ldr	r2, [pc, #28]	@ (10008968 <_strtod_l+0xcb8>)
1000894c:	431a      	orrs	r2, r3
1000894e:	9b1c      	ldr	r3, [sp, #112]	@ 0x70
10008950:	9205      	str	r2, [sp, #20]
10008952:	9304      	str	r3, [sp, #16]
10008954:	9e04      	ldr	r6, [sp, #16]
10008956:	9f05      	ldr	r7, [sp, #20]
10008958:	e546      	b.n	100083e8 <_strtod_l+0x738>
1000895a:	46c0      	nop			@ (mov r8, r8)
1000895c:	fffffbe2 	.word	0xfffffbe2
10008960:	3ff00000 	.word	0x3ff00000
10008964:	fcb00000 	.word	0xfcb00000
10008968:	7ff00000 	.word	0x7ff00000
1000896c:	7c9fffff 	.word	0x7c9fffff
10008970:	7fefffff 	.word	0x7fefffff
10008974:	bff00000 	.word	0xbff00000
10008978:	1000b868 	.word	0x1000b868
1000897c:	94a03595 	.word	0x94a03595
10008980:	3fcfffff 	.word	0x3fcfffff
10008984:	3fdfffff 	.word	0x3fdfffff
10008988:	35afe535 	.word	0x35afe535
1000898c:	3fe00000 	.word	0x3fe00000
10008990:	1000b240 	.word	0x1000b240
10008994:	00004e1f 	.word	0x00004e1f
10008998:	1000bb20 	.word	0x1000bb20
1000899c:	1000b850 	.word	0x1000b850
100089a0:	ffefffff 	.word	0xffefffff
100089a4:	00000433 	.word	0x00000433
100089a8:	7fffffff 	.word	0x7fffffff
100089ac:	bfe00000 	.word	0xbfe00000
100089b0:	000fffff 	.word	0x000fffff
100089b4:	39500000 	.word	0x39500000
100089b8:	1000b87c 	.word	0x1000b87c
100089bc:	9b12      	ldr	r3, [sp, #72]	@ 0x48
100089be:	9904      	ldr	r1, [sp, #16]
100089c0:	9a05      	ldr	r2, [sp, #20]
100089c2:	46da      	mov	sl, fp
100089c4:	430b      	orrs	r3, r1
100089c6:	d1a1      	bne.n	1000890c <_strtod_l+0xc5c>
100089c8:	0313      	lsls	r3, r2, #12
100089ca:	d19f      	bne.n	1000890c <_strtod_l+0xc5c>
100089cc:	23d6      	movs	r3, #214	@ 0xd6
100089ce:	4c61      	ldr	r4, [pc, #388]	@ (10008b54 <_strtod_l+0xea4>)
100089d0:	04db      	lsls	r3, r3, #19
100089d2:	4014      	ands	r4, r2
100089d4:	429c      	cmp	r4, r3
100089d6:	d999      	bls.n	1000890c <_strtod_l+0xc5c>
100089d8:	465b      	mov	r3, fp
100089da:	695b      	ldr	r3, [r3, #20]
100089dc:	2b00      	cmp	r3, #0
100089de:	d103      	bne.n	100089e8 <_strtod_l+0xd38>
100089e0:	465b      	mov	r3, fp
100089e2:	691b      	ldr	r3, [r3, #16]
100089e4:	2b01      	cmp	r3, #1
100089e6:	dd91      	ble.n	1000890c <_strtod_l+0xc5c>
100089e8:	4651      	mov	r1, sl
100089ea:	2201      	movs	r2, #1
100089ec:	4640      	mov	r0, r8
100089ee:	f001 ff1f 	bl	1000a830 <__lshift>
100089f2:	4649      	mov	r1, r9
100089f4:	4682      	mov	sl, r0
100089f6:	f001 ff99 	bl	1000a92c <__mcmp>
100089fa:	2800      	cmp	r0, #0
100089fc:	dc00      	bgt.n	10008a00 <_strtod_l+0xd50>
100089fe:	e785      	b.n	1000890c <_strtod_l+0xc5c>
10008a00:	9b0a      	ldr	r3, [sp, #40]	@ 0x28
10008a02:	2b00      	cmp	r3, #0
10008a04:	d071      	beq.n	10008aea <_strtod_l+0xe3a>
10008a06:	4b54      	ldr	r3, [pc, #336]	@ (10008b58 <_strtod_l+0xea8>)
10008a08:	4a54      	ldr	r2, [pc, #336]	@ (10008b5c <_strtod_l+0xeac>)
10008a0a:	469c      	mov	ip, r3
10008a0c:	2301      	movs	r3, #1
10008a0e:	4464      	add	r4, ip
10008a10:	4322      	orrs	r2, r4
10008a12:	425b      	negs	r3, r3
10008a14:	9205      	str	r2, [sp, #20]
10008a16:	9304      	str	r3, [sp, #16]
10008a18:	9e04      	ldr	r6, [sp, #16]
10008a1a:	9f05      	ldr	r7, [sp, #20]
10008a1c:	e77a      	b.n	10008914 <_strtod_l+0xc64>
10008a1e:	2a00      	cmp	r2, #0
10008a20:	d117      	bne.n	10008a52 <_strtod_l+0xda2>
10008a22:	9a04      	ldr	r2, [sp, #16]
10008a24:	2a00      	cmp	r2, #0
10008a26:	d159      	bne.n	10008adc <_strtod_l+0xe2c>
10008a28:	9a0a      	ldr	r2, [sp, #40]	@ 0x28
10008a2a:	2a00      	cmp	r2, #0
10008a2c:	d05d      	beq.n	10008aea <_strtod_l+0xe3a>
10008a2e:	4c49      	ldr	r4, [pc, #292]	@ (10008b54 <_strtod_l+0xea4>)
10008a30:	401c      	ands	r4, r3
10008a32:	23d6      	movs	r3, #214	@ 0xd6
10008a34:	04db      	lsls	r3, r3, #19
10008a36:	429c      	cmp	r4, r3
10008a38:	d8e5      	bhi.n	10008a06 <_strtod_l+0xd56>
10008a3a:	23dc      	movs	r3, #220	@ 0xdc
10008a3c:	049b      	lsls	r3, r3, #18
10008a3e:	429c      	cmp	r4, r3
10008a40:	d900      	bls.n	10008a44 <_strtod_l+0xd94>
10008a42:	e767      	b.n	10008914 <_strtod_l+0xc64>
10008a44:	e686      	b.n	10008754 <_strtod_l+0xaa4>
10008a46:	2300      	movs	r3, #0
10008a48:	469a      	mov	sl, r3
10008a4a:	4b45      	ldr	r3, [pc, #276]	@ (10008b60 <_strtod_l+0xeb0>)
10008a4c:	9309      	str	r3, [sp, #36]	@ 0x24
10008a4e:	f7ff fb50 	bl	100080f2 <_strtod_l+0x442>
10008a52:	4662      	mov	r2, ip
10008a54:	2a00      	cmp	r2, #0
10008a56:	d101      	bne.n	10008a5c <_strtod_l+0xdac>
10008a58:	9b10      	ldr	r3, [sp, #64]	@ 0x40
10008a5a:	9a04      	ldr	r2, [sp, #16]
10008a5c:	4213      	tst	r3, r2
10008a5e:	d100      	bne.n	10008a62 <_strtod_l+0xdb2>
10008a60:	e754      	b.n	1000890c <_strtod_l+0xc5c>
10008a62:	9804      	ldr	r0, [sp, #16]
10008a64:	9905      	ldr	r1, [sp, #20]
10008a66:	9a0a      	ldr	r2, [sp, #40]	@ 0x28
10008a68:	f7ff f90a 	bl	10007c80 <sulp>
10008a6c:	0002      	movs	r2, r0
10008a6e:	000b      	movs	r3, r1
10008a70:	0030      	movs	r0, r6
10008a72:	0039      	movs	r1, r7
10008a74:	f7fa f81d 	bl	10002ab2 <__wrap___aeabi_dsub>
10008a78:	2200      	movs	r2, #0
10008a7a:	2300      	movs	r3, #0
10008a7c:	0006      	movs	r6, r0
10008a7e:	000f      	movs	r7, r1
10008a80:	f7fa f88a 	bl	10002b98 <__wrap___aeabi_dcmpeq>
10008a84:	2800      	cmp	r0, #0
10008a86:	d100      	bne.n	10008a8a <_strtod_l+0xdda>
10008a88:	e740      	b.n	1000890c <_strtod_l+0xc5c>
10008a8a:	e663      	b.n	10008754 <_strtod_l+0xaa4>
10008a8c:	9a0a      	ldr	r2, [sp, #40]	@ 0x28
10008a8e:	9804      	ldr	r0, [sp, #16]
10008a90:	2a00      	cmp	r2, #0
10008a92:	d049      	beq.n	10008b28 <_strtod_l+0xe78>
10008a94:	21d4      	movs	r1, #212	@ 0xd4
10008a96:	4a2f      	ldr	r2, [pc, #188]	@ (10008b54 <_strtod_l+0xea4>)
10008a98:	04c9      	lsls	r1, r1, #19
10008a9a:	401a      	ands	r2, r3
10008a9c:	428a      	cmp	r2, r1
10008a9e:	d843      	bhi.n	10008b28 <_strtod_l+0xe78>
10008aa0:	216b      	movs	r1, #107	@ 0x6b
10008aa2:	0d12      	lsrs	r2, r2, #20
10008aa4:	1a8a      	subs	r2, r1, r2
10008aa6:	396c      	subs	r1, #108	@ 0x6c
10008aa8:	4091      	lsls	r1, r2
10008aaa:	4288      	cmp	r0, r1
10008aac:	d02d      	beq.n	10008b0a <_strtod_l+0xe5a>
10008aae:	4662      	mov	r2, ip
10008ab0:	2a00      	cmp	r2, #0
10008ab2:	d000      	beq.n	10008ab6 <_strtod_l+0xe06>
10008ab4:	e71b      	b.n	100088ee <_strtod_l+0xc3e>
10008ab6:	9b10      	ldr	r3, [sp, #64]	@ 0x40
10008ab8:	4203      	tst	r3, r0
10008aba:	d100      	bne.n	10008abe <_strtod_l+0xe0e>
10008abc:	e726      	b.n	1000890c <_strtod_l+0xc5c>
10008abe:	e718      	b.n	100088f2 <_strtod_l+0xc42>
10008ac0:	2201      	movs	r2, #1
10008ac2:	4252      	negs	r2, r2
10008ac4:	409a      	lsls	r2, r3
10008ac6:	9b04      	ldr	r3, [sp, #16]
10008ac8:	4013      	ands	r3, r2
10008aca:	9304      	str	r3, [sp, #16]
10008acc:	e4eb      	b.n	100084a6 <_strtod_l+0x7f6>
10008ace:	234b      	movs	r3, #75	@ 0x4b
10008ad0:	1a9a      	subs	r2, r3, r2
10008ad2:	3b4c      	subs	r3, #76	@ 0x4c
10008ad4:	4093      	lsls	r3, r2
10008ad6:	4019      	ands	r1, r3
10008ad8:	9105      	str	r1, [sp, #20]
10008ada:	e4e4      	b.n	100084a6 <_strtod_l+0x7f6>
10008adc:	4661      	mov	r1, ip
10008ade:	2900      	cmp	r1, #0
10008ae0:	d025      	beq.n	10008b2e <_strtod_l+0xe7e>
10008ae2:	420b      	tst	r3, r1
10008ae4:	d100      	bne.n	10008ae8 <_strtod_l+0xe38>
10008ae6:	e711      	b.n	1000890c <_strtod_l+0xc5c>
10008ae8:	e7bb      	b.n	10008a62 <_strtod_l+0xdb2>
10008aea:	9a05      	ldr	r2, [sp, #20]
10008aec:	4b19      	ldr	r3, [pc, #100]	@ (10008b54 <_strtod_l+0xea4>)
10008aee:	981a      	ldr	r0, [sp, #104]	@ 0x68
10008af0:	4013      	ands	r3, r2
10008af2:	4a19      	ldr	r2, [pc, #100]	@ (10008b58 <_strtod_l+0xea8>)
10008af4:	4694      	mov	ip, r2
10008af6:	4a19      	ldr	r2, [pc, #100]	@ (10008b5c <_strtod_l+0xeac>)
10008af8:	4463      	add	r3, ip
10008afa:	431a      	orrs	r2, r3
10008afc:	2301      	movs	r3, #1
10008afe:	425b      	negs	r3, r3
10008b00:	9205      	str	r2, [sp, #20]
10008b02:	9304      	str	r3, [sp, #16]
10008b04:	9e04      	ldr	r6, [sp, #16]
10008b06:	9f05      	ldr	r7, [sp, #20]
10008b08:	e542      	b.n	10008590 <_strtod_l+0x8e0>
10008b0a:	4a16      	ldr	r2, [pc, #88]	@ (10008b64 <_strtod_l+0xeb4>)
10008b0c:	4293      	cmp	r3, r2
10008b0e:	d017      	beq.n	10008b40 <_strtod_l+0xe90>
10008b10:	4a10      	ldr	r2, [pc, #64]	@ (10008b54 <_strtod_l+0xea4>)
10008b12:	4013      	ands	r3, r2
10008b14:	2280      	movs	r2, #128	@ 0x80
10008b16:	0352      	lsls	r2, r2, #13
10008b18:	4694      	mov	ip, r2
10008b1a:	4463      	add	r3, ip
10008b1c:	9305      	str	r3, [sp, #20]
10008b1e:	2300      	movs	r3, #0
10008b20:	9304      	str	r3, [sp, #16]
10008b22:	9e04      	ldr	r6, [sp, #16]
10008b24:	9f05      	ldr	r7, [sp, #20]
10008b26:	e6f1      	b.n	1000890c <_strtod_l+0xc5c>
10008b28:	2101      	movs	r1, #1
10008b2a:	4249      	negs	r1, r1
10008b2c:	e7bd      	b.n	10008aaa <_strtod_l+0xdfa>
10008b2e:	9b10      	ldr	r3, [sp, #64]	@ 0x40
10008b30:	4213      	tst	r3, r2
10008b32:	d100      	bne.n	10008b36 <_strtod_l+0xe86>
10008b34:	e6ea      	b.n	1000890c <_strtod_l+0xc5c>
10008b36:	e794      	b.n	10008a62 <_strtod_l+0xdb2>
10008b38:	2300      	movs	r3, #0
10008b3a:	e68a      	b.n	10008852 <_strtod_l+0xba2>
10008b3c:	1c71      	adds	r1, r6, #1
10008b3e:	e617      	b.n	10008770 <_strtod_l+0xac0>
10008b40:	3001      	adds	r0, #1
10008b42:	d1e5      	bne.n	10008b10 <_strtod_l+0xe60>
10008b44:	2322      	movs	r3, #34	@ 0x22
10008b46:	4642      	mov	r2, r8
10008b48:	2600      	movs	r6, #0
10008b4a:	981a      	ldr	r0, [sp, #104]	@ 0x68
10008b4c:	4f01      	ldr	r7, [pc, #4]	@ (10008b54 <_strtod_l+0xea4>)
10008b4e:	6013      	str	r3, [r2, #0]
10008b50:	e51e      	b.n	10008590 <_strtod_l+0x8e0>
10008b52:	46c0      	nop			@ (mov r8, r8)
10008b54:	7ff00000 	.word	0x7ff00000
10008b58:	fff00000 	.word	0xfff00000
10008b5c:	000fffff 	.word	0x000fffff
10008b60:	1000baf8 	.word	0x1000baf8
10008b64:	7fefffff 	.word	0x7fefffff

10008b68 <_strtod_r>:
10008b68:	b510      	push	{r4, lr}
10008b6a:	4b02      	ldr	r3, [pc, #8]	@ (10008b74 <_strtod_r+0xc>)
10008b6c:	f7ff f8a0 	bl	10007cb0 <_strtod_l>
10008b70:	bd10      	pop	{r4, pc}
10008b72:	46c0      	nop			@ (mov r8, r8)
10008b74:	20001110 	.word	0x20001110

10008b78 <strtod_l>:
10008b78:	b510      	push	{r4, lr}
10008b7a:	0004      	movs	r4, r0
10008b7c:	0013      	movs	r3, r2
10008b7e:	4a03      	ldr	r2, [pc, #12]	@ (10008b8c <strtod_l+0x14>)
10008b80:	6810      	ldr	r0, [r2, #0]
10008b82:	000a      	movs	r2, r1
10008b84:	0021      	movs	r1, r4
10008b86:	f7ff f893 	bl	10007cb0 <_strtod_l>
10008b8a:	bd10      	pop	{r4, pc}
10008b8c:	20001690 	.word	0x20001690

10008b90 <strtod>:
10008b90:	b510      	push	{r4, lr}
10008b92:	0004      	movs	r4, r0
10008b94:	000a      	movs	r2, r1
10008b96:	4903      	ldr	r1, [pc, #12]	@ (10008ba4 <strtod+0x14>)
10008b98:	4b03      	ldr	r3, [pc, #12]	@ (10008ba8 <strtod+0x18>)
10008b9a:	6808      	ldr	r0, [r1, #0]
10008b9c:	0021      	movs	r1, r4
10008b9e:	f7ff f887 	bl	10007cb0 <_strtod_l>
10008ba2:	bd10      	pop	{r4, pc}
10008ba4:	20001690 	.word	0x20001690
10008ba8:	20001110 	.word	0x20001110

10008bac <strtof_l>:
10008bac:	b5f8      	push	{r3, r4, r5, r6, r7, lr}
10008bae:	46ce      	mov	lr, r9
10008bb0:	0004      	movs	r4, r0
10008bb2:	4647      	mov	r7, r8
10008bb4:	0013      	movs	r3, r2
10008bb6:	4a27      	ldr	r2, [pc, #156]	@ (10008c54 <strtof_l+0xa8>)
10008bb8:	b580      	push	{r7, lr}
10008bba:	6810      	ldr	r0, [r2, #0]
10008bbc:	4691      	mov	r9, r2
10008bbe:	000a      	movs	r2, r1
10008bc0:	0021      	movs	r1, r4
10008bc2:	f7ff f875 	bl	10007cb0 <_strtod_l>
10008bc6:	0002      	movs	r2, r0
10008bc8:	000b      	movs	r3, r1
10008bca:	0004      	movs	r4, r0
10008bcc:	000d      	movs	r5, r1
10008bce:	f7fa f806 	bl	10002bde <__wrap___aeabi_dcmpun>
10008bd2:	2800      	cmp	r0, #0
10008bd4:	d12f      	bne.n	10008c36 <strtof_l+0x8a>
10008bd6:	0029      	movs	r1, r5
10008bd8:	0020      	movs	r0, r4
10008bda:	f7fa f891 	bl	10002d00 <__wrap___aeabi_d2f>
10008bde:	0046      	lsls	r6, r0, #1
10008be0:	0876      	lsrs	r6, r6, #1
10008be2:	4680      	mov	r8, r0
10008be4:	491c      	ldr	r1, [pc, #112]	@ (10008c58 <strtof_l+0xac>)
10008be6:	1c30      	adds	r0, r6, #0
10008be8:	f7fa fc64 	bl	100034b4 <__wrap___aeabi_fcmpun>
10008bec:	2800      	cmp	r0, #0
10008bee:	d11d      	bne.n	10008c2c <strtof_l+0x80>
10008bf0:	4919      	ldr	r1, [pc, #100]	@ (10008c58 <strtof_l+0xac>)
10008bf2:	1c30      	adds	r0, r6, #0
10008bf4:	f7fa fc56 	bl	100034a4 <__wrap___aeabi_fcmple>
10008bf8:	2800      	cmp	r0, #0
10008bfa:	d117      	bne.n	10008c2c <strtof_l+0x80>
10008bfc:	2201      	movs	r2, #1
10008bfe:	006b      	lsls	r3, r5, #1
10008c00:	085f      	lsrs	r7, r3, #1
10008c02:	0020      	movs	r0, r4
10008c04:	0039      	movs	r1, r7
10008c06:	4b15      	ldr	r3, [pc, #84]	@ (10008c5c <strtof_l+0xb0>)
10008c08:	4252      	negs	r2, r2
10008c0a:	f7f9 ffe8 	bl	10002bde <__wrap___aeabi_dcmpun>
10008c0e:	2800      	cmp	r0, #0
10008c10:	d108      	bne.n	10008c24 <strtof_l+0x78>
10008c12:	2201      	movs	r2, #1
10008c14:	0020      	movs	r0, r4
10008c16:	0039      	movs	r1, r7
10008c18:	4b10      	ldr	r3, [pc, #64]	@ (10008c5c <strtof_l+0xb0>)
10008c1a:	4252      	negs	r2, r2
10008c1c:	f7f9 ffca 	bl	10002bb4 <__wrap___aeabi_dcmple>
10008c20:	2800      	cmp	r0, #0
10008c22:	d003      	beq.n	10008c2c <strtof_l+0x80>
10008c24:	464b      	mov	r3, r9
10008c26:	2222      	movs	r2, #34	@ 0x22
10008c28:	681b      	ldr	r3, [r3, #0]
10008c2a:	601a      	str	r2, [r3, #0]
10008c2c:	4640      	mov	r0, r8
10008c2e:	bcc0      	pop	{r6, r7}
10008c30:	46b9      	mov	r9, r7
10008c32:	46b0      	mov	r8, r6
10008c34:	bdf8      	pop	{r3, r4, r5, r6, r7, pc}
10008c36:	480a      	ldr	r0, [pc, #40]	@ (10008c60 <strtof_l+0xb4>)
10008c38:	2d00      	cmp	r5, #0
10008c3a:	da07      	bge.n	10008c4c <strtof_l+0xa0>
10008c3c:	f001 fb54 	bl	1000a2e8 <nanf>
10008c40:	2380      	movs	r3, #128	@ 0x80
10008c42:	061b      	lsls	r3, r3, #24
10008c44:	469c      	mov	ip, r3
10008c46:	4484      	add	ip, r0
10008c48:	46e0      	mov	r8, ip
10008c4a:	e7ef      	b.n	10008c2c <strtof_l+0x80>
10008c4c:	f001 fb4c 	bl	1000a2e8 <nanf>
10008c50:	4680      	mov	r8, r0
10008c52:	e7eb      	b.n	10008c2c <strtof_l+0x80>
10008c54:	20001690 	.word	0x20001690
10008c58:	7f7fffff 	.word	0x7f7fffff
10008c5c:	7fefffff 	.word	0x7fefffff
10008c60:	1000b010 	.word	0x1000b010

10008c64 <strtof>:
10008c64:	b5f8      	push	{r3, r4, r5, r6, r7, lr}
10008c66:	46ce      	mov	lr, r9
10008c68:	4647      	mov	r7, r8
10008c6a:	0004      	movs	r4, r0
10008c6c:	000a      	movs	r2, r1
10008c6e:	492c      	ldr	r1, [pc, #176]	@ (10008d20 <strtof+0xbc>)
10008c70:	b580      	push	{r7, lr}
10008c72:	4b2c      	ldr	r3, [pc, #176]	@ (10008d24 <strtof+0xc0>)
10008c74:	6808      	ldr	r0, [r1, #0]
10008c76:	4689      	mov	r9, r1
10008c78:	0021      	movs	r1, r4
10008c7a:	f7ff f819 	bl	10007cb0 <_strtod_l>
10008c7e:	0002      	movs	r2, r0
10008c80:	000b      	movs	r3, r1
10008c82:	0006      	movs	r6, r0
10008c84:	000f      	movs	r7, r1
10008c86:	f7f9 ffaa 	bl	10002bde <__wrap___aeabi_dcmpun>
10008c8a:	2800      	cmp	r0, #0
10008c8c:	d138      	bne.n	10008d00 <strtof+0x9c>
10008c8e:	0039      	movs	r1, r7
10008c90:	0030      	movs	r0, r6
10008c92:	f7fa f835 	bl	10002d00 <__wrap___aeabi_d2f>
10008c96:	0044      	lsls	r4, r0, #1
10008c98:	0864      	lsrs	r4, r4, #1
10008c9a:	4680      	mov	r8, r0
10008c9c:	4922      	ldr	r1, [pc, #136]	@ (10008d28 <strtof+0xc4>)
10008c9e:	1c20      	adds	r0, r4, #0
10008ca0:	f7fa fc08 	bl	100034b4 <__wrap___aeabi_fcmpun>
10008ca4:	2800      	cmp	r0, #0
10008ca6:	d122      	bne.n	10008cee <strtof+0x8a>
10008ca8:	491f      	ldr	r1, [pc, #124]	@ (10008d28 <strtof+0xc4>)
10008caa:	1c20      	adds	r0, r4, #0
10008cac:	f7fa fbfa 	bl	100034a4 <__wrap___aeabi_fcmple>
10008cb0:	2800      	cmp	r0, #0
10008cb2:	d11c      	bne.n	10008cee <strtof+0x8a>
10008cb4:	2201      	movs	r2, #1
10008cb6:	007b      	lsls	r3, r7, #1
10008cb8:	085d      	lsrs	r5, r3, #1
10008cba:	0030      	movs	r0, r6
10008cbc:	0029      	movs	r1, r5
10008cbe:	4b1b      	ldr	r3, [pc, #108]	@ (10008d2c <strtof+0xc8>)
10008cc0:	4252      	negs	r2, r2
10008cc2:	f7f9 ff8c 	bl	10002bde <__wrap___aeabi_dcmpun>
10008cc6:	2800      	cmp	r0, #0
10008cc8:	d108      	bne.n	10008cdc <strtof+0x78>
10008cca:	2201      	movs	r2, #1
10008ccc:	0030      	movs	r0, r6
10008cce:	0029      	movs	r1, r5
10008cd0:	4b16      	ldr	r3, [pc, #88]	@ (10008d2c <strtof+0xc8>)
10008cd2:	4252      	negs	r2, r2
10008cd4:	f7f9 ff6e 	bl	10002bb4 <__wrap___aeabi_dcmple>
10008cd8:	2800      	cmp	r0, #0
10008cda:	d008      	beq.n	10008cee <strtof+0x8a>
10008cdc:	464b      	mov	r3, r9
10008cde:	2222      	movs	r2, #34	@ 0x22
10008ce0:	681b      	ldr	r3, [r3, #0]
10008ce2:	601a      	str	r2, [r3, #0]
10008ce4:	4640      	mov	r0, r8
10008ce6:	bcc0      	pop	{r6, r7}
10008ce8:	46b9      	mov	r9, r7
10008cea:	46b0      	mov	r8, r6
10008cec:	bdf8      	pop	{r3, r4, r5, r6, r7, pc}
10008cee:	23ff      	movs	r3, #255	@ 0xff
10008cf0:	4642      	mov	r2, r8
10008cf2:	05db      	lsls	r3, r3, #23
10008cf4:	4213      	tst	r3, r2
10008cf6:	d1f5      	bne.n	10008ce4 <strtof+0x80>
10008cf8:	4b0d      	ldr	r3, [pc, #52]	@ (10008d30 <strtof+0xcc>)
10008cfa:	423b      	tst	r3, r7
10008cfc:	d0f2      	beq.n	10008ce4 <strtof+0x80>
10008cfe:	e7ed      	b.n	10008cdc <strtof+0x78>
10008d00:	480c      	ldr	r0, [pc, #48]	@ (10008d34 <strtof+0xd0>)
10008d02:	2f00      	cmp	r7, #0
10008d04:	da07      	bge.n	10008d16 <strtof+0xb2>
10008d06:	f001 faef 	bl	1000a2e8 <nanf>
10008d0a:	2380      	movs	r3, #128	@ 0x80
10008d0c:	061b      	lsls	r3, r3, #24
10008d0e:	469c      	mov	ip, r3
10008d10:	4484      	add	ip, r0
10008d12:	46e0      	mov	r8, ip
10008d14:	e7e6      	b.n	10008ce4 <strtof+0x80>
10008d16:	f001 fae7 	bl	1000a2e8 <nanf>
10008d1a:	4680      	mov	r8, r0
10008d1c:	e7e2      	b.n	10008ce4 <strtof+0x80>
10008d1e:	46c0      	nop			@ (mov r8, r8)
10008d20:	20001690 	.word	0x20001690
10008d24:	20001110 	.word	0x20001110
10008d28:	7f7fffff 	.word	0x7f7fffff
10008d2c:	7fefffff 	.word	0x7fefffff
10008d30:	7ff00000 	.word	0x7ff00000
10008d34:	1000b010 	.word	0x1000b010

10008d38 <strdup>:
10008d38:	b510      	push	{r4, lr}
10008d3a:	4b03      	ldr	r3, [pc, #12]	@ (10008d48 <strdup+0x10>)
10008d3c:	0001      	movs	r1, r0
10008d3e:	6818      	ldr	r0, [r3, #0]
10008d40:	f000 fc16 	bl	10009570 <_strdup_r>
10008d44:	bd10      	pop	{r4, pc}
10008d46:	46c0      	nop			@ (mov r8, r8)
10008d48:	20001690 	.word	0x20001690

10008d4c <rshift>:
10008d4c:	b5f0      	push	{r4, r5, r6, r7, lr}
10008d4e:	46d6      	mov	lr, sl
10008d50:	464f      	mov	r7, r9
10008d52:	4646      	mov	r6, r8
10008d54:	6903      	ldr	r3, [r0, #16]
10008d56:	b5c0      	push	{r6, r7, lr}
10008d58:	000a      	movs	r2, r1
10008d5a:	469a      	mov	sl, r3
10008d5c:	114f      	asrs	r7, r1, #5
10008d5e:	42bb      	cmp	r3, r7
10008d60:	dc08      	bgt.n	10008d74 <rshift+0x28>
10008d62:	2300      	movs	r3, #0
10008d64:	6103      	str	r3, [r0, #16]
10008d66:	2300      	movs	r3, #0
10008d68:	6143      	str	r3, [r0, #20]
10008d6a:	bce0      	pop	{r5, r6, r7}
10008d6c:	46ba      	mov	sl, r7
10008d6e:	46b1      	mov	r9, r6
10008d70:	46a8      	mov	r8, r5
10008d72:	bdf0      	pop	{r4, r5, r6, r7, pc}
10008d74:	211f      	movs	r1, #31
10008d76:	468c      	mov	ip, r1
10008d78:	0006      	movs	r6, r0
10008d7a:	4664      	mov	r4, ip
10008d7c:	3614      	adds	r6, #20
10008d7e:	009d      	lsls	r5, r3, #2
10008d80:	00bb      	lsls	r3, r7, #2
10008d82:	1975      	adds	r5, r6, r5
10008d84:	18f3      	adds	r3, r6, r3
10008d86:	4011      	ands	r1, r2
10008d88:	4214      	tst	r4, r2
10008d8a:	d01f      	beq.n	10008dcc <rshift+0x80>
10008d8c:	2220      	movs	r2, #32
10008d8e:	1a52      	subs	r2, r2, r1
10008d90:	4694      	mov	ip, r2
10008d92:	cb04      	ldmia	r3!, {r2}
10008d94:	40ca      	lsrs	r2, r1
10008d96:	4690      	mov	r8, r2
10008d98:	429d      	cmp	r5, r3
10008d9a:	d928      	bls.n	10008dee <rshift+0xa2>
10008d9c:	46b1      	mov	r9, r6
10008d9e:	4664      	mov	r4, ip
10008da0:	681a      	ldr	r2, [r3, #0]
10008da2:	40a2      	lsls	r2, r4
10008da4:	4644      	mov	r4, r8
10008da6:	4322      	orrs	r2, r4
10008da8:	464c      	mov	r4, r9
10008daa:	c404      	stmia	r4!, {r2}
10008dac:	cb04      	ldmia	r3!, {r2}
10008dae:	46a1      	mov	r9, r4
10008db0:	40ca      	lsrs	r2, r1
10008db2:	4690      	mov	r8, r2
10008db4:	429d      	cmp	r5, r3
10008db6:	d8f2      	bhi.n	10008d9e <rshift+0x52>
10008db8:	4653      	mov	r3, sl
10008dba:	1bdc      	subs	r4, r3, r7
10008dbc:	00a4      	lsls	r4, r4, #2
10008dbe:	3c04      	subs	r4, #4
10008dc0:	1934      	adds	r4, r6, r4
10008dc2:	6022      	str	r2, [r4, #0]
10008dc4:	2a00      	cmp	r2, #0
10008dc6:	d00c      	beq.n	10008de2 <rshift+0x96>
10008dc8:	3404      	adds	r4, #4
10008dca:	e00a      	b.n	10008de2 <rshift+0x96>
10008dcc:	0032      	movs	r2, r6
10008dce:	429d      	cmp	r5, r3
10008dd0:	d9c7      	bls.n	10008d62 <rshift+0x16>
10008dd2:	cb02      	ldmia	r3!, {r1}
10008dd4:	c202      	stmia	r2!, {r1}
10008dd6:	429d      	cmp	r5, r3
10008dd8:	d8fb      	bhi.n	10008dd2 <rshift+0x86>
10008dda:	4653      	mov	r3, sl
10008ddc:	1bdc      	subs	r4, r3, r7
10008dde:	00a4      	lsls	r4, r4, #2
10008de0:	1934      	adds	r4, r6, r4
10008de2:	1ba3      	subs	r3, r4, r6
10008de4:	109b      	asrs	r3, r3, #2
10008de6:	6103      	str	r3, [r0, #16]
10008de8:	42b4      	cmp	r4, r6
10008dea:	d1be      	bne.n	10008d6a <rshift+0x1e>
10008dec:	e7bb      	b.n	10008d66 <rshift+0x1a>
10008dee:	6142      	str	r2, [r0, #20]
10008df0:	2a00      	cmp	r2, #0
10008df2:	d0b6      	beq.n	10008d62 <rshift+0x16>
10008df4:	0034      	movs	r4, r6
10008df6:	3404      	adds	r4, #4
10008df8:	e7f3      	b.n	10008de2 <rshift+0x96>
10008dfa:	46c0      	nop			@ (mov r8, r8)

10008dfc <__gethex>:
10008dfc:	b5f0      	push	{r4, r5, r6, r7, lr}
10008dfe:	46de      	mov	lr, fp
10008e00:	4645      	mov	r5, r8
10008e02:	4657      	mov	r7, sl
10008e04:	464e      	mov	r6, r9
10008e06:	b5e0      	push	{r5, r6, r7, lr}
10008e08:	4688      	mov	r8, r1
10008e0a:	6809      	ldr	r1, [r1, #0]
10008e0c:	4693      	mov	fp, r2
10008e0e:	788a      	ldrb	r2, [r1, #2]
10008e10:	b087      	sub	sp, #28
10008e12:	9003      	str	r0, [sp, #12]
10008e14:	9305      	str	r3, [sp, #20]
10008e16:	2a30      	cmp	r2, #48	@ 0x30
10008e18:	d000      	beq.n	10008e1c <__gethex+0x20>
10008e1a:	e206      	b.n	1000922a <__gethex+0x42e>
10008e1c:	1ccb      	adds	r3, r1, #3
10008e1e:	001d      	movs	r5, r3
10008e20:	3301      	adds	r3, #1
10008e22:	1e5a      	subs	r2, r3, #1
10008e24:	7812      	ldrb	r2, [r2, #0]
10008e26:	2a30      	cmp	r2, #48	@ 0x30
10008e28:	d0f9      	beq.n	10008e1e <__gethex+0x22>
10008e2a:	1a69      	subs	r1, r5, r1
10008e2c:	1e8b      	subs	r3, r1, #2
10008e2e:	469a      	mov	sl, r3
10008e30:	4fc0      	ldr	r7, [pc, #768]	@ (10009134 <__gethex+0x338>)
10008e32:	5cbb      	ldrb	r3, [r7, r2]
10008e34:	2b00      	cmp	r3, #0
10008e36:	d100      	bne.n	10008e3a <__gethex+0x3e>
10008e38:	e100      	b.n	1000903c <__gethex+0x240>
10008e3a:	2200      	movs	r2, #0
10008e3c:	2400      	movs	r4, #0
10008e3e:	782b      	ldrb	r3, [r5, #0]
10008e40:	4691      	mov	r9, r2
10008e42:	4abd      	ldr	r2, [pc, #756]	@ (10009138 <__gethex+0x33c>)
10008e44:	5cfb      	ldrb	r3, [r7, r3]
10008e46:	9202      	str	r2, [sp, #8]
10008e48:	2b00      	cmp	r3, #0
10008e4a:	d100      	bne.n	10008e4e <__gethex+0x52>
10008e4c:	e170      	b.n	10009130 <__gethex+0x334>
10008e4e:	002e      	movs	r6, r5
10008e50:	7873      	ldrb	r3, [r6, #1]
10008e52:	3601      	adds	r6, #1
10008e54:	5cfb      	ldrb	r3, [r7, r3]
10008e56:	2b00      	cmp	r3, #0
10008e58:	d1fa      	bne.n	10008e50 <__gethex+0x54>
10008e5a:	2201      	movs	r2, #1
10008e5c:	0030      	movs	r0, r6
10008e5e:	9902      	ldr	r1, [sp, #8]
10008e60:	f000 fad6 	bl	10009410 <strncmp>
10008e64:	9001      	str	r0, [sp, #4]
10008e66:	2800      	cmp	r0, #0
10008e68:	d052      	beq.n	10008f10 <__gethex+0x114>
10008e6a:	2200      	movs	r2, #0
10008e6c:	7833      	ldrb	r3, [r6, #0]
10008e6e:	9201      	str	r2, [sp, #4]
10008e70:	2c00      	cmp	r4, #0
10008e72:	d002      	beq.n	10008e7a <__gethex+0x7e>
10008e74:	1ba4      	subs	r4, r4, r6
10008e76:	00a2      	lsls	r2, r4, #2
10008e78:	9201      	str	r2, [sp, #4]
10008e7a:	2220      	movs	r2, #32
10008e7c:	0034      	movs	r4, r6
10008e7e:	4393      	bics	r3, r2
10008e80:	2b50      	cmp	r3, #80	@ 0x50
10008e82:	d051      	beq.n	10008f28 <__gethex+0x12c>
10008e84:	4643      	mov	r3, r8
10008e86:	601e      	str	r6, [r3, #0]
10008e88:	464b      	mov	r3, r9
10008e8a:	2b00      	cmp	r3, #0
10008e8c:	d17d      	bne.n	10008f8a <__gethex+0x18e>
10008e8e:	1b63      	subs	r3, r4, r5
10008e90:	3b01      	subs	r3, #1
10008e92:	2100      	movs	r1, #0
10008e94:	2b07      	cmp	r3, #7
10008e96:	dd03      	ble.n	10008ea0 <__gethex+0xa4>
10008e98:	3101      	adds	r1, #1
10008e9a:	105b      	asrs	r3, r3, #1
10008e9c:	2b07      	cmp	r3, #7
10008e9e:	dcfb      	bgt.n	10008e98 <__gethex+0x9c>
10008ea0:	9803      	ldr	r0, [sp, #12]
10008ea2:	f001 fa25 	bl	1000a2f0 <_Balloc>
10008ea6:	4682      	mov	sl, r0
10008ea8:	2800      	cmp	r0, #0
10008eaa:	d100      	bne.n	10008eae <__gethex+0xb2>
10008eac:	e269      	b.n	10009382 <__gethex+0x586>
10008eae:	2314      	movs	r3, #20
10008eb0:	4453      	add	r3, sl
10008eb2:	9304      	str	r3, [sp, #16]
10008eb4:	42ac      	cmp	r4, r5
10008eb6:	d800      	bhi.n	10008eba <__gethex+0xbe>
10008eb8:	e1c6      	b.n	10009248 <__gethex+0x44c>
10008eba:	4698      	mov	r8, r3
10008ebc:	2300      	movs	r3, #0
10008ebe:	4699      	mov	r9, r3
10008ec0:	003b      	movs	r3, r7
10008ec2:	2600      	movs	r6, #0
10008ec4:	4647      	mov	r7, r8
10008ec6:	46a8      	mov	r8, r5
10008ec8:	464d      	mov	r5, r9
10008eca:	4699      	mov	r9, r3
10008ecc:	e00c      	b.n	10008ee8 <__gethex+0xec>
10008ece:	2e20      	cmp	r6, #32
10008ed0:	d019      	beq.n	10008f06 <__gethex+0x10a>
10008ed2:	0032      	movs	r2, r6
10008ed4:	3604      	adds	r6, #4
10008ed6:	4649      	mov	r1, r9
10008ed8:	7823      	ldrb	r3, [r4, #0]
10008eda:	5ccb      	ldrb	r3, [r1, r3]
10008edc:	210f      	movs	r1, #15
10008ede:	400b      	ands	r3, r1
10008ee0:	4093      	lsls	r3, r2
10008ee2:	431d      	orrs	r5, r3
10008ee4:	4544      	cmp	r4, r8
10008ee6:	d05e      	beq.n	10008fa6 <__gethex+0x1aa>
10008ee8:	3c01      	subs	r4, #1
10008eea:	7823      	ldrb	r3, [r4, #0]
10008eec:	2b2e      	cmp	r3, #46	@ 0x2e
10008eee:	d1ee      	bne.n	10008ece <__gethex+0xd2>
10008ef0:	4544      	cmp	r4, r8
10008ef2:	d3ec      	bcc.n	10008ece <__gethex+0xd2>
10008ef4:	2201      	movs	r2, #1
10008ef6:	0020      	movs	r0, r4
10008ef8:	9902      	ldr	r1, [sp, #8]
10008efa:	f000 fa89 	bl	10009410 <strncmp>
10008efe:	2800      	cmp	r0, #0
10008f00:	d0f0      	beq.n	10008ee4 <__gethex+0xe8>
10008f02:	2e20      	cmp	r6, #32
10008f04:	d1e5      	bne.n	10008ed2 <__gethex+0xd6>
10008f06:	c720      	stmia	r7!, {r5}
10008f08:	2200      	movs	r2, #0
10008f0a:	2604      	movs	r6, #4
10008f0c:	2500      	movs	r5, #0
10008f0e:	e7e2      	b.n	10008ed6 <__gethex+0xda>
10008f10:	2c00      	cmp	r4, #0
10008f12:	d100      	bne.n	10008f16 <__gethex+0x11a>
10008f14:	e17c      	b.n	10009210 <__gethex+0x414>
10008f16:	2220      	movs	r2, #32
10008f18:	1ba4      	subs	r4, r4, r6
10008f1a:	00a3      	lsls	r3, r4, #2
10008f1c:	9301      	str	r3, [sp, #4]
10008f1e:	7833      	ldrb	r3, [r6, #0]
10008f20:	0034      	movs	r4, r6
10008f22:	4393      	bics	r3, r2
10008f24:	2b50      	cmp	r3, #80	@ 0x50
10008f26:	d1ad      	bne.n	10008e84 <__gethex+0x88>
10008f28:	7863      	ldrb	r3, [r4, #1]
10008f2a:	2b2b      	cmp	r3, #43	@ 0x2b
10008f2c:	d100      	bne.n	10008f30 <__gethex+0x134>
10008f2e:	e15f      	b.n	100091f0 <__gethex+0x3f4>
10008f30:	2b2d      	cmp	r3, #45	@ 0x2d
10008f32:	d000      	beq.n	10008f36 <__gethex+0x13a>
10008f34:	e0dc      	b.n	100090f0 <__gethex+0x2f4>
10008f36:	2201      	movs	r2, #1
10008f38:	78a3      	ldrb	r3, [r4, #2]
10008f3a:	1ca1      	adds	r1, r4, #2
10008f3c:	5cfb      	ldrb	r3, [r7, r3]
10008f3e:	0026      	movs	r6, r4
10008f40:	1e58      	subs	r0, r3, #1
10008f42:	2818      	cmp	r0, #24
10008f44:	d89e      	bhi.n	10008e84 <__gethex+0x88>
10008f46:	1c4e      	adds	r6, r1, #1
10008f48:	7849      	ldrb	r1, [r1, #1]
10008f4a:	3b10      	subs	r3, #16
10008f4c:	5c79      	ldrb	r1, [r7, r1]
10008f4e:	0018      	movs	r0, r3
10008f50:	2900      	cmp	r1, #0
10008f52:	d10a      	bne.n	10008f6a <__gethex+0x16e>
10008f54:	e00c      	b.n	10008f70 <__gethex+0x174>
10008f56:	0083      	lsls	r3, r0, #2
10008f58:	181b      	adds	r3, r3, r0
10008f5a:	005b      	lsls	r3, r3, #1
10008f5c:	3601      	adds	r6, #1
10008f5e:	1858      	adds	r0, r3, r1
10008f60:	7833      	ldrb	r3, [r6, #0]
10008f62:	3810      	subs	r0, #16
10008f64:	5cf9      	ldrb	r1, [r7, r3]
10008f66:	2900      	cmp	r1, #0
10008f68:	d001      	beq.n	10008f6e <__gethex+0x172>
10008f6a:	2919      	cmp	r1, #25
10008f6c:	ddf3      	ble.n	10008f56 <__gethex+0x15a>
10008f6e:	0003      	movs	r3, r0
10008f70:	2a00      	cmp	r2, #0
10008f72:	d000      	beq.n	10008f76 <__gethex+0x17a>
10008f74:	425b      	negs	r3, r3
10008f76:	9a01      	ldr	r2, [sp, #4]
10008f78:	4694      	mov	ip, r2
10008f7a:	449c      	add	ip, r3
10008f7c:	4663      	mov	r3, ip
10008f7e:	9301      	str	r3, [sp, #4]
10008f80:	4643      	mov	r3, r8
10008f82:	601e      	str	r6, [r3, #0]
10008f84:	464b      	mov	r3, r9
10008f86:	2b00      	cmp	r3, #0
10008f88:	d081      	beq.n	10008e8e <__gethex+0x92>
10008f8a:	4653      	mov	r3, sl
10008f8c:	425a      	negs	r2, r3
10008f8e:	4153      	adcs	r3, r2
10008f90:	2406      	movs	r4, #6
10008f92:	425b      	negs	r3, r3
10008f94:	401c      	ands	r4, r3
10008f96:	0020      	movs	r0, r4
10008f98:	b007      	add	sp, #28
10008f9a:	bcf0      	pop	{r4, r5, r6, r7}
10008f9c:	46bb      	mov	fp, r7
10008f9e:	46b2      	mov	sl, r6
10008fa0:	46a9      	mov	r9, r5
10008fa2:	46a0      	mov	r8, r4
10008fa4:	bdf0      	pop	{r4, r5, r6, r7, pc}
10008fa6:	46b8      	mov	r8, r7
10008fa8:	46a9      	mov	r9, r5
10008faa:	4646      	mov	r6, r8
10008fac:	464b      	mov	r3, r9
10008fae:	c608      	stmia	r6!, {r3}
10008fb0:	9b04      	ldr	r3, [sp, #16]
10008fb2:	4648      	mov	r0, r9
10008fb4:	1af6      	subs	r6, r6, r3
10008fb6:	4653      	mov	r3, sl
10008fb8:	10b6      	asrs	r6, r6, #2
10008fba:	611e      	str	r6, [r3, #16]
10008fbc:	f001 fa76 	bl	1000a4ac <__hi0bits>
10008fc0:	465b      	mov	r3, fp
10008fc2:	681d      	ldr	r5, [r3, #0]
10008fc4:	0176      	lsls	r6, r6, #5
10008fc6:	1a30      	subs	r0, r6, r0
10008fc8:	42a8      	cmp	r0, r5
10008fca:	dc70      	bgt.n	100090ae <__gethex+0x2b2>
10008fcc:	2600      	movs	r6, #0
10008fce:	42a8      	cmp	r0, r5
10008fd0:	da00      	bge.n	10008fd4 <__gethex+0x1d8>
10008fd2:	e10f      	b.n	100091f4 <__gethex+0x3f8>
10008fd4:	465b      	mov	r3, fp
10008fd6:	9a01      	ldr	r2, [sp, #4]
10008fd8:	689b      	ldr	r3, [r3, #8]
10008fda:	4293      	cmp	r3, r2
10008fdc:	da00      	bge.n	10008fe0 <__gethex+0x1e4>
10008fde:	e128      	b.n	10009232 <__gethex+0x436>
10008fe0:	465b      	mov	r3, fp
10008fe2:	9a01      	ldr	r2, [sp, #4]
10008fe4:	685b      	ldr	r3, [r3, #4]
10008fe6:	4293      	cmp	r3, r2
10008fe8:	dd46      	ble.n	10009078 <__gethex+0x27c>
10008fea:	1a9c      	subs	r4, r3, r2
10008fec:	42a5      	cmp	r5, r4
10008fee:	dd00      	ble.n	10008ff2 <__gethex+0x1f6>
10008ff0:	e081      	b.n	100090f6 <__gethex+0x2fa>
10008ff2:	465a      	mov	r2, fp
10008ff4:	68d2      	ldr	r2, [r2, #12]
10008ff6:	2a02      	cmp	r2, #2
10008ff8:	d100      	bne.n	10008ffc <__gethex+0x200>
10008ffa:	e0ec      	b.n	100091d6 <__gethex+0x3da>
10008ffc:	2a03      	cmp	r2, #3
10008ffe:	d100      	bne.n	10009002 <__gethex+0x206>
10009000:	e13b      	b.n	1000927a <__gethex+0x47e>
10009002:	2a01      	cmp	r2, #1
10009004:	d000      	beq.n	10009008 <__gethex+0x20c>
10009006:	e0ea      	b.n	100091de <__gethex+0x3e2>
10009008:	42a5      	cmp	r5, r4
1000900a:	d000      	beq.n	1000900e <__gethex+0x212>
1000900c:	e0e7      	b.n	100091de <__gethex+0x3e2>
1000900e:	2d01      	cmp	r5, #1
10009010:	d008      	beq.n	10009024 <__gethex+0x228>
10009012:	4650      	mov	r0, sl
10009014:	1e69      	subs	r1, r5, #1
10009016:	f001 fed1 	bl	1000adbc <__any_on>
1000901a:	2800      	cmp	r0, #0
1000901c:	d100      	bne.n	10009020 <__gethex+0x224>
1000901e:	e0de      	b.n	100091de <__gethex+0x3e2>
10009020:	465b      	mov	r3, fp
10009022:	685b      	ldr	r3, [r3, #4]
10009024:	9a05      	ldr	r2, [sp, #20]
10009026:	2462      	movs	r4, #98	@ 0x62
10009028:	6013      	str	r3, [r2, #0]
1000902a:	2301      	movs	r3, #1
1000902c:	4652      	mov	r2, sl
1000902e:	6113      	str	r3, [r2, #16]
10009030:	9a04      	ldr	r2, [sp, #16]
10009032:	6013      	str	r3, [r2, #0]
10009034:	4652      	mov	r2, sl
10009036:	9b10      	ldr	r3, [sp, #64]	@ 0x40
10009038:	601a      	str	r2, [r3, #0]
1000903a:	e7ac      	b.n	10008f96 <__gethex+0x19a>
1000903c:	4b3e      	ldr	r3, [pc, #248]	@ (10009138 <__gethex+0x33c>)
1000903e:	2201      	movs	r2, #1
10009040:	0019      	movs	r1, r3
10009042:	0028      	movs	r0, r5
10009044:	9302      	str	r3, [sp, #8]
10009046:	f000 f9e3 	bl	10009410 <strncmp>
1000904a:	4681      	mov	r9, r0
1000904c:	2800      	cmp	r0, #0
1000904e:	d175      	bne.n	1000913c <__gethex+0x340>
10009050:	786b      	ldrb	r3, [r5, #1]
10009052:	1c6c      	adds	r4, r5, #1
10009054:	5cfa      	ldrb	r2, [r7, r3]
10009056:	2a00      	cmp	r2, #0
10009058:	d072      	beq.n	10009140 <__gethex+0x344>
1000905a:	0025      	movs	r5, r4
1000905c:	2b30      	cmp	r3, #48	@ 0x30
1000905e:	d000      	beq.n	10009062 <__gethex+0x266>
10009060:	e133      	b.n	100092ca <__gethex+0x4ce>
10009062:	786b      	ldrb	r3, [r5, #1]
10009064:	3501      	adds	r5, #1
10009066:	2b30      	cmp	r3, #48	@ 0x30
10009068:	d0fb      	beq.n	10009062 <__gethex+0x266>
1000906a:	5cfb      	ldrb	r3, [r7, r3]
1000906c:	4259      	negs	r1, r3
1000906e:	4159      	adcs	r1, r3
10009070:	2201      	movs	r2, #1
10009072:	4689      	mov	r9, r1
10009074:	4692      	mov	sl, r2
10009076:	e6e7      	b.n	10008e48 <__gethex+0x4c>
10009078:	2401      	movs	r4, #1
1000907a:	2e00      	cmp	r6, #0
1000907c:	d010      	beq.n	100090a0 <__gethex+0x2a4>
1000907e:	465b      	mov	r3, fp
10009080:	68db      	ldr	r3, [r3, #12]
10009082:	2b02      	cmp	r3, #2
10009084:	d064      	beq.n	10009150 <__gethex+0x354>
10009086:	2b03      	cmp	r3, #3
10009088:	d066      	beq.n	10009158 <__gethex+0x35c>
1000908a:	2b01      	cmp	r3, #1
1000908c:	d106      	bne.n	1000909c <__gethex+0x2a0>
1000908e:	07b2      	lsls	r2, r6, #30
10009090:	d504      	bpl.n	1000909c <__gethex+0x2a0>
10009092:	9a04      	ldr	r2, [sp, #16]
10009094:	6812      	ldr	r2, [r2, #0]
10009096:	4316      	orrs	r6, r2
10009098:	4233      	tst	r3, r6
1000909a:	d160      	bne.n	1000915e <__gethex+0x362>
1000909c:	2310      	movs	r3, #16
1000909e:	431c      	orrs	r4, r3
100090a0:	4652      	mov	r2, sl
100090a2:	9b10      	ldr	r3, [sp, #64]	@ 0x40
100090a4:	601a      	str	r2, [r3, #0]
100090a6:	9b05      	ldr	r3, [sp, #20]
100090a8:	9a01      	ldr	r2, [sp, #4]
100090aa:	601a      	str	r2, [r3, #0]
100090ac:	e773      	b.n	10008f96 <__gethex+0x19a>
100090ae:	1b44      	subs	r4, r0, r5
100090b0:	0021      	movs	r1, r4
100090b2:	4650      	mov	r0, sl
100090b4:	f001 fe82 	bl	1000adbc <__any_on>
100090b8:	1e06      	subs	r6, r0, #0
100090ba:	d00f      	beq.n	100090dc <__gethex+0x2e0>
100090bc:	211f      	movs	r1, #31
100090be:	2301      	movs	r3, #1
100090c0:	1e60      	subs	r0, r4, #1
100090c2:	4001      	ands	r1, r0
100090c4:	408b      	lsls	r3, r1
100090c6:	1142      	asrs	r2, r0, #5
100090c8:	9904      	ldr	r1, [sp, #16]
100090ca:	0092      	lsls	r2, r2, #2
100090cc:	588a      	ldr	r2, [r1, r2]
100090ce:	2601      	movs	r6, #1
100090d0:	421a      	tst	r2, r3
100090d2:	d003      	beq.n	100090dc <__gethex+0x2e0>
100090d4:	2801      	cmp	r0, #1
100090d6:	dd00      	ble.n	100090da <__gethex+0x2de>
100090d8:	e0c1      	b.n	1000925e <__gethex+0x462>
100090da:	2602      	movs	r6, #2
100090dc:	0021      	movs	r1, r4
100090de:	4650      	mov	r0, sl
100090e0:	f7ff fe34 	bl	10008d4c <rshift>
100090e4:	9b01      	ldr	r3, [sp, #4]
100090e6:	469c      	mov	ip, r3
100090e8:	44a4      	add	ip, r4
100090ea:	4663      	mov	r3, ip
100090ec:	9301      	str	r3, [sp, #4]
100090ee:	e771      	b.n	10008fd4 <__gethex+0x1d8>
100090f0:	2200      	movs	r2, #0
100090f2:	1c61      	adds	r1, r4, #1
100090f4:	e722      	b.n	10008f3c <__gethex+0x140>
100090f6:	1e67      	subs	r7, r4, #1
100090f8:	2e00      	cmp	r6, #0
100090fa:	d000      	beq.n	100090fe <__gethex+0x302>
100090fc:	e0a2      	b.n	10009244 <__gethex+0x448>
100090fe:	2f00      	cmp	r7, #0
10009100:	d000      	beq.n	10009104 <__gethex+0x308>
10009102:	e0a6      	b.n	10009252 <__gethex+0x456>
10009104:	211f      	movs	r1, #31
10009106:	2301      	movs	r3, #1
10009108:	4039      	ands	r1, r7
1000910a:	408b      	lsls	r3, r1
1000910c:	117a      	asrs	r2, r7, #5
1000910e:	9904      	ldr	r1, [sp, #16]
10009110:	0092      	lsls	r2, r2, #2
10009112:	588a      	ldr	r2, [r1, r2]
10009114:	421a      	tst	r2, r3
10009116:	d001      	beq.n	1000911c <__gethex+0x320>
10009118:	2302      	movs	r3, #2
1000911a:	431e      	orrs	r6, r3
1000911c:	0021      	movs	r1, r4
1000911e:	4650      	mov	r0, sl
10009120:	f7ff fe14 	bl	10008d4c <rshift>
10009124:	465b      	mov	r3, fp
10009126:	685b      	ldr	r3, [r3, #4]
10009128:	1b2d      	subs	r5, r5, r4
1000912a:	9301      	str	r3, [sp, #4]
1000912c:	2402      	movs	r4, #2
1000912e:	e7a4      	b.n	1000907a <__gethex+0x27e>
10009130:	002e      	movs	r6, r5
10009132:	e692      	b.n	10008e5a <__gethex+0x5e>
10009134:	1000b8b8 	.word	0x1000b8b8
10009138:	1000b240 	.word	0x1000b240
1000913c:	002c      	movs	r4, r5
1000913e:	782b      	ldrb	r3, [r5, #0]
10009140:	2220      	movs	r2, #32
10009142:	4393      	bics	r3, r2
10009144:	2b50      	cmp	r3, #80	@ 0x50
10009146:	d100      	bne.n	1000914a <__gethex+0x34e>
10009148:	e092      	b.n	10009270 <__gethex+0x474>
1000914a:	4643      	mov	r3, r8
1000914c:	601c      	str	r4, [r3, #0]
1000914e:	e71c      	b.n	10008f8a <__gethex+0x18e>
10009150:	2301      	movs	r3, #1
10009152:	9a11      	ldr	r2, [sp, #68]	@ 0x44
10009154:	1a9b      	subs	r3, r3, r2
10009156:	9311      	str	r3, [sp, #68]	@ 0x44
10009158:	9b11      	ldr	r3, [sp, #68]	@ 0x44
1000915a:	2b00      	cmp	r3, #0
1000915c:	d09e      	beq.n	1000909c <__gethex+0x2a0>
1000915e:	4653      	mov	r3, sl
10009160:	691f      	ldr	r7, [r3, #16]
10009162:	9b04      	ldr	r3, [sp, #16]
10009164:	00ba      	lsls	r2, r7, #2
10009166:	4691      	mov	r9, r2
10009168:	0018      	movs	r0, r3
1000916a:	4698      	mov	r8, r3
1000916c:	2100      	movs	r1, #0
1000916e:	4448      	add	r0, r9
10009170:	e003      	b.n	1000917a <__gethex+0x37e>
10009172:	c302      	stmia	r3!, {r1}
10009174:	4298      	cmp	r0, r3
10009176:	d800      	bhi.n	1000917a <__gethex+0x37e>
10009178:	e083      	b.n	10009282 <__gethex+0x486>
1000917a:	681a      	ldr	r2, [r3, #0]
1000917c:	1c56      	adds	r6, r2, #1
1000917e:	d0f8      	beq.n	10009172 <__gethex+0x376>
10009180:	3201      	adds	r2, #1
10009182:	601a      	str	r2, [r3, #0]
10009184:	2c02      	cmp	r4, #2
10009186:	d100      	bne.n	1000918a <__gethex+0x38e>
10009188:	e08b      	b.n	100092a2 <__gethex+0x4a6>
1000918a:	231f      	movs	r3, #31
1000918c:	001e      	movs	r6, r3
1000918e:	2421      	movs	r4, #33	@ 0x21
10009190:	402e      	ands	r6, r5
10009192:	422b      	tst	r3, r5
10009194:	d100      	bne.n	10009198 <__gethex+0x39c>
10009196:	e783      	b.n	100090a0 <__gethex+0x2a4>
10009198:	464b      	mov	r3, r9
1000919a:	4443      	add	r3, r8
1000919c:	3b04      	subs	r3, #4
1000919e:	6818      	ldr	r0, [r3, #0]
100091a0:	f001 f984 	bl	1000a4ac <__hi0bits>
100091a4:	2320      	movs	r3, #32
100091a6:	1b9b      	subs	r3, r3, r6
100091a8:	4298      	cmp	r0, r3
100091aa:	db00      	blt.n	100091ae <__gethex+0x3b2>
100091ac:	e778      	b.n	100090a0 <__gethex+0x2a4>
100091ae:	4653      	mov	r3, sl
100091b0:	691b      	ldr	r3, [r3, #16]
100091b2:	2b00      	cmp	r3, #0
100091b4:	dd00      	ble.n	100091b8 <__gethex+0x3bc>
100091b6:	e0b2      	b.n	1000931e <__gethex+0x522>
100091b8:	2300      	movs	r3, #0
100091ba:	4652      	mov	r2, sl
100091bc:	6113      	str	r3, [r2, #16]
100091be:	2300      	movs	r3, #0
100091c0:	4652      	mov	r2, sl
100091c2:	6153      	str	r3, [r2, #20]
100091c4:	465b      	mov	r3, fp
100091c6:	9a01      	ldr	r2, [sp, #4]
100091c8:	689b      	ldr	r3, [r3, #8]
100091ca:	3201      	adds	r2, #1
100091cc:	9201      	str	r2, [sp, #4]
100091ce:	4293      	cmp	r3, r2
100091d0:	db2f      	blt.n	10009232 <__gethex+0x436>
100091d2:	2421      	movs	r4, #33	@ 0x21
100091d4:	e764      	b.n	100090a0 <__gethex+0x2a4>
100091d6:	9a11      	ldr	r2, [sp, #68]	@ 0x44
100091d8:	2a00      	cmp	r2, #0
100091da:	d100      	bne.n	100091de <__gethex+0x3e2>
100091dc:	e722      	b.n	10009024 <__gethex+0x228>
100091de:	4651      	mov	r1, sl
100091e0:	9803      	ldr	r0, [sp, #12]
100091e2:	f001 f8ad 	bl	1000a340 <_Bfree>
100091e6:	2300      	movs	r3, #0
100091e8:	9a10      	ldr	r2, [sp, #64]	@ 0x40
100091ea:	2450      	movs	r4, #80	@ 0x50
100091ec:	6013      	str	r3, [r2, #0]
100091ee:	e6d2      	b.n	10008f96 <__gethex+0x19a>
100091f0:	2200      	movs	r2, #0
100091f2:	e6a1      	b.n	10008f38 <__gethex+0x13c>
100091f4:	1a2c      	subs	r4, r5, r0
100091f6:	4651      	mov	r1, sl
100091f8:	0022      	movs	r2, r4
100091fa:	9803      	ldr	r0, [sp, #12]
100091fc:	f001 fb18 	bl	1000a830 <__lshift>
10009200:	9b01      	ldr	r3, [sp, #4]
10009202:	4682      	mov	sl, r0
10009204:	1b1b      	subs	r3, r3, r4
10009206:	9301      	str	r3, [sp, #4]
10009208:	2314      	movs	r3, #20
1000920a:	4453      	add	r3, sl
1000920c:	9304      	str	r3, [sp, #16]
1000920e:	e6e1      	b.n	10008fd4 <__gethex+0x1d8>
10009210:	7873      	ldrb	r3, [r6, #1]
10009212:	1c74      	adds	r4, r6, #1
10009214:	5cfa      	ldrb	r2, [r7, r3]
10009216:	0026      	movs	r6, r4
10009218:	2a00      	cmp	r2, #0
1000921a:	d100      	bne.n	1000921e <__gethex+0x422>
1000921c:	e62d      	b.n	10008e7a <__gethex+0x7e>
1000921e:	7873      	ldrb	r3, [r6, #1]
10009220:	3601      	adds	r6, #1
10009222:	5cfa      	ldrb	r2, [r7, r3]
10009224:	2a00      	cmp	r2, #0
10009226:	d1fa      	bne.n	1000921e <__gethex+0x422>
10009228:	e624      	b.n	10008e74 <__gethex+0x78>
1000922a:	2300      	movs	r3, #0
1000922c:	1c8d      	adds	r5, r1, #2
1000922e:	469a      	mov	sl, r3
10009230:	e5fe      	b.n	10008e30 <__gethex+0x34>
10009232:	4651      	mov	r1, sl
10009234:	9803      	ldr	r0, [sp, #12]
10009236:	f001 f883 	bl	1000a340 <_Bfree>
1000923a:	2300      	movs	r3, #0
1000923c:	9a10      	ldr	r2, [sp, #64]	@ 0x40
1000923e:	24a3      	movs	r4, #163	@ 0xa3
10009240:	6013      	str	r3, [r2, #0]
10009242:	e6a8      	b.n	10008f96 <__gethex+0x19a>
10009244:	2601      	movs	r6, #1
10009246:	e75d      	b.n	10009104 <__gethex+0x308>
10009248:	9b04      	ldr	r3, [sp, #16]
1000924a:	4698      	mov	r8, r3
1000924c:	2300      	movs	r3, #0
1000924e:	4699      	mov	r9, r3
10009250:	e6ab      	b.n	10008faa <__gethex+0x1ae>
10009252:	0039      	movs	r1, r7
10009254:	4650      	mov	r0, sl
10009256:	f001 fdb1 	bl	1000adbc <__any_on>
1000925a:	0006      	movs	r6, r0
1000925c:	e752      	b.n	10009104 <__gethex+0x308>
1000925e:	4650      	mov	r0, sl
10009260:	1ea1      	subs	r1, r4, #2
10009262:	f001 fdab 	bl	1000adbc <__any_on>
10009266:	2800      	cmp	r0, #0
10009268:	d100      	bne.n	1000926c <__gethex+0x470>
1000926a:	e736      	b.n	100090da <__gethex+0x2de>
1000926c:	2603      	movs	r6, #3
1000926e:	e735      	b.n	100090dc <__gethex+0x2e0>
10009270:	2300      	movs	r3, #0
10009272:	9301      	str	r3, [sp, #4]
10009274:	3301      	adds	r3, #1
10009276:	4699      	mov	r9, r3
10009278:	e656      	b.n	10008f28 <__gethex+0x12c>
1000927a:	9a11      	ldr	r2, [sp, #68]	@ 0x44
1000927c:	2a00      	cmp	r2, #0
1000927e:	d0ae      	beq.n	100091de <__gethex+0x3e2>
10009280:	e6d0      	b.n	10009024 <__gethex+0x228>
10009282:	4653      	mov	r3, sl
10009284:	689b      	ldr	r3, [r3, #8]
10009286:	429f      	cmp	r7, r3
10009288:	da22      	bge.n	100092d0 <__gethex+0x4d4>
1000928a:	4652      	mov	r2, sl
1000928c:	2101      	movs	r1, #1
1000928e:	1c7b      	adds	r3, r7, #1
10009290:	3704      	adds	r7, #4
10009292:	6113      	str	r3, [r2, #16]
10009294:	00ba      	lsls	r2, r7, #2
10009296:	4452      	add	r2, sl
10009298:	6051      	str	r1, [r2, #4]
1000929a:	9a04      	ldr	r2, [sp, #16]
1000929c:	4690      	mov	r8, r2
1000929e:	2c02      	cmp	r4, #2
100092a0:	d187      	bne.n	100091b2 <__gethex+0x3b6>
100092a2:	465b      	mov	r3, fp
100092a4:	681b      	ldr	r3, [r3, #0]
100092a6:	2422      	movs	r4, #34	@ 0x22
100092a8:	3b01      	subs	r3, #1
100092aa:	42ab      	cmp	r3, r5
100092ac:	d000      	beq.n	100092b0 <__gethex+0x4b4>
100092ae:	e6f7      	b.n	100090a0 <__gethex+0x2a4>
100092b0:	211f      	movs	r1, #31
100092b2:	2301      	movs	r3, #1
100092b4:	4029      	ands	r1, r5
100092b6:	408b      	lsls	r3, r1
100092b8:	4641      	mov	r1, r8
100092ba:	116a      	asrs	r2, r5, #5
100092bc:	0092      	lsls	r2, r2, #2
100092be:	5854      	ldr	r4, [r2, r1]
100092c0:	401c      	ands	r4, r3
100092c2:	4263      	negs	r3, r4
100092c4:	415c      	adcs	r4, r3
100092c6:	3421      	adds	r4, #33	@ 0x21
100092c8:	e6ea      	b.n	100090a0 <__gethex+0x2a4>
100092ca:	2301      	movs	r3, #1
100092cc:	469a      	mov	sl, r3
100092ce:	e5be      	b.n	10008e4e <__gethex+0x52>
100092d0:	4653      	mov	r3, sl
100092d2:	6859      	ldr	r1, [r3, #4]
100092d4:	9803      	ldr	r0, [sp, #12]
100092d6:	3101      	adds	r1, #1
100092d8:	f001 f80a 	bl	1000a2f0 <_Balloc>
100092dc:	1e06      	subs	r6, r0, #0
100092de:	d056      	beq.n	1000938e <__gethex+0x592>
100092e0:	4653      	mov	r3, sl
100092e2:	4651      	mov	r1, sl
100092e4:	691a      	ldr	r2, [r3, #16]
100092e6:	310c      	adds	r1, #12
100092e8:	3202      	adds	r2, #2
100092ea:	0092      	lsls	r2, r2, #2
100092ec:	300c      	adds	r0, #12
100092ee:	f7fa f947 	bl	10003580 <__wrap___aeabi_memcpy>
100092f2:	4651      	mov	r1, sl
100092f4:	9803      	ldr	r0, [sp, #12]
100092f6:	f001 f823 	bl	1000a340 <_Bfree>
100092fa:	2101      	movs	r1, #1
100092fc:	6932      	ldr	r2, [r6, #16]
100092fe:	46b2      	mov	sl, r6
10009300:	1c53      	adds	r3, r2, #1
10009302:	3204      	adds	r2, #4
10009304:	0092      	lsls	r2, r2, #2
10009306:	18b2      	adds	r2, r6, r2
10009308:	6133      	str	r3, [r6, #16]
1000930a:	6051      	str	r1, [r2, #4]
1000930c:	2214      	movs	r2, #20
1000930e:	4690      	mov	r8, r2
10009310:	44b0      	add	r8, r6
10009312:	2c02      	cmp	r4, #2
10009314:	d0c5      	beq.n	100092a2 <__gethex+0x4a6>
10009316:	429f      	cmp	r7, r3
10009318:	db00      	blt.n	1000931c <__gethex+0x520>
1000931a:	e736      	b.n	1000918a <__gethex+0x38e>
1000931c:	e749      	b.n	100091b2 <__gethex+0x3b6>
1000931e:	009b      	lsls	r3, r3, #2
10009320:	4443      	add	r3, r8
10009322:	001a      	movs	r2, r3
10009324:	4653      	mov	r3, sl
10009326:	4650      	mov	r0, sl
10009328:	695b      	ldr	r3, [r3, #20]
1000932a:	3018      	adds	r0, #24
1000932c:	085b      	lsrs	r3, r3, #1
1000932e:	4282      	cmp	r2, r0
10009330:	d91d      	bls.n	1000936e <__gethex+0x572>
10009332:	4644      	mov	r4, r8
10009334:	0019      	movs	r1, r3
10009336:	6803      	ldr	r3, [r0, #0]
10009338:	07db      	lsls	r3, r3, #31
1000933a:	430b      	orrs	r3, r1
1000933c:	c408      	stmia	r4!, {r3}
1000933e:	c802      	ldmia	r0!, {r1}
10009340:	0849      	lsrs	r1, r1, #1
10009342:	4282      	cmp	r2, r0
10009344:	d8f7      	bhi.n	10009336 <__gethex+0x53a>
10009346:	000b      	movs	r3, r1
10009348:	4651      	mov	r1, sl
1000934a:	1a52      	subs	r2, r2, r1
1000934c:	3a19      	subs	r2, #25
1000934e:	0892      	lsrs	r2, r2, #2
10009350:	3201      	adds	r2, #1
10009352:	0092      	lsls	r2, r2, #2
10009354:	4442      	add	r2, r8
10009356:	6013      	str	r3, [r2, #0]
10009358:	2b00      	cmp	r3, #0
1000935a:	d10d      	bne.n	10009378 <__gethex+0x57c>
1000935c:	4643      	mov	r3, r8
1000935e:	4651      	mov	r1, sl
10009360:	1ad3      	subs	r3, r2, r3
10009362:	109b      	asrs	r3, r3, #2
10009364:	610b      	str	r3, [r1, #16]
10009366:	4542      	cmp	r2, r8
10009368:	d000      	beq.n	1000936c <__gethex+0x570>
1000936a:	e72b      	b.n	100091c4 <__gethex+0x3c8>
1000936c:	e727      	b.n	100091be <__gethex+0x3c2>
1000936e:	4642      	mov	r2, r8
10009370:	6013      	str	r3, [r2, #0]
10009372:	2b00      	cmp	r3, #0
10009374:	d002      	beq.n	1000937c <__gethex+0x580>
10009376:	4642      	mov	r2, r8
10009378:	3204      	adds	r2, #4
1000937a:	e7ef      	b.n	1000935c <__gethex+0x560>
1000937c:	4652      	mov	r2, sl
1000937e:	6113      	str	r3, [r2, #16]
10009380:	e71d      	b.n	100091be <__gethex+0x3c2>
10009382:	2200      	movs	r2, #0
10009384:	21e4      	movs	r1, #228	@ 0xe4
10009386:	4b05      	ldr	r3, [pc, #20]	@ (1000939c <__gethex+0x5a0>)
10009388:	4805      	ldr	r0, [pc, #20]	@ (100093a0 <__gethex+0x5a4>)
1000938a:	f7fb fdb9 	bl	10004f00 <__assert_func>
1000938e:	2200      	movs	r2, #0
10009390:	2184      	movs	r1, #132	@ 0x84
10009392:	4b02      	ldr	r3, [pc, #8]	@ (1000939c <__gethex+0x5a0>)
10009394:	4802      	ldr	r0, [pc, #8]	@ (100093a0 <__gethex+0x5a4>)
10009396:	f7fb fdb3 	bl	10004f00 <__assert_func>
1000939a:	46c0      	nop			@ (mov r8, r8)
1000939c:	1000b25c 	.word	0x1000b25c
100093a0:	1000b270 	.word	0x1000b270

100093a4 <_mbtowc_r>:
100093a4:	b530      	push	{r4, r5, lr}
100093a6:	b083      	sub	sp, #12
100093a8:	9d06      	ldr	r5, [sp, #24]
100093aa:	4c03      	ldr	r4, [pc, #12]	@ (100093b8 <_mbtowc_r+0x14>)
100093ac:	9500      	str	r5, [sp, #0]
100093ae:	25e4      	movs	r5, #228	@ 0xe4
100093b0:	5964      	ldr	r4, [r4, r5]
100093b2:	47a0      	blx	r4
100093b4:	b003      	add	sp, #12
100093b6:	bd30      	pop	{r4, r5, pc}
100093b8:	20001110 	.word	0x20001110

100093bc <__ascii_mbtowc>:
100093bc:	b082      	sub	sp, #8
100093be:	2900      	cmp	r1, #0
100093c0:	d00a      	beq.n	100093d8 <__ascii_mbtowc+0x1c>
100093c2:	2a00      	cmp	r2, #0
100093c4:	d00b      	beq.n	100093de <__ascii_mbtowc+0x22>
100093c6:	2b00      	cmp	r3, #0
100093c8:	d00b      	beq.n	100093e2 <__ascii_mbtowc+0x26>
100093ca:	7813      	ldrb	r3, [r2, #0]
100093cc:	600b      	str	r3, [r1, #0]
100093ce:	7810      	ldrb	r0, [r2, #0]
100093d0:	1e43      	subs	r3, r0, #1
100093d2:	4198      	sbcs	r0, r3
100093d4:	b002      	add	sp, #8
100093d6:	4770      	bx	lr
100093d8:	a901      	add	r1, sp, #4
100093da:	2a00      	cmp	r2, #0
100093dc:	d1f3      	bne.n	100093c6 <__ascii_mbtowc+0xa>
100093de:	2000      	movs	r0, #0
100093e0:	e7f8      	b.n	100093d4 <__ascii_mbtowc+0x18>
100093e2:	2002      	movs	r0, #2
100093e4:	4240      	negs	r0, r0
100093e6:	e7f5      	b.n	100093d4 <__ascii_mbtowc+0x18>

100093e8 <__libc_fini_array>:
100093e8:	b570      	push	{r4, r5, r6, lr}
100093ea:	4c07      	ldr	r4, [pc, #28]	@ (10009408 <__libc_fini_array+0x20>)
100093ec:	4d07      	ldr	r5, [pc, #28]	@ (1000940c <__libc_fini_array+0x24>)
100093ee:	1b64      	subs	r4, r4, r5
100093f0:	10a4      	asrs	r4, r4, #2
100093f2:	d005      	beq.n	10009400 <__libc_fini_array+0x18>
100093f4:	3c01      	subs	r4, #1
100093f6:	00a3      	lsls	r3, r4, #2
100093f8:	58eb      	ldr	r3, [r5, r3]
100093fa:	4798      	blx	r3
100093fc:	2c00      	cmp	r4, #0
100093fe:	d1f9      	bne.n	100093f4 <__libc_fini_array+0xc>
10009400:	f001 fd58 	bl	1000aeb4 <_fini>
10009404:	bd70      	pop	{r4, r5, r6, pc}
10009406:	46c0      	nop			@ (mov r8, r8)
10009408:	1000aff0 	.word	0x1000aff0
1000940c:	1000aff0 	.word	0x1000aff0

10009410 <strncmp>:
10009410:	b530      	push	{r4, r5, lr}
10009412:	2a00      	cmp	r2, #0
10009414:	d026      	beq.n	10009464 <strncmp+0x54>
10009416:	0003      	movs	r3, r0
10009418:	430b      	orrs	r3, r1
1000941a:	079b      	lsls	r3, r3, #30
1000941c:	d124      	bne.n	10009468 <strncmp+0x58>
1000941e:	2a03      	cmp	r2, #3
10009420:	d922      	bls.n	10009468 <strncmp+0x58>
10009422:	4d16      	ldr	r5, [pc, #88]	@ (1000947c <strncmp+0x6c>)
10009424:	e00b      	b.n	1000943e <strncmp+0x2e>
10009426:	3a04      	subs	r2, #4
10009428:	2a00      	cmp	r2, #0
1000942a:	d01b      	beq.n	10009464 <strncmp+0x54>
1000942c:	4c14      	ldr	r4, [pc, #80]	@ (10009480 <strncmp+0x70>)
1000942e:	191c      	adds	r4, r3, r4
10009430:	439c      	bics	r4, r3
10009432:	422c      	tst	r4, r5
10009434:	d116      	bne.n	10009464 <strncmp+0x54>
10009436:	3004      	adds	r0, #4
10009438:	3104      	adds	r1, #4
1000943a:	2a03      	cmp	r2, #3
1000943c:	d914      	bls.n	10009468 <strncmp+0x58>
1000943e:	6803      	ldr	r3, [r0, #0]
10009440:	680c      	ldr	r4, [r1, #0]
10009442:	42a3      	cmp	r3, r4
10009444:	d0ef      	beq.n	10009426 <strncmp+0x16>
10009446:	7804      	ldrb	r4, [r0, #0]
10009448:	780d      	ldrb	r5, [r1, #0]
1000944a:	42a5      	cmp	r5, r4
1000944c:	d113      	bne.n	10009476 <strncmp+0x66>
1000944e:	2301      	movs	r3, #1
10009450:	e006      	b.n	10009460 <strncmp+0x50>
10009452:	5cc4      	ldrb	r4, [r0, r3]
10009454:	5ccd      	ldrb	r5, [r1, r3]
10009456:	42ac      	cmp	r4, r5
10009458:	d10d      	bne.n	10009476 <strncmp+0x66>
1000945a:	3301      	adds	r3, #1
1000945c:	429a      	cmp	r2, r3
1000945e:	d001      	beq.n	10009464 <strncmp+0x54>
10009460:	2c00      	cmp	r4, #0
10009462:	d1f6      	bne.n	10009452 <strncmp+0x42>
10009464:	2000      	movs	r0, #0
10009466:	bd30      	pop	{r4, r5, pc}
10009468:	7804      	ldrb	r4, [r0, #0]
1000946a:	780d      	ldrb	r5, [r1, #0]
1000946c:	42ac      	cmp	r4, r5
1000946e:	d102      	bne.n	10009476 <strncmp+0x66>
10009470:	2a01      	cmp	r2, #1
10009472:	d1ec      	bne.n	1000944e <strncmp+0x3e>
10009474:	e7f6      	b.n	10009464 <strncmp+0x54>
10009476:	1b60      	subs	r0, r4, r5
10009478:	e7f5      	b.n	10009466 <strncmp+0x56>
1000947a:	46c0      	nop			@ (mov r8, r8)
1000947c:	80808080 	.word	0x80808080
10009480:	fefefeff 	.word	0xfefefeff

10009484 <strcasecmp>:
10009484:	b5f0      	push	{r4, r5, r6, r7, lr}
10009486:	0007      	movs	r7, r0
10009488:	2400      	movs	r4, #0
1000948a:	2503      	movs	r5, #3
1000948c:	4e0d      	ldr	r6, [pc, #52]	@ (100094c4 <strcasecmp+0x40>)
1000948e:	5d3b      	ldrb	r3, [r7, r4]
10009490:	5cf2      	ldrb	r2, [r6, r3]
10009492:	402a      	ands	r2, r5
10009494:	2a01      	cmp	r2, #1
10009496:	d100      	bne.n	1000949a <strcasecmp+0x16>
10009498:	3320      	adds	r3, #32
1000949a:	5d08      	ldrb	r0, [r1, r4]
1000949c:	5c32      	ldrb	r2, [r6, r0]
1000949e:	402a      	ands	r2, r5
100094a0:	2a01      	cmp	r2, #1
100094a2:	d006      	beq.n	100094b2 <strcasecmp+0x2e>
100094a4:	1a1a      	subs	r2, r3, r0
100094a6:	4283      	cmp	r3, r0
100094a8:	d10a      	bne.n	100094c0 <strcasecmp+0x3c>
100094aa:	3401      	adds	r4, #1
100094ac:	2800      	cmp	r0, #0
100094ae:	d1ee      	bne.n	1000948e <strcasecmp+0xa>
100094b0:	bdf0      	pop	{r4, r5, r6, r7, pc}
100094b2:	0002      	movs	r2, r0
100094b4:	3220      	adds	r2, #32
100094b6:	1a98      	subs	r0, r3, r2
100094b8:	4293      	cmp	r3, r2
100094ba:	d1f9      	bne.n	100094b0 <strcasecmp+0x2c>
100094bc:	3401      	adds	r4, #1
100094be:	e7e6      	b.n	1000948e <strcasecmp+0xa>
100094c0:	0010      	movs	r0, r2
100094c2:	e7f5      	b.n	100094b0 <strcasecmp+0x2c>
100094c4:	1000b9b9 	.word	0x1000b9b9

100094c8 <_calloc_r>:
100094c8:	b570      	push	{r4, r5, r6, lr}
100094ca:	0c0b      	lsrs	r3, r1, #16
100094cc:	2400      	movs	r4, #0
100094ce:	0c15      	lsrs	r5, r2, #16
100094d0:	2b00      	cmp	r3, #0
100094d2:	d128      	bne.n	10009526 <_calloc_r+0x5e>
100094d4:	2d00      	cmp	r5, #0
100094d6:	d13c      	bne.n	10009552 <_calloc_r+0x8a>
100094d8:	b28b      	uxth	r3, r1
100094da:	b291      	uxth	r1, r2
100094dc:	4359      	muls	r1, r3
100094de:	f000 f85b 	bl	10009598 <_malloc_r>
100094e2:	1e05      	subs	r5, r0, #0
100094e4:	d033      	beq.n	1000954e <_calloc_r+0x86>
100094e6:	0003      	movs	r3, r0
100094e8:	3b08      	subs	r3, #8
100094ea:	685a      	ldr	r2, [r3, #4]
100094ec:	2303      	movs	r3, #3
100094ee:	439a      	bics	r2, r3
100094f0:	3a04      	subs	r2, #4
100094f2:	2a24      	cmp	r2, #36	@ 0x24
100094f4:	d812      	bhi.n	1000951c <_calloc_r+0x54>
100094f6:	0003      	movs	r3, r0
100094f8:	2a13      	cmp	r2, #19
100094fa:	d90a      	bls.n	10009512 <_calloc_r+0x4a>
100094fc:	6004      	str	r4, [r0, #0]
100094fe:	6044      	str	r4, [r0, #4]
10009500:	3308      	adds	r3, #8
10009502:	2a1b      	cmp	r2, #27
10009504:	d905      	bls.n	10009512 <_calloc_r+0x4a>
10009506:	6084      	str	r4, [r0, #8]
10009508:	60c4      	str	r4, [r0, #12]
1000950a:	2a24      	cmp	r2, #36	@ 0x24
1000950c:	d02a      	beq.n	10009564 <_calloc_r+0x9c>
1000950e:	0003      	movs	r3, r0
10009510:	3310      	adds	r3, #16
10009512:	2200      	movs	r2, #0
10009514:	601a      	str	r2, [r3, #0]
10009516:	605a      	str	r2, [r3, #4]
10009518:	609a      	str	r2, [r3, #8]
1000951a:	e002      	b.n	10009522 <_calloc_r+0x5a>
1000951c:	2100      	movs	r1, #0
1000951e:	f7fa f829 	bl	10003574 <__wrap_memset>
10009522:	0028      	movs	r0, r5
10009524:	bd70      	pop	{r4, r5, r6, pc}
10009526:	2d00      	cmp	r5, #0
10009528:	d116      	bne.n	10009558 <_calloc_r+0x90>
1000952a:	1c15      	adds	r5, r2, #0
1000952c:	b289      	uxth	r1, r1
1000952e:	b292      	uxth	r2, r2
10009530:	434a      	muls	r2, r1
10009532:	b2ad      	uxth	r5, r5
10009534:	b29b      	uxth	r3, r3
10009536:	436b      	muls	r3, r5
10009538:	0c11      	lsrs	r1, r2, #16
1000953a:	185b      	adds	r3, r3, r1
1000953c:	0c19      	lsrs	r1, r3, #16
1000953e:	d10b      	bne.n	10009558 <_calloc_r+0x90>
10009540:	0419      	lsls	r1, r3, #16
10009542:	b292      	uxth	r2, r2
10009544:	4311      	orrs	r1, r2
10009546:	f000 f827 	bl	10009598 <_malloc_r>
1000954a:	1e05      	subs	r5, r0, #0
1000954c:	d1cb      	bne.n	100094e6 <_calloc_r+0x1e>
1000954e:	2500      	movs	r5, #0
10009550:	e7e7      	b.n	10009522 <_calloc_r+0x5a>
10009552:	1c2b      	adds	r3, r5, #0
10009554:	1c0d      	adds	r5, r1, #0
10009556:	e7e9      	b.n	1000952c <_calloc_r+0x64>
10009558:	f000 fd24 	bl	10009fa4 <__errno>
1000955c:	230c      	movs	r3, #12
1000955e:	2500      	movs	r5, #0
10009560:	6003      	str	r3, [r0, #0]
10009562:	e7de      	b.n	10009522 <_calloc_r+0x5a>
10009564:	0003      	movs	r3, r0
10009566:	6104      	str	r4, [r0, #16]
10009568:	3318      	adds	r3, #24
1000956a:	6144      	str	r4, [r0, #20]
1000956c:	e7d1      	b.n	10009512 <_calloc_r+0x4a>
1000956e:	46c0      	nop			@ (mov r8, r8)

10009570 <_strdup_r>:
10009570:	b570      	push	{r4, r5, r6, lr}
10009572:	0004      	movs	r4, r0
10009574:	0008      	movs	r0, r1
10009576:	000d      	movs	r5, r1
10009578:	f7fe fb54 	bl	10007c24 <strlen>
1000957c:	1c46      	adds	r6, r0, #1
1000957e:	0031      	movs	r1, r6
10009580:	0020      	movs	r0, r4
10009582:	f000 f809 	bl	10009598 <_malloc_r>
10009586:	1e04      	subs	r4, r0, #0
10009588:	d003      	beq.n	10009592 <_strdup_r+0x22>
1000958a:	0032      	movs	r2, r6
1000958c:	0029      	movs	r1, r5
1000958e:	f7f9 fff7 	bl	10003580 <__wrap___aeabi_memcpy>
10009592:	0020      	movs	r0, r4
10009594:	bd70      	pop	{r4, r5, r6, pc}
10009596:	46c0      	nop			@ (mov r8, r8)

10009598 <_malloc_r>:
10009598:	b5f0      	push	{r4, r5, r6, r7, lr}
1000959a:	464e      	mov	r6, r9
1000959c:	4645      	mov	r5, r8
1000959e:	46de      	mov	lr, fp
100095a0:	4657      	mov	r7, sl
100095a2:	b5e0      	push	{r5, r6, r7, lr}
100095a4:	000d      	movs	r5, r1
100095a6:	350b      	adds	r5, #11
100095a8:	0006      	movs	r6, r0
100095aa:	b085      	sub	sp, #20
100095ac:	2d16      	cmp	r5, #22
100095ae:	d827      	bhi.n	10009600 <_malloc_r+0x68>
100095b0:	2910      	cmp	r1, #16
100095b2:	d900      	bls.n	100095b6 <_malloc_r+0x1e>
100095b4:	e0da      	b.n	1000976c <_malloc_r+0x1d4>
100095b6:	f000 fd0f 	bl	10009fd8 <__malloc_lock>
100095ba:	2510      	movs	r5, #16
100095bc:	2318      	movs	r3, #24
100095be:	2102      	movs	r1, #2
100095c0:	4fc7      	ldr	r7, [pc, #796]	@ (100098e0 <_malloc_r+0x348>)
100095c2:	18fb      	adds	r3, r7, r3
100095c4:	001a      	movs	r2, r3
100095c6:	685c      	ldr	r4, [r3, #4]
100095c8:	3a08      	subs	r2, #8
100095ca:	4294      	cmp	r4, r2
100095cc:	d100      	bne.n	100095d0 <_malloc_r+0x38>
100095ce:	e146      	b.n	1000985e <_malloc_r+0x2c6>
100095d0:	2203      	movs	r2, #3
100095d2:	6863      	ldr	r3, [r4, #4]
100095d4:	68a1      	ldr	r1, [r4, #8]
100095d6:	4393      	bics	r3, r2
100095d8:	68e2      	ldr	r2, [r4, #12]
100095da:	60ca      	str	r2, [r1, #12]
100095dc:	6091      	str	r1, [r2, #8]
100095de:	2101      	movs	r1, #1
100095e0:	18e3      	adds	r3, r4, r3
100095e2:	685a      	ldr	r2, [r3, #4]
100095e4:	0030      	movs	r0, r6
100095e6:	430a      	orrs	r2, r1
100095e8:	605a      	str	r2, [r3, #4]
100095ea:	f000 fcf7 	bl	10009fdc <__malloc_unlock>
100095ee:	0020      	movs	r0, r4
100095f0:	3008      	adds	r0, #8
100095f2:	b005      	add	sp, #20
100095f4:	bcf0      	pop	{r4, r5, r6, r7}
100095f6:	46bb      	mov	fp, r7
100095f8:	46b2      	mov	sl, r6
100095fa:	46a9      	mov	r9, r5
100095fc:	46a0      	mov	r8, r4
100095fe:	bdf0      	pop	{r4, r5, r6, r7, pc}
10009600:	2307      	movs	r3, #7
10009602:	439d      	bics	r5, r3
10009604:	d500      	bpl.n	10009608 <_malloc_r+0x70>
10009606:	e0b1      	b.n	1000976c <_malloc_r+0x1d4>
10009608:	42a9      	cmp	r1, r5
1000960a:	d900      	bls.n	1000960e <_malloc_r+0x76>
1000960c:	e0ae      	b.n	1000976c <_malloc_r+0x1d4>
1000960e:	f000 fce3 	bl	10009fd8 <__malloc_lock>
10009612:	23fc      	movs	r3, #252	@ 0xfc
10009614:	005b      	lsls	r3, r3, #1
10009616:	429d      	cmp	r5, r3
10009618:	d200      	bcs.n	1000961c <_malloc_r+0x84>
1000961a:	e194      	b.n	10009946 <_malloc_r+0x3ae>
1000961c:	0a69      	lsrs	r1, r5, #9
1000961e:	d100      	bne.n	10009622 <_malloc_r+0x8a>
10009620:	e0a8      	b.n	10009774 <_malloc_r+0x1dc>
10009622:	2904      	cmp	r1, #4
10009624:	d900      	bls.n	10009628 <_malloc_r+0x90>
10009626:	e14f      	b.n	100098c8 <_malloc_r+0x330>
10009628:	2338      	movs	r3, #56	@ 0x38
1000962a:	4698      	mov	r8, r3
1000962c:	09a9      	lsrs	r1, r5, #6
1000962e:	4488      	add	r8, r1
10009630:	3139      	adds	r1, #57	@ 0x39
10009632:	00cb      	lsls	r3, r1, #3
10009634:	2208      	movs	r2, #8
10009636:	4252      	negs	r2, r2
10009638:	4694      	mov	ip, r2
1000963a:	4fa9      	ldr	r7, [pc, #676]	@ (100098e0 <_malloc_r+0x348>)
1000963c:	18fb      	adds	r3, r7, r3
1000963e:	449c      	add	ip, r3
10009640:	4663      	mov	r3, ip
10009642:	68dc      	ldr	r4, [r3, #12]
10009644:	45a4      	cmp	ip, r4
10009646:	d014      	beq.n	10009672 <_malloc_r+0xda>
10009648:	2303      	movs	r3, #3
1000964a:	4699      	mov	r9, r3
1000964c:	000b      	movs	r3, r1
1000964e:	4661      	mov	r1, ip
10009650:	469c      	mov	ip, r3
10009652:	e007      	b.n	10009664 <_malloc_r+0xcc>
10009654:	68e0      	ldr	r0, [r4, #12]
10009656:	2a00      	cmp	r2, #0
10009658:	db00      	blt.n	1000965c <_malloc_r+0xc4>
1000965a:	e0fa      	b.n	10009852 <_malloc_r+0x2ba>
1000965c:	4281      	cmp	r1, r0
1000965e:	d100      	bne.n	10009662 <_malloc_r+0xca>
10009660:	e0fb      	b.n	1000985a <_malloc_r+0x2c2>
10009662:	0004      	movs	r4, r0
10009664:	464a      	mov	r2, r9
10009666:	6863      	ldr	r3, [r4, #4]
10009668:	4393      	bics	r3, r2
1000966a:	1b5a      	subs	r2, r3, r5
1000966c:	2a0f      	cmp	r2, #15
1000966e:	ddf1      	ble.n	10009654 <_malloc_r+0xbc>
10009670:	4641      	mov	r1, r8
10009672:	003a      	movs	r2, r7
10009674:	693c      	ldr	r4, [r7, #16]
10009676:	3208      	adds	r2, #8
10009678:	4294      	cmp	r4, r2
1000967a:	d100      	bne.n	1000967e <_malloc_r+0xe6>
1000967c:	e0d8      	b.n	10009830 <_malloc_r+0x298>
1000967e:	2003      	movs	r0, #3
10009680:	6863      	ldr	r3, [r4, #4]
10009682:	4383      	bics	r3, r0
10009684:	1b58      	subs	r0, r3, r5
10009686:	280f      	cmp	r0, #15
10009688:	dd00      	ble.n	1000968c <_malloc_r+0xf4>
1000968a:	e160      	b.n	1000994e <_malloc_r+0x3b6>
1000968c:	613a      	str	r2, [r7, #16]
1000968e:	617a      	str	r2, [r7, #20]
10009690:	2800      	cmp	r0, #0
10009692:	daa4      	bge.n	100095de <_malloc_r+0x46>
10009694:	687a      	ldr	r2, [r7, #4]
10009696:	4690      	mov	r8, r2
10009698:	2280      	movs	r2, #128	@ 0x80
1000969a:	0092      	lsls	r2, r2, #2
1000969c:	4293      	cmp	r3, r2
1000969e:	d300      	bcc.n	100096a2 <_malloc_r+0x10a>
100096a0:	e0e3      	b.n	1000986a <_malloc_r+0x2d2>
100096a2:	08da      	lsrs	r2, r3, #3
100096a4:	0958      	lsrs	r0, r3, #5
100096a6:	2301      	movs	r3, #1
100096a8:	4083      	lsls	r3, r0
100096aa:	4640      	mov	r0, r8
100096ac:	4318      	orrs	r0, r3
100096ae:	4680      	mov	r8, r0
100096b0:	00d3      	lsls	r3, r2, #3
100096b2:	19db      	adds	r3, r3, r7
100096b4:	689a      	ldr	r2, [r3, #8]
100096b6:	6078      	str	r0, [r7, #4]
100096b8:	60e3      	str	r3, [r4, #12]
100096ba:	60a2      	str	r2, [r4, #8]
100096bc:	609c      	str	r4, [r3, #8]
100096be:	60d4      	str	r4, [r2, #12]
100096c0:	2001      	movs	r0, #1
100096c2:	108b      	asrs	r3, r1, #2
100096c4:	4098      	lsls	r0, r3
100096c6:	4540      	cmp	r0, r8
100096c8:	d85c      	bhi.n	10009784 <_malloc_r+0x1ec>
100096ca:	4643      	mov	r3, r8
100096cc:	4203      	tst	r3, r0
100096ce:	d10a      	bne.n	100096e6 <_malloc_r+0x14e>
100096d0:	2303      	movs	r3, #3
100096d2:	4399      	bics	r1, r3
100096d4:	4643      	mov	r3, r8
100096d6:	0040      	lsls	r0, r0, #1
100096d8:	3104      	adds	r1, #4
100096da:	4203      	tst	r3, r0
100096dc:	d103      	bne.n	100096e6 <_malloc_r+0x14e>
100096de:	0040      	lsls	r0, r0, #1
100096e0:	3104      	adds	r1, #4
100096e2:	4203      	tst	r3, r0
100096e4:	d0fb      	beq.n	100096de <_malloc_r+0x146>
100096e6:	2303      	movs	r3, #3
100096e8:	46b3      	mov	fp, r6
100096ea:	469c      	mov	ip, r3
100096ec:	000e      	movs	r6, r1
100096ee:	46b8      	mov	r8, r7
100096f0:	9001      	str	r0, [sp, #4]
100096f2:	00f0      	lsls	r0, r6, #3
100096f4:	4440      	add	r0, r8
100096f6:	0001      	movs	r1, r0
100096f8:	46b2      	mov	sl, r6
100096fa:	68cb      	ldr	r3, [r1, #12]
100096fc:	e00b      	b.n	10009716 <_malloc_r+0x17e>
100096fe:	4664      	mov	r4, ip
10009700:	685a      	ldr	r2, [r3, #4]
10009702:	001f      	movs	r7, r3
10009704:	43a2      	bics	r2, r4
10009706:	68db      	ldr	r3, [r3, #12]
10009708:	1b54      	subs	r4, r2, r5
1000970a:	2c0f      	cmp	r4, #15
1000970c:	dd00      	ble.n	10009710 <_malloc_r+0x178>
1000970e:	e0ed      	b.n	100098ec <_malloc_r+0x354>
10009710:	2c00      	cmp	r4, #0
10009712:	db00      	blt.n	10009716 <_malloc_r+0x17e>
10009714:	e107      	b.n	10009926 <_malloc_r+0x38e>
10009716:	4299      	cmp	r1, r3
10009718:	d1f1      	bne.n	100096fe <_malloc_r+0x166>
1000971a:	2301      	movs	r3, #1
1000971c:	4699      	mov	r9, r3
1000971e:	44ca      	add	sl, r9
10009720:	4653      	mov	r3, sl
10009722:	3108      	adds	r1, #8
10009724:	079b      	lsls	r3, r3, #30
10009726:	d1e8      	bne.n	100096fa <_malloc_r+0x162>
10009728:	2203      	movs	r2, #3
1000972a:	e005      	b.n	10009738 <_malloc_r+0x1a0>
1000972c:	6803      	ldr	r3, [r0, #0]
1000972e:	3808      	subs	r0, #8
10009730:	3e01      	subs	r6, #1
10009732:	4283      	cmp	r3, r0
10009734:	d000      	beq.n	10009738 <_malloc_r+0x1a0>
10009736:	e201      	b.n	10009b3c <_malloc_r+0x5a4>
10009738:	4232      	tst	r2, r6
1000973a:	d1f7      	bne.n	1000972c <_malloc_r+0x194>
1000973c:	4643      	mov	r3, r8
1000973e:	9a01      	ldr	r2, [sp, #4]
10009740:	685b      	ldr	r3, [r3, #4]
10009742:	4393      	bics	r3, r2
10009744:	4642      	mov	r2, r8
10009746:	6053      	str	r3, [r2, #4]
10009748:	9a01      	ldr	r2, [sp, #4]
1000974a:	0052      	lsls	r2, r2, #1
1000974c:	9201      	str	r2, [sp, #4]
1000974e:	429a      	cmp	r2, r3
10009750:	d816      	bhi.n	10009780 <_malloc_r+0x1e8>
10009752:	2a00      	cmp	r2, #0
10009754:	d106      	bne.n	10009764 <_malloc_r+0x1cc>
10009756:	e013      	b.n	10009780 <_malloc_r+0x1e8>
10009758:	2204      	movs	r2, #4
1000975a:	4691      	mov	r9, r2
1000975c:	9a01      	ldr	r2, [sp, #4]
1000975e:	44ca      	add	sl, r9
10009760:	0052      	lsls	r2, r2, #1
10009762:	9201      	str	r2, [sp, #4]
10009764:	4213      	tst	r3, r2
10009766:	d0f7      	beq.n	10009758 <_malloc_r+0x1c0>
10009768:	4656      	mov	r6, sl
1000976a:	e7c2      	b.n	100096f2 <_malloc_r+0x15a>
1000976c:	230c      	movs	r3, #12
1000976e:	2000      	movs	r0, #0
10009770:	6033      	str	r3, [r6, #0]
10009772:	e73e      	b.n	100095f2 <_malloc_r+0x5a>
10009774:	2380      	movs	r3, #128	@ 0x80
10009776:	223f      	movs	r2, #63	@ 0x3f
10009778:	2140      	movs	r1, #64	@ 0x40
1000977a:	4690      	mov	r8, r2
1000977c:	009b      	lsls	r3, r3, #2
1000977e:	e759      	b.n	10009634 <_malloc_r+0x9c>
10009780:	465e      	mov	r6, fp
10009782:	4647      	mov	r7, r8
10009784:	2203      	movs	r2, #3
10009786:	68bc      	ldr	r4, [r7, #8]
10009788:	6863      	ldr	r3, [r4, #4]
1000978a:	4393      	bics	r3, r2
1000978c:	4698      	mov	r8, r3
1000978e:	42ab      	cmp	r3, r5
10009790:	d302      	bcc.n	10009798 <_malloc_r+0x200>
10009792:	1b5a      	subs	r2, r3, r5
10009794:	2a0f      	cmp	r2, #15
10009796:	dc4e      	bgt.n	10009836 <_malloc_r+0x29e>
10009798:	0023      	movs	r3, r4
1000979a:	4443      	add	r3, r8
1000979c:	9302      	str	r3, [sp, #8]
1000979e:	4b51      	ldr	r3, [pc, #324]	@ (100098e4 <_malloc_r+0x34c>)
100097a0:	2008      	movs	r0, #8
100097a2:	469a      	mov	sl, r3
100097a4:	681b      	ldr	r3, [r3, #0]
100097a6:	3310      	adds	r3, #16
100097a8:	195b      	adds	r3, r3, r5
100097aa:	9301      	str	r3, [sp, #4]
100097ac:	f001 fb2c 	bl	1000ae08 <sysconf>
100097b0:	494d      	ldr	r1, [pc, #308]	@ (100098e8 <_malloc_r+0x350>)
100097b2:	9003      	str	r0, [sp, #12]
100097b4:	680b      	ldr	r3, [r1, #0]
100097b6:	468b      	mov	fp, r1
100097b8:	3301      	adds	r3, #1
100097ba:	d006      	beq.n	100097ca <_malloc_r+0x232>
100097bc:	4684      	mov	ip, r0
100097be:	9b01      	ldr	r3, [sp, #4]
100097c0:	4242      	negs	r2, r0
100097c2:	3b01      	subs	r3, #1
100097c4:	4463      	add	r3, ip
100097c6:	4013      	ands	r3, r2
100097c8:	9301      	str	r3, [sp, #4]
100097ca:	0030      	movs	r0, r6
100097cc:	9901      	ldr	r1, [sp, #4]
100097ce:	f000 fc07 	bl	10009fe0 <_sbrk_r>
100097d2:	0003      	movs	r3, r0
100097d4:	4681      	mov	r9, r0
100097d6:	3301      	adds	r3, #1
100097d8:	d100      	bne.n	100097dc <_malloc_r+0x244>
100097da:	e0d6      	b.n	1000998a <_malloc_r+0x3f2>
100097dc:	9b02      	ldr	r3, [sp, #8]
100097de:	4283      	cmp	r3, r0
100097e0:	d900      	bls.n	100097e4 <_malloc_r+0x24c>
100097e2:	e0d0      	b.n	10009986 <_malloc_r+0x3ee>
100097e4:	4653      	mov	r3, sl
100097e6:	685a      	ldr	r2, [r3, #4]
100097e8:	9b01      	ldr	r3, [sp, #4]
100097ea:	4651      	mov	r1, sl
100097ec:	469c      	mov	ip, r3
100097ee:	4462      	add	r2, ip
100097f0:	604a      	str	r2, [r1, #4]
100097f2:	9802      	ldr	r0, [sp, #8]
100097f4:	9903      	ldr	r1, [sp, #12]
100097f6:	3901      	subs	r1, #1
100097f8:	4548      	cmp	r0, r9
100097fa:	d000      	beq.n	100097fe <_malloc_r+0x266>
100097fc:	e0e3      	b.n	100099c6 <_malloc_r+0x42e>
100097fe:	4648      	mov	r0, r9
10009800:	4208      	tst	r0, r1
10009802:	d000      	beq.n	10009806 <_malloc_r+0x26e>
10009804:	e0df      	b.n	100099c6 <_malloc_r+0x42e>
10009806:	68b9      	ldr	r1, [r7, #8]
10009808:	4443      	add	r3, r8
1000980a:	4689      	mov	r9, r1
1000980c:	2101      	movs	r1, #1
1000980e:	430b      	orrs	r3, r1
10009810:	4649      	mov	r1, r9
10009812:	604b      	str	r3, [r1, #4]
10009814:	4651      	mov	r1, sl
10009816:	6ac9      	ldr	r1, [r1, #44]	@ 0x2c
10009818:	4291      	cmp	r1, r2
1000981a:	d201      	bcs.n	10009820 <_malloc_r+0x288>
1000981c:	4651      	mov	r1, sl
1000981e:	62ca      	str	r2, [r1, #44]	@ 0x2c
10009820:	4651      	mov	r1, sl
10009822:	6b09      	ldr	r1, [r1, #48]	@ 0x30
10009824:	4291      	cmp	r1, r2
10009826:	d201      	bcs.n	1000982c <_malloc_r+0x294>
10009828:	4651      	mov	r1, sl
1000982a:	630a      	str	r2, [r1, #48]	@ 0x30
1000982c:	464c      	mov	r4, r9
1000982e:	e0ae      	b.n	1000998e <_malloc_r+0x3f6>
10009830:	687b      	ldr	r3, [r7, #4]
10009832:	4698      	mov	r8, r3
10009834:	e744      	b.n	100096c0 <_malloc_r+0x128>
10009836:	2301      	movs	r3, #1
10009838:	0029      	movs	r1, r5
1000983a:	431a      	orrs	r2, r3
1000983c:	4319      	orrs	r1, r3
1000983e:	1965      	adds	r5, r4, r5
10009840:	6061      	str	r1, [r4, #4]
10009842:	0030      	movs	r0, r6
10009844:	60bd      	str	r5, [r7, #8]
10009846:	606a      	str	r2, [r5, #4]
10009848:	f000 fbc8 	bl	10009fdc <__malloc_unlock>
1000984c:	0020      	movs	r0, r4
1000984e:	3008      	adds	r0, #8
10009850:	e6cf      	b.n	100095f2 <_malloc_r+0x5a>
10009852:	68a2      	ldr	r2, [r4, #8]
10009854:	60d0      	str	r0, [r2, #12]
10009856:	6082      	str	r2, [r0, #8]
10009858:	e6c1      	b.n	100095de <_malloc_r+0x46>
1000985a:	4661      	mov	r1, ip
1000985c:	e709      	b.n	10009672 <_malloc_r+0xda>
1000985e:	68dc      	ldr	r4, [r3, #12]
10009860:	3102      	adds	r1, #2
10009862:	42a3      	cmp	r3, r4
10009864:	d100      	bne.n	10009868 <_malloc_r+0x2d0>
10009866:	e704      	b.n	10009672 <_malloc_r+0xda>
10009868:	e6b2      	b.n	100095d0 <_malloc_r+0x38>
1000986a:	0a5a      	lsrs	r2, r3, #9
1000986c:	2a04      	cmp	r2, #4
1000986e:	d800      	bhi.n	10009872 <_malloc_r+0x2da>
10009870:	e082      	b.n	10009978 <_malloc_r+0x3e0>
10009872:	2a14      	cmp	r2, #20
10009874:	d900      	bls.n	10009878 <_malloc_r+0x2e0>
10009876:	e107      	b.n	10009a88 <_malloc_r+0x4f0>
10009878:	0010      	movs	r0, r2
1000987a:	305b      	adds	r0, #91	@ 0x5b
1000987c:	4682      	mov	sl, r0
1000987e:	325c      	adds	r2, #92	@ 0x5c
10009880:	00d2      	lsls	r2, r2, #3
10009882:	2008      	movs	r0, #8
10009884:	4240      	negs	r0, r0
10009886:	4684      	mov	ip, r0
10009888:	18ba      	adds	r2, r7, r2
1000988a:	4494      	add	ip, r2
1000988c:	4662      	mov	r2, ip
1000988e:	6892      	ldr	r2, [r2, #8]
10009890:	300b      	adds	r0, #11
10009892:	4681      	mov	r9, r0
10009894:	4594      	cmp	ip, r2
10009896:	d100      	bne.n	1000989a <_malloc_r+0x302>
10009898:	e0de      	b.n	10009a58 <_malloc_r+0x4c0>
1000989a:	0008      	movs	r0, r1
1000989c:	46a2      	mov	sl, r4
1000989e:	4661      	mov	r1, ip
100098a0:	4684      	mov	ip, r0
100098a2:	e002      	b.n	100098aa <_malloc_r+0x312>
100098a4:	6892      	ldr	r2, [r2, #8]
100098a6:	4291      	cmp	r1, r2
100098a8:	d004      	beq.n	100098b4 <_malloc_r+0x31c>
100098aa:	464c      	mov	r4, r9
100098ac:	6850      	ldr	r0, [r2, #4]
100098ae:	43a0      	bics	r0, r4
100098b0:	4298      	cmp	r0, r3
100098b2:	d8f7      	bhi.n	100098a4 <_malloc_r+0x30c>
100098b4:	68d3      	ldr	r3, [r2, #12]
100098b6:	4661      	mov	r1, ip
100098b8:	4654      	mov	r4, sl
100098ba:	469c      	mov	ip, r3
100098bc:	4663      	mov	r3, ip
100098be:	60a2      	str	r2, [r4, #8]
100098c0:	60e3      	str	r3, [r4, #12]
100098c2:	609c      	str	r4, [r3, #8]
100098c4:	60d4      	str	r4, [r2, #12]
100098c6:	e6fb      	b.n	100096c0 <_malloc_r+0x128>
100098c8:	2914      	cmp	r1, #20
100098ca:	d96d      	bls.n	100099a8 <_malloc_r+0x410>
100098cc:	2954      	cmp	r1, #84	@ 0x54
100098ce:	d900      	bls.n	100098d2 <_malloc_r+0x33a>
100098d0:	e0e3      	b.n	10009a9a <_malloc_r+0x502>
100098d2:	236e      	movs	r3, #110	@ 0x6e
100098d4:	4698      	mov	r8, r3
100098d6:	0b29      	lsrs	r1, r5, #12
100098d8:	4488      	add	r8, r1
100098da:	316f      	adds	r1, #111	@ 0x6f
100098dc:	00cb      	lsls	r3, r1, #3
100098de:	e6a9      	b.n	10009634 <_malloc_r+0x9c>
100098e0:	20001288 	.word	0x20001288
100098e4:	20002584 	.word	0x20002584
100098e8:	20001280 	.word	0x20001280
100098ec:	46ba      	mov	sl, r7
100098ee:	2001      	movs	r0, #1
100098f0:	4651      	mov	r1, sl
100098f2:	4684      	mov	ip, r0
100098f4:	1949      	adds	r1, r1, r5
100098f6:	4305      	orrs	r5, r0
100098f8:	4650      	mov	r0, sl
100098fa:	6045      	str	r5, [r0, #4]
100098fc:	6885      	ldr	r5, [r0, #8]
100098fe:	4647      	mov	r7, r8
10009900:	4660      	mov	r0, ip
10009902:	60eb      	str	r3, [r5, #12]
10009904:	465e      	mov	r6, fp
10009906:	609d      	str	r5, [r3, #8]
10009908:	4653      	mov	r3, sl
1000990a:	6139      	str	r1, [r7, #16]
1000990c:	6179      	str	r1, [r7, #20]
1000990e:	4320      	orrs	r0, r4
10009910:	3708      	adds	r7, #8
10009912:	6048      	str	r0, [r1, #4]
10009914:	60cf      	str	r7, [r1, #12]
10009916:	0030      	movs	r0, r6
10009918:	608f      	str	r7, [r1, #8]
1000991a:	509c      	str	r4, [r3, r2]
1000991c:	f000 fb5e 	bl	10009fdc <__malloc_unlock>
10009920:	4650      	mov	r0, sl
10009922:	3008      	adds	r0, #8
10009924:	e665      	b.n	100095f2 <_malloc_r+0x5a>
10009926:	46ba      	mov	sl, r7
10009928:	2001      	movs	r0, #1
1000992a:	465e      	mov	r6, fp
1000992c:	4452      	add	r2, sl
1000992e:	6851      	ldr	r1, [r2, #4]
10009930:	4301      	orrs	r1, r0
10009932:	6051      	str	r1, [r2, #4]
10009934:	68ba      	ldr	r2, [r7, #8]
10009936:	0030      	movs	r0, r6
10009938:	60d3      	str	r3, [r2, #12]
1000993a:	609a      	str	r2, [r3, #8]
1000993c:	f000 fb4e 	bl	10009fdc <__malloc_unlock>
10009940:	0038      	movs	r0, r7
10009942:	3008      	adds	r0, #8
10009944:	e655      	b.n	100095f2 <_malloc_r+0x5a>
10009946:	002b      	movs	r3, r5
10009948:	08e9      	lsrs	r1, r5, #3
1000994a:	3308      	adds	r3, #8
1000994c:	e638      	b.n	100095c0 <_malloc_r+0x28>
1000994e:	1961      	adds	r1, r4, r5
10009950:	4688      	mov	r8, r1
10009952:	2101      	movs	r1, #1
10009954:	468c      	mov	ip, r1
10009956:	430d      	orrs	r5, r1
10009958:	4641      	mov	r1, r8
1000995a:	6065      	str	r5, [r4, #4]
1000995c:	6139      	str	r1, [r7, #16]
1000995e:	6179      	str	r1, [r7, #20]
10009960:	60ca      	str	r2, [r1, #12]
10009962:	608a      	str	r2, [r1, #8]
10009964:	4662      	mov	r2, ip
10009966:	4302      	orrs	r2, r0
10009968:	604a      	str	r2, [r1, #4]
1000996a:	50e0      	str	r0, [r4, r3]
1000996c:	0030      	movs	r0, r6
1000996e:	f000 fb35 	bl	10009fdc <__malloc_unlock>
10009972:	0020      	movs	r0, r4
10009974:	3008      	adds	r0, #8
10009976:	e63c      	b.n	100095f2 <_malloc_r+0x5a>
10009978:	099a      	lsrs	r2, r3, #6
1000997a:	0010      	movs	r0, r2
1000997c:	3239      	adds	r2, #57	@ 0x39
1000997e:	3038      	adds	r0, #56	@ 0x38
10009980:	4682      	mov	sl, r0
10009982:	00d2      	lsls	r2, r2, #3
10009984:	e77d      	b.n	10009882 <_malloc_r+0x2ea>
10009986:	42bc      	cmp	r4, r7
10009988:	d014      	beq.n	100099b4 <_malloc_r+0x41c>
1000998a:	68bc      	ldr	r4, [r7, #8]
1000998c:	6863      	ldr	r3, [r4, #4]
1000998e:	2203      	movs	r2, #3
10009990:	4393      	bics	r3, r2
10009992:	1b5a      	subs	r2, r3, r5
10009994:	42ab      	cmp	r3, r5
10009996:	d302      	bcc.n	1000999e <_malloc_r+0x406>
10009998:	2a0f      	cmp	r2, #15
1000999a:	dd00      	ble.n	1000999e <_malloc_r+0x406>
1000999c:	e74b      	b.n	10009836 <_malloc_r+0x29e>
1000999e:	0030      	movs	r0, r6
100099a0:	f000 fb1c 	bl	10009fdc <__malloc_unlock>
100099a4:	2000      	movs	r0, #0
100099a6:	e624      	b.n	100095f2 <_malloc_r+0x5a>
100099a8:	235b      	movs	r3, #91	@ 0x5b
100099aa:	4698      	mov	r8, r3
100099ac:	4488      	add	r8, r1
100099ae:	315c      	adds	r1, #92	@ 0x5c
100099b0:	00cb      	lsls	r3, r1, #3
100099b2:	e63f      	b.n	10009634 <_malloc_r+0x9c>
100099b4:	4653      	mov	r3, sl
100099b6:	685a      	ldr	r2, [r3, #4]
100099b8:	9b01      	ldr	r3, [sp, #4]
100099ba:	469c      	mov	ip, r3
100099bc:	4653      	mov	r3, sl
100099be:	4462      	add	r2, ip
100099c0:	605a      	str	r2, [r3, #4]
100099c2:	9b03      	ldr	r3, [sp, #12]
100099c4:	1e59      	subs	r1, r3, #1
100099c6:	465b      	mov	r3, fp
100099c8:	681b      	ldr	r3, [r3, #0]
100099ca:	3301      	adds	r3, #1
100099cc:	d070      	beq.n	10009ab0 <_malloc_r+0x518>
100099ce:	464b      	mov	r3, r9
100099d0:	9802      	ldr	r0, [sp, #8]
100099d2:	1a1b      	subs	r3, r3, r0
100099d4:	189b      	adds	r3, r3, r2
100099d6:	4652      	mov	r2, sl
100099d8:	6053      	str	r3, [r2, #4]
100099da:	2307      	movs	r3, #7
100099dc:	464a      	mov	r2, r9
100099de:	4648      	mov	r0, r9
100099e0:	401a      	ands	r2, r3
100099e2:	9202      	str	r2, [sp, #8]
100099e4:	4218      	tst	r0, r3
100099e6:	d040      	beq.n	10009a6a <_malloc_r+0x4d2>
100099e8:	9803      	ldr	r0, [sp, #12]
100099ea:	3301      	adds	r3, #1
100099ec:	4684      	mov	ip, r0
100099ee:	1a9b      	subs	r3, r3, r2
100099f0:	9a01      	ldr	r2, [sp, #4]
100099f2:	4499      	add	r9, r3
100099f4:	444a      	add	r2, r9
100099f6:	9201      	str	r2, [sp, #4]
100099f8:	4463      	add	r3, ip
100099fa:	400a      	ands	r2, r1
100099fc:	1a9b      	subs	r3, r3, r2
100099fe:	4019      	ands	r1, r3
10009a00:	0030      	movs	r0, r6
10009a02:	468b      	mov	fp, r1
10009a04:	f000 faec 	bl	10009fe0 <_sbrk_r>
10009a08:	1c43      	adds	r3, r0, #1
10009a0a:	d077      	beq.n	10009afc <_malloc_r+0x564>
10009a0c:	464b      	mov	r3, r9
10009a0e:	1ac0      	subs	r0, r0, r3
10009a10:	0003      	movs	r3, r0
10009a12:	445b      	add	r3, fp
10009a14:	9301      	str	r3, [sp, #4]
10009a16:	4653      	mov	r3, sl
10009a18:	685a      	ldr	r2, [r3, #4]
10009a1a:	2001      	movs	r0, #1
10009a1c:	445a      	add	r2, fp
10009a1e:	605a      	str	r2, [r3, #4]
10009a20:	464b      	mov	r3, r9
10009a22:	4649      	mov	r1, r9
10009a24:	60bb      	str	r3, [r7, #8]
10009a26:	9b01      	ldr	r3, [sp, #4]
10009a28:	4303      	orrs	r3, r0
10009a2a:	604b      	str	r3, [r1, #4]
10009a2c:	42bc      	cmp	r4, r7
10009a2e:	d100      	bne.n	10009a32 <_malloc_r+0x49a>
10009a30:	e6f0      	b.n	10009814 <_malloc_r+0x27c>
10009a32:	4643      	mov	r3, r8
10009a34:	2b0f      	cmp	r3, #15
10009a36:	d93f      	bls.n	10009ab8 <_malloc_r+0x520>
10009a38:	2107      	movs	r1, #7
10009a3a:	3b0c      	subs	r3, #12
10009a3c:	438b      	bics	r3, r1
10009a3e:	6861      	ldr	r1, [r4, #4]
10009a40:	4001      	ands	r1, r0
10009a42:	2005      	movs	r0, #5
10009a44:	4319      	orrs	r1, r3
10009a46:	6061      	str	r1, [r4, #4]
10009a48:	18e1      	adds	r1, r4, r3
10009a4a:	6048      	str	r0, [r1, #4]
10009a4c:	6088      	str	r0, [r1, #8]
10009a4e:	2b0f      	cmp	r3, #15
10009a50:	d849      	bhi.n	10009ae6 <_malloc_r+0x54e>
10009a52:	464b      	mov	r3, r9
10009a54:	685b      	ldr	r3, [r3, #4]
10009a56:	e6dd      	b.n	10009814 <_malloc_r+0x27c>
10009a58:	4653      	mov	r3, sl
10009a5a:	1098      	asrs	r0, r3, #2
10009a5c:	2301      	movs	r3, #1
10009a5e:	4083      	lsls	r3, r0
10009a60:	4640      	mov	r0, r8
10009a62:	4318      	orrs	r0, r3
10009a64:	4680      	mov	r8, r0
10009a66:	6078      	str	r0, [r7, #4]
10009a68:	e728      	b.n	100098bc <_malloc_r+0x324>
10009a6a:	9b01      	ldr	r3, [sp, #4]
10009a6c:	9a03      	ldr	r2, [sp, #12]
10009a6e:	444b      	add	r3, r9
10009a70:	400b      	ands	r3, r1
10009a72:	1ad3      	subs	r3, r2, r3
10009a74:	4019      	ands	r1, r3
10009a76:	0030      	movs	r0, r6
10009a78:	468b      	mov	fp, r1
10009a7a:	f000 fab1 	bl	10009fe0 <_sbrk_r>
10009a7e:	1c43      	adds	r3, r0, #1
10009a80:	d1c4      	bne.n	10009a0c <_malloc_r+0x474>
10009a82:	2300      	movs	r3, #0
10009a84:	469b      	mov	fp, r3
10009a86:	e7c6      	b.n	10009a16 <_malloc_r+0x47e>
10009a88:	2a54      	cmp	r2, #84	@ 0x54
10009a8a:	d817      	bhi.n	10009abc <_malloc_r+0x524>
10009a8c:	0b1a      	lsrs	r2, r3, #12
10009a8e:	0010      	movs	r0, r2
10009a90:	326f      	adds	r2, #111	@ 0x6f
10009a92:	306e      	adds	r0, #110	@ 0x6e
10009a94:	4682      	mov	sl, r0
10009a96:	00d2      	lsls	r2, r2, #3
10009a98:	e6f3      	b.n	10009882 <_malloc_r+0x2ea>
10009a9a:	23aa      	movs	r3, #170	@ 0xaa
10009a9c:	005b      	lsls	r3, r3, #1
10009a9e:	4299      	cmp	r1, r3
10009aa0:	d817      	bhi.n	10009ad2 <_malloc_r+0x53a>
10009aa2:	3bdd      	subs	r3, #221	@ 0xdd
10009aa4:	4698      	mov	r8, r3
10009aa6:	0be9      	lsrs	r1, r5, #15
10009aa8:	4488      	add	r8, r1
10009aaa:	3178      	adds	r1, #120	@ 0x78
10009aac:	00cb      	lsls	r3, r1, #3
10009aae:	e5c1      	b.n	10009634 <_malloc_r+0x9c>
10009ab0:	465b      	mov	r3, fp
10009ab2:	464a      	mov	r2, r9
10009ab4:	601a      	str	r2, [r3, #0]
10009ab6:	e790      	b.n	100099da <_malloc_r+0x442>
10009ab8:	6048      	str	r0, [r1, #4]
10009aba:	e770      	b.n	1000999e <_malloc_r+0x406>
10009abc:	20aa      	movs	r0, #170	@ 0xaa
10009abe:	0040      	lsls	r0, r0, #1
10009ac0:	4282      	cmp	r2, r0
10009ac2:	d826      	bhi.n	10009b12 <_malloc_r+0x57a>
10009ac4:	0bda      	lsrs	r2, r3, #15
10009ac6:	0010      	movs	r0, r2
10009ac8:	3278      	adds	r2, #120	@ 0x78
10009aca:	3077      	adds	r0, #119	@ 0x77
10009acc:	4682      	mov	sl, r0
10009ace:	00d2      	lsls	r2, r2, #3
10009ad0:	e6d7      	b.n	10009882 <_malloc_r+0x2ea>
10009ad2:	4b1c      	ldr	r3, [pc, #112]	@ (10009b44 <_malloc_r+0x5ac>)
10009ad4:	4299      	cmp	r1, r3
10009ad6:	d826      	bhi.n	10009b26 <_malloc_r+0x58e>
10009ad8:	237c      	movs	r3, #124	@ 0x7c
10009ada:	4698      	mov	r8, r3
10009adc:	0ca9      	lsrs	r1, r5, #18
10009ade:	4488      	add	r8, r1
10009ae0:	317d      	adds	r1, #125	@ 0x7d
10009ae2:	00cb      	lsls	r3, r1, #3
10009ae4:	e5a6      	b.n	10009634 <_malloc_r+0x9c>
10009ae6:	0021      	movs	r1, r4
10009ae8:	0030      	movs	r0, r6
10009aea:	3108      	adds	r1, #8
10009aec:	f000 f886 	bl	10009bfc <_free_r>
10009af0:	4653      	mov	r3, sl
10009af2:	685a      	ldr	r2, [r3, #4]
10009af4:	68bb      	ldr	r3, [r7, #8]
10009af6:	4699      	mov	r9, r3
10009af8:	685b      	ldr	r3, [r3, #4]
10009afa:	e68b      	b.n	10009814 <_malloc_r+0x27c>
10009afc:	9a01      	ldr	r2, [sp, #4]
10009afe:	9b02      	ldr	r3, [sp, #8]
10009b00:	4694      	mov	ip, r2
10009b02:	464a      	mov	r2, r9
10009b04:	3b08      	subs	r3, #8
10009b06:	4463      	add	r3, ip
10009b08:	1a9b      	subs	r3, r3, r2
10009b0a:	9301      	str	r3, [sp, #4]
10009b0c:	2300      	movs	r3, #0
10009b0e:	469b      	mov	fp, r3
10009b10:	e781      	b.n	10009a16 <_malloc_r+0x47e>
10009b12:	480c      	ldr	r0, [pc, #48]	@ (10009b44 <_malloc_r+0x5ac>)
10009b14:	4282      	cmp	r2, r0
10009b16:	d80c      	bhi.n	10009b32 <_malloc_r+0x59a>
10009b18:	0c9a      	lsrs	r2, r3, #18
10009b1a:	0010      	movs	r0, r2
10009b1c:	327d      	adds	r2, #125	@ 0x7d
10009b1e:	307c      	adds	r0, #124	@ 0x7c
10009b20:	4682      	mov	sl, r0
10009b22:	00d2      	lsls	r2, r2, #3
10009b24:	e6ad      	b.n	10009882 <_malloc_r+0x2ea>
10009b26:	23fe      	movs	r3, #254	@ 0xfe
10009b28:	227e      	movs	r2, #126	@ 0x7e
10009b2a:	217f      	movs	r1, #127	@ 0x7f
10009b2c:	4690      	mov	r8, r2
10009b2e:	009b      	lsls	r3, r3, #2
10009b30:	e580      	b.n	10009634 <_malloc_r+0x9c>
10009b32:	22fe      	movs	r2, #254	@ 0xfe
10009b34:	207e      	movs	r0, #126	@ 0x7e
10009b36:	0092      	lsls	r2, r2, #2
10009b38:	4682      	mov	sl, r0
10009b3a:	e6a2      	b.n	10009882 <_malloc_r+0x2ea>
10009b3c:	4643      	mov	r3, r8
10009b3e:	685b      	ldr	r3, [r3, #4]
10009b40:	e602      	b.n	10009748 <_malloc_r+0x1b0>
10009b42:	46c0      	nop			@ (mov r8, r8)
10009b44:	00000554 	.word	0x00000554

10009b48 <_malloc_trim_r>:
10009b48:	b5f0      	push	{r4, r5, r6, r7, lr}
10009b4a:	46c6      	mov	lr, r8
10009b4c:	0006      	movs	r6, r0
10009b4e:	b500      	push	{lr}
10009b50:	2008      	movs	r0, #8
10009b52:	000d      	movs	r5, r1
10009b54:	f001 f958 	bl	1000ae08 <sysconf>
10009b58:	0004      	movs	r4, r0
10009b5a:	0030      	movs	r0, r6
10009b5c:	f000 fa3c 	bl	10009fd8 <__malloc_lock>
10009b60:	4b23      	ldr	r3, [pc, #140]	@ (10009bf0 <_malloc_trim_r+0xa8>)
10009b62:	0021      	movs	r1, r4
10009b64:	4698      	mov	r8, r3
10009b66:	689b      	ldr	r3, [r3, #8]
10009b68:	685f      	ldr	r7, [r3, #4]
10009b6a:	2303      	movs	r3, #3
10009b6c:	439f      	bics	r7, r3
10009b6e:	0038      	movs	r0, r7
10009b70:	3811      	subs	r0, #17
10009b72:	1b40      	subs	r0, r0, r5
10009b74:	1900      	adds	r0, r0, r4
10009b76:	f7f8 fd61 	bl	1000263c <__wrap___aeabi_uidiv>
10009b7a:	1e45      	subs	r5, r0, #1
10009b7c:	4365      	muls	r5, r4
10009b7e:	42ac      	cmp	r4, r5
10009b80:	dc08      	bgt.n	10009b94 <_malloc_trim_r+0x4c>
10009b82:	2100      	movs	r1, #0
10009b84:	0030      	movs	r0, r6
10009b86:	f000 fa2b 	bl	10009fe0 <_sbrk_r>
10009b8a:	4643      	mov	r3, r8
10009b8c:	689b      	ldr	r3, [r3, #8]
10009b8e:	19db      	adds	r3, r3, r7
10009b90:	4298      	cmp	r0, r3
10009b92:	d006      	beq.n	10009ba2 <_malloc_trim_r+0x5a>
10009b94:	0030      	movs	r0, r6
10009b96:	f000 fa21 	bl	10009fdc <__malloc_unlock>
10009b9a:	2000      	movs	r0, #0
10009b9c:	bc80      	pop	{r7}
10009b9e:	46b8      	mov	r8, r7
10009ba0:	bdf0      	pop	{r4, r5, r6, r7, pc}
10009ba2:	0030      	movs	r0, r6
10009ba4:	4269      	negs	r1, r5
10009ba6:	f000 fa1b 	bl	10009fe0 <_sbrk_r>
10009baa:	3001      	adds	r0, #1
10009bac:	d00e      	beq.n	10009bcc <_malloc_trim_r+0x84>
10009bae:	2201      	movs	r2, #1
10009bb0:	4643      	mov	r3, r8
10009bb2:	1b7f      	subs	r7, r7, r5
10009bb4:	689b      	ldr	r3, [r3, #8]
10009bb6:	4317      	orrs	r7, r2
10009bb8:	4a0e      	ldr	r2, [pc, #56]	@ (10009bf4 <_malloc_trim_r+0xac>)
10009bba:	605f      	str	r7, [r3, #4]
10009bbc:	6813      	ldr	r3, [r2, #0]
10009bbe:	0030      	movs	r0, r6
10009bc0:	1b5b      	subs	r3, r3, r5
10009bc2:	6013      	str	r3, [r2, #0]
10009bc4:	f000 fa0a 	bl	10009fdc <__malloc_unlock>
10009bc8:	2001      	movs	r0, #1
10009bca:	e7e7      	b.n	10009b9c <_malloc_trim_r+0x54>
10009bcc:	2100      	movs	r1, #0
10009bce:	0030      	movs	r0, r6
10009bd0:	f000 fa06 	bl	10009fe0 <_sbrk_r>
10009bd4:	4643      	mov	r3, r8
10009bd6:	689a      	ldr	r2, [r3, #8]
10009bd8:	1a83      	subs	r3, r0, r2
10009bda:	2b0f      	cmp	r3, #15
10009bdc:	ddda      	ble.n	10009b94 <_malloc_trim_r+0x4c>
10009bde:	4c06      	ldr	r4, [pc, #24]	@ (10009bf8 <_malloc_trim_r+0xb0>)
10009be0:	4904      	ldr	r1, [pc, #16]	@ (10009bf4 <_malloc_trim_r+0xac>)
10009be2:	6824      	ldr	r4, [r4, #0]
10009be4:	1b00      	subs	r0, r0, r4
10009be6:	6008      	str	r0, [r1, #0]
10009be8:	2101      	movs	r1, #1
10009bea:	430b      	orrs	r3, r1
10009bec:	6053      	str	r3, [r2, #4]
10009bee:	e7d1      	b.n	10009b94 <_malloc_trim_r+0x4c>
10009bf0:	20001288 	.word	0x20001288
10009bf4:	20002588 	.word	0x20002588
10009bf8:	20001280 	.word	0x20001280

10009bfc <_free_r>:
10009bfc:	b5f8      	push	{r3, r4, r5, r6, r7, lr}
10009bfe:	46ce      	mov	lr, r9
10009c00:	4647      	mov	r7, r8
10009c02:	0005      	movs	r5, r0
10009c04:	000c      	movs	r4, r1
10009c06:	b580      	push	{r7, lr}
10009c08:	2900      	cmp	r1, #0
10009c0a:	d057      	beq.n	10009cbc <_free_r+0xc0>
10009c0c:	f000 f9e4 	bl	10009fd8 <__malloc_lock>
10009c10:	2301      	movs	r3, #1
10009c12:	0021      	movs	r1, r4
10009c14:	469c      	mov	ip, r3
10009c16:	3908      	subs	r1, #8
10009c18:	6848      	ldr	r0, [r1, #4]
10009c1a:	4662      	mov	r2, ip
10009c1c:	0003      	movs	r3, r0
10009c1e:	2403      	movs	r4, #3
10009c20:	4393      	bics	r3, r2
10009c22:	18cf      	adds	r7, r1, r3
10009c24:	687a      	ldr	r2, [r7, #4]
10009c26:	4e65      	ldr	r6, [pc, #404]	@ (10009dbc <_free_r+0x1c0>)
10009c28:	43a2      	bics	r2, r4
10009c2a:	68b4      	ldr	r4, [r6, #8]
10009c2c:	42bc      	cmp	r4, r7
10009c2e:	d100      	bne.n	10009c32 <_free_r+0x36>
10009c30:	e070      	b.n	10009d14 <_free_r+0x118>
10009c32:	18bc      	adds	r4, r7, r2
10009c34:	46a1      	mov	r9, r4
10009c36:	4664      	mov	r4, ip
10009c38:	607a      	str	r2, [r7, #4]
10009c3a:	4204      	tst	r4, r0
10009c3c:	d121      	bne.n	10009c82 <_free_r+0x86>
10009c3e:	6808      	ldr	r0, [r1, #0]
10009c40:	1a09      	subs	r1, r1, r0
10009c42:	181b      	adds	r3, r3, r0
10009c44:	6888      	ldr	r0, [r1, #8]
10009c46:	4680      	mov	r8, r0
10009c48:	4648      	mov	r0, r9
10009c4a:	6840      	ldr	r0, [r0, #4]
10009c4c:	4020      	ands	r0, r4
10009c4e:	0034      	movs	r4, r6
10009c50:	3408      	adds	r4, #8
10009c52:	4681      	mov	r9, r0
10009c54:	45a0      	cmp	r8, r4
10009c56:	d051      	beq.n	10009cfc <_free_r+0x100>
10009c58:	4640      	mov	r0, r8
10009c5a:	68cc      	ldr	r4, [r1, #12]
10009c5c:	60c4      	str	r4, [r0, #12]
10009c5e:	60a0      	str	r0, [r4, #8]
10009c60:	4648      	mov	r0, r9
10009c62:	2800      	cmp	r0, #0
10009c64:	d111      	bne.n	10009c8a <_free_r+0x8e>
10009c66:	189b      	adds	r3, r3, r2
10009c68:	4855      	ldr	r0, [pc, #340]	@ (10009dc0 <_free_r+0x1c4>)
10009c6a:	68ba      	ldr	r2, [r7, #8]
10009c6c:	4282      	cmp	r2, r0
10009c6e:	d100      	bne.n	10009c72 <_free_r+0x76>
10009c70:	e07f      	b.n	10009d72 <_free_r+0x176>
10009c72:	68f8      	ldr	r0, [r7, #12]
10009c74:	60d0      	str	r0, [r2, #12]
10009c76:	6082      	str	r2, [r0, #8]
10009c78:	2201      	movs	r2, #1
10009c7a:	431a      	orrs	r2, r3
10009c7c:	604a      	str	r2, [r1, #4]
10009c7e:	50cb      	str	r3, [r1, r3]
10009c80:	e007      	b.n	10009c92 <_free_r+0x96>
10009c82:	4648      	mov	r0, r9
10009c84:	6840      	ldr	r0, [r0, #4]
10009c86:	4220      	tst	r0, r4
10009c88:	d0ed      	beq.n	10009c66 <_free_r+0x6a>
10009c8a:	4662      	mov	r2, ip
10009c8c:	431a      	orrs	r2, r3
10009c8e:	604a      	str	r2, [r1, #4]
10009c90:	603b      	str	r3, [r7, #0]
10009c92:	2280      	movs	r2, #128	@ 0x80
10009c94:	0092      	lsls	r2, r2, #2
10009c96:	4293      	cmp	r3, r2
10009c98:	d214      	bcs.n	10009cc4 <_free_r+0xc8>
10009c9a:	08da      	lsrs	r2, r3, #3
10009c9c:	0958      	lsrs	r0, r3, #5
10009c9e:	2301      	movs	r3, #1
10009ca0:	4083      	lsls	r3, r0
10009ca2:	6870      	ldr	r0, [r6, #4]
10009ca4:	4303      	orrs	r3, r0
10009ca6:	6073      	str	r3, [r6, #4]
10009ca8:	00d3      	lsls	r3, r2, #3
10009caa:	199b      	adds	r3, r3, r6
10009cac:	689a      	ldr	r2, [r3, #8]
10009cae:	60cb      	str	r3, [r1, #12]
10009cb0:	608a      	str	r2, [r1, #8]
10009cb2:	6099      	str	r1, [r3, #8]
10009cb4:	60d1      	str	r1, [r2, #12]
10009cb6:	0028      	movs	r0, r5
10009cb8:	f000 f990 	bl	10009fdc <__malloc_unlock>
10009cbc:	bcc0      	pop	{r6, r7}
10009cbe:	46b9      	mov	r9, r7
10009cc0:	46b0      	mov	r8, r6
10009cc2:	bdf8      	pop	{r3, r4, r5, r6, r7, pc}
10009cc4:	0a5c      	lsrs	r4, r3, #9
10009cc6:	2c04      	cmp	r4, #4
10009cc8:	d83d      	bhi.n	10009d46 <_free_r+0x14a>
10009cca:	099c      	lsrs	r4, r3, #6
10009ccc:	0020      	movs	r0, r4
10009cce:	3439      	adds	r4, #57	@ 0x39
10009cd0:	3038      	adds	r0, #56	@ 0x38
10009cd2:	00e4      	lsls	r4, r4, #3
10009cd4:	1934      	adds	r4, r6, r4
10009cd6:	6822      	ldr	r2, [r4, #0]
10009cd8:	3c08      	subs	r4, #8
10009cda:	2703      	movs	r7, #3
10009cdc:	4294      	cmp	r4, r2
10009cde:	d103      	bne.n	10009ce8 <_free_r+0xec>
10009ce0:	e040      	b.n	10009d64 <_free_r+0x168>
10009ce2:	6892      	ldr	r2, [r2, #8]
10009ce4:	4294      	cmp	r4, r2
10009ce6:	d003      	beq.n	10009cf0 <_free_r+0xf4>
10009ce8:	6850      	ldr	r0, [r2, #4]
10009cea:	43b8      	bics	r0, r7
10009cec:	4298      	cmp	r0, r3
10009cee:	d8f8      	bhi.n	10009ce2 <_free_r+0xe6>
10009cf0:	68d4      	ldr	r4, [r2, #12]
10009cf2:	60cc      	str	r4, [r1, #12]
10009cf4:	608a      	str	r2, [r1, #8]
10009cf6:	60a1      	str	r1, [r4, #8]
10009cf8:	60d1      	str	r1, [r2, #12]
10009cfa:	e7dc      	b.n	10009cb6 <_free_r+0xba>
10009cfc:	2800      	cmp	r0, #0
10009cfe:	d158      	bne.n	10009db2 <_free_r+0x1b6>
10009d00:	68b8      	ldr	r0, [r7, #8]
10009d02:	18d2      	adds	r2, r2, r3
10009d04:	68fb      	ldr	r3, [r7, #12]
10009d06:	60c3      	str	r3, [r0, #12]
10009d08:	6098      	str	r0, [r3, #8]
10009d0a:	4663      	mov	r3, ip
10009d0c:	4313      	orrs	r3, r2
10009d0e:	604b      	str	r3, [r1, #4]
10009d10:	508a      	str	r2, [r1, r2]
10009d12:	e7d0      	b.n	10009cb6 <_free_r+0xba>
10009d14:	189a      	adds	r2, r3, r2
10009d16:	4663      	mov	r3, ip
10009d18:	4203      	tst	r3, r0
10009d1a:	d106      	bne.n	10009d2a <_free_r+0x12e>
10009d1c:	680b      	ldr	r3, [r1, #0]
10009d1e:	1ac9      	subs	r1, r1, r3
10009d20:	6888      	ldr	r0, [r1, #8]
10009d22:	18d2      	adds	r2, r2, r3
10009d24:	68cb      	ldr	r3, [r1, #12]
10009d26:	60c3      	str	r3, [r0, #12]
10009d28:	6098      	str	r0, [r3, #8]
10009d2a:	2301      	movs	r3, #1
10009d2c:	4313      	orrs	r3, r2
10009d2e:	604b      	str	r3, [r1, #4]
10009d30:	4b24      	ldr	r3, [pc, #144]	@ (10009dc4 <_free_r+0x1c8>)
10009d32:	60b1      	str	r1, [r6, #8]
10009d34:	681b      	ldr	r3, [r3, #0]
10009d36:	4293      	cmp	r3, r2
10009d38:	d8bd      	bhi.n	10009cb6 <_free_r+0xba>
10009d3a:	4b23      	ldr	r3, [pc, #140]	@ (10009dc8 <_free_r+0x1cc>)
10009d3c:	0028      	movs	r0, r5
10009d3e:	6819      	ldr	r1, [r3, #0]
10009d40:	f7ff ff02 	bl	10009b48 <_malloc_trim_r>
10009d44:	e7b7      	b.n	10009cb6 <_free_r+0xba>
10009d46:	2c14      	cmp	r4, #20
10009d48:	d907      	bls.n	10009d5a <_free_r+0x15e>
10009d4a:	2c54      	cmp	r4, #84	@ 0x54
10009d4c:	d81a      	bhi.n	10009d84 <_free_r+0x188>
10009d4e:	0b1c      	lsrs	r4, r3, #12
10009d50:	0020      	movs	r0, r4
10009d52:	346f      	adds	r4, #111	@ 0x6f
10009d54:	306e      	adds	r0, #110	@ 0x6e
10009d56:	00e4      	lsls	r4, r4, #3
10009d58:	e7bc      	b.n	10009cd4 <_free_r+0xd8>
10009d5a:	0020      	movs	r0, r4
10009d5c:	345c      	adds	r4, #92	@ 0x5c
10009d5e:	305b      	adds	r0, #91	@ 0x5b
10009d60:	00e4      	lsls	r4, r4, #3
10009d62:	e7b7      	b.n	10009cd4 <_free_r+0xd8>
10009d64:	2301      	movs	r3, #1
10009d66:	1080      	asrs	r0, r0, #2
10009d68:	4083      	lsls	r3, r0
10009d6a:	6870      	ldr	r0, [r6, #4]
10009d6c:	4303      	orrs	r3, r0
10009d6e:	6073      	str	r3, [r6, #4]
10009d70:	e7bf      	b.n	10009cf2 <_free_r+0xf6>
10009d72:	60d1      	str	r1, [r2, #12]
10009d74:	6091      	str	r1, [r2, #8]
10009d76:	60ca      	str	r2, [r1, #12]
10009d78:	608a      	str	r2, [r1, #8]
10009d7a:	2201      	movs	r2, #1
10009d7c:	431a      	orrs	r2, r3
10009d7e:	604a      	str	r2, [r1, #4]
10009d80:	50cb      	str	r3, [r1, r3]
10009d82:	e798      	b.n	10009cb6 <_free_r+0xba>
10009d84:	22aa      	movs	r2, #170	@ 0xaa
10009d86:	0052      	lsls	r2, r2, #1
10009d88:	4294      	cmp	r4, r2
10009d8a:	d805      	bhi.n	10009d98 <_free_r+0x19c>
10009d8c:	0bdc      	lsrs	r4, r3, #15
10009d8e:	0020      	movs	r0, r4
10009d90:	3478      	adds	r4, #120	@ 0x78
10009d92:	3077      	adds	r0, #119	@ 0x77
10009d94:	00e4      	lsls	r4, r4, #3
10009d96:	e79d      	b.n	10009cd4 <_free_r+0xd8>
10009d98:	4a0c      	ldr	r2, [pc, #48]	@ (10009dcc <_free_r+0x1d0>)
10009d9a:	4294      	cmp	r4, r2
10009d9c:	d805      	bhi.n	10009daa <_free_r+0x1ae>
10009d9e:	0c9c      	lsrs	r4, r3, #18
10009da0:	0020      	movs	r0, r4
10009da2:	347d      	adds	r4, #125	@ 0x7d
10009da4:	307c      	adds	r0, #124	@ 0x7c
10009da6:	00e4      	lsls	r4, r4, #3
10009da8:	e794      	b.n	10009cd4 <_free_r+0xd8>
10009daa:	24fe      	movs	r4, #254	@ 0xfe
10009dac:	207e      	movs	r0, #126	@ 0x7e
10009dae:	00a4      	lsls	r4, r4, #2
10009db0:	e790      	b.n	10009cd4 <_free_r+0xd8>
10009db2:	4662      	mov	r2, ip
10009db4:	431a      	orrs	r2, r3
10009db6:	604a      	str	r2, [r1, #4]
10009db8:	603b      	str	r3, [r7, #0]
10009dba:	e77c      	b.n	10009cb6 <_free_r+0xba>
10009dbc:	20001288 	.word	0x20001288
10009dc0:	20001290 	.word	0x20001290
10009dc4:	20001284 	.word	0x20001284
10009dc8:	20002584 	.word	0x20002584
10009dcc:	00000554 	.word	0x00000554

10009dd0 <atoi>:
10009dd0:	b510      	push	{r4, lr}
10009dd2:	220a      	movs	r2, #10
10009dd4:	2100      	movs	r1, #0
10009dd6:	f000 f8c3 	bl	10009f60 <strtol>
10009dda:	bd10      	pop	{r4, pc}

10009ddc <_atoi_r>:
10009ddc:	b510      	push	{r4, lr}
10009dde:	230a      	movs	r3, #10
10009de0:	2200      	movs	r2, #0
10009de2:	f000 f8ad 	bl	10009f40 <_strtol_r>
10009de6:	bd10      	pop	{r4, pc}

10009de8 <_strtol_l.isra.0>:
10009de8:	b5f0      	push	{r4, r5, r6, r7, lr}
10009dea:	4657      	mov	r7, sl
10009dec:	464e      	mov	r6, r9
10009dee:	4645      	mov	r5, r8
10009df0:	46de      	mov	lr, fp
10009df2:	b5e0      	push	{r5, r6, r7, lr}
10009df4:	4682      	mov	sl, r0
10009df6:	000f      	movs	r7, r1
10009df8:	4690      	mov	r8, r2
10009dfa:	001e      	movs	r6, r3
10009dfc:	4699      	mov	r9, r3
10009dfe:	b083      	sub	sp, #12
10009e00:	2b24      	cmp	r3, #36	@ 0x24
10009e02:	d843      	bhi.n	10009e8c <_strtol_l.isra.0+0xa4>
10009e04:	2b01      	cmp	r3, #1
10009e06:	d041      	beq.n	10009e8c <_strtol_l.isra.0+0xa4>
10009e08:	000b      	movs	r3, r1
10009e0a:	2008      	movs	r0, #8
10009e0c:	4d4a      	ldr	r5, [pc, #296]	@ (10009f38 <_strtol_l.isra.0+0x150>)
10009e0e:	001a      	movs	r2, r3
10009e10:	7814      	ldrb	r4, [r2, #0]
10009e12:	3301      	adds	r3, #1
10009e14:	5d29      	ldrb	r1, [r5, r4]
10009e16:	4208      	tst	r0, r1
10009e18:	d1f9      	bne.n	10009e0e <_strtol_l.isra.0+0x26>
10009e1a:	001d      	movs	r5, r3
10009e1c:	2c2d      	cmp	r4, #45	@ 0x2d
10009e1e:	d100      	bne.n	10009e22 <_strtol_l.isra.0+0x3a>
10009e20:	e076      	b.n	10009f10 <_strtol_l.isra.0+0x128>
10009e22:	2c2b      	cmp	r4, #43	@ 0x2b
10009e24:	d03e      	beq.n	10009ea4 <_strtol_l.isra.0+0xbc>
10009e26:	4b45      	ldr	r3, [pc, #276]	@ (10009f3c <_strtol_l.isra.0+0x154>)
10009e28:	469b      	mov	fp, r3
10009e2a:	2300      	movs	r3, #0
10009e2c:	9301      	str	r3, [sp, #4]
10009e2e:	2e00      	cmp	r6, #0
10009e30:	d153      	bne.n	10009eda <_strtol_l.isra.0+0xf2>
10009e32:	2c30      	cmp	r4, #48	@ 0x30
10009e34:	d100      	bne.n	10009e38 <_strtol_l.isra.0+0x50>
10009e36:	e073      	b.n	10009f20 <_strtol_l.isra.0+0x138>
10009e38:	230a      	movs	r3, #10
10009e3a:	4699      	mov	r9, r3
10009e3c:	360a      	adds	r6, #10
10009e3e:	4649      	mov	r1, r9
10009e40:	4658      	mov	r0, fp
10009e42:	f7f8 fbfb 	bl	1000263c <__wrap___aeabi_uidiv>
10009e46:	002b      	movs	r3, r5
10009e48:	468c      	mov	ip, r1
10009e4a:	003d      	movs	r5, r7
10009e4c:	0002      	movs	r2, r0
10009e4e:	0027      	movs	r7, r4
10009e50:	2100      	movs	r1, #0
10009e52:	464c      	mov	r4, r9
10009e54:	2000      	movs	r0, #0
10009e56:	46e1      	mov	r9, ip
10009e58:	46ac      	mov	ip, r5
10009e5a:	003d      	movs	r5, r7
10009e5c:	3d30      	subs	r5, #48	@ 0x30
10009e5e:	2d09      	cmp	r5, #9
10009e60:	d907      	bls.n	10009e72 <_strtol_l.isra.0+0x8a>
10009e62:	3d11      	subs	r5, #17
10009e64:	2d19      	cmp	r5, #25
10009e66:	d903      	bls.n	10009e70 <_strtol_l.isra.0+0x88>
10009e68:	003d      	movs	r5, r7
10009e6a:	3d61      	subs	r5, #97	@ 0x61
10009e6c:	2d19      	cmp	r5, #25
10009e6e:	d820      	bhi.n	10009eb2 <_strtol_l.isra.0+0xca>
10009e70:	350a      	adds	r5, #10
10009e72:	42ae      	cmp	r6, r5
10009e74:	dd1d      	ble.n	10009eb2 <_strtol_l.isra.0+0xca>
10009e76:	1c4f      	adds	r7, r1, #1
10009e78:	d005      	beq.n	10009e86 <_strtol_l.isra.0+0x9e>
10009e7a:	4282      	cmp	r2, r0
10009e7c:	d32a      	bcc.n	10009ed4 <_strtol_l.isra.0+0xec>
10009e7e:	d027      	beq.n	10009ed0 <_strtol_l.isra.0+0xe8>
10009e80:	2101      	movs	r1, #1
10009e82:	4360      	muls	r0, r4
10009e84:	1828      	adds	r0, r5, r0
10009e86:	781f      	ldrb	r7, [r3, #0]
10009e88:	3301      	adds	r3, #1
10009e8a:	e7e6      	b.n	10009e5a <_strtol_l.isra.0+0x72>
10009e8c:	f000 f88a 	bl	10009fa4 <__errno>
10009e90:	2316      	movs	r3, #22
10009e92:	6003      	str	r3, [r0, #0]
10009e94:	2000      	movs	r0, #0
10009e96:	b003      	add	sp, #12
10009e98:	bcf0      	pop	{r4, r5, r6, r7}
10009e9a:	46bb      	mov	fp, r7
10009e9c:	46b2      	mov	sl, r6
10009e9e:	46a9      	mov	r9, r5
10009ea0:	46a0      	mov	r8, r4
10009ea2:	bdf0      	pop	{r4, r5, r6, r7, pc}
10009ea4:	781c      	ldrb	r4, [r3, #0]
10009ea6:	4b25      	ldr	r3, [pc, #148]	@ (10009f3c <_strtol_l.isra.0+0x154>)
10009ea8:	1c95      	adds	r5, r2, #2
10009eaa:	469b      	mov	fp, r3
10009eac:	2300      	movs	r3, #0
10009eae:	9301      	str	r3, [sp, #4]
10009eb0:	e7bd      	b.n	10009e2e <_strtol_l.isra.0+0x46>
10009eb2:	4667      	mov	r7, ip
10009eb4:	1c4a      	adds	r2, r1, #1
10009eb6:	d021      	beq.n	10009efc <_strtol_l.isra.0+0x114>
10009eb8:	9a01      	ldr	r2, [sp, #4]
10009eba:	2a00      	cmp	r2, #0
10009ebc:	d000      	beq.n	10009ec0 <_strtol_l.isra.0+0xd8>
10009ebe:	4240      	negs	r0, r0
10009ec0:	4642      	mov	r2, r8
10009ec2:	2a00      	cmp	r2, #0
10009ec4:	d0e7      	beq.n	10009e96 <_strtol_l.isra.0+0xae>
10009ec6:	2900      	cmp	r1, #0
10009ec8:	d133      	bne.n	10009f32 <_strtol_l.isra.0+0x14a>
10009eca:	4643      	mov	r3, r8
10009ecc:	601f      	str	r7, [r3, #0]
10009ece:	e7e2      	b.n	10009e96 <_strtol_l.isra.0+0xae>
10009ed0:	45a9      	cmp	r9, r5
10009ed2:	dad5      	bge.n	10009e80 <_strtol_l.isra.0+0x98>
10009ed4:	2101      	movs	r1, #1
10009ed6:	4249      	negs	r1, r1
10009ed8:	e7d5      	b.n	10009e86 <_strtol_l.isra.0+0x9e>
10009eda:	2e10      	cmp	r6, #16
10009edc:	d1af      	bne.n	10009e3e <_strtol_l.isra.0+0x56>
10009ede:	2310      	movs	r3, #16
10009ee0:	4699      	mov	r9, r3
10009ee2:	2c30      	cmp	r4, #48	@ 0x30
10009ee4:	d1ab      	bne.n	10009e3e <_strtol_l.isra.0+0x56>
10009ee6:	2220      	movs	r2, #32
10009ee8:	782b      	ldrb	r3, [r5, #0]
10009eea:	4393      	bics	r3, r2
10009eec:	2b58      	cmp	r3, #88	@ 0x58
10009eee:	d1a6      	bne.n	10009e3e <_strtol_l.isra.0+0x56>
10009ef0:	2310      	movs	r3, #16
10009ef2:	786c      	ldrb	r4, [r5, #1]
10009ef4:	4699      	mov	r9, r3
10009ef6:	2610      	movs	r6, #16
10009ef8:	3502      	adds	r5, #2
10009efa:	e7a0      	b.n	10009e3e <_strtol_l.isra.0+0x56>
10009efc:	2222      	movs	r2, #34	@ 0x22
10009efe:	4651      	mov	r1, sl
10009f00:	600a      	str	r2, [r1, #0]
10009f02:	4642      	mov	r2, r8
10009f04:	4658      	mov	r0, fp
10009f06:	2a00      	cmp	r2, #0
10009f08:	d0c5      	beq.n	10009e96 <_strtol_l.isra.0+0xae>
10009f0a:	4658      	mov	r0, fp
10009f0c:	1e5f      	subs	r7, r3, #1
10009f0e:	e7dc      	b.n	10009eca <_strtol_l.isra.0+0xe2>
10009f10:	781c      	ldrb	r4, [r3, #0]
10009f12:	2380      	movs	r3, #128	@ 0x80
10009f14:	061b      	lsls	r3, r3, #24
10009f16:	469b      	mov	fp, r3
10009f18:	2301      	movs	r3, #1
10009f1a:	1c95      	adds	r5, r2, #2
10009f1c:	9301      	str	r3, [sp, #4]
10009f1e:	e786      	b.n	10009e2e <_strtol_l.isra.0+0x46>
10009f20:	2220      	movs	r2, #32
10009f22:	782b      	ldrb	r3, [r5, #0]
10009f24:	4393      	bics	r3, r2
10009f26:	2b58      	cmp	r3, #88	@ 0x58
10009f28:	d0e2      	beq.n	10009ef0 <_strtol_l.isra.0+0x108>
10009f2a:	2308      	movs	r3, #8
10009f2c:	2608      	movs	r6, #8
10009f2e:	4699      	mov	r9, r3
10009f30:	e785      	b.n	10009e3e <_strtol_l.isra.0+0x56>
10009f32:	4683      	mov	fp, r0
10009f34:	e7e9      	b.n	10009f0a <_strtol_l.isra.0+0x122>
10009f36:	46c0      	nop			@ (mov r8, r8)
10009f38:	1000b9b9 	.word	0x1000b9b9
10009f3c:	7fffffff 	.word	0x7fffffff

10009f40 <_strtol_r>:
10009f40:	b510      	push	{r4, lr}
10009f42:	f7ff ff51 	bl	10009de8 <_strtol_l.isra.0>
10009f46:	bd10      	pop	{r4, pc}

10009f48 <strtol_l>:
10009f48:	b510      	push	{r4, lr}
10009f4a:	0004      	movs	r4, r0
10009f4c:	0013      	movs	r3, r2
10009f4e:	4a03      	ldr	r2, [pc, #12]	@ (10009f5c <strtol_l+0x14>)
10009f50:	6810      	ldr	r0, [r2, #0]
10009f52:	000a      	movs	r2, r1
10009f54:	0021      	movs	r1, r4
10009f56:	f7ff ff47 	bl	10009de8 <_strtol_l.isra.0>
10009f5a:	bd10      	pop	{r4, pc}
10009f5c:	20001690 	.word	0x20001690

10009f60 <strtol>:
10009f60:	b510      	push	{r4, lr}
10009f62:	0004      	movs	r4, r0
10009f64:	0013      	movs	r3, r2
10009f66:	4a03      	ldr	r2, [pc, #12]	@ (10009f74 <strtol+0x14>)
10009f68:	6810      	ldr	r0, [r2, #0]
10009f6a:	000a      	movs	r2, r1
10009f6c:	0021      	movs	r1, r4
10009f6e:	f7ff ff3b 	bl	10009de8 <_strtol_l.isra.0>
10009f72:	bd10      	pop	{r4, pc}
10009f74:	20001690 	.word	0x20001690

10009f78 <_wctomb_r>:
10009f78:	b570      	push	{r4, r5, r6, lr}
10009f7a:	25e0      	movs	r5, #224	@ 0xe0
10009f7c:	4c01      	ldr	r4, [pc, #4]	@ (10009f84 <_wctomb_r+0xc>)
10009f7e:	5964      	ldr	r4, [r4, r5]
10009f80:	47a0      	blx	r4
10009f82:	bd70      	pop	{r4, r5, r6, pc}
10009f84:	20001110 	.word	0x20001110

10009f88 <__ascii_wctomb>:
10009f88:	2900      	cmp	r1, #0
10009f8a:	d009      	beq.n	10009fa0 <__ascii_wctomb+0x18>
10009f8c:	2aff      	cmp	r2, #255	@ 0xff
10009f8e:	d802      	bhi.n	10009f96 <__ascii_wctomb+0xe>
10009f90:	2001      	movs	r0, #1
10009f92:	700a      	strb	r2, [r1, #0]
10009f94:	4770      	bx	lr
10009f96:	238a      	movs	r3, #138	@ 0x8a
10009f98:	6003      	str	r3, [r0, #0]
10009f9a:	2001      	movs	r0, #1
10009f9c:	4240      	negs	r0, r0
10009f9e:	e7f9      	b.n	10009f94 <__ascii_wctomb+0xc>
10009fa0:	2000      	movs	r0, #0
10009fa2:	e7f7      	b.n	10009f94 <__ascii_wctomb+0xc>

10009fa4 <__errno>:
10009fa4:	4b01      	ldr	r3, [pc, #4]	@ (10009fac <__errno+0x8>)
10009fa6:	6818      	ldr	r0, [r3, #0]
10009fa8:	4770      	bx	lr
10009faa:	46c0      	nop			@ (mov r8, r8)
10009fac:	20001690 	.word	0x20001690

10009fb0 <malloc>:
10009fb0:	b510      	push	{r4, lr}
10009fb2:	4b03      	ldr	r3, [pc, #12]	@ (10009fc0 <malloc+0x10>)
10009fb4:	0001      	movs	r1, r0
10009fb6:	6818      	ldr	r0, [r3, #0]
10009fb8:	f7ff faee 	bl	10009598 <_malloc_r>
10009fbc:	bd10      	pop	{r4, pc}
10009fbe:	46c0      	nop			@ (mov r8, r8)
10009fc0:	20001690 	.word	0x20001690

10009fc4 <free>:
10009fc4:	b510      	push	{r4, lr}
10009fc6:	4b03      	ldr	r3, [pc, #12]	@ (10009fd4 <free+0x10>)
10009fc8:	0001      	movs	r1, r0
10009fca:	6818      	ldr	r0, [r3, #0]
10009fcc:	f7ff fe16 	bl	10009bfc <_free_r>
10009fd0:	bd10      	pop	{r4, pc}
10009fd2:	46c0      	nop			@ (mov r8, r8)
10009fd4:	20001690 	.word	0x20001690

10009fd8 <__malloc_lock>:
10009fd8:	4770      	bx	lr
10009fda:	46c0      	nop			@ (mov r8, r8)

10009fdc <__malloc_unlock>:
10009fdc:	4770      	bx	lr
10009fde:	46c0      	nop			@ (mov r8, r8)

10009fe0 <_sbrk_r>:
10009fe0:	2300      	movs	r3, #0
10009fe2:	b570      	push	{r4, r5, r6, lr}
10009fe4:	4c06      	ldr	r4, [pc, #24]	@ (1000a000 <_sbrk_r+0x20>)
10009fe6:	0005      	movs	r5, r0
10009fe8:	0008      	movs	r0, r1
10009fea:	6023      	str	r3, [r4, #0]
10009fec:	f7fa ff6a 	bl	10004ec4 <_sbrk>
10009ff0:	1c43      	adds	r3, r0, #1
10009ff2:	d000      	beq.n	10009ff6 <_sbrk_r+0x16>
10009ff4:	bd70      	pop	{r4, r5, r6, pc}
10009ff6:	6823      	ldr	r3, [r4, #0]
10009ff8:	2b00      	cmp	r3, #0
10009ffa:	d0fb      	beq.n	10009ff4 <_sbrk_r+0x14>
10009ffc:	602b      	str	r3, [r5, #0]
10009ffe:	e7f9      	b.n	10009ff4 <_sbrk_r+0x14>
1000a000:	200026f4 	.word	0x200026f4

1000a004 <strcpy>:
1000a004:	0003      	movs	r3, r0
1000a006:	780a      	ldrb	r2, [r1, #0]
1000a008:	3101      	adds	r1, #1
1000a00a:	701a      	strb	r2, [r3, #0]
1000a00c:	3301      	adds	r3, #1
1000a00e:	2a00      	cmp	r2, #0
1000a010:	d1f9      	bne.n	1000a006 <strcpy+0x2>
1000a012:	4770      	bx	lr

1000a014 <atexit>:
1000a014:	b510      	push	{r4, lr}
1000a016:	0001      	movs	r1, r0
1000a018:	2300      	movs	r3, #0
1000a01a:	2200      	movs	r2, #0
1000a01c:	2000      	movs	r0, #0
1000a01e:	f000 ff01 	bl	1000ae24 <__register_exitproc>
1000a022:	bd10      	pop	{r4, pc}

1000a024 <strcmp>:
1000a024:	4602      	mov	r2, r0
1000a026:	b570      	push	{r4, r5, r6, lr}
1000a028:	430a      	orrs	r2, r1
1000a02a:	0792      	lsls	r2, r2, #30
1000a02c:	d12a      	bne.n	1000a084 <strcmp+0x60>
1000a02e:	4d1e      	ldr	r5, [pc, #120]	@ (1000a0a8 <strcmp+0x84>)
1000a030:	01ee      	lsls	r6, r5, #7
1000a032:	c804      	ldmia	r0!, {r2}
1000a034:	c908      	ldmia	r1!, {r3}
1000a036:	1b54      	subs	r4, r2, r5
1000a038:	4394      	bics	r4, r2
1000a03a:	4034      	ands	r4, r6
1000a03c:	d017      	beq.n	1000a06e <strcmp+0x4a>
1000a03e:	b2d0      	uxtb	r0, r2
1000a040:	b2d9      	uxtb	r1, r3
1000a042:	1a40      	subs	r0, r0, r1
1000a044:	0621      	lsls	r1, r4, #24
1000a046:	4301      	orrs	r1, r0
1000a048:	d110      	bne.n	1000a06c <strcmp+0x48>
1000a04a:	b290      	uxth	r0, r2
1000a04c:	b299      	uxth	r1, r3
1000a04e:	1a40      	subs	r0, r0, r1
1000a050:	0421      	lsls	r1, r4, #16
1000a052:	4301      	orrs	r1, r0
1000a054:	d10a      	bne.n	1000a06c <strcmp+0x48>
1000a056:	0210      	lsls	r0, r2, #8
1000a058:	0219      	lsls	r1, r3, #8
1000a05a:	0a00      	lsrs	r0, r0, #8
1000a05c:	0a09      	lsrs	r1, r1, #8
1000a05e:	1a40      	subs	r0, r0, r1
1000a060:	0221      	lsls	r1, r4, #8
1000a062:	4301      	orrs	r1, r0
1000a064:	d102      	bne.n	1000a06c <strcmp+0x48>
1000a066:	0e10      	lsrs	r0, r2, #24
1000a068:	0e19      	lsrs	r1, r3, #24
1000a06a:	1a40      	subs	r0, r0, r1
1000a06c:	bd70      	pop	{r4, r5, r6, pc}
1000a06e:	429a      	cmp	r2, r3
1000a070:	d0df      	beq.n	1000a032 <strcmp+0xe>
1000a072:	ba10      	rev	r0, r2
1000a074:	ba19      	rev	r1, r3
1000a076:	4288      	cmp	r0, r1
1000a078:	d901      	bls.n	1000a07e <strcmp+0x5a>
1000a07a:	2001      	movs	r0, #1
1000a07c:	bd70      	pop	{r4, r5, r6, pc}
1000a07e:	2000      	movs	r0, #0
1000a080:	43c0      	mvns	r0, r0
1000a082:	bd70      	pop	{r4, r5, r6, pc}
1000a084:	7802      	ldrb	r2, [r0, #0]
1000a086:	780b      	ldrb	r3, [r1, #0]
1000a088:	3001      	adds	r0, #1
1000a08a:	3101      	adds	r1, #1
1000a08c:	2a00      	cmp	r2, #0
1000a08e:	d009      	beq.n	1000a0a4 <strcmp+0x80>
1000a090:	429a      	cmp	r2, r3
1000a092:	d107      	bne.n	1000a0a4 <strcmp+0x80>
1000a094:	7802      	ldrb	r2, [r0, #0]
1000a096:	780b      	ldrb	r3, [r1, #0]
1000a098:	3001      	adds	r0, #1
1000a09a:	3101      	adds	r1, #1
1000a09c:	2a00      	cmp	r2, #0
1000a09e:	d001      	beq.n	1000a0a4 <strcmp+0x80>
1000a0a0:	429a      	cmp	r2, r3
1000a0a2:	d0ef      	beq.n	1000a084 <strcmp+0x60>
1000a0a4:	1ad0      	subs	r0, r2, r3
1000a0a6:	bd70      	pop	{r4, r5, r6, pc}
1000a0a8:	01010101 	.word	0x01010101

1000a0ac <__match>:
1000a0ac:	b530      	push	{r4, r5, lr}
1000a0ae:	6802      	ldr	r2, [r0, #0]
1000a0b0:	e008      	b.n	1000a0c4 <__match+0x18>
1000a0b2:	7813      	ldrb	r3, [r2, #0]
1000a0b4:	001d      	movs	r5, r3
1000a0b6:	3d41      	subs	r5, #65	@ 0x41
1000a0b8:	2d19      	cmp	r5, #25
1000a0ba:	d800      	bhi.n	1000a0be <__match+0x12>
1000a0bc:	3320      	adds	r3, #32
1000a0be:	3101      	adds	r1, #1
1000a0c0:	42a3      	cmp	r3, r4
1000a0c2:	d106      	bne.n	1000a0d2 <__match+0x26>
1000a0c4:	780c      	ldrb	r4, [r1, #0]
1000a0c6:	3201      	adds	r2, #1
1000a0c8:	2c00      	cmp	r4, #0
1000a0ca:	d1f2      	bne.n	1000a0b2 <__match+0x6>
1000a0cc:	6002      	str	r2, [r0, #0]
1000a0ce:	2001      	movs	r0, #1
1000a0d0:	bd30      	pop	{r4, r5, pc}
1000a0d2:	2000      	movs	r0, #0
1000a0d4:	e7fc      	b.n	1000a0d0 <__match+0x24>
1000a0d6:	46c0      	nop			@ (mov r8, r8)

1000a0d8 <__hexnan>:
1000a0d8:	b5f0      	push	{r4, r5, r6, r7, lr}
1000a0da:	4645      	mov	r5, r8
1000a0dc:	46de      	mov	lr, fp
1000a0de:	4657      	mov	r7, sl
1000a0e0:	464e      	mov	r6, r9
1000a0e2:	241f      	movs	r4, #31
1000a0e4:	0003      	movs	r3, r0
1000a0e6:	0008      	movs	r0, r1
1000a0e8:	b5e0      	push	{r5, r6, r7, lr}
1000a0ea:	0025      	movs	r5, r4
1000a0ec:	0011      	movs	r1, r2
1000a0ee:	6800      	ldr	r0, [r0, #0]
1000a0f0:	b087      	sub	sp, #28
1000a0f2:	1142      	asrs	r2, r0, #5
1000a0f4:	0092      	lsls	r2, r2, #2
1000a0f6:	4005      	ands	r5, r0
1000a0f8:	188a      	adds	r2, r1, r2
1000a0fa:	9503      	str	r5, [sp, #12]
1000a0fc:	4204      	tst	r4, r0
1000a0fe:	d000      	beq.n	1000a102 <__hexnan+0x2a>
1000a100:	e0a1      	b.n	1000a246 <__hexnan+0x16e>
1000a102:	0010      	movs	r0, r2
1000a104:	1f17      	subs	r7, r2, #4
1000a106:	1f02      	subs	r2, r0, #4
1000a108:	4691      	mov	r9, r2
1000a10a:	2200      	movs	r2, #0
1000a10c:	4648      	mov	r0, r9
1000a10e:	6002      	str	r2, [r0, #0]
1000a110:	6818      	ldr	r0, [r3, #0]
1000a112:	7846      	ldrb	r6, [r0, #1]
1000a114:	2e00      	cmp	r6, #0
1000a116:	d100      	bne.n	1000a11a <__hexnan+0x42>
1000a118:	e0b2      	b.n	1000a280 <__hexnan+0x1a8>
1000a11a:	9001      	str	r0, [sp, #4]
1000a11c:	486e      	ldr	r0, [pc, #440]	@ (1000a2d8 <__hexnan+0x200>)
1000a11e:	9304      	str	r3, [sp, #16]
1000a120:	4680      	mov	r8, r0
1000a122:	464b      	mov	r3, r9
1000a124:	200f      	movs	r0, #15
1000a126:	2400      	movs	r4, #0
1000a128:	2200      	movs	r2, #0
1000a12a:	4683      	mov	fp, r0
1000a12c:	9801      	ldr	r0, [sp, #4]
1000a12e:	9301      	str	r3, [sp, #4]
1000a130:	4643      	mov	r3, r8
1000a132:	9602      	str	r6, [sp, #8]
1000a134:	003d      	movs	r5, r7
1000a136:	0026      	movs	r6, r4
1000a138:	4689      	mov	r9, r1
1000a13a:	46b8      	mov	r8, r7
1000a13c:	0039      	movs	r1, r7
1000a13e:	4692      	mov	sl, r2
1000a140:	001f      	movs	r7, r3
1000a142:	9c02      	ldr	r4, [sp, #8]
1000a144:	e015      	b.n	1000a172 <__hexnan+0x9a>
1000a146:	2c20      	cmp	r4, #32
1000a148:	d900      	bls.n	1000a14c <__hexnan+0x74>
1000a14a:	e08d      	b.n	1000a268 <__hexnan+0x190>
1000a14c:	4552      	cmp	r2, sl
1000a14e:	dd0c      	ble.n	1000a16a <__hexnan+0x92>
1000a150:	42a9      	cmp	r1, r5
1000a152:	d901      	bls.n	1000a158 <__hexnan+0x80>
1000a154:	2e07      	cmp	r6, #7
1000a156:	dd58      	ble.n	1000a20a <__hexnan+0x132>
1000a158:	2608      	movs	r6, #8
1000a15a:	45a9      	cmp	r9, r5
1000a15c:	d205      	bcs.n	1000a16a <__hexnan+0x92>
1000a15e:	1f29      	subs	r1, r5, #4
1000a160:	2300      	movs	r3, #0
1000a162:	4692      	mov	sl, r2
1000a164:	000d      	movs	r5, r1
1000a166:	2600      	movs	r6, #0
1000a168:	600b      	str	r3, [r1, #0]
1000a16a:	7884      	ldrb	r4, [r0, #2]
1000a16c:	3001      	adds	r0, #1
1000a16e:	2c00      	cmp	r4, #0
1000a170:	d012      	beq.n	1000a198 <__hexnan+0xc0>
1000a172:	5d3b      	ldrb	r3, [r7, r4]
1000a174:	2b00      	cmp	r3, #0
1000a176:	d0e6      	beq.n	1000a146 <__hexnan+0x6e>
1000a178:	3601      	adds	r6, #1
1000a17a:	3201      	adds	r2, #1
1000a17c:	2e08      	cmp	r6, #8
1000a17e:	dc3c      	bgt.n	1000a1fa <__hexnan+0x122>
1000a180:	682c      	ldr	r4, [r5, #0]
1000a182:	0124      	lsls	r4, r4, #4
1000a184:	46a4      	mov	ip, r4
1000a186:	465c      	mov	r4, fp
1000a188:	4023      	ands	r3, r4
1000a18a:	4664      	mov	r4, ip
1000a18c:	4323      	orrs	r3, r4
1000a18e:	602b      	str	r3, [r5, #0]
1000a190:	7884      	ldrb	r4, [r0, #2]
1000a192:	3001      	adds	r0, #1
1000a194:	2c00      	cmp	r4, #0
1000a196:	d1ec      	bne.n	1000a172 <__hexnan+0x9a>
1000a198:	9b01      	ldr	r3, [sp, #4]
1000a19a:	468c      	mov	ip, r1
1000a19c:	0034      	movs	r4, r6
1000a19e:	4649      	mov	r1, r9
1000a1a0:	4647      	mov	r7, r8
1000a1a2:	4699      	mov	r9, r3
1000a1a4:	2a00      	cmp	r2, #0
1000a1a6:	d06b      	beq.n	1000a280 <__hexnan+0x1a8>
1000a1a8:	4565      	cmp	r5, ip
1000a1aa:	d202      	bcs.n	1000a1b2 <__hexnan+0xda>
1000a1ac:	2c07      	cmp	r4, #7
1000a1ae:	dc00      	bgt.n	1000a1b2 <__hexnan+0xda>
1000a1b0:	e074      	b.n	1000a29c <__hexnan+0x1c4>
1000a1b2:	42a9      	cmp	r1, r5
1000a1b4:	d24a      	bcs.n	1000a24c <__hexnan+0x174>
1000a1b6:	000a      	movs	r2, r1
1000a1b8:	002b      	movs	r3, r5
1000a1ba:	cb01      	ldmia	r3!, {r0}
1000a1bc:	c201      	stmia	r2!, {r0}
1000a1be:	429f      	cmp	r7, r3
1000a1c0:	d2fb      	bcs.n	1000a1ba <__hexnan+0xe2>
1000a1c2:	1c6a      	adds	r2, r5, #1
1000a1c4:	1c78      	adds	r0, r7, #1
1000a1c6:	2304      	movs	r3, #4
1000a1c8:	4290      	cmp	r0, r2
1000a1ca:	d262      	bcs.n	1000a292 <__hexnan+0x1ba>
1000a1cc:	2200      	movs	r2, #0
1000a1ce:	18cb      	adds	r3, r1, r3
1000a1d0:	c304      	stmia	r3!, {r2}
1000a1d2:	429f      	cmp	r7, r3
1000a1d4:	d2fc      	bcs.n	1000a1d0 <__hexnan+0xf8>
1000a1d6:	464b      	mov	r3, r9
1000a1d8:	681b      	ldr	r3, [r3, #0]
1000a1da:	2b00      	cmp	r3, #0
1000a1dc:	d105      	bne.n	1000a1ea <__hexnan+0x112>
1000a1de:	42b9      	cmp	r1, r7
1000a1e0:	d050      	beq.n	1000a284 <__hexnan+0x1ac>
1000a1e2:	3f04      	subs	r7, #4
1000a1e4:	683b      	ldr	r3, [r7, #0]
1000a1e6:	2b00      	cmp	r3, #0
1000a1e8:	d0f9      	beq.n	1000a1de <__hexnan+0x106>
1000a1ea:	2005      	movs	r0, #5
1000a1ec:	b007      	add	sp, #28
1000a1ee:	bcf0      	pop	{r4, r5, r6, r7}
1000a1f0:	46bb      	mov	fp, r7
1000a1f2:	46b2      	mov	sl, r6
1000a1f4:	46a9      	mov	r9, r5
1000a1f6:	46a0      	mov	r8, r4
1000a1f8:	bdf0      	pop	{r4, r5, r6, r7, pc}
1000a1fa:	45a9      	cmp	r9, r5
1000a1fc:	d2b5      	bcs.n	1000a16a <__hexnan+0x92>
1000a1fe:	2400      	movs	r4, #0
1000a200:	3d04      	subs	r5, #4
1000a202:	46a4      	mov	ip, r4
1000a204:	2601      	movs	r6, #1
1000a206:	602c      	str	r4, [r5, #0]
1000a208:	e7bd      	b.n	1000a186 <__hexnan+0xae>
1000a20a:	2308      	movs	r3, #8
1000a20c:	1b9b      	subs	r3, r3, r6
1000a20e:	009b      	lsls	r3, r3, #2
1000a210:	469c      	mov	ip, r3
1000a212:	2320      	movs	r3, #32
1000a214:	4664      	mov	r4, ip
1000a216:	002e      	movs	r6, r5
1000a218:	1b1c      	subs	r4, r3, r4
1000a21a:	9502      	str	r5, [sp, #8]
1000a21c:	682b      	ldr	r3, [r5, #0]
1000a21e:	4665      	mov	r5, ip
1000a220:	9005      	str	r0, [sp, #20]
1000a222:	4694      	mov	ip, r2
1000a224:	0020      	movs	r0, r4
1000a226:	002a      	movs	r2, r5
1000a228:	6875      	ldr	r5, [r6, #4]
1000a22a:	002c      	movs	r4, r5
1000a22c:	4084      	lsls	r4, r0
1000a22e:	431c      	orrs	r4, r3
1000a230:	002b      	movs	r3, r5
1000a232:	40d3      	lsrs	r3, r2
1000a234:	6034      	str	r4, [r6, #0]
1000a236:	6073      	str	r3, [r6, #4]
1000a238:	3604      	adds	r6, #4
1000a23a:	42b1      	cmp	r1, r6
1000a23c:	d8f4      	bhi.n	1000a228 <__hexnan+0x150>
1000a23e:	4662      	mov	r2, ip
1000a240:	9d02      	ldr	r5, [sp, #8]
1000a242:	9805      	ldr	r0, [sp, #20]
1000a244:	e788      	b.n	1000a158 <__hexnan+0x80>
1000a246:	0017      	movs	r7, r2
1000a248:	1d10      	adds	r0, r2, #4
1000a24a:	e75c      	b.n	1000a106 <__hexnan+0x2e>
1000a24c:	464b      	mov	r3, r9
1000a24e:	9a03      	ldr	r2, [sp, #12]
1000a250:	681b      	ldr	r3, [r3, #0]
1000a252:	2a00      	cmp	r2, #0
1000a254:	d0c7      	beq.n	1000a1e6 <__hexnan+0x10e>
1000a256:	2020      	movs	r0, #32
1000a258:	1a80      	subs	r0, r0, r2
1000a25a:	2201      	movs	r2, #1
1000a25c:	4252      	negs	r2, r2
1000a25e:	40c2      	lsrs	r2, r0
1000a260:	4013      	ands	r3, r2
1000a262:	464a      	mov	r2, r9
1000a264:	6013      	str	r3, [r2, #0]
1000a266:	e7be      	b.n	1000a1e6 <__hexnan+0x10e>
1000a268:	46a2      	mov	sl, r4
1000a26a:	0034      	movs	r4, r6
1000a26c:	4656      	mov	r6, sl
1000a26e:	4647      	mov	r7, r8
1000a270:	4680      	mov	r8, r0
1000a272:	9801      	ldr	r0, [sp, #4]
1000a274:	468c      	mov	ip, r1
1000a276:	9b04      	ldr	r3, [sp, #16]
1000a278:	4649      	mov	r1, r9
1000a27a:	4681      	mov	r9, r0
1000a27c:	2e29      	cmp	r6, #41	@ 0x29
1000a27e:	d004      	beq.n	1000a28a <__hexnan+0x1b2>
1000a280:	2004      	movs	r0, #4
1000a282:	e7b3      	b.n	1000a1ec <__hexnan+0x114>
1000a284:	2301      	movs	r3, #1
1000a286:	603b      	str	r3, [r7, #0]
1000a288:	e7af      	b.n	1000a1ea <__hexnan+0x112>
1000a28a:	4640      	mov	r0, r8
1000a28c:	3002      	adds	r0, #2
1000a28e:	6018      	str	r0, [r3, #0]
1000a290:	e788      	b.n	1000a1a4 <__hexnan+0xcc>
1000a292:	1b7d      	subs	r5, r7, r5
1000a294:	08ad      	lsrs	r5, r5, #2
1000a296:	3501      	adds	r5, #1
1000a298:	00ab      	lsls	r3, r5, #2
1000a29a:	e797      	b.n	1000a1cc <__hexnan+0xf4>
1000a29c:	2608      	movs	r6, #8
1000a29e:	2320      	movs	r3, #32
1000a2a0:	1b36      	subs	r6, r6, r4
1000a2a2:	00b6      	lsls	r6, r6, #2
1000a2a4:	1b9b      	subs	r3, r3, r6
1000a2a6:	4698      	mov	r8, r3
1000a2a8:	682b      	ldr	r3, [r5, #0]
1000a2aa:	0028      	movs	r0, r5
1000a2ac:	001a      	movs	r2, r3
1000a2ae:	000b      	movs	r3, r1
1000a2b0:	0031      	movs	r1, r6
1000a2b2:	4666      	mov	r6, ip
1000a2b4:	46ac      	mov	ip, r5
1000a2b6:	4645      	mov	r5, r8
1000a2b8:	4698      	mov	r8, r3
1000a2ba:	6844      	ldr	r4, [r0, #4]
1000a2bc:	0023      	movs	r3, r4
1000a2be:	40ab      	lsls	r3, r5
1000a2c0:	4313      	orrs	r3, r2
1000a2c2:	0022      	movs	r2, r4
1000a2c4:	40ca      	lsrs	r2, r1
1000a2c6:	6003      	str	r3, [r0, #0]
1000a2c8:	6042      	str	r2, [r0, #4]
1000a2ca:	3004      	adds	r0, #4
1000a2cc:	4286      	cmp	r6, r0
1000a2ce:	d8f4      	bhi.n	1000a2ba <__hexnan+0x1e2>
1000a2d0:	4665      	mov	r5, ip
1000a2d2:	4641      	mov	r1, r8
1000a2d4:	e76d      	b.n	1000a1b2 <__hexnan+0xda>
1000a2d6:	46c0      	nop			@ (mov r8, r8)
1000a2d8:	1000b8b8 	.word	0x1000b8b8

1000a2dc <nan>:
1000a2dc:	2000      	movs	r0, #0
1000a2de:	4901      	ldr	r1, [pc, #4]	@ (1000a2e4 <nan+0x8>)
1000a2e0:	4770      	bx	lr
1000a2e2:	46c0      	nop			@ (mov r8, r8)
1000a2e4:	7ff80000 	.word	0x7ff80000

1000a2e8 <nanf>:
1000a2e8:	4800      	ldr	r0, [pc, #0]	@ (1000a2ec <nanf+0x4>)
1000a2ea:	4770      	bx	lr
1000a2ec:	7fc00000 	.word	0x7fc00000

1000a2f0 <_Balloc>:
1000a2f0:	6c43      	ldr	r3, [r0, #68]	@ 0x44
1000a2f2:	b570      	push	{r4, r5, r6, lr}
1000a2f4:	0004      	movs	r4, r0
1000a2f6:	000d      	movs	r5, r1
1000a2f8:	2b00      	cmp	r3, #0
1000a2fa:	d00a      	beq.n	1000a312 <_Balloc+0x22>
1000a2fc:	00aa      	lsls	r2, r5, #2
1000a2fe:	189b      	adds	r3, r3, r2
1000a300:	6818      	ldr	r0, [r3, #0]
1000a302:	2800      	cmp	r0, #0
1000a304:	d00e      	beq.n	1000a324 <_Balloc+0x34>
1000a306:	6802      	ldr	r2, [r0, #0]
1000a308:	601a      	str	r2, [r3, #0]
1000a30a:	2300      	movs	r3, #0
1000a30c:	6103      	str	r3, [r0, #16]
1000a30e:	60c3      	str	r3, [r0, #12]
1000a310:	bd70      	pop	{r4, r5, r6, pc}
1000a312:	2221      	movs	r2, #33	@ 0x21
1000a314:	2104      	movs	r1, #4
1000a316:	f7ff f8d7 	bl	100094c8 <_calloc_r>
1000a31a:	1e03      	subs	r3, r0, #0
1000a31c:	6460      	str	r0, [r4, #68]	@ 0x44
1000a31e:	d1ed      	bne.n	1000a2fc <_Balloc+0xc>
1000a320:	2000      	movs	r0, #0
1000a322:	e7f5      	b.n	1000a310 <_Balloc+0x20>
1000a324:	2601      	movs	r6, #1
1000a326:	40ae      	lsls	r6, r5
1000a328:	1d72      	adds	r2, r6, #5
1000a32a:	2101      	movs	r1, #1
1000a32c:	0020      	movs	r0, r4
1000a32e:	0092      	lsls	r2, r2, #2
1000a330:	f7ff f8ca 	bl	100094c8 <_calloc_r>
1000a334:	2800      	cmp	r0, #0
1000a336:	d0f3      	beq.n	1000a320 <_Balloc+0x30>
1000a338:	6045      	str	r5, [r0, #4]
1000a33a:	6086      	str	r6, [r0, #8]
1000a33c:	e7e5      	b.n	1000a30a <_Balloc+0x1a>
1000a33e:	46c0      	nop			@ (mov r8, r8)

1000a340 <_Bfree>:
1000a340:	2900      	cmp	r1, #0
1000a342:	d006      	beq.n	1000a352 <_Bfree+0x12>
1000a344:	684a      	ldr	r2, [r1, #4]
1000a346:	6c43      	ldr	r3, [r0, #68]	@ 0x44
1000a348:	0092      	lsls	r2, r2, #2
1000a34a:	189b      	adds	r3, r3, r2
1000a34c:	681a      	ldr	r2, [r3, #0]
1000a34e:	600a      	str	r2, [r1, #0]
1000a350:	6019      	str	r1, [r3, #0]
1000a352:	4770      	bx	lr

1000a354 <__multadd>:
1000a354:	b5f0      	push	{r4, r5, r6, r7, lr}
1000a356:	46c6      	mov	lr, r8
1000a358:	001f      	movs	r7, r3
1000a35a:	4680      	mov	r8, r0
1000a35c:	2300      	movs	r3, #0
1000a35e:	b500      	push	{lr}
1000a360:	000e      	movs	r6, r1
1000a362:	690d      	ldr	r5, [r1, #16]
1000a364:	3114      	adds	r1, #20
1000a366:	680c      	ldr	r4, [r1, #0]
1000a368:	3301      	adds	r3, #1
1000a36a:	0420      	lsls	r0, r4, #16
1000a36c:	0c00      	lsrs	r0, r0, #16
1000a36e:	4350      	muls	r0, r2
1000a370:	0c24      	lsrs	r4, r4, #16
1000a372:	4354      	muls	r4, r2
1000a374:	19c0      	adds	r0, r0, r7
1000a376:	0c07      	lsrs	r7, r0, #16
1000a378:	19e4      	adds	r4, r4, r7
1000a37a:	0400      	lsls	r0, r0, #16
1000a37c:	0c27      	lsrs	r7, r4, #16
1000a37e:	0c00      	lsrs	r0, r0, #16
1000a380:	0424      	lsls	r4, r4, #16
1000a382:	1824      	adds	r4, r4, r0
1000a384:	c110      	stmia	r1!, {r4}
1000a386:	429d      	cmp	r5, r3
1000a388:	dced      	bgt.n	1000a366 <__multadd+0x12>
1000a38a:	2f00      	cmp	r7, #0
1000a38c:	d008      	beq.n	1000a3a0 <__multadd+0x4c>
1000a38e:	68b3      	ldr	r3, [r6, #8]
1000a390:	42ab      	cmp	r3, r5
1000a392:	dd09      	ble.n	1000a3a8 <__multadd+0x54>
1000a394:	1d2b      	adds	r3, r5, #4
1000a396:	009b      	lsls	r3, r3, #2
1000a398:	18f3      	adds	r3, r6, r3
1000a39a:	3501      	adds	r5, #1
1000a39c:	605f      	str	r7, [r3, #4]
1000a39e:	6135      	str	r5, [r6, #16]
1000a3a0:	0030      	movs	r0, r6
1000a3a2:	bc80      	pop	{r7}
1000a3a4:	46b8      	mov	r8, r7
1000a3a6:	bdf0      	pop	{r4, r5, r6, r7, pc}
1000a3a8:	6871      	ldr	r1, [r6, #4]
1000a3aa:	4640      	mov	r0, r8
1000a3ac:	3101      	adds	r1, #1
1000a3ae:	f7ff ff9f 	bl	1000a2f0 <_Balloc>
1000a3b2:	1e04      	subs	r4, r0, #0
1000a3b4:	d017      	beq.n	1000a3e6 <__multadd+0x92>
1000a3b6:	0031      	movs	r1, r6
1000a3b8:	6932      	ldr	r2, [r6, #16]
1000a3ba:	310c      	adds	r1, #12
1000a3bc:	3202      	adds	r2, #2
1000a3be:	0092      	lsls	r2, r2, #2
1000a3c0:	300c      	adds	r0, #12
1000a3c2:	f7f9 f8dd 	bl	10003580 <__wrap___aeabi_memcpy>
1000a3c6:	4643      	mov	r3, r8
1000a3c8:	6872      	ldr	r2, [r6, #4]
1000a3ca:	6c5b      	ldr	r3, [r3, #68]	@ 0x44
1000a3cc:	0092      	lsls	r2, r2, #2
1000a3ce:	189b      	adds	r3, r3, r2
1000a3d0:	681a      	ldr	r2, [r3, #0]
1000a3d2:	6032      	str	r2, [r6, #0]
1000a3d4:	601e      	str	r6, [r3, #0]
1000a3d6:	0026      	movs	r6, r4
1000a3d8:	1d2b      	adds	r3, r5, #4
1000a3da:	009b      	lsls	r3, r3, #2
1000a3dc:	18f3      	adds	r3, r6, r3
1000a3de:	3501      	adds	r5, #1
1000a3e0:	605f      	str	r7, [r3, #4]
1000a3e2:	6135      	str	r5, [r6, #16]
1000a3e4:	e7dc      	b.n	1000a3a0 <__multadd+0x4c>
1000a3e6:	2200      	movs	r2, #0
1000a3e8:	21ba      	movs	r1, #186	@ 0xba
1000a3ea:	4b02      	ldr	r3, [pc, #8]	@ (1000a3f4 <__multadd+0xa0>)
1000a3ec:	4802      	ldr	r0, [pc, #8]	@ (1000a3f8 <__multadd+0xa4>)
1000a3ee:	f7fa fd87 	bl	10004f00 <__assert_func>
1000a3f2:	46c0      	nop			@ (mov r8, r8)
1000a3f4:	1000b25c 	.word	0x1000b25c
1000a3f8:	1000b2a4 	.word	0x1000b2a4

1000a3fc <__s2b>:
1000a3fc:	b5f8      	push	{r3, r4, r5, r6, r7, lr}
1000a3fe:	4647      	mov	r7, r8
1000a400:	46ce      	mov	lr, r9
1000a402:	0006      	movs	r6, r0
1000a404:	0018      	movs	r0, r3
1000a406:	b580      	push	{r7, lr}
1000a408:	000c      	movs	r4, r1
1000a40a:	3008      	adds	r0, #8
1000a40c:	2109      	movs	r1, #9
1000a40e:	001f      	movs	r7, r3
1000a410:	4690      	mov	r8, r2
1000a412:	f7f8 f8eb 	bl	100025ec <__wrap___aeabi_idiv>
1000a416:	2f09      	cmp	r7, #9
1000a418:	dd3b      	ble.n	1000a492 <__s2b+0x96>
1000a41a:	2501      	movs	r5, #1
1000a41c:	2100      	movs	r1, #0
1000a41e:	006d      	lsls	r5, r5, #1
1000a420:	3101      	adds	r1, #1
1000a422:	42a8      	cmp	r0, r5
1000a424:	dcfb      	bgt.n	1000a41e <__s2b+0x22>
1000a426:	0030      	movs	r0, r6
1000a428:	f7ff ff62 	bl	1000a2f0 <_Balloc>
1000a42c:	1e01      	subs	r1, r0, #0
1000a42e:	d032      	beq.n	1000a496 <__s2b+0x9a>
1000a430:	9b08      	ldr	r3, [sp, #32]
1000a432:	6143      	str	r3, [r0, #20]
1000a434:	2301      	movs	r3, #1
1000a436:	6103      	str	r3, [r0, #16]
1000a438:	4643      	mov	r3, r8
1000a43a:	2b09      	cmp	r3, #9
1000a43c:	dc16      	bgt.n	1000a46c <__s2b+0x70>
1000a43e:	2309      	movs	r3, #9
1000a440:	4698      	mov	r8, r3
1000a442:	340a      	adds	r4, #10
1000a444:	4547      	cmp	r7, r8
1000a446:	dd0c      	ble.n	1000a462 <__s2b+0x66>
1000a448:	4643      	mov	r3, r8
1000a44a:	19e7      	adds	r7, r4, r7
1000a44c:	1aff      	subs	r7, r7, r3
1000a44e:	7823      	ldrb	r3, [r4, #0]
1000a450:	220a      	movs	r2, #10
1000a452:	0030      	movs	r0, r6
1000a454:	3b30      	subs	r3, #48	@ 0x30
1000a456:	f7ff ff7d 	bl	1000a354 <__multadd>
1000a45a:	3401      	adds	r4, #1
1000a45c:	0001      	movs	r1, r0
1000a45e:	42bc      	cmp	r4, r7
1000a460:	d1f5      	bne.n	1000a44e <__s2b+0x52>
1000a462:	0008      	movs	r0, r1
1000a464:	bcc0      	pop	{r6, r7}
1000a466:	46b9      	mov	r9, r7
1000a468:	46b0      	mov	r8, r6
1000a46a:	bdf8      	pop	{r3, r4, r5, r6, r7, pc}
1000a46c:	2309      	movs	r3, #9
1000a46e:	4699      	mov	r9, r3
1000a470:	44a1      	add	r9, r4
1000a472:	464d      	mov	r5, r9
1000a474:	4444      	add	r4, r8
1000a476:	782b      	ldrb	r3, [r5, #0]
1000a478:	220a      	movs	r2, #10
1000a47a:	0030      	movs	r0, r6
1000a47c:	3b30      	subs	r3, #48	@ 0x30
1000a47e:	f7ff ff69 	bl	1000a354 <__multadd>
1000a482:	3501      	adds	r5, #1
1000a484:	0001      	movs	r1, r0
1000a486:	42a5      	cmp	r5, r4
1000a488:	d1f5      	bne.n	1000a476 <__s2b+0x7a>
1000a48a:	4644      	mov	r4, r8
1000a48c:	3c08      	subs	r4, #8
1000a48e:	444c      	add	r4, r9
1000a490:	e7d8      	b.n	1000a444 <__s2b+0x48>
1000a492:	2100      	movs	r1, #0
1000a494:	e7c7      	b.n	1000a426 <__s2b+0x2a>
1000a496:	2200      	movs	r2, #0
1000a498:	4b02      	ldr	r3, [pc, #8]	@ (1000a4a4 <__s2b+0xa8>)
1000a49a:	4803      	ldr	r0, [pc, #12]	@ (1000a4a8 <__s2b+0xac>)
1000a49c:	31d3      	adds	r1, #211	@ 0xd3
1000a49e:	f7fa fd2f 	bl	10004f00 <__assert_func>
1000a4a2:	46c0      	nop			@ (mov r8, r8)
1000a4a4:	1000b25c 	.word	0x1000b25c
1000a4a8:	1000b2a4 	.word	0x1000b2a4

1000a4ac <__hi0bits>:
1000a4ac:	2280      	movs	r2, #128	@ 0x80
1000a4ae:	0003      	movs	r3, r0
1000a4b0:	0252      	lsls	r2, r2, #9
1000a4b2:	2000      	movs	r0, #0
1000a4b4:	4293      	cmp	r3, r2
1000a4b6:	d201      	bcs.n	1000a4bc <__hi0bits+0x10>
1000a4b8:	041b      	lsls	r3, r3, #16
1000a4ba:	3010      	adds	r0, #16
1000a4bc:	2280      	movs	r2, #128	@ 0x80
1000a4be:	0452      	lsls	r2, r2, #17
1000a4c0:	4293      	cmp	r3, r2
1000a4c2:	d201      	bcs.n	1000a4c8 <__hi0bits+0x1c>
1000a4c4:	3008      	adds	r0, #8
1000a4c6:	021b      	lsls	r3, r3, #8
1000a4c8:	2280      	movs	r2, #128	@ 0x80
1000a4ca:	0552      	lsls	r2, r2, #21
1000a4cc:	4293      	cmp	r3, r2
1000a4ce:	d201      	bcs.n	1000a4d4 <__hi0bits+0x28>
1000a4d0:	3004      	adds	r0, #4
1000a4d2:	011b      	lsls	r3, r3, #4
1000a4d4:	2280      	movs	r2, #128	@ 0x80
1000a4d6:	05d2      	lsls	r2, r2, #23
1000a4d8:	4293      	cmp	r3, r2
1000a4da:	d303      	bcc.n	1000a4e4 <__hi0bits+0x38>
1000a4dc:	43db      	mvns	r3, r3
1000a4de:	0fdb      	lsrs	r3, r3, #31
1000a4e0:	18c0      	adds	r0, r0, r3
1000a4e2:	4770      	bx	lr
1000a4e4:	0099      	lsls	r1, r3, #2
1000a4e6:	009b      	lsls	r3, r3, #2
1000a4e8:	d404      	bmi.n	1000a4f4 <__hi0bits+0x48>
1000a4ea:	3003      	adds	r0, #3
1000a4ec:	4211      	tst	r1, r2
1000a4ee:	d1f8      	bne.n	1000a4e2 <__hi0bits+0x36>
1000a4f0:	2020      	movs	r0, #32
1000a4f2:	e7f6      	b.n	1000a4e2 <__hi0bits+0x36>
1000a4f4:	3002      	adds	r0, #2
1000a4f6:	e7f4      	b.n	1000a4e2 <__hi0bits+0x36>

1000a4f8 <__lo0bits>:
1000a4f8:	6803      	ldr	r3, [r0, #0]
1000a4fa:	0002      	movs	r2, r0
1000a4fc:	0759      	lsls	r1, r3, #29
1000a4fe:	d007      	beq.n	1000a510 <__lo0bits+0x18>
1000a500:	07d9      	lsls	r1, r3, #31
1000a502:	d41e      	bmi.n	1000a542 <__lo0bits+0x4a>
1000a504:	0799      	lsls	r1, r3, #30
1000a506:	d520      	bpl.n	1000a54a <__lo0bits+0x52>
1000a508:	085b      	lsrs	r3, r3, #1
1000a50a:	6003      	str	r3, [r0, #0]
1000a50c:	2001      	movs	r0, #1
1000a50e:	4770      	bx	lr
1000a510:	2000      	movs	r0, #0
1000a512:	0419      	lsls	r1, r3, #16
1000a514:	d101      	bne.n	1000a51a <__lo0bits+0x22>
1000a516:	0c1b      	lsrs	r3, r3, #16
1000a518:	3010      	adds	r0, #16
1000a51a:	21ff      	movs	r1, #255	@ 0xff
1000a51c:	4219      	tst	r1, r3
1000a51e:	d101      	bne.n	1000a524 <__lo0bits+0x2c>
1000a520:	3008      	adds	r0, #8
1000a522:	0a1b      	lsrs	r3, r3, #8
1000a524:	0719      	lsls	r1, r3, #28
1000a526:	d101      	bne.n	1000a52c <__lo0bits+0x34>
1000a528:	3004      	adds	r0, #4
1000a52a:	091b      	lsrs	r3, r3, #4
1000a52c:	0799      	lsls	r1, r3, #30
1000a52e:	d101      	bne.n	1000a534 <__lo0bits+0x3c>
1000a530:	3002      	adds	r0, #2
1000a532:	089b      	lsrs	r3, r3, #2
1000a534:	07d9      	lsls	r1, r3, #31
1000a536:	d402      	bmi.n	1000a53e <__lo0bits+0x46>
1000a538:	3001      	adds	r0, #1
1000a53a:	085b      	lsrs	r3, r3, #1
1000a53c:	d003      	beq.n	1000a546 <__lo0bits+0x4e>
1000a53e:	6013      	str	r3, [r2, #0]
1000a540:	e7e5      	b.n	1000a50e <__lo0bits+0x16>
1000a542:	2000      	movs	r0, #0
1000a544:	e7e3      	b.n	1000a50e <__lo0bits+0x16>
1000a546:	2020      	movs	r0, #32
1000a548:	e7e1      	b.n	1000a50e <__lo0bits+0x16>
1000a54a:	089b      	lsrs	r3, r3, #2
1000a54c:	6003      	str	r3, [r0, #0]
1000a54e:	2002      	movs	r0, #2
1000a550:	e7dd      	b.n	1000a50e <__lo0bits+0x16>
1000a552:	46c0      	nop			@ (mov r8, r8)

1000a554 <__i2b>:
1000a554:	6c43      	ldr	r3, [r0, #68]	@ 0x44
1000a556:	b570      	push	{r4, r5, r6, lr}
1000a558:	0004      	movs	r4, r0
1000a55a:	000d      	movs	r5, r1
1000a55c:	2b00      	cmp	r3, #0
1000a55e:	d00a      	beq.n	1000a576 <__i2b+0x22>
1000a560:	6858      	ldr	r0, [r3, #4]
1000a562:	2800      	cmp	r0, #0
1000a564:	d015      	beq.n	1000a592 <__i2b+0x3e>
1000a566:	6802      	ldr	r2, [r0, #0]
1000a568:	605a      	str	r2, [r3, #4]
1000a56a:	2300      	movs	r3, #0
1000a56c:	60c3      	str	r3, [r0, #12]
1000a56e:	3301      	adds	r3, #1
1000a570:	6145      	str	r5, [r0, #20]
1000a572:	6103      	str	r3, [r0, #16]
1000a574:	bd70      	pop	{r4, r5, r6, pc}
1000a576:	2221      	movs	r2, #33	@ 0x21
1000a578:	2104      	movs	r1, #4
1000a57a:	f7fe ffa5 	bl	100094c8 <_calloc_r>
1000a57e:	1e03      	subs	r3, r0, #0
1000a580:	6460      	str	r0, [r4, #68]	@ 0x44
1000a582:	d1ed      	bne.n	1000a560 <__i2b+0xc>
1000a584:	2146      	movs	r1, #70	@ 0x46
1000a586:	2200      	movs	r2, #0
1000a588:	4b08      	ldr	r3, [pc, #32]	@ (1000a5ac <__i2b+0x58>)
1000a58a:	4809      	ldr	r0, [pc, #36]	@ (1000a5b0 <__i2b+0x5c>)
1000a58c:	31ff      	adds	r1, #255	@ 0xff
1000a58e:	f7fa fcb7 	bl	10004f00 <__assert_func>
1000a592:	221c      	movs	r2, #28
1000a594:	2101      	movs	r1, #1
1000a596:	0020      	movs	r0, r4
1000a598:	f7fe ff96 	bl	100094c8 <_calloc_r>
1000a59c:	2800      	cmp	r0, #0
1000a59e:	d0f1      	beq.n	1000a584 <__i2b+0x30>
1000a5a0:	2301      	movs	r3, #1
1000a5a2:	6043      	str	r3, [r0, #4]
1000a5a4:	3301      	adds	r3, #1
1000a5a6:	6083      	str	r3, [r0, #8]
1000a5a8:	e7df      	b.n	1000a56a <__i2b+0x16>
1000a5aa:	46c0      	nop			@ (mov r8, r8)
1000a5ac:	1000b25c 	.word	0x1000b25c
1000a5b0:	1000b2a4 	.word	0x1000b2a4

1000a5b4 <__multiply>:
1000a5b4:	b5f0      	push	{r4, r5, r6, r7, lr}
1000a5b6:	464e      	mov	r6, r9
1000a5b8:	4657      	mov	r7, sl
1000a5ba:	4645      	mov	r5, r8
1000a5bc:	46de      	mov	lr, fp
1000a5be:	b5e0      	push	{r5, r6, r7, lr}
1000a5c0:	690b      	ldr	r3, [r1, #16]
1000a5c2:	6916      	ldr	r6, [r2, #16]
1000a5c4:	468a      	mov	sl, r1
1000a5c6:	4691      	mov	r9, r2
1000a5c8:	4698      	mov	r8, r3
1000a5ca:	b085      	sub	sp, #20
1000a5cc:	42b3      	cmp	r3, r6
1000a5ce:	db04      	blt.n	1000a5da <__multiply+0x26>
1000a5d0:	0033      	movs	r3, r6
1000a5d2:	4689      	mov	r9, r1
1000a5d4:	4646      	mov	r6, r8
1000a5d6:	4692      	mov	sl, r2
1000a5d8:	4698      	mov	r8, r3
1000a5da:	464b      	mov	r3, r9
1000a5dc:	6859      	ldr	r1, [r3, #4]
1000a5de:	4643      	mov	r3, r8
1000a5e0:	18f5      	adds	r5, r6, r3
1000a5e2:	464b      	mov	r3, r9
1000a5e4:	689b      	ldr	r3, [r3, #8]
1000a5e6:	42ab      	cmp	r3, r5
1000a5e8:	da00      	bge.n	1000a5ec <__multiply+0x38>
1000a5ea:	3101      	adds	r1, #1
1000a5ec:	f7ff fe80 	bl	1000a2f0 <_Balloc>
1000a5f0:	1e07      	subs	r7, r0, #0
1000a5f2:	d100      	bne.n	1000a5f6 <__multiply+0x42>
1000a5f4:	e0a9      	b.n	1000a74a <__multiply+0x196>
1000a5f6:	2314      	movs	r3, #20
1000a5f8:	469c      	mov	ip, r3
1000a5fa:	4484      	add	ip, r0
1000a5fc:	4663      	mov	r3, ip
1000a5fe:	00ac      	lsls	r4, r5, #2
1000a600:	4464      	add	r4, ip
1000a602:	0018      	movs	r0, r3
1000a604:	2200      	movs	r2, #0
1000a606:	42a3      	cmp	r3, r4
1000a608:	d202      	bcs.n	1000a610 <__multiply+0x5c>
1000a60a:	c304      	stmia	r3!, {r2}
1000a60c:	429c      	cmp	r4, r3
1000a60e:	d8fc      	bhi.n	1000a60a <__multiply+0x56>
1000a610:	2314      	movs	r3, #20
1000a612:	444b      	add	r3, r9
1000a614:	469b      	mov	fp, r3
1000a616:	4643      	mov	r3, r8
1000a618:	4651      	mov	r1, sl
1000a61a:	009b      	lsls	r3, r3, #2
1000a61c:	4698      	mov	r8, r3
1000a61e:	3114      	adds	r1, #20
1000a620:	00b6      	lsls	r6, r6, #2
1000a622:	4488      	add	r8, r1
1000a624:	445e      	add	r6, fp
1000a626:	4541      	cmp	r1, r8
1000a628:	d274      	bcs.n	1000a714 <__multiply+0x160>
1000a62a:	2304      	movs	r3, #4
1000a62c:	469a      	mov	sl, r3
1000a62e:	464b      	mov	r3, r9
1000a630:	3315      	adds	r3, #21
1000a632:	429e      	cmp	r6, r3
1000a634:	d300      	bcc.n	1000a638 <__multiply+0x84>
1000a636:	e080      	b.n	1000a73a <__multiply+0x186>
1000a638:	465b      	mov	r3, fp
1000a63a:	9301      	str	r3, [sp, #4]
1000a63c:	4643      	mov	r3, r8
1000a63e:	9300      	str	r3, [sp, #0]
1000a640:	4653      	mov	r3, sl
1000a642:	46b4      	mov	ip, r6
1000a644:	46a2      	mov	sl, r4
1000a646:	46ab      	mov	fp, r5
1000a648:	46b9      	mov	r9, r7
1000a64a:	000c      	movs	r4, r1
1000a64c:	9302      	str	r3, [sp, #8]
1000a64e:	e006      	b.n	1000a65e <__multiply+0xaa>
1000a650:	0c2d      	lsrs	r5, r5, #16
1000a652:	d131      	bne.n	1000a6b8 <__multiply+0x104>
1000a654:	9b00      	ldr	r3, [sp, #0]
1000a656:	3404      	adds	r4, #4
1000a658:	3004      	adds	r0, #4
1000a65a:	42a3      	cmp	r3, r4
1000a65c:	d957      	bls.n	1000a70e <__multiply+0x15a>
1000a65e:	6825      	ldr	r5, [r4, #0]
1000a660:	042b      	lsls	r3, r5, #16
1000a662:	0c19      	lsrs	r1, r3, #16
1000a664:	2b00      	cmp	r3, #0
1000a666:	d0f3      	beq.n	1000a650 <__multiply+0x9c>
1000a668:	9d01      	ldr	r5, [sp, #4]
1000a66a:	4653      	mov	r3, sl
1000a66c:	46a0      	mov	r8, r4
1000a66e:	2600      	movs	r6, #0
1000a670:	000c      	movs	r4, r1
1000a672:	4682      	mov	sl, r0
1000a674:	002f      	movs	r7, r5
1000a676:	9303      	str	r3, [sp, #12]
1000a678:	cf08      	ldmia	r7!, {r3}
1000a67a:	6801      	ldr	r1, [r0, #0]
1000a67c:	041a      	lsls	r2, r3, #16
1000a67e:	0c12      	lsrs	r2, r2, #16
1000a680:	4362      	muls	r2, r4
1000a682:	0c1b      	lsrs	r3, r3, #16
1000a684:	040d      	lsls	r5, r1, #16
1000a686:	4363      	muls	r3, r4
1000a688:	0c2d      	lsrs	r5, r5, #16
1000a68a:	1952      	adds	r2, r2, r5
1000a68c:	1992      	adds	r2, r2, r6
1000a68e:	0c09      	lsrs	r1, r1, #16
1000a690:	185b      	adds	r3, r3, r1
1000a692:	0c11      	lsrs	r1, r2, #16
1000a694:	185b      	adds	r3, r3, r1
1000a696:	0412      	lsls	r2, r2, #16
1000a698:	0c1e      	lsrs	r6, r3, #16
1000a69a:	0c12      	lsrs	r2, r2, #16
1000a69c:	041b      	lsls	r3, r3, #16
1000a69e:	4313      	orrs	r3, r2
1000a6a0:	c008      	stmia	r0!, {r3}
1000a6a2:	45bc      	cmp	ip, r7
1000a6a4:	d8e8      	bhi.n	1000a678 <__multiply+0xc4>
1000a6a6:	4650      	mov	r0, sl
1000a6a8:	4644      	mov	r4, r8
1000a6aa:	9b03      	ldr	r3, [sp, #12]
1000a6ac:	469a      	mov	sl, r3
1000a6ae:	9b02      	ldr	r3, [sp, #8]
1000a6b0:	50c6      	str	r6, [r0, r3]
1000a6b2:	6825      	ldr	r5, [r4, #0]
1000a6b4:	0c2d      	lsrs	r5, r5, #16
1000a6b6:	d0cd      	beq.n	1000a654 <__multiply+0xa0>
1000a6b8:	0006      	movs	r6, r0
1000a6ba:	2200      	movs	r2, #0
1000a6bc:	6803      	ldr	r3, [r0, #0]
1000a6be:	46a0      	mov	r8, r4
1000a6c0:	4660      	mov	r0, ip
1000a6c2:	0019      	movs	r1, r3
1000a6c4:	0014      	movs	r4, r2
1000a6c6:	46b4      	mov	ip, r6
1000a6c8:	9f01      	ldr	r7, [sp, #4]
1000a6ca:	883a      	ldrh	r2, [r7, #0]
1000a6cc:	0c09      	lsrs	r1, r1, #16
1000a6ce:	436a      	muls	r2, r5
1000a6d0:	1912      	adds	r2, r2, r4
1000a6d2:	1852      	adds	r2, r2, r1
1000a6d4:	041b      	lsls	r3, r3, #16
1000a6d6:	0411      	lsls	r1, r2, #16
1000a6d8:	0c1b      	lsrs	r3, r3, #16
1000a6da:	430b      	orrs	r3, r1
1000a6dc:	6033      	str	r3, [r6, #0]
1000a6de:	cf10      	ldmia	r7!, {r4}
1000a6e0:	6871      	ldr	r1, [r6, #4]
1000a6e2:	0c24      	lsrs	r4, r4, #16
1000a6e4:	436c      	muls	r4, r5
1000a6e6:	040b      	lsls	r3, r1, #16
1000a6e8:	0c1b      	lsrs	r3, r3, #16
1000a6ea:	18e3      	adds	r3, r4, r3
1000a6ec:	0c12      	lsrs	r2, r2, #16
1000a6ee:	189b      	adds	r3, r3, r2
1000a6f0:	0c1c      	lsrs	r4, r3, #16
1000a6f2:	3604      	adds	r6, #4
1000a6f4:	42b8      	cmp	r0, r7
1000a6f6:	d8e8      	bhi.n	1000a6ca <__multiply+0x116>
1000a6f8:	4662      	mov	r2, ip
1000a6fa:	4684      	mov	ip, r0
1000a6fc:	0010      	movs	r0, r2
1000a6fe:	4644      	mov	r4, r8
1000a700:	9a02      	ldr	r2, [sp, #8]
1000a702:	3404      	adds	r4, #4
1000a704:	5083      	str	r3, [r0, r2]
1000a706:	9b00      	ldr	r3, [sp, #0]
1000a708:	3004      	adds	r0, #4
1000a70a:	42a3      	cmp	r3, r4
1000a70c:	d8a7      	bhi.n	1000a65e <__multiply+0xaa>
1000a70e:	4654      	mov	r4, sl
1000a710:	465d      	mov	r5, fp
1000a712:	464f      	mov	r7, r9
1000a714:	2d00      	cmp	r5, #0
1000a716:	dc03      	bgt.n	1000a720 <__multiply+0x16c>
1000a718:	e006      	b.n	1000a728 <__multiply+0x174>
1000a71a:	3d01      	subs	r5, #1
1000a71c:	2d00      	cmp	r5, #0
1000a71e:	d003      	beq.n	1000a728 <__multiply+0x174>
1000a720:	3c04      	subs	r4, #4
1000a722:	6823      	ldr	r3, [r4, #0]
1000a724:	2b00      	cmp	r3, #0
1000a726:	d0f8      	beq.n	1000a71a <__multiply+0x166>
1000a728:	0038      	movs	r0, r7
1000a72a:	613d      	str	r5, [r7, #16]
1000a72c:	b005      	add	sp, #20
1000a72e:	bcf0      	pop	{r4, r5, r6, r7}
1000a730:	46bb      	mov	fp, r7
1000a732:	46b2      	mov	sl, r6
1000a734:	46a9      	mov	r9, r5
1000a736:	46a0      	mov	r8, r4
1000a738:	bdf0      	pop	{r4, r5, r6, r7, pc}
1000a73a:	464b      	mov	r3, r9
1000a73c:	1af3      	subs	r3, r6, r3
1000a73e:	3b15      	subs	r3, #21
1000a740:	089b      	lsrs	r3, r3, #2
1000a742:	3301      	adds	r3, #1
1000a744:	009b      	lsls	r3, r3, #2
1000a746:	469a      	mov	sl, r3
1000a748:	e776      	b.n	1000a638 <__multiply+0x84>
1000a74a:	21b1      	movs	r1, #177	@ 0xb1
1000a74c:	2200      	movs	r2, #0
1000a74e:	4b02      	ldr	r3, [pc, #8]	@ (1000a758 <__multiply+0x1a4>)
1000a750:	4802      	ldr	r0, [pc, #8]	@ (1000a75c <__multiply+0x1a8>)
1000a752:	0049      	lsls	r1, r1, #1
1000a754:	f7fa fbd4 	bl	10004f00 <__assert_func>
1000a758:	1000b25c 	.word	0x1000b25c
1000a75c:	1000b2a4 	.word	0x1000b2a4

1000a760 <__pow5mult>:
1000a760:	b5f8      	push	{r3, r4, r5, r6, r7, lr}
1000a762:	2303      	movs	r3, #3
1000a764:	4647      	mov	r7, r8
1000a766:	0014      	movs	r4, r2
1000a768:	46ce      	mov	lr, r9
1000a76a:	001a      	movs	r2, r3
1000a76c:	b580      	push	{r7, lr}
1000a76e:	000e      	movs	r6, r1
1000a770:	0007      	movs	r7, r0
1000a772:	4022      	ands	r2, r4
1000a774:	4223      	tst	r3, r4
1000a776:	d134      	bne.n	1000a7e2 <__pow5mult+0x82>
1000a778:	10a4      	asrs	r4, r4, #2
1000a77a:	d023      	beq.n	1000a7c4 <__pow5mult+0x64>
1000a77c:	6c3d      	ldr	r5, [r7, #64]	@ 0x40
1000a77e:	2d00      	cmp	r5, #0
1000a780:	d038      	beq.n	1000a7f4 <__pow5mult+0x94>
1000a782:	2301      	movs	r3, #1
1000a784:	4698      	mov	r8, r3
1000a786:	2300      	movs	r3, #0
1000a788:	4699      	mov	r9, r3
1000a78a:	4643      	mov	r3, r8
1000a78c:	4223      	tst	r3, r4
1000a78e:	d108      	bne.n	1000a7a2 <__pow5mult+0x42>
1000a790:	1064      	asrs	r4, r4, #1
1000a792:	d017      	beq.n	1000a7c4 <__pow5mult+0x64>
1000a794:	6828      	ldr	r0, [r5, #0]
1000a796:	2800      	cmp	r0, #0
1000a798:	d019      	beq.n	1000a7ce <__pow5mult+0x6e>
1000a79a:	0005      	movs	r5, r0
1000a79c:	4643      	mov	r3, r8
1000a79e:	4223      	tst	r3, r4
1000a7a0:	d0f6      	beq.n	1000a790 <__pow5mult+0x30>
1000a7a2:	002a      	movs	r2, r5
1000a7a4:	0031      	movs	r1, r6
1000a7a6:	0038      	movs	r0, r7
1000a7a8:	f7ff ff04 	bl	1000a5b4 <__multiply>
1000a7ac:	2e00      	cmp	r6, #0
1000a7ae:	d006      	beq.n	1000a7be <__pow5mult+0x5e>
1000a7b0:	6872      	ldr	r2, [r6, #4]
1000a7b2:	6c7b      	ldr	r3, [r7, #68]	@ 0x44
1000a7b4:	0092      	lsls	r2, r2, #2
1000a7b6:	189b      	adds	r3, r3, r2
1000a7b8:	681a      	ldr	r2, [r3, #0]
1000a7ba:	6032      	str	r2, [r6, #0]
1000a7bc:	601e      	str	r6, [r3, #0]
1000a7be:	0006      	movs	r6, r0
1000a7c0:	1064      	asrs	r4, r4, #1
1000a7c2:	d1e7      	bne.n	1000a794 <__pow5mult+0x34>
1000a7c4:	0030      	movs	r0, r6
1000a7c6:	bcc0      	pop	{r6, r7}
1000a7c8:	46b9      	mov	r9, r7
1000a7ca:	46b0      	mov	r8, r6
1000a7cc:	bdf8      	pop	{r3, r4, r5, r6, r7, pc}
1000a7ce:	002a      	movs	r2, r5
1000a7d0:	0029      	movs	r1, r5
1000a7d2:	0038      	movs	r0, r7
1000a7d4:	f7ff feee 	bl	1000a5b4 <__multiply>
1000a7d8:	464b      	mov	r3, r9
1000a7da:	6028      	str	r0, [r5, #0]
1000a7dc:	0005      	movs	r5, r0
1000a7de:	6003      	str	r3, [r0, #0]
1000a7e0:	e7dc      	b.n	1000a79c <__pow5mult+0x3c>
1000a7e2:	4b0f      	ldr	r3, [pc, #60]	@ (1000a820 <__pow5mult+0xc0>)
1000a7e4:	3a01      	subs	r2, #1
1000a7e6:	0092      	lsls	r2, r2, #2
1000a7e8:	58d2      	ldr	r2, [r2, r3]
1000a7ea:	2300      	movs	r3, #0
1000a7ec:	f7ff fdb2 	bl	1000a354 <__multadd>
1000a7f0:	0006      	movs	r6, r0
1000a7f2:	e7c1      	b.n	1000a778 <__pow5mult+0x18>
1000a7f4:	2101      	movs	r1, #1
1000a7f6:	0038      	movs	r0, r7
1000a7f8:	f7ff fd7a 	bl	1000a2f0 <_Balloc>
1000a7fc:	1e05      	subs	r5, r0, #0
1000a7fe:	d007      	beq.n	1000a810 <__pow5mult+0xb0>
1000a800:	4b08      	ldr	r3, [pc, #32]	@ (1000a824 <__pow5mult+0xc4>)
1000a802:	6143      	str	r3, [r0, #20]
1000a804:	2301      	movs	r3, #1
1000a806:	6103      	str	r3, [r0, #16]
1000a808:	2300      	movs	r3, #0
1000a80a:	6438      	str	r0, [r7, #64]	@ 0x40
1000a80c:	6003      	str	r3, [r0, #0]
1000a80e:	e7b8      	b.n	1000a782 <__pow5mult+0x22>
1000a810:	2146      	movs	r1, #70	@ 0x46
1000a812:	2200      	movs	r2, #0
1000a814:	4b04      	ldr	r3, [pc, #16]	@ (1000a828 <__pow5mult+0xc8>)
1000a816:	4805      	ldr	r0, [pc, #20]	@ (1000a82c <__pow5mult+0xcc>)
1000a818:	31ff      	adds	r1, #255	@ 0xff
1000a81a:	f7fa fb71 	bl	10004f00 <__assert_func>
1000a81e:	46c0      	nop			@ (mov r8, r8)
1000a820:	1000bac0 	.word	0x1000bac0
1000a824:	00000271 	.word	0x00000271
1000a828:	1000b25c 	.word	0x1000b25c
1000a82c:	1000b2a4 	.word	0x1000b2a4

1000a830 <__lshift>:
1000a830:	b5f0      	push	{r4, r5, r6, r7, lr}
1000a832:	4645      	mov	r5, r8
1000a834:	46de      	mov	lr, fp
1000a836:	4657      	mov	r7, sl
1000a838:	464e      	mov	r6, r9
1000a83a:	b5e0      	push	{r5, r6, r7, lr}
1000a83c:	000d      	movs	r5, r1
1000a83e:	692b      	ldr	r3, [r5, #16]
1000a840:	1154      	asrs	r4, r2, #5
1000a842:	4698      	mov	r8, r3
1000a844:	44a0      	add	r8, r4
1000a846:	4643      	mov	r3, r8
1000a848:	1c5e      	adds	r6, r3, #1
1000a84a:	68ab      	ldr	r3, [r5, #8]
1000a84c:	4683      	mov	fp, r0
1000a84e:	0017      	movs	r7, r2
1000a850:	6849      	ldr	r1, [r1, #4]
1000a852:	b083      	sub	sp, #12
1000a854:	429e      	cmp	r6, r3
1000a856:	dd03      	ble.n	1000a860 <__lshift+0x30>
1000a858:	3101      	adds	r1, #1
1000a85a:	005b      	lsls	r3, r3, #1
1000a85c:	429e      	cmp	r6, r3
1000a85e:	dcfb      	bgt.n	1000a858 <__lshift+0x28>
1000a860:	4658      	mov	r0, fp
1000a862:	f7ff fd45 	bl	1000a2f0 <_Balloc>
1000a866:	4684      	mov	ip, r0
1000a868:	2800      	cmp	r0, #0
1000a86a:	d053      	beq.n	1000a914 <__lshift+0xe4>
1000a86c:	0001      	movs	r1, r0
1000a86e:	3114      	adds	r1, #20
1000a870:	000b      	movs	r3, r1
1000a872:	9101      	str	r1, [sp, #4]
1000a874:	2c00      	cmp	r4, #0
1000a876:	dd0c      	ble.n	1000a892 <__lshift+0x62>
1000a878:	00a4      	lsls	r4, r4, #2
1000a87a:	0022      	movs	r2, r4
1000a87c:	2000      	movs	r0, #0
1000a87e:	3214      	adds	r2, #20
1000a880:	4462      	add	r2, ip
1000a882:	c301      	stmia	r3!, {r0}
1000a884:	4293      	cmp	r3, r2
1000a886:	d1fc      	bne.n	1000a882 <__lshift+0x52>
1000a888:	9b01      	ldr	r3, [sp, #4]
1000a88a:	4699      	mov	r9, r3
1000a88c:	44a1      	add	r9, r4
1000a88e:	464b      	mov	r3, r9
1000a890:	9301      	str	r3, [sp, #4]
1000a892:	221f      	movs	r2, #31
1000a894:	002b      	movs	r3, r5
1000a896:	0011      	movs	r1, r2
1000a898:	692c      	ldr	r4, [r5, #16]
1000a89a:	3314      	adds	r3, #20
1000a89c:	00a4      	lsls	r4, r4, #2
1000a89e:	4039      	ands	r1, r7
1000a8a0:	468a      	mov	sl, r1
1000a8a2:	191c      	adds	r4, r3, r4
1000a8a4:	423a      	tst	r2, r7
1000a8a6:	d02f      	beq.n	1000a908 <__lshift+0xd8>
1000a8a8:	3201      	adds	r2, #1
1000a8aa:	1a52      	subs	r2, r2, r1
1000a8ac:	4691      	mov	r9, r2
1000a8ae:	2700      	movs	r7, #0
1000a8b0:	9801      	ldr	r0, [sp, #4]
1000a8b2:	4651      	mov	r1, sl
1000a8b4:	681a      	ldr	r2, [r3, #0]
1000a8b6:	408a      	lsls	r2, r1
1000a8b8:	433a      	orrs	r2, r7
1000a8ba:	c004      	stmia	r0!, {r2}
1000a8bc:	464a      	mov	r2, r9
1000a8be:	cb80      	ldmia	r3!, {r7}
1000a8c0:	40d7      	lsrs	r7, r2
1000a8c2:	429c      	cmp	r4, r3
1000a8c4:	d8f5      	bhi.n	1000a8b2 <__lshift+0x82>
1000a8c6:	002a      	movs	r2, r5
1000a8c8:	3215      	adds	r2, #21
1000a8ca:	2304      	movs	r3, #4
1000a8cc:	4294      	cmp	r4, r2
1000a8ce:	d304      	bcc.n	1000a8da <__lshift+0xaa>
1000a8d0:	1b63      	subs	r3, r4, r5
1000a8d2:	3b15      	subs	r3, #21
1000a8d4:	089b      	lsrs	r3, r3, #2
1000a8d6:	3301      	adds	r3, #1
1000a8d8:	009b      	lsls	r3, r3, #2
1000a8da:	9a01      	ldr	r2, [sp, #4]
1000a8dc:	50d7      	str	r7, [r2, r3]
1000a8de:	2f00      	cmp	r7, #0
1000a8e0:	d100      	bne.n	1000a8e4 <__lshift+0xb4>
1000a8e2:	4646      	mov	r6, r8
1000a8e4:	4663      	mov	r3, ip
1000a8e6:	611e      	str	r6, [r3, #16]
1000a8e8:	465b      	mov	r3, fp
1000a8ea:	4660      	mov	r0, ip
1000a8ec:	686a      	ldr	r2, [r5, #4]
1000a8ee:	6c5b      	ldr	r3, [r3, #68]	@ 0x44
1000a8f0:	0092      	lsls	r2, r2, #2
1000a8f2:	189b      	adds	r3, r3, r2
1000a8f4:	681a      	ldr	r2, [r3, #0]
1000a8f6:	602a      	str	r2, [r5, #0]
1000a8f8:	601d      	str	r5, [r3, #0]
1000a8fa:	b003      	add	sp, #12
1000a8fc:	bcf0      	pop	{r4, r5, r6, r7}
1000a8fe:	46bb      	mov	fp, r7
1000a900:	46b2      	mov	sl, r6
1000a902:	46a9      	mov	r9, r5
1000a904:	46a0      	mov	r8, r4
1000a906:	bdf0      	pop	{r4, r5, r6, r7, pc}
1000a908:	9901      	ldr	r1, [sp, #4]
1000a90a:	cb04      	ldmia	r3!, {r2}
1000a90c:	c104      	stmia	r1!, {r2}
1000a90e:	429c      	cmp	r4, r3
1000a910:	d8fb      	bhi.n	1000a90a <__lshift+0xda>
1000a912:	e7e6      	b.n	1000a8e2 <__lshift+0xb2>
1000a914:	21ef      	movs	r1, #239	@ 0xef
1000a916:	2200      	movs	r2, #0
1000a918:	4b02      	ldr	r3, [pc, #8]	@ (1000a924 <__lshift+0xf4>)
1000a91a:	4803      	ldr	r0, [pc, #12]	@ (1000a928 <__lshift+0xf8>)
1000a91c:	0049      	lsls	r1, r1, #1
1000a91e:	f7fa faef 	bl	10004f00 <__assert_func>
1000a922:	46c0      	nop			@ (mov r8, r8)
1000a924:	1000b25c 	.word	0x1000b25c
1000a928:	1000b2a4 	.word	0x1000b2a4

1000a92c <__mcmp>:
1000a92c:	6902      	ldr	r2, [r0, #16]
1000a92e:	690b      	ldr	r3, [r1, #16]
1000a930:	b530      	push	{r4, r5, lr}
1000a932:	0005      	movs	r5, r0
1000a934:	1ad0      	subs	r0, r2, r3
1000a936:	429a      	cmp	r2, r3
1000a938:	d114      	bne.n	1000a964 <__mcmp+0x38>
1000a93a:	009b      	lsls	r3, r3, #2
1000a93c:	3514      	adds	r5, #20
1000a93e:	3114      	adds	r1, #20
1000a940:	18ea      	adds	r2, r5, r3
1000a942:	18cb      	adds	r3, r1, r3
1000a944:	e001      	b.n	1000a94a <__mcmp+0x1e>
1000a946:	4295      	cmp	r5, r2
1000a948:	d20c      	bcs.n	1000a964 <__mcmp+0x38>
1000a94a:	3a04      	subs	r2, #4
1000a94c:	3b04      	subs	r3, #4
1000a94e:	6814      	ldr	r4, [r2, #0]
1000a950:	6819      	ldr	r1, [r3, #0]
1000a952:	428c      	cmp	r4, r1
1000a954:	d0f7      	beq.n	1000a946 <__mcmp+0x1a>
1000a956:	2300      	movs	r3, #0
1000a958:	428c      	cmp	r4, r1
1000a95a:	415b      	adcs	r3, r3
1000a95c:	2002      	movs	r0, #2
1000a95e:	425b      	negs	r3, r3
1000a960:	4018      	ands	r0, r3
1000a962:	3801      	subs	r0, #1
1000a964:	bd30      	pop	{r4, r5, pc}
1000a966:	46c0      	nop			@ (mov r8, r8)

1000a968 <__mdiff>:
1000a968:	b5f0      	push	{r4, r5, r6, r7, lr}
1000a96a:	4645      	mov	r5, r8
1000a96c:	4690      	mov	r8, r2
1000a96e:	4657      	mov	r7, sl
1000a970:	46de      	mov	lr, fp
1000a972:	464e      	mov	r6, r9
1000a974:	4643      	mov	r3, r8
1000a976:	b5e0      	push	{r5, r6, r7, lr}
1000a978:	690a      	ldr	r2, [r1, #16]
1000a97a:	691b      	ldr	r3, [r3, #16]
1000a97c:	000f      	movs	r7, r1
1000a97e:	b083      	sub	sp, #12
1000a980:	1ad1      	subs	r1, r2, r3
1000a982:	429a      	cmp	r2, r3
1000a984:	d000      	beq.n	1000a988 <__mdiff+0x20>
1000a986:	e098      	b.n	1000aaba <__mdiff+0x152>
1000a988:	003d      	movs	r5, r7
1000a98a:	4642      	mov	r2, r8
1000a98c:	0099      	lsls	r1, r3, #2
1000a98e:	3514      	adds	r5, #20
1000a990:	3214      	adds	r2, #20
1000a992:	186b      	adds	r3, r5, r1
1000a994:	1852      	adds	r2, r2, r1
1000a996:	e002      	b.n	1000a99e <__mdiff+0x36>
1000a998:	429d      	cmp	r5, r3
1000a99a:	d300      	bcc.n	1000a99e <__mdiff+0x36>
1000a99c:	e095      	b.n	1000aaca <__mdiff+0x162>
1000a99e:	3b04      	subs	r3, #4
1000a9a0:	3a04      	subs	r2, #4
1000a9a2:	681c      	ldr	r4, [r3, #0]
1000a9a4:	6811      	ldr	r1, [r2, #0]
1000a9a6:	428c      	cmp	r4, r1
1000a9a8:	d0f6      	beq.n	1000a998 <__mdiff+0x30>
1000a9aa:	2501      	movs	r5, #1
1000a9ac:	428c      	cmp	r4, r1
1000a9ae:	d303      	bcc.n	1000a9b8 <__mdiff+0x50>
1000a9b0:	4643      	mov	r3, r8
1000a9b2:	2500      	movs	r5, #0
1000a9b4:	46b8      	mov	r8, r7
1000a9b6:	001f      	movs	r7, r3
1000a9b8:	4643      	mov	r3, r8
1000a9ba:	6859      	ldr	r1, [r3, #4]
1000a9bc:	f7ff fc98 	bl	1000a2f0 <_Balloc>
1000a9c0:	4684      	mov	ip, r0
1000a9c2:	2800      	cmp	r0, #0
1000a9c4:	d100      	bne.n	1000a9c8 <__mdiff+0x60>
1000a9c6:	e094      	b.n	1000aaf2 <__mdiff+0x18a>
1000a9c8:	2214      	movs	r2, #20
1000a9ca:	4442      	add	r2, r8
1000a9cc:	4691      	mov	r9, r2
1000a9ce:	2214      	movs	r2, #20
1000a9d0:	4643      	mov	r3, r8
1000a9d2:	0039      	movs	r1, r7
1000a9d4:	4462      	add	r2, ip
1000a9d6:	4692      	mov	sl, r2
1000a9d8:	2200      	movs	r2, #0
1000a9da:	60c5      	str	r5, [r0, #12]
1000a9dc:	6938      	ldr	r0, [r7, #16]
1000a9de:	691b      	ldr	r3, [r3, #16]
1000a9e0:	3114      	adds	r1, #20
1000a9e2:	0080      	lsls	r0, r0, #2
1000a9e4:	464d      	mov	r5, r9
1000a9e6:	1808      	adds	r0, r1, r0
1000a9e8:	009c      	lsls	r4, r3, #2
1000a9ea:	444c      	add	r4, r9
1000a9ec:	46bb      	mov	fp, r7
1000a9ee:	2614      	movs	r6, #20
1000a9f0:	0007      	movs	r7, r0
1000a9f2:	4699      	mov	r9, r3
1000a9f4:	0010      	movs	r0, r2
1000a9f6:	000a      	movs	r2, r1
1000a9f8:	9500      	str	r5, [sp, #0]
1000a9fa:	9401      	str	r4, [sp, #4]
1000a9fc:	4643      	mov	r3, r8
1000a9fe:	ca02      	ldmia	r2!, {r1}
1000aa00:	599d      	ldr	r5, [r3, r6]
1000aa02:	040b      	lsls	r3, r1, #16
1000aa04:	042c      	lsls	r4, r5, #16
1000aa06:	0c1b      	lsrs	r3, r3, #16
1000aa08:	0c24      	lsrs	r4, r4, #16
1000aa0a:	1ae4      	subs	r4, r4, r3
1000aa0c:	4663      	mov	r3, ip
1000aa0e:	1824      	adds	r4, r4, r0
1000aa10:	0c09      	lsrs	r1, r1, #16
1000aa12:	0c2d      	lsrs	r5, r5, #16
1000aa14:	1a6d      	subs	r5, r5, r1
1000aa16:	1421      	asrs	r1, r4, #16
1000aa18:	1869      	adds	r1, r5, r1
1000aa1a:	0424      	lsls	r4, r4, #16
1000aa1c:	1408      	asrs	r0, r1, #16
1000aa1e:	0c24      	lsrs	r4, r4, #16
1000aa20:	0409      	lsls	r1, r1, #16
1000aa22:	430c      	orrs	r4, r1
1000aa24:	519c      	str	r4, [r3, r6]
1000aa26:	3604      	adds	r6, #4
1000aa28:	4297      	cmp	r7, r2
1000aa2a:	d8e7      	bhi.n	1000a9fc <__mdiff+0x94>
1000aa2c:	0002      	movs	r2, r0
1000aa2e:	0038      	movs	r0, r7
1000aa30:	465f      	mov	r7, fp
1000aa32:	9900      	ldr	r1, [sp, #0]
1000aa34:	464b      	mov	r3, r9
1000aa36:	4689      	mov	r9, r1
1000aa38:	0039      	movs	r1, r7
1000aa3a:	2600      	movs	r6, #0
1000aa3c:	3115      	adds	r1, #21
1000aa3e:	4288      	cmp	r0, r1
1000aa40:	4176      	adcs	r6, r6
1000aa42:	1bc0      	subs	r0, r0, r7
1000aa44:	3815      	subs	r0, #21
1000aa46:	0880      	lsrs	r0, r0, #2
1000aa48:	0025      	movs	r5, r4
1000aa4a:	4683      	mov	fp, r0
1000aa4c:	2704      	movs	r7, #4
1000aa4e:	9c01      	ldr	r4, [sp, #4]
1000aa50:	b2f1      	uxtb	r1, r6
1000aa52:	2e00      	cmp	r6, #0
1000aa54:	d136      	bne.n	1000aac4 <__mdiff+0x15c>
1000aa56:	4648      	mov	r0, r9
1000aa58:	19c0      	adds	r0, r0, r7
1000aa5a:	4457      	add	r7, sl
1000aa5c:	46b8      	mov	r8, r7
1000aa5e:	003e      	movs	r6, r7
1000aa60:	4699      	mov	r9, r3
1000aa62:	0007      	movs	r7, r0
1000aa64:	4284      	cmp	r4, r0
1000aa66:	d93b      	bls.n	1000aae0 <__mdiff+0x178>
1000aa68:	0013      	movs	r3, r2
1000aa6a:	cf20      	ldmia	r7!, {r5}
1000aa6c:	0429      	lsls	r1, r5, #16
1000aa6e:	0c09      	lsrs	r1, r1, #16
1000aa70:	1889      	adds	r1, r1, r2
1000aa72:	1409      	asrs	r1, r1, #16
1000aa74:	0c2a      	lsrs	r2, r5, #16
1000aa76:	18ed      	adds	r5, r5, r3
1000aa78:	1889      	adds	r1, r1, r2
1000aa7a:	042d      	lsls	r5, r5, #16
1000aa7c:	140a      	asrs	r2, r1, #16
1000aa7e:	0c2d      	lsrs	r5, r5, #16
1000aa80:	0409      	lsls	r1, r1, #16
1000aa82:	430d      	orrs	r5, r1
1000aa84:	c620      	stmia	r6!, {r5}
1000aa86:	42bc      	cmp	r4, r7
1000aa88:	d8ee      	bhi.n	1000aa68 <__mdiff+0x100>
1000aa8a:	3c01      	subs	r4, #1
1000aa8c:	1a22      	subs	r2, r4, r0
1000aa8e:	0892      	lsrs	r2, r2, #2
1000aa90:	0092      	lsls	r2, r2, #2
1000aa92:	4442      	add	r2, r8
1000aa94:	464b      	mov	r3, r9
1000aa96:	0016      	movs	r6, r2
1000aa98:	2d00      	cmp	r5, #0
1000aa9a:	d104      	bne.n	1000aaa6 <__mdiff+0x13e>
1000aa9c:	3e04      	subs	r6, #4
1000aa9e:	6832      	ldr	r2, [r6, #0]
1000aaa0:	3b01      	subs	r3, #1
1000aaa2:	2a00      	cmp	r2, #0
1000aaa4:	d0fa      	beq.n	1000aa9c <__mdiff+0x134>
1000aaa6:	4662      	mov	r2, ip
1000aaa8:	6113      	str	r3, [r2, #16]
1000aaaa:	4660      	mov	r0, ip
1000aaac:	b003      	add	sp, #12
1000aaae:	bcf0      	pop	{r4, r5, r6, r7}
1000aab0:	46bb      	mov	fp, r7
1000aab2:	46b2      	mov	sl, r6
1000aab4:	46a9      	mov	r9, r5
1000aab6:	46a0      	mov	r8, r4
1000aab8:	bdf0      	pop	{r4, r5, r6, r7, pc}
1000aaba:	2501      	movs	r5, #1
1000aabc:	2900      	cmp	r1, #0
1000aabe:	db00      	blt.n	1000aac2 <__mdiff+0x15a>
1000aac0:	e776      	b.n	1000a9b0 <__mdiff+0x48>
1000aac2:	e779      	b.n	1000a9b8 <__mdiff+0x50>
1000aac4:	1c47      	adds	r7, r0, #1
1000aac6:	00bf      	lsls	r7, r7, #2
1000aac8:	e7c5      	b.n	1000aa56 <__mdiff+0xee>
1000aaca:	2100      	movs	r1, #0
1000aacc:	f7ff fc10 	bl	1000a2f0 <_Balloc>
1000aad0:	4684      	mov	ip, r0
1000aad2:	2800      	cmp	r0, #0
1000aad4:	d013      	beq.n	1000aafe <__mdiff+0x196>
1000aad6:	2301      	movs	r3, #1
1000aad8:	6103      	str	r3, [r0, #16]
1000aada:	2300      	movs	r3, #0
1000aadc:	6143      	str	r3, [r0, #20]
1000aade:	e7e4      	b.n	1000aaaa <__mdiff+0x142>
1000aae0:	2600      	movs	r6, #0
1000aae2:	2900      	cmp	r1, #0
1000aae4:	d101      	bne.n	1000aaea <__mdiff+0x182>
1000aae6:	4456      	add	r6, sl
1000aae8:	e7d6      	b.n	1000aa98 <__mdiff+0x130>
1000aaea:	465a      	mov	r2, fp
1000aaec:	0096      	lsls	r6, r2, #2
1000aaee:	4456      	add	r6, sl
1000aaf0:	e7d2      	b.n	1000aa98 <__mdiff+0x130>
1000aaf2:	2200      	movs	r2, #0
1000aaf4:	4b05      	ldr	r3, [pc, #20]	@ (1000ab0c <__mdiff+0x1a4>)
1000aaf6:	4806      	ldr	r0, [pc, #24]	@ (1000ab10 <__mdiff+0x1a8>)
1000aaf8:	4906      	ldr	r1, [pc, #24]	@ (1000ab14 <__mdiff+0x1ac>)
1000aafa:	f7fa fa01 	bl	10004f00 <__assert_func>
1000aafe:	2200      	movs	r2, #0
1000ab00:	4b02      	ldr	r3, [pc, #8]	@ (1000ab0c <__mdiff+0x1a4>)
1000ab02:	4803      	ldr	r0, [pc, #12]	@ (1000ab10 <__mdiff+0x1a8>)
1000ab04:	4904      	ldr	r1, [pc, #16]	@ (1000ab18 <__mdiff+0x1b0>)
1000ab06:	f7fa f9fb 	bl	10004f00 <__assert_func>
1000ab0a:	46c0      	nop			@ (mov r8, r8)
1000ab0c:	1000b25c 	.word	0x1000b25c
1000ab10:	1000b2a4 	.word	0x1000b2a4
1000ab14:	00000245 	.word	0x00000245
1000ab18:	00000237 	.word	0x00000237

1000ab1c <__ulp>:
1000ab1c:	4a0d      	ldr	r2, [pc, #52]	@ (1000ab54 <__ulp+0x38>)
1000ab1e:	4b0e      	ldr	r3, [pc, #56]	@ (1000ab58 <__ulp+0x3c>)
1000ab20:	4694      	mov	ip, r2
1000ab22:	400b      	ands	r3, r1
1000ab24:	4463      	add	r3, ip
1000ab26:	2200      	movs	r2, #0
1000ab28:	2b00      	cmp	r3, #0
1000ab2a:	dd02      	ble.n	1000ab32 <__ulp+0x16>
1000ab2c:	0019      	movs	r1, r3
1000ab2e:	0010      	movs	r0, r2
1000ab30:	4770      	bx	lr
1000ab32:	425b      	negs	r3, r3
1000ab34:	1519      	asrs	r1, r3, #20
1000ab36:	2913      	cmp	r1, #19
1000ab38:	dc03      	bgt.n	1000ab42 <__ulp+0x26>
1000ab3a:	2380      	movs	r3, #128	@ 0x80
1000ab3c:	031b      	lsls	r3, r3, #12
1000ab3e:	410b      	asrs	r3, r1
1000ab40:	e7f4      	b.n	1000ab2c <__ulp+0x10>
1000ab42:	3914      	subs	r1, #20
1000ab44:	2201      	movs	r2, #1
1000ab46:	291e      	cmp	r1, #30
1000ab48:	dc02      	bgt.n	1000ab50 <__ulp+0x34>
1000ab4a:	2280      	movs	r2, #128	@ 0x80
1000ab4c:	0612      	lsls	r2, r2, #24
1000ab4e:	40ca      	lsrs	r2, r1
1000ab50:	2300      	movs	r3, #0
1000ab52:	e7eb      	b.n	1000ab2c <__ulp+0x10>
1000ab54:	fcc00000 	.word	0xfcc00000
1000ab58:	7ff00000 	.word	0x7ff00000

1000ab5c <__b2d>:
1000ab5c:	b5f8      	push	{r3, r4, r5, r6, r7, lr}
1000ab5e:	0006      	movs	r6, r0
1000ab60:	4647      	mov	r7, r8
1000ab62:	46ce      	mov	lr, r9
1000ab64:	6904      	ldr	r4, [r0, #16]
1000ab66:	3614      	adds	r6, #20
1000ab68:	00a4      	lsls	r4, r4, #2
1000ab6a:	1934      	adds	r4, r6, r4
1000ab6c:	1f23      	subs	r3, r4, #4
1000ab6e:	681d      	ldr	r5, [r3, #0]
1000ab70:	b580      	push	{r7, lr}
1000ab72:	0028      	movs	r0, r5
1000ab74:	000f      	movs	r7, r1
1000ab76:	4698      	mov	r8, r3
1000ab78:	f7ff fc98 	bl	1000a4ac <__hi0bits>
1000ab7c:	2220      	movs	r2, #32
1000ab7e:	1a11      	subs	r1, r2, r0
1000ab80:	0003      	movs	r3, r0
1000ab82:	6039      	str	r1, [r7, #0]
1000ab84:	280a      	cmp	r0, #10
1000ab86:	dd2e      	ble.n	1000abe6 <__b2d+0x8a>
1000ab88:	0007      	movs	r7, r0
1000ab8a:	3f0b      	subs	r7, #11
1000ab8c:	4546      	cmp	r6, r8
1000ab8e:	d219      	bcs.n	1000abc4 <__b2d+0x68>
1000ab90:	2308      	movs	r3, #8
1000ab92:	425b      	negs	r3, r3
1000ab94:	469c      	mov	ip, r3
1000ab96:	44a4      	add	ip, r4
1000ab98:	4663      	mov	r3, ip
1000ab9a:	681b      	ldr	r3, [r3, #0]
1000ab9c:	2f00      	cmp	r7, #0
1000ab9e:	d01a      	beq.n	1000abd6 <__b2d+0x7a>
1000aba0:	0019      	movs	r1, r3
1000aba2:	1bd2      	subs	r2, r2, r7
1000aba4:	40d1      	lsrs	r1, r2
1000aba6:	40bd      	lsls	r5, r7
1000aba8:	4691      	mov	r9, r2
1000abaa:	4a19      	ldr	r2, [pc, #100]	@ (1000ac10 <__b2d+0xb4>)
1000abac:	430d      	orrs	r5, r1
1000abae:	432a      	orrs	r2, r5
1000abb0:	0011      	movs	r1, r2
1000abb2:	40bb      	lsls	r3, r7
1000abb4:	4566      	cmp	r6, ip
1000abb6:	d211      	bcs.n	1000abdc <__b2d+0x80>
1000abb8:	464a      	mov	r2, r9
1000abba:	3c0c      	subs	r4, #12
1000abbc:	6824      	ldr	r4, [r4, #0]
1000abbe:	40d4      	lsrs	r4, r2
1000abc0:	4323      	orrs	r3, r4
1000abc2:	e00b      	b.n	1000abdc <__b2d+0x80>
1000abc4:	280b      	cmp	r0, #11
1000abc6:	d005      	beq.n	1000abd4 <__b2d+0x78>
1000abc8:	40bd      	lsls	r5, r7
1000abca:	4b11      	ldr	r3, [pc, #68]	@ (1000ac10 <__b2d+0xb4>)
1000abcc:	432b      	orrs	r3, r5
1000abce:	0019      	movs	r1, r3
1000abd0:	2300      	movs	r3, #0
1000abd2:	e003      	b.n	1000abdc <__b2d+0x80>
1000abd4:	2300      	movs	r3, #0
1000abd6:	4a0e      	ldr	r2, [pc, #56]	@ (1000ac10 <__b2d+0xb4>)
1000abd8:	432a      	orrs	r2, r5
1000abda:	0011      	movs	r1, r2
1000abdc:	0018      	movs	r0, r3
1000abde:	bcc0      	pop	{r6, r7}
1000abe0:	46b9      	mov	r9, r7
1000abe2:	46b0      	mov	r8, r6
1000abe4:	bdf8      	pop	{r3, r4, r5, r6, r7, pc}
1000abe6:	002f      	movs	r7, r5
1000abe8:	3a15      	subs	r2, #21
1000abea:	1a12      	subs	r2, r2, r0
1000abec:	40d7      	lsrs	r7, r2
1000abee:	4691      	mov	r9, r2
1000abf0:	4a07      	ldr	r2, [pc, #28]	@ (1000ac10 <__b2d+0xb4>)
1000abf2:	433a      	orrs	r2, r7
1000abf4:	0011      	movs	r1, r2
1000abf6:	2700      	movs	r7, #0
1000abf8:	4546      	cmp	r6, r8
1000abfa:	d203      	bcs.n	1000ac04 <__b2d+0xa8>
1000abfc:	464a      	mov	r2, r9
1000abfe:	3c08      	subs	r4, #8
1000ac00:	6827      	ldr	r7, [r4, #0]
1000ac02:	40d7      	lsrs	r7, r2
1000ac04:	3315      	adds	r3, #21
1000ac06:	409d      	lsls	r5, r3
1000ac08:	002b      	movs	r3, r5
1000ac0a:	433b      	orrs	r3, r7
1000ac0c:	e7e6      	b.n	1000abdc <__b2d+0x80>
1000ac0e:	46c0      	nop			@ (mov r8, r8)
1000ac10:	3ff00000 	.word	0x3ff00000

1000ac14 <__d2b>:
1000ac14:	b5f0      	push	{r4, r5, r6, r7, lr}
1000ac16:	2101      	movs	r1, #1
1000ac18:	b083      	sub	sp, #12
1000ac1a:	0014      	movs	r4, r2
1000ac1c:	001d      	movs	r5, r3
1000ac1e:	f7ff fb67 	bl	1000a2f0 <_Balloc>
1000ac22:	1e06      	subs	r6, r0, #0
1000ac24:	d04a      	beq.n	1000acbc <__d2b+0xa8>
1000ac26:	032b      	lsls	r3, r5, #12
1000ac28:	006f      	lsls	r7, r5, #1
1000ac2a:	0b1b      	lsrs	r3, r3, #12
1000ac2c:	0d7f      	lsrs	r7, r7, #21
1000ac2e:	d002      	beq.n	1000ac36 <__d2b+0x22>
1000ac30:	2280      	movs	r2, #128	@ 0x80
1000ac32:	0352      	lsls	r2, r2, #13
1000ac34:	4313      	orrs	r3, r2
1000ac36:	9301      	str	r3, [sp, #4]
1000ac38:	2c00      	cmp	r4, #0
1000ac3a:	d116      	bne.n	1000ac6a <__d2b+0x56>
1000ac3c:	a801      	add	r0, sp, #4
1000ac3e:	f7ff fc5b 	bl	1000a4f8 <__lo0bits>
1000ac42:	2401      	movs	r4, #1
1000ac44:	9b01      	ldr	r3, [sp, #4]
1000ac46:	3020      	adds	r0, #32
1000ac48:	6173      	str	r3, [r6, #20]
1000ac4a:	6134      	str	r4, [r6, #16]
1000ac4c:	2f00      	cmp	r7, #0
1000ac4e:	d024      	beq.n	1000ac9a <__d2b+0x86>
1000ac50:	4b1d      	ldr	r3, [pc, #116]	@ (1000acc8 <__d2b+0xb4>)
1000ac52:	2435      	movs	r4, #53	@ 0x35
1000ac54:	469c      	mov	ip, r3
1000ac56:	9b08      	ldr	r3, [sp, #32]
1000ac58:	4467      	add	r7, ip
1000ac5a:	183f      	adds	r7, r7, r0
1000ac5c:	601f      	str	r7, [r3, #0]
1000ac5e:	1a24      	subs	r4, r4, r0
1000ac60:	0030      	movs	r0, r6
1000ac62:	9b09      	ldr	r3, [sp, #36]	@ 0x24
1000ac64:	601c      	str	r4, [r3, #0]
1000ac66:	b003      	add	sp, #12
1000ac68:	bdf0      	pop	{r4, r5, r6, r7, pc}
1000ac6a:	4668      	mov	r0, sp
1000ac6c:	9400      	str	r4, [sp, #0]
1000ac6e:	f7ff fc43 	bl	1000a4f8 <__lo0bits>
1000ac72:	9c01      	ldr	r4, [sp, #4]
1000ac74:	2800      	cmp	r0, #0
1000ac76:	d01f      	beq.n	1000acb8 <__d2b+0xa4>
1000ac78:	2320      	movs	r3, #32
1000ac7a:	0022      	movs	r2, r4
1000ac7c:	1a1b      	subs	r3, r3, r0
1000ac7e:	409a      	lsls	r2, r3
1000ac80:	40c4      	lsrs	r4, r0
1000ac82:	0013      	movs	r3, r2
1000ac84:	9a00      	ldr	r2, [sp, #0]
1000ac86:	9401      	str	r4, [sp, #4]
1000ac88:	4313      	orrs	r3, r2
1000ac8a:	6173      	str	r3, [r6, #20]
1000ac8c:	61b4      	str	r4, [r6, #24]
1000ac8e:	1e63      	subs	r3, r4, #1
1000ac90:	419c      	sbcs	r4, r3
1000ac92:	3401      	adds	r4, #1
1000ac94:	6134      	str	r4, [r6, #16]
1000ac96:	2f00      	cmp	r7, #0
1000ac98:	d1da      	bne.n	1000ac50 <__d2b+0x3c>
1000ac9a:	4b0c      	ldr	r3, [pc, #48]	@ (1000accc <__d2b+0xb8>)
1000ac9c:	469c      	mov	ip, r3
1000ac9e:	9b08      	ldr	r3, [sp, #32]
1000aca0:	4460      	add	r0, ip
1000aca2:	6018      	str	r0, [r3, #0]
1000aca4:	4b0a      	ldr	r3, [pc, #40]	@ (1000acd0 <__d2b+0xbc>)
1000aca6:	18e3      	adds	r3, r4, r3
1000aca8:	009b      	lsls	r3, r3, #2
1000acaa:	18f3      	adds	r3, r6, r3
1000acac:	6958      	ldr	r0, [r3, #20]
1000acae:	f7ff fbfd 	bl	1000a4ac <__hi0bits>
1000acb2:	0164      	lsls	r4, r4, #5
1000acb4:	1a24      	subs	r4, r4, r0
1000acb6:	e7d3      	b.n	1000ac60 <__d2b+0x4c>
1000acb8:	9b00      	ldr	r3, [sp, #0]
1000acba:	e7e6      	b.n	1000ac8a <__d2b+0x76>
1000acbc:	2200      	movs	r2, #0
1000acbe:	4b05      	ldr	r3, [pc, #20]	@ (1000acd4 <__d2b+0xc0>)
1000acc0:	4805      	ldr	r0, [pc, #20]	@ (1000acd8 <__d2b+0xc4>)
1000acc2:	4906      	ldr	r1, [pc, #24]	@ (1000acdc <__d2b+0xc8>)
1000acc4:	f7fa f91c 	bl	10004f00 <__assert_func>
1000acc8:	fffffbcd 	.word	0xfffffbcd
1000accc:	fffffbce 	.word	0xfffffbce
1000acd0:	3fffffff 	.word	0x3fffffff
1000acd4:	1000b25c 	.word	0x1000b25c
1000acd8:	1000b2a4 	.word	0x1000b2a4
1000acdc:	0000030f 	.word	0x0000030f

1000ace0 <__ratio>:
1000ace0:	b5f0      	push	{r4, r5, r6, r7, lr}
1000ace2:	46ce      	mov	lr, r9
1000ace4:	4647      	mov	r7, r8
1000ace6:	b580      	push	{r7, lr}
1000ace8:	b085      	sub	sp, #20
1000acea:	4688      	mov	r8, r1
1000acec:	a902      	add	r1, sp, #8
1000acee:	4681      	mov	r9, r0
1000acf0:	f7ff ff34 	bl	1000ab5c <__b2d>
1000acf4:	0004      	movs	r4, r0
1000acf6:	000d      	movs	r5, r1
1000acf8:	4640      	mov	r0, r8
1000acfa:	a903      	add	r1, sp, #12
1000acfc:	f7ff ff2e 	bl	1000ab5c <__b2d>
1000ad00:	0002      	movs	r2, r0
1000ad02:	000b      	movs	r3, r1
1000ad04:	4640      	mov	r0, r8
1000ad06:	4649      	mov	r1, r9
1000ad08:	6900      	ldr	r0, [r0, #16]
1000ad0a:	6909      	ldr	r1, [r1, #16]
1000ad0c:	9200      	str	r2, [sp, #0]
1000ad0e:	9301      	str	r3, [sp, #4]
1000ad10:	1a09      	subs	r1, r1, r0
1000ad12:	0149      	lsls	r1, r1, #5
1000ad14:	4688      	mov	r8, r1
1000ad16:	9802      	ldr	r0, [sp, #8]
1000ad18:	9903      	ldr	r1, [sp, #12]
1000ad1a:	1a40      	subs	r0, r0, r1
1000ad1c:	0001      	movs	r1, r0
1000ad1e:	4441      	add	r1, r8
1000ad20:	2900      	cmp	r1, #0
1000ad22:	dd0b      	ble.n	1000ad3c <__ratio+0x5c>
1000ad24:	0509      	lsls	r1, r1, #20
1000ad26:	194f      	adds	r7, r1, r5
1000ad28:	003d      	movs	r5, r7
1000ad2a:	0020      	movs	r0, r4
1000ad2c:	0029      	movs	r1, r5
1000ad2e:	f7f7 fed2 	bl	10002ad6 <__wrap___aeabi_ddiv>
1000ad32:	b005      	add	sp, #20
1000ad34:	bcc0      	pop	{r6, r7}
1000ad36:	46b9      	mov	r9, r7
1000ad38:	46b0      	mov	r8, r6
1000ad3a:	bdf0      	pop	{r4, r5, r6, r7, pc}
1000ad3c:	0509      	lsls	r1, r1, #20
1000ad3e:	1a5b      	subs	r3, r3, r1
1000ad40:	9301      	str	r3, [sp, #4]
1000ad42:	9a00      	ldr	r2, [sp, #0]
1000ad44:	9b01      	ldr	r3, [sp, #4]
1000ad46:	e7f0      	b.n	1000ad2a <__ratio+0x4a>

1000ad48 <_mprec_log10>:
1000ad48:	b510      	push	{r4, lr}
1000ad4a:	0004      	movs	r4, r0
1000ad4c:	2817      	cmp	r0, #23
1000ad4e:	dd09      	ble.n	1000ad64 <_mprec_log10+0x1c>
1000ad50:	2000      	movs	r0, #0
1000ad52:	4907      	ldr	r1, [pc, #28]	@ (1000ad70 <_mprec_log10+0x28>)
1000ad54:	2200      	movs	r2, #0
1000ad56:	4b07      	ldr	r3, [pc, #28]	@ (1000ad74 <_mprec_log10+0x2c>)
1000ad58:	3c01      	subs	r4, #1
1000ad5a:	f7f7 feda 	bl	10002b12 <__wrap___aeabi_dmul>
1000ad5e:	2c00      	cmp	r4, #0
1000ad60:	d1f8      	bne.n	1000ad54 <_mprec_log10+0xc>
1000ad62:	bd10      	pop	{r4, pc}
1000ad64:	4b04      	ldr	r3, [pc, #16]	@ (1000ad78 <_mprec_log10+0x30>)
1000ad66:	00c4      	lsls	r4, r0, #3
1000ad68:	191b      	adds	r3, r3, r4
1000ad6a:	6818      	ldr	r0, [r3, #0]
1000ad6c:	6859      	ldr	r1, [r3, #4]
1000ad6e:	e7f8      	b.n	1000ad62 <_mprec_log10+0x1a>
1000ad70:	3ff00000 	.word	0x3ff00000
1000ad74:	40240000 	.word	0x40240000
1000ad78:	1000bb20 	.word	0x1000bb20

1000ad7c <__copybits>:
1000ad7c:	0013      	movs	r3, r2
1000ad7e:	3901      	subs	r1, #1
1000ad80:	b570      	push	{r4, r5, r6, lr}
1000ad82:	114c      	asrs	r4, r1, #5
1000ad84:	6911      	ldr	r1, [r2, #16]
1000ad86:	3401      	adds	r4, #1
1000ad88:	3314      	adds	r3, #20
1000ad8a:	0089      	lsls	r1, r1, #2
1000ad8c:	00a4      	lsls	r4, r4, #2
1000ad8e:	1859      	adds	r1, r3, r1
1000ad90:	1904      	adds	r4, r0, r4
1000ad92:	428b      	cmp	r3, r1
1000ad94:	d20a      	bcs.n	1000adac <__copybits+0x30>
1000ad96:	0005      	movs	r5, r0
1000ad98:	cb40      	ldmia	r3!, {r6}
1000ad9a:	c540      	stmia	r5!, {r6}
1000ad9c:	4299      	cmp	r1, r3
1000ad9e:	d8fb      	bhi.n	1000ad98 <__copybits+0x1c>
1000ada0:	1a8b      	subs	r3, r1, r2
1000ada2:	3b15      	subs	r3, #21
1000ada4:	089b      	lsrs	r3, r3, #2
1000ada6:	3301      	adds	r3, #1
1000ada8:	009b      	lsls	r3, r3, #2
1000adaa:	18c0      	adds	r0, r0, r3
1000adac:	4284      	cmp	r4, r0
1000adae:	d903      	bls.n	1000adb8 <__copybits+0x3c>
1000adb0:	2300      	movs	r3, #0
1000adb2:	c008      	stmia	r0!, {r3}
1000adb4:	4284      	cmp	r4, r0
1000adb6:	d8fc      	bhi.n	1000adb2 <__copybits+0x36>
1000adb8:	bd70      	pop	{r4, r5, r6, pc}
1000adba:	46c0      	nop			@ (mov r8, r8)

1000adbc <__any_on>:
1000adbc:	b510      	push	{r4, lr}
1000adbe:	0004      	movs	r4, r0
1000adc0:	6902      	ldr	r2, [r0, #16]
1000adc2:	3414      	adds	r4, #20
1000adc4:	1148      	asrs	r0, r1, #5
1000adc6:	4282      	cmp	r2, r0
1000adc8:	da0a      	bge.n	1000ade0 <__any_on+0x24>
1000adca:	0092      	lsls	r2, r2, #2
1000adcc:	18a3      	adds	r3, r4, r2
1000adce:	e003      	b.n	1000add8 <__any_on+0x1c>
1000add0:	3b04      	subs	r3, #4
1000add2:	681a      	ldr	r2, [r3, #0]
1000add4:	2a00      	cmp	r2, #0
1000add6:	d114      	bne.n	1000ae02 <__any_on+0x46>
1000add8:	42a3      	cmp	r3, r4
1000adda:	d8f9      	bhi.n	1000add0 <__any_on+0x14>
1000addc:	2000      	movs	r0, #0
1000adde:	bd10      	pop	{r4, pc}
1000ade0:	0083      	lsls	r3, r0, #2
1000ade2:	18e3      	adds	r3, r4, r3
1000ade4:	4282      	cmp	r2, r0
1000ade6:	ddf7      	ble.n	1000add8 <__any_on+0x1c>
1000ade8:	221f      	movs	r2, #31
1000adea:	0010      	movs	r0, r2
1000adec:	4008      	ands	r0, r1
1000adee:	420a      	tst	r2, r1
1000adf0:	d0f2      	beq.n	1000add8 <__any_on+0x1c>
1000adf2:	6819      	ldr	r1, [r3, #0]
1000adf4:	000a      	movs	r2, r1
1000adf6:	40c2      	lsrs	r2, r0
1000adf8:	4082      	lsls	r2, r0
1000adfa:	2001      	movs	r0, #1
1000adfc:	4291      	cmp	r1, r2
1000adfe:	d1ee      	bne.n	1000adde <__any_on+0x22>
1000ae00:	e7ea      	b.n	1000add8 <__any_on+0x1c>
1000ae02:	2001      	movs	r0, #1
1000ae04:	e7eb      	b.n	1000adde <__any_on+0x22>
1000ae06:	46c0      	nop			@ (mov r8, r8)

1000ae08 <sysconf>:
1000ae08:	2380      	movs	r3, #128	@ 0x80
1000ae0a:	b510      	push	{r4, lr}
1000ae0c:	015b      	lsls	r3, r3, #5
1000ae0e:	2808      	cmp	r0, #8
1000ae10:	d101      	bne.n	1000ae16 <sysconf+0xe>
1000ae12:	0018      	movs	r0, r3
1000ae14:	bd10      	pop	{r4, pc}
1000ae16:	f7ff f8c5 	bl	10009fa4 <__errno>
1000ae1a:	2316      	movs	r3, #22
1000ae1c:	6003      	str	r3, [r0, #0]
1000ae1e:	3b17      	subs	r3, #23
1000ae20:	e7f7      	b.n	1000ae12 <sysconf+0xa>
1000ae22:	46c0      	nop			@ (mov r8, r8)

1000ae24 <__register_exitproc>:
1000ae24:	b5f0      	push	{r4, r5, r6, r7, lr}
1000ae26:	46c6      	mov	lr, r8
1000ae28:	4c1a      	ldr	r4, [pc, #104]	@ (1000ae94 <__register_exitproc+0x70>)
1000ae2a:	b500      	push	{lr}
1000ae2c:	6825      	ldr	r5, [r4, #0]
1000ae2e:	2d00      	cmp	r5, #0
1000ae30:	d02a      	beq.n	1000ae88 <__register_exitproc+0x64>
1000ae32:	686c      	ldr	r4, [r5, #4]
1000ae34:	2c1f      	cmp	r4, #31
1000ae36:	dc2a      	bgt.n	1000ae8e <__register_exitproc+0x6a>
1000ae38:	2800      	cmp	r0, #0
1000ae3a:	d108      	bne.n	1000ae4e <__register_exitproc+0x2a>
1000ae3c:	2000      	movs	r0, #0
1000ae3e:	1c63      	adds	r3, r4, #1
1000ae40:	3402      	adds	r4, #2
1000ae42:	00a4      	lsls	r4, r4, #2
1000ae44:	606b      	str	r3, [r5, #4]
1000ae46:	5161      	str	r1, [r4, r5]
1000ae48:	bc80      	pop	{r7}
1000ae4a:	46b8      	mov	r8, r7
1000ae4c:	bdf0      	pop	{r4, r5, r6, r7, pc}
1000ae4e:	2788      	movs	r7, #136	@ 0x88
1000ae50:	00a6      	lsls	r6, r4, #2
1000ae52:	19ae      	adds	r6, r5, r6
1000ae54:	51f2      	str	r2, [r6, r7]
1000ae56:	3701      	adds	r7, #1
1000ae58:	37ff      	adds	r7, #255	@ 0xff
1000ae5a:	46bc      	mov	ip, r7
1000ae5c:	2201      	movs	r2, #1
1000ae5e:	44ac      	add	ip, r5
1000ae60:	4667      	mov	r7, ip
1000ae62:	40a2      	lsls	r2, r4
1000ae64:	683f      	ldr	r7, [r7, #0]
1000ae66:	4690      	mov	r8, r2
1000ae68:	4317      	orrs	r7, r2
1000ae6a:	4662      	mov	r2, ip
1000ae6c:	6017      	str	r7, [r2, #0]
1000ae6e:	2784      	movs	r7, #132	@ 0x84
1000ae70:	007f      	lsls	r7, r7, #1
1000ae72:	51f3      	str	r3, [r6, r7]
1000ae74:	2802      	cmp	r0, #2
1000ae76:	d1e1      	bne.n	1000ae3c <__register_exitproc+0x18>
1000ae78:	0028      	movs	r0, r5
1000ae7a:	4642      	mov	r2, r8
1000ae7c:	308d      	adds	r0, #141	@ 0x8d
1000ae7e:	30ff      	adds	r0, #255	@ 0xff
1000ae80:	6803      	ldr	r3, [r0, #0]
1000ae82:	4313      	orrs	r3, r2
1000ae84:	6003      	str	r3, [r0, #0]
1000ae86:	e7d9      	b.n	1000ae3c <__register_exitproc+0x18>
1000ae88:	4d03      	ldr	r5, [pc, #12]	@ (1000ae98 <__register_exitproc+0x74>)
1000ae8a:	6025      	str	r5, [r4, #0]
1000ae8c:	e7d1      	b.n	1000ae32 <__register_exitproc+0xe>
1000ae8e:	2001      	movs	r0, #1
1000ae90:	4240      	negs	r0, r0
1000ae92:	e7d9      	b.n	1000ae48 <__register_exitproc+0x24>
1000ae94:	20002888 	.word	0x20002888
1000ae98:	200026f8 	.word	0x200026f8

1000ae9c <register_fini>:
1000ae9c:	4b03      	ldr	r3, [pc, #12]	@ (1000aeac <register_fini+0x10>)
1000ae9e:	b510      	push	{r4, lr}
1000aea0:	2b00      	cmp	r3, #0
1000aea2:	d002      	beq.n	1000aeaa <register_fini+0xe>
1000aea4:	4802      	ldr	r0, [pc, #8]	@ (1000aeb0 <register_fini+0x14>)
1000aea6:	f7ff f8b5 	bl	1000a014 <atexit>
1000aeaa:	bd10      	pop	{r4, pc}
1000aeac:	00000000 	.word	0x00000000
1000aeb0:	100093e9 	.word	0x100093e9

1000aeb4 <_fini>:
1000aeb4:	b5f8      	push	{r3, r4, r5, r6, r7, lr}
1000aeb6:	46c0      	nop			@ (mov r8, r8)

1000aeb8 <__reset_non_control_endpoints_veneer>:
1000aeb8:	b401      	push	{r0}
1000aeba:	4802      	ldr	r0, [pc, #8]	@ (1000aec4 <__reset_non_control_endpoints_veneer+0xc>)
1000aebc:	4684      	mov	ip, r0
1000aebe:	bc01      	pop	{r0}
1000aec0:	4760      	bx	ip
1000aec2:	bf00      	nop
1000aec4:	2000048d 	.word	0x2000048d

1000aec8 <__flash_do_cmd_veneer>:
1000aec8:	b401      	push	{r0}
1000aeca:	4802      	ldr	r0, [pc, #8]	@ (1000aed4 <__flash_do_cmd_veneer+0xc>)
1000aecc:	4684      	mov	ip, r0
1000aece:	bc01      	pop	{r0}
1000aed0:	4760      	bx	ip
1000aed2:	bf00      	nop
1000aed4:	20000351 	.word	0x20000351

1000aed8 <__mutex_exit_veneer>:
1000aed8:	b401      	push	{r0}
1000aeda:	4802      	ldr	r0, [pc, #8]	@ (1000aee4 <__mutex_exit_veneer+0xc>)
1000aedc:	4684      	mov	ip, r0
1000aede:	bc01      	pop	{r0}
1000aee0:	4760      	bx	ip
1000aee2:	bf00      	nop
1000aee4:	20000275 	.word	0x20000275

1000aee8 <____aeabi_ldiv0_veneer>:
1000aee8:	b401      	push	{r0}
1000aeea:	4802      	ldr	r0, [pc, #8]	@ (1000aef4 <____aeabi_ldiv0_veneer+0xc>)
1000aeec:	4684      	mov	ip, r0
1000aeee:	bc01      	pop	{r0}
1000aef0:	4760      	bx	ip
1000aef2:	bf00      	nop
1000aef4:	20000fad 	.word	0x20000fad

1000aef8 <____aeabi_idiv0_veneer>:
1000aef8:	b401      	push	{r0}
1000aefa:	4802      	ldr	r0, [pc, #8]	@ (1000af04 <____aeabi_idiv0_veneer+0xc>)
1000aefc:	4684      	mov	ip, r0
1000aefe:	bc01      	pop	{r0}
1000af00:	4760      	bx	ip
1000af02:	bf00      	nop
1000af04:	20000fad 	.word	0x20000fad

1000af08 <__mutex_try_enter_veneer>:
1000af08:	b401      	push	{r0}
1000af0a:	4802      	ldr	r0, [pc, #8]	@ (1000af14 <__mutex_try_enter_veneer+0xc>)
1000af0c:	4684      	mov	ip, r0
1000af0e:	bc01      	pop	{r0}
1000af10:	4760      	bx	ip
1000af12:	bf00      	nop
1000af14:	20000111 	.word	0x20000111

1000af18 <__mutex_enter_timeout_ms_veneer>:
1000af18:	b401      	push	{r0}
1000af1a:	4802      	ldr	r0, [pc, #8]	@ (1000af24 <__mutex_enter_timeout_ms_veneer+0xc>)
1000af1c:	4684      	mov	ip, r0
1000af1e:	bc01      	pop	{r0}
1000af20:	4760      	bx	ip
1000af22:	bf00      	nop
1000af24:	200001e9 	.word	0x200001e9

1000af28 <__bios_getchar_veneer>:
1000af28:	b401      	push	{r0}
1000af2a:	4802      	ldr	r0, [pc, #8]	@ (1000af34 <__bios_getchar_veneer+0xc>)
1000af2c:	4684      	mov	ip, r0
1000af2e:	bc01      	pop	{r0}
1000af30:	4760      	bx	ip
1000af32:	bf00      	nop
1000af34:	200000cf 	.word	0x200000cf

1000af38 <__bios_putchar_veneer>:
1000af38:	b401      	push	{r0}
1000af3a:	4802      	ldr	r0, [pc, #8]	@ (1000af44 <__bios_putchar_veneer+0xc>)
1000af3c:	4684      	mov	ip, r0
1000af3e:	bc01      	pop	{r0}
1000af40:	4760      	bx	ip
1000af42:	bf00      	nop
1000af44:	200000c1 	.word	0x200000c1

1000af48 <__mutex_try_enter_block_until_veneer>:
1000af48:	b401      	push	{r0}
1000af4a:	4802      	ldr	r0, [pc, #8]	@ (1000af54 <__mutex_try_enter_block_until_veneer+0xc>)
1000af4c:	4684      	mov	ip, r0
1000af4e:	bc01      	pop	{r0}
1000af50:	4760      	bx	ip
1000af52:	bf00      	nop
1000af54:	20000151 	.word	0x20000151

1000af58 <__hw_endpoint_start_next_buffer_veneer>:
1000af58:	b401      	push	{r0}
1000af5a:	4802      	ldr	r0, [pc, #8]	@ (1000af64 <__hw_endpoint_start_next_buffer_veneer+0xc>)
1000af5c:	4684      	mov	ip, r0
1000af5e:	bc01      	pop	{r0}
1000af60:	4760      	bx	ip
1000af62:	bf00      	nop
1000af64:	20000d21 	.word	0x20000d21

1000af68 <__e15_is_critical_frame_period_veneer>:
1000af68:	b401      	push	{r0}
1000af6a:	4802      	ldr	r0, [pc, #8]	@ (1000af74 <__e15_is_critical_frame_period_veneer+0xc>)
1000af6c:	4684      	mov	ip, r0
1000af6e:	bc01      	pop	{r0}
1000af70:	4760      	bx	ip
1000af72:	bf00      	nop
1000af74:	20000c91 	.word	0x20000c91

1000af78 <__bios_cls_veneer>:
1000af78:	b401      	push	{r0}
1000af7a:	4802      	ldr	r0, [pc, #8]	@ (1000af84 <__bios_cls_veneer+0xc>)
1000af7c:	4684      	mov	ip, r0
1000af7e:	bc01      	pop	{r0}
1000af80:	4760      	bx	ip
1000af82:	bf00      	nop
1000af84:	200000dd 	.word	0x200000dd

1000af88 <___hw_endpoint_buffer_control_update32_veneer>:
1000af88:	b401      	push	{r0}
1000af8a:	4802      	ldr	r0, [pc, #8]	@ (1000af94 <___hw_endpoint_buffer_control_update32_veneer+0xc>)
1000af8c:	4684      	mov	ip, r0
1000af8e:	bc01      	pop	{r0}
1000af90:	4760      	bx	ip
1000af92:	bf00      	nop
1000af94:	20000cd1 	.word	0x20000cd1

1000af98 <__e15_is_bulkin_ep_veneer>:
1000af98:	b401      	push	{r0}
1000af9a:	4802      	ldr	r0, [pc, #8]	@ (1000afa4 <__e15_is_bulkin_ep_veneer+0xc>)
1000af9c:	4684      	mov	ip, r0
1000af9e:	bc01      	pop	{r0}
1000afa0:	4760      	bx	ip
1000afa2:	bf00      	nop
1000afa4:	20000c69 	.word	0x20000c69

1000afa8 <__pre_init_runtime_init_early_resets>:
1000afa8:	100023cd                                .#..

1000afac <__pre_init_runtime_init_usb_power_down>:
1000afac:	100023f9 100025dd 10003565 10002d19     .#...%..e5...-..
1000afbc:	100034cd                                .4..

1000afc0 <__pre_init_runtime_init_clocks>:
1000afc0:	10002505                                .%..

1000afc4 <__pre_init_runtime_init_post_clock_resets>:
1000afc4:	10002415                                .$..

1000afc8 <__pre_init_runtime_init_rp2040_gpio_ie_disable>:
1000afc8:	10002435                                5$..

1000afcc <__pre_init_runtime_init_spin_locks_reset>:
1000afcc:	10002449                                I$..

1000afd0 <__pre_init_runtime_init_mutex>:
1000afd0:	1000151d                                ....

1000afd4 <__pre_init_runtime_init_install_ram_vector_table>:
1000afd4:	10002451                                Q$..

1000afd8 <__pre_init_runtime_init_default_alarm_pool>:
1000afd8:	100018e9                                ....

1000afdc <__pre_init_first_per_core_initializer>:
1000afdc:	10002395                                .#..

1000afe0 <__pre_init_runtime_init_per_core_irq_priorities>:
1000afe0:	10000f7d                                }...

1000afe4 <__init_array_start>:
1000afe4:	1000ae9d 	.word	0x1000ae9d
1000afe8:	100059b9 	.word	0x100059b9

1000afec <__frame_dummy_init_array_entry>:
1000afec:	100002fd                                ....

Disassembly of section .data:

200000c0 <bios_putchar>:
200000c0:	4912      	ldr	r1, [pc, #72]	@ (2000010c <bios_cls+0x30>)

200000c2 <wait_tx>:
200000c2:	698a      	ldr	r2, [r1, #24]
200000c4:	2320      	movs	r3, #32
200000c6:	421a      	tst	r2, r3
200000c8:	d1fb      	bne.n	200000c2 <wait_tx>
200000ca:	6008      	str	r0, [r1, #0]
200000cc:	4770      	bx	lr

200000ce <bios_getchar>:
200000ce:	490f      	ldr	r1, [pc, #60]	@ (2000010c <bios_cls+0x30>)

200000d0 <wait_rx>:
200000d0:	698a      	ldr	r2, [r1, #24]
200000d2:	2310      	movs	r3, #16
200000d4:	421a      	tst	r2, r3
200000d6:	d1fb      	bne.n	200000d0 <wait_rx>
200000d8:	6808      	ldr	r0, [r1, #0]
200000da:	4770      	bx	lr

200000dc <bios_cls>:
200000dc:	b500      	push	{lr}
200000de:	201b      	movs	r0, #27
200000e0:	f7ff ffee 	bl	200000c0 <bios_putchar>
200000e4:	205b      	movs	r0, #91	@ 0x5b
200000e6:	f7ff ffeb 	bl	200000c0 <bios_putchar>
200000ea:	2032      	movs	r0, #50	@ 0x32
200000ec:	f7ff ffe8 	bl	200000c0 <bios_putchar>
200000f0:	204a      	movs	r0, #74	@ 0x4a
200000f2:	f7ff ffe5 	bl	200000c0 <bios_putchar>
200000f6:	201b      	movs	r0, #27
200000f8:	f7ff ffe2 	bl	200000c0 <bios_putchar>
200000fc:	205b      	movs	r0, #91	@ 0x5b
200000fe:	f7ff ffdf 	bl	200000c0 <bios_putchar>
20000102:	2048      	movs	r0, #72	@ 0x48
20000104:	f7ff ffdc 	bl	200000c0 <bios_putchar>
20000108:	bd00      	pop	{pc}
2000010a:	0000      	.short	0x0000
2000010c:	40034000 	.word	0x40034000

20000110 <mutex_try_enter>:
20000110:	0003      	movs	r3, r0
20000112:	6800      	ldr	r0, [r0, #0]
20000114:	f3ef 8c10 	mrs	ip, PRIMASK
20000118:	b672      	cpsid	i
2000011a:	6802      	ldr	r2, [r0, #0]
2000011c:	2a00      	cmp	r2, #0
2000011e:	d0fc      	beq.n	2000011a <mutex_try_enter+0xa>
20000120:	f3bf 8f5f 	dmb	sy
20000124:	2204      	movs	r2, #4
20000126:	569a      	ldrsb	r2, [r3, r2]
20000128:	2a00      	cmp	r2, #0
2000012a:	db0b      	blt.n	20000144 <mutex_try_enter+0x34>
2000012c:	2900      	cmp	r1, #0
2000012e:	d000      	beq.n	20000132 <mutex_try_enter+0x22>
20000130:	600a      	str	r2, [r1, #0]
20000132:	2000      	movs	r0, #0
20000134:	681b      	ldr	r3, [r3, #0]
20000136:	f3bf 8f5f 	dmb	sy
2000013a:	2200      	movs	r2, #0
2000013c:	601a      	str	r2, [r3, #0]
2000013e:	f38c 8810 	msr	PRIMASK, ip
20000142:	4770      	bx	lr
20000144:	22d0      	movs	r2, #208	@ 0xd0
20000146:	0612      	lsls	r2, r2, #24
20000148:	6812      	ldr	r2, [r2, #0]
2000014a:	2001      	movs	r0, #1
2000014c:	711a      	strb	r2, [r3, #4]
2000014e:	e7f1      	b.n	20000134 <mutex_try_enter+0x24>

20000150 <mutex_try_enter_block_until>:
20000150:	b5f0      	push	{r4, r5, r6, r7, lr}
20000152:	46c6      	mov	lr, r8
20000154:	0015      	movs	r5, r2
20000156:	b500      	push	{lr}
20000158:	0004      	movs	r4, r0
2000015a:	001e      	movs	r6, r3
2000015c:	6802      	ldr	r2, [r0, #0]
2000015e:	f3ef 8110 	mrs	r1, PRIMASK
20000162:	b672      	cpsid	i
20000164:	6813      	ldr	r3, [r2, #0]
20000166:	2b00      	cmp	r3, #0
20000168:	d0fc      	beq.n	20000164 <mutex_try_enter_block_until+0x14>
2000016a:	f3bf 8f5f 	dmb	sy
2000016e:	2304      	movs	r3, #4
20000170:	56e3      	ldrsb	r3, [r4, r3]
20000172:	6822      	ldr	r2, [r4, #0]
20000174:	2b00      	cmp	r3, #0
20000176:	db2b      	blt.n	200001d0 <mutex_try_enter_block_until+0x80>
20000178:	f3bf 8f5f 	dmb	sy
2000017c:	2000      	movs	r0, #0
2000017e:	6010      	str	r0, [r2, #0]
20000180:	f381 8810 	msr	PRIMASK, r1
20000184:	22d0      	movs	r2, #208	@ 0xd0
20000186:	0612      	lsls	r2, r2, #24
20000188:	7812      	ldrb	r2, [r2, #0]
2000018a:	2700      	movs	r7, #0
2000018c:	b252      	sxtb	r2, r2
2000018e:	4690      	mov	r8, r2
20000190:	429a      	cmp	r2, r3
20000192:	d10e      	bne.n	200001b2 <mutex_try_enter_block_until+0x62>
20000194:	2000      	movs	r0, #0
20000196:	bc80      	pop	{r7}
20000198:	46b8      	mov	r8, r7
2000019a:	bdf0      	pop	{r4, r5, r6, r7, pc}
2000019c:	f3bf 8f5f 	dmb	sy
200001a0:	6017      	str	r7, [r2, #0]
200001a2:	f381 8810 	msr	PRIMASK, r1
200001a6:	0028      	movs	r0, r5
200001a8:	0031      	movs	r1, r6
200001aa:	f000 ff01 	bl	20000fb0 <__best_effort_wfe_or_timeout_veneer>
200001ae:	2800      	cmp	r0, #0
200001b0:	d1f0      	bne.n	20000194 <mutex_try_enter_block_until+0x44>
200001b2:	6822      	ldr	r2, [r4, #0]
200001b4:	f3ef 8110 	mrs	r1, PRIMASK
200001b8:	b672      	cpsid	i
200001ba:	6813      	ldr	r3, [r2, #0]
200001bc:	2b00      	cmp	r3, #0
200001be:	d0fc      	beq.n	200001ba <mutex_try_enter_block_until+0x6a>
200001c0:	f3bf 8f5f 	dmb	sy
200001c4:	7923      	ldrb	r3, [r4, #4]
200001c6:	6822      	ldr	r2, [r4, #0]
200001c8:	2b7f      	cmp	r3, #127	@ 0x7f
200001ca:	d9e7      	bls.n	2000019c <mutex_try_enter_block_until+0x4c>
200001cc:	4643      	mov	r3, r8
200001ce:	e002      	b.n	200001d6 <mutex_try_enter_block_until+0x86>
200001d0:	23d0      	movs	r3, #208	@ 0xd0
200001d2:	061b      	lsls	r3, r3, #24
200001d4:	681b      	ldr	r3, [r3, #0]
200001d6:	7123      	strb	r3, [r4, #4]
200001d8:	f3bf 8f5f 	dmb	sy
200001dc:	2300      	movs	r3, #0
200001de:	6013      	str	r3, [r2, #0]
200001e0:	f381 8810 	msr	PRIMASK, r1
200001e4:	2001      	movs	r0, #1
200001e6:	e7d6      	b.n	20000196 <mutex_try_enter_block_until+0x46>

200001e8 <mutex_enter_timeout_ms>:
200001e8:	b5f0      	push	{r4, r5, r6, r7, lr}
200001ea:	46c6      	mov	lr, r8
200001ec:	b500      	push	{lr}
200001ee:	000d      	movs	r5, r1
200001f0:	0004      	movs	r4, r0
200001f2:	f000 fefd 	bl	20000ff0 <__time_us_64_veneer>
200001f6:	22fa      	movs	r2, #250	@ 0xfa
200001f8:	0006      	movs	r6, r0
200001fa:	000f      	movs	r7, r1
200001fc:	2300      	movs	r3, #0
200001fe:	0028      	movs	r0, r5
20000200:	2100      	movs	r1, #0
20000202:	0092      	lsls	r2, r2, #2
20000204:	f000 fefc 	bl	20001000 <____wrap___aeabi_lmul_veneer>
20000208:	1836      	adds	r6, r6, r0
2000020a:	414f      	adcs	r7, r1
2000020c:	2f00      	cmp	r7, #0
2000020e:	da02      	bge.n	20000216 <mutex_enter_timeout_ms+0x2e>
20000210:	2601      	movs	r6, #1
20000212:	4f17      	ldr	r7, [pc, #92]	@ (20000270 <mutex_enter_timeout_ms+0x88>)
20000214:	4276      	negs	r6, r6
20000216:	23d0      	movs	r3, #208	@ 0xd0
20000218:	061b      	lsls	r3, r3, #24
2000021a:	681b      	ldr	r3, [r3, #0]
2000021c:	2500      	movs	r5, #0
2000021e:	4698      	mov	r8, r3
20000220:	e00a      	b.n	20000238 <mutex_enter_timeout_ms+0x50>
20000222:	f3bf 8f5f 	dmb	sy
20000226:	6015      	str	r5, [r2, #0]
20000228:	f381 8810 	msr	PRIMASK, r1
2000022c:	0030      	movs	r0, r6
2000022e:	0039      	movs	r1, r7
20000230:	f000 febe 	bl	20000fb0 <__best_effort_wfe_or_timeout_veneer>
20000234:	2800      	cmp	r0, #0
20000236:	d118      	bne.n	2000026a <mutex_enter_timeout_ms+0x82>
20000238:	6822      	ldr	r2, [r4, #0]
2000023a:	f3ef 8110 	mrs	r1, PRIMASK
2000023e:	b672      	cpsid	i
20000240:	6813      	ldr	r3, [r2, #0]
20000242:	2b00      	cmp	r3, #0
20000244:	d0fc      	beq.n	20000240 <mutex_enter_timeout_ms+0x58>
20000246:	f3bf 8f5f 	dmb	sy
2000024a:	7923      	ldrb	r3, [r4, #4]
2000024c:	6822      	ldr	r2, [r4, #0]
2000024e:	2b7f      	cmp	r3, #127	@ 0x7f
20000250:	d9e7      	bls.n	20000222 <mutex_enter_timeout_ms+0x3a>
20000252:	4643      	mov	r3, r8
20000254:	7123      	strb	r3, [r4, #4]
20000256:	f3bf 8f5f 	dmb	sy
2000025a:	2300      	movs	r3, #0
2000025c:	6013      	str	r3, [r2, #0]
2000025e:	f381 8810 	msr	PRIMASK, r1
20000262:	2001      	movs	r0, #1
20000264:	bc80      	pop	{r7}
20000266:	46b8      	mov	r8, r7
20000268:	bdf0      	pop	{r4, r5, r6, r7, pc}
2000026a:	2000      	movs	r0, #0
2000026c:	e7fa      	b.n	20000264 <mutex_enter_timeout_ms+0x7c>
2000026e:	46c0      	nop			@ (mov r8, r8)
20000270:	7fffffff 	.word	0x7fffffff

20000274 <mutex_exit>:
20000274:	6802      	ldr	r2, [r0, #0]
20000276:	f3ef 8110 	mrs	r1, PRIMASK
2000027a:	b672      	cpsid	i
2000027c:	6813      	ldr	r3, [r2, #0]
2000027e:	2b00      	cmp	r3, #0
20000280:	d0fc      	beq.n	2000027c <mutex_exit+0x8>
20000282:	f3bf 8f5f 	dmb	sy
20000286:	23ff      	movs	r3, #255	@ 0xff
20000288:	7103      	strb	r3, [r0, #4]
2000028a:	6803      	ldr	r3, [r0, #0]
2000028c:	f3bf 8f5f 	dmb	sy
20000290:	2200      	movs	r2, #0
20000292:	601a      	str	r2, [r3, #0]
20000294:	f381 8810 	msr	PRIMASK, r1
20000298:	bf40      	sev
2000029a:	4770      	bx	lr

2000029c <flash_init_boot2_copyout>:
2000029c:	b510      	push	{r4, lr}
2000029e:	4c08      	ldr	r4, [pc, #32]	@ (200002c0 <flash_init_boot2_copyout+0x24>)
200002a0:	7823      	ldrb	r3, [r4, #0]
200002a2:	2b00      	cmp	r3, #0
200002a4:	d10a      	bne.n	200002bc <flash_init_boot2_copyout+0x20>
200002a6:	2380      	movs	r3, #128	@ 0x80
200002a8:	4806      	ldr	r0, [pc, #24]	@ (200002c4 <flash_init_boot2_copyout+0x28>)
200002aa:	4907      	ldr	r1, [pc, #28]	@ (200002c8 <flash_init_boot2_copyout+0x2c>)
200002ac:	055b      	lsls	r3, r3, #21
200002ae:	681a      	ldr	r2, [r3, #0]
200002b0:	50c2      	str	r2, [r0, r3]
200002b2:	3304      	adds	r3, #4
200002b4:	428b      	cmp	r3, r1
200002b6:	d1fa      	bne.n	200002ae <flash_init_boot2_copyout+0x12>
200002b8:	2301      	movs	r3, #1
200002ba:	7023      	strb	r3, [r4, #0]
200002bc:	bd10      	pop	{r4, pc}
200002be:	46c0      	nop			@ (mov r8, r8)
200002c0:	20004cf8 	.word	0x20004cf8
200002c4:	10002e24 	.word	0x10002e24
200002c8:	10000100 	.word	0x10000100

200002cc <flash_enable_xip_via_boot2>:
200002cc:	b510      	push	{r4, lr}
200002ce:	4b01      	ldr	r3, [pc, #4]	@ (200002d4 <flash_enable_xip_via_boot2+0x8>)
200002d0:	4798      	blx	r3
200002d2:	bd10      	pop	{r4, pc}
200002d4:	20002e25 	.word	0x20002e25

200002d8 <flash_save_hardware_state>:
200002d8:	4b06      	ldr	r3, [pc, #24]	@ (200002f4 <flash_save_hardware_state+0x1c>)
200002da:	685a      	ldr	r2, [r3, #4]
200002dc:	6002      	str	r2, [r0, #0]
200002de:	689a      	ldr	r2, [r3, #8]
200002e0:	6042      	str	r2, [r0, #4]
200002e2:	68da      	ldr	r2, [r3, #12]
200002e4:	6082      	str	r2, [r0, #8]
200002e6:	691a      	ldr	r2, [r3, #16]
200002e8:	60c2      	str	r2, [r0, #12]
200002ea:	695a      	ldr	r2, [r3, #20]
200002ec:	6102      	str	r2, [r0, #16]
200002ee:	699b      	ldr	r3, [r3, #24]
200002f0:	6143      	str	r3, [r0, #20]
200002f2:	4770      	bx	lr
200002f4:	40020000 	.word	0x40020000

200002f8 <flash_restore_hardware_state>:
200002f8:	6802      	ldr	r2, [r0, #0]
200002fa:	4b06      	ldr	r3, [pc, #24]	@ (20000314 <flash_restore_hardware_state+0x1c>)
200002fc:	605a      	str	r2, [r3, #4]
200002fe:	6842      	ldr	r2, [r0, #4]
20000300:	609a      	str	r2, [r3, #8]
20000302:	6882      	ldr	r2, [r0, #8]
20000304:	60da      	str	r2, [r3, #12]
20000306:	68c2      	ldr	r2, [r0, #12]
20000308:	611a      	str	r2, [r3, #16]
2000030a:	6902      	ldr	r2, [r0, #16]
2000030c:	615a      	str	r2, [r3, #20]
2000030e:	6942      	ldr	r2, [r0, #20]
20000310:	619a      	str	r2, [r3, #24]
20000312:	4770      	bx	lr
20000314:	40020000 	.word	0x40020000

20000318 <flash_cs_force.constprop.0>:
20000318:	4b03      	ldr	r3, [pc, #12]	@ (20000328 <flash_cs_force.constprop.0+0x10>)
2000031a:	681a      	ldr	r2, [r3, #0]
2000031c:	23c0      	movs	r3, #192	@ 0xc0
2000031e:	009b      	lsls	r3, r3, #2
20000320:	4393      	bics	r3, r2
20000322:	4a02      	ldr	r2, [pc, #8]	@ (2000032c <flash_cs_force.constprop.0+0x14>)
20000324:	6013      	str	r3, [r2, #0]
20000326:	4770      	bx	lr
20000328:	4001800c 	.word	0x4001800c
2000032c:	4001900c 	.word	0x4001900c

20000330 <flash_cs_force.constprop.1>:
20000330:	4b05      	ldr	r3, [pc, #20]	@ (20000348 <flash_cs_force.constprop.1+0x18>)
20000332:	681a      	ldr	r2, [r3, #0]
20000334:	2380      	movs	r3, #128	@ 0x80
20000336:	009b      	lsls	r3, r3, #2
20000338:	4053      	eors	r3, r2
2000033a:	22c0      	movs	r2, #192	@ 0xc0
2000033c:	0092      	lsls	r2, r2, #2
2000033e:	4013      	ands	r3, r2
20000340:	4a02      	ldr	r2, [pc, #8]	@ (2000034c <flash_cs_force.constprop.1+0x1c>)
20000342:	6013      	str	r3, [r2, #0]
20000344:	4770      	bx	lr
20000346:	46c0      	nop			@ (mov r8, r8)
20000348:	4001800c 	.word	0x4001800c
2000034c:	4001900c 	.word	0x4001900c

20000350 <flash_do_cmd>:
20000350:	2300      	movs	r3, #0
20000352:	b5f0      	push	{r4, r5, r6, r7, lr}
20000354:	46de      	mov	lr, fp
20000356:	4657      	mov	r7, sl
20000358:	464e      	mov	r6, r9
2000035a:	4645      	mov	r5, r8
2000035c:	469a      	mov	sl, r3
2000035e:	b5e0      	push	{r5, r6, r7, lr}
20000360:	b089      	sub	sp, #36	@ 0x24
20000362:	9001      	str	r0, [sp, #4]
20000364:	000e      	movs	r6, r1
20000366:	8a98      	ldrh	r0, [r3, #20]
20000368:	4945      	ldr	r1, [pc, #276]	@ (20000480 <flash_do_cmd+0x130>)
2000036a:	8b1b      	ldrh	r3, [r3, #24]
2000036c:	0014      	movs	r4, r2
2000036e:	4798      	blx	r3
20000370:	4653      	mov	r3, sl
20000372:	4681      	mov	r9, r0
20000374:	4943      	ldr	r1, [pc, #268]	@ (20000484 <flash_do_cmd+0x134>)
20000376:	8a98      	ldrh	r0, [r3, #20]
20000378:	8b1b      	ldrh	r3, [r3, #24]
2000037a:	4798      	blx	r3
2000037c:	4653      	mov	r3, sl
2000037e:	4942      	ldr	r1, [pc, #264]	@ (20000488 <flash_do_cmd+0x138>)
20000380:	0005      	movs	r5, r0
20000382:	8a98      	ldrh	r0, [r3, #20]
20000384:	8b1b      	ldrh	r3, [r3, #24]
20000386:	4798      	blx	r3
20000388:	4680      	mov	r8, r0
2000038a:	f7ff ff87 	bl	2000029c <flash_init_boot2_copyout>
2000038e:	a802      	add	r0, sp, #8
20000390:	f7ff ffa2 	bl	200002d8 <flash_save_hardware_state>
20000394:	47c8      	blx	r9
20000396:	47a8      	blx	r5
20000398:	f7ff ffca 	bl	20000330 <flash_cs_force.constprop.1>
2000039c:	1e25      	subs	r5, r4, #0
2000039e:	d022      	beq.n	200003e6 <flash_do_cmd+0x96>
200003a0:	2308      	movs	r3, #8
200003a2:	21c0      	movs	r1, #192	@ 0xc0
200003a4:	469c      	mov	ip, r3
200003a6:	2002      	movs	r0, #2
200003a8:	0549      	lsls	r1, r1, #21
200003aa:	4662      	mov	r2, ip
200003ac:	6a8b      	ldr	r3, [r1, #40]	@ 0x28
200003ae:	401a      	ands	r2, r3
200003b0:	4218      	tst	r0, r3
200003b2:	d03f      	beq.n	20000434 <flash_do_cmd+0xe4>
200003b4:	1b63      	subs	r3, r4, r5
200003b6:	2d00      	cmp	r5, #0
200003b8:	d12f      	bne.n	2000041a <flash_do_cmd+0xca>
200003ba:	2a00      	cmp	r2, #0
200003bc:	d111      	bne.n	200003e2 <flash_do_cmd+0x92>
200003be:	2c00      	cmp	r4, #0
200003c0:	d011      	beq.n	200003e6 <flash_do_cmd+0x96>
200003c2:	23c0      	movs	r3, #192	@ 0xc0
200003c4:	055b      	lsls	r3, r3, #21
200003c6:	469b      	mov	fp, r3
200003c8:	2302      	movs	r3, #2
200003ca:	469a      	mov	sl, r3
200003cc:	3306      	adds	r3, #6
200003ce:	4699      	mov	r9, r3
200003d0:	465b      	mov	r3, fp
200003d2:	464a      	mov	r2, r9
200003d4:	4657      	mov	r7, sl
200003d6:	6a9b      	ldr	r3, [r3, #40]	@ 0x28
200003d8:	401a      	ands	r2, r3
200003da:	421f      	tst	r7, r3
200003dc:	d042      	beq.n	20000464 <flash_do_cmd+0x114>
200003de:	2a00      	cmp	r2, #0
200003e0:	d0f6      	beq.n	200003d0 <flash_do_cmd+0x80>
200003e2:	2c00      	cmp	r4, #0
200003e4:	d130      	bne.n	20000448 <flash_do_cmd+0xf8>
200003e6:	f7ff ff97 	bl	20000318 <flash_cs_force.constprop.0>
200003ea:	47c0      	blx	r8
200003ec:	f7ff ff6e 	bl	200002cc <flash_enable_xip_via_boot2>
200003f0:	a802      	add	r0, sp, #8
200003f2:	f7ff ff81 	bl	200002f8 <flash_restore_hardware_state>
200003f6:	b009      	add	sp, #36	@ 0x24
200003f8:	bcf0      	pop	{r4, r5, r6, r7}
200003fa:	46bb      	mov	fp, r7
200003fc:	46b2      	mov	sl, r6
200003fe:	46a9      	mov	r9, r5
20000400:	46a0      	mov	r8, r4
20000402:	bdf0      	pop	{r4, r5, r6, r7, pc}
20000404:	2c00      	cmp	r4, #0
20000406:	d12f      	bne.n	20000468 <flash_do_cmd+0x118>
20000408:	22c0      	movs	r2, #192	@ 0xc0
2000040a:	0552      	lsls	r2, r2, #21
2000040c:	6a92      	ldr	r2, [r2, #40]	@ 0x28
2000040e:	4691      	mov	r9, r2
20000410:	2208      	movs	r2, #8
20000412:	464f      	mov	r7, r9
20000414:	403a      	ands	r2, r7
20000416:	07bf      	lsls	r7, r7, #30
20000418:	d52d      	bpl.n	20000476 <flash_do_cmd+0x126>
2000041a:	2b0d      	cmp	r3, #13
2000041c:	d91b      	bls.n	20000456 <flash_do_cmd+0x106>
2000041e:	2a00      	cmp	r2, #0
20000420:	d1f0      	bne.n	20000404 <flash_do_cmd+0xb4>
20000422:	22c0      	movs	r2, #192	@ 0xc0
20000424:	0552      	lsls	r2, r2, #21
20000426:	6a92      	ldr	r2, [r2, #40]	@ 0x28
20000428:	4691      	mov	r9, r2
2000042a:	2208      	movs	r2, #8
2000042c:	464f      	mov	r7, r9
2000042e:	403a      	ands	r2, r7
20000430:	07bf      	lsls	r7, r7, #30
20000432:	d4f2      	bmi.n	2000041a <flash_do_cmd+0xca>
20000434:	2a00      	cmp	r2, #0
20000436:	d104      	bne.n	20000442 <flash_do_cmd+0xf2>
20000438:	002b      	movs	r3, r5
2000043a:	4323      	orrs	r3, r4
2000043c:	2b00      	cmp	r3, #0
2000043e:	d1b4      	bne.n	200003aa <flash_do_cmd+0x5a>
20000440:	e7d1      	b.n	200003e6 <flash_do_cmd+0x96>
20000442:	002b      	movs	r3, r5
20000444:	2c00      	cmp	r4, #0
20000446:	d0f9      	beq.n	2000043c <flash_do_cmd+0xec>
20000448:	6e0b      	ldr	r3, [r1, #96]	@ 0x60
2000044a:	3c01      	subs	r4, #1
2000044c:	7033      	strb	r3, [r6, #0]
2000044e:	0023      	movs	r3, r4
20000450:	3601      	adds	r6, #1
20000452:	432b      	orrs	r3, r5
20000454:	e7f2      	b.n	2000043c <flash_do_cmd+0xec>
20000456:	9f01      	ldr	r7, [sp, #4]
20000458:	3d01      	subs	r5, #1
2000045a:	783b      	ldrb	r3, [r7, #0]
2000045c:	3701      	adds	r7, #1
2000045e:	660b      	str	r3, [r1, #96]	@ 0x60
20000460:	9701      	str	r7, [sp, #4]
20000462:	e7e7      	b.n	20000434 <flash_do_cmd+0xe4>
20000464:	2500      	movs	r5, #0
20000466:	e7e5      	b.n	20000434 <flash_do_cmd+0xe4>
20000468:	23c0      	movs	r3, #192	@ 0xc0
2000046a:	055b      	lsls	r3, r3, #21
2000046c:	6e1b      	ldr	r3, [r3, #96]	@ 0x60
2000046e:	3c01      	subs	r4, #1
20000470:	7033      	strb	r3, [r6, #0]
20000472:	3601      	adds	r6, #1
20000474:	e799      	b.n	200003aa <flash_do_cmd+0x5a>
20000476:	002b      	movs	r3, r5
20000478:	2a00      	cmp	r2, #0
2000047a:	d1df      	bne.n	2000043c <flash_do_cmd+0xec>
2000047c:	e7dc      	b.n	20000438 <flash_do_cmd+0xe8>
2000047e:	46c0      	nop			@ (mov r8, r8)
20000480:	00004649 	.word	0x00004649
20000484:	00005845 	.word	0x00005845
20000488:	00004346 	.word	0x00004346

2000048c <reset_non_control_endpoints>:
2000048c:	2200      	movs	r2, #0
2000048e:	4b15      	ldr	r3, [pc, #84]	@ (200004e4 <reset_non_control_endpoints+0x58>)
20000490:	b510      	push	{r4, lr}
20000492:	609a      	str	r2, [r3, #8]
20000494:	60da      	str	r2, [r3, #12]
20000496:	611a      	str	r2, [r3, #16]
20000498:	615a      	str	r2, [r3, #20]
2000049a:	619a      	str	r2, [r3, #24]
2000049c:	61da      	str	r2, [r3, #28]
2000049e:	621a      	str	r2, [r3, #32]
200004a0:	625a      	str	r2, [r3, #36]	@ 0x24
200004a2:	629a      	str	r2, [r3, #40]	@ 0x28
200004a4:	62da      	str	r2, [r3, #44]	@ 0x2c
200004a6:	631a      	str	r2, [r3, #48]	@ 0x30
200004a8:	635a      	str	r2, [r3, #52]	@ 0x34
200004aa:	639a      	str	r2, [r3, #56]	@ 0x38
200004ac:	63da      	str	r2, [r3, #60]	@ 0x3c
200004ae:	641a      	str	r2, [r3, #64]	@ 0x40
200004b0:	645a      	str	r2, [r3, #68]	@ 0x44
200004b2:	649a      	str	r2, [r3, #72]	@ 0x48
200004b4:	64da      	str	r2, [r3, #76]	@ 0x4c
200004b6:	651a      	str	r2, [r3, #80]	@ 0x50
200004b8:	655a      	str	r2, [r3, #84]	@ 0x54
200004ba:	659a      	str	r2, [r3, #88]	@ 0x58
200004bc:	65da      	str	r2, [r3, #92]	@ 0x5c
200004be:	661a      	str	r2, [r3, #96]	@ 0x60
200004c0:	665a      	str	r2, [r3, #100]	@ 0x64
200004c2:	669a      	str	r2, [r3, #104]	@ 0x68
200004c4:	66da      	str	r2, [r3, #108]	@ 0x6c
200004c6:	671a      	str	r2, [r3, #112]	@ 0x70
200004c8:	675a      	str	r2, [r3, #116]	@ 0x74
200004ca:	679a      	str	r2, [r3, #120]	@ 0x78
200004cc:	67da      	str	r2, [r3, #124]	@ 0x7c
200004ce:	32f0      	adds	r2, #240	@ 0xf0
200004d0:	0092      	lsls	r2, r2, #2
200004d2:	2100      	movs	r1, #0
200004d4:	4804      	ldr	r0, [pc, #16]	@ (200004e8 <reset_non_control_endpoints+0x5c>)
200004d6:	f000 fd73 	bl	20000fc0 <____wrap_memset_veneer>
200004da:	4b04      	ldr	r3, [pc, #16]	@ (200004ec <reset_non_control_endpoints+0x60>)
200004dc:	4a04      	ldr	r2, [pc, #16]	@ (200004f0 <reset_non_control_endpoints+0x64>)
200004de:	601a      	str	r2, [r3, #0]
200004e0:	bd10      	pop	{r4, pc}
200004e2:	46c0      	nop			@ (mov r8, r8)
200004e4:	50100000 	.word	0x50100000
200004e8:	20002fe0 	.word	0x20002fe0
200004ec:	200033a8 	.word	0x200033a8
200004f0:	50100180 	.word	0x50100180

200004f4 <hw_handle_buff_status>:
200004f4:	b5f0      	push	{r4, r5, r6, r7, lr}
200004f6:	464e      	mov	r6, r9
200004f8:	4645      	mov	r5, r8
200004fa:	46de      	mov	lr, fp
200004fc:	4657      	mov	r7, sl
200004fe:	b5e0      	push	{r5, r6, r7, lr}
20000500:	4b21      	ldr	r3, [pc, #132]	@ (20000588 <hw_handle_buff_status+0x94>)
20000502:	2400      	movs	r4, #0
20000504:	6d9e      	ldr	r6, [r3, #88]	@ 0x58
20000506:	2501      	movs	r5, #1
20000508:	b085      	sub	sp, #20
2000050a:	2e00      	cmp	r6, #0
2000050c:	d022      	beq.n	20000554 <hw_handle_buff_status+0x60>
2000050e:	4b1f      	ldr	r3, [pc, #124]	@ (2000058c <hw_handle_buff_status+0x98>)
20000510:	469a      	mov	sl, r3
20000512:	2301      	movs	r3, #1
20000514:	4699      	mov	r9, r3
20000516:	4b1e      	ldr	r3, [pc, #120]	@ (20000590 <hw_handle_buff_status+0x9c>)
20000518:	4698      	mov	r8, r3
2000051a:	e001      	b.n	20000520 <hw_handle_buff_status+0x2c>
2000051c:	2c20      	cmp	r4, #32
2000051e:	d019      	beq.n	20000554 <hw_handle_buff_status+0x60>
20000520:	002a      	movs	r2, r5
20000522:	0023      	movs	r3, r4
20000524:	3401      	adds	r4, #1
20000526:	002f      	movs	r7, r5
20000528:	4032      	ands	r2, r6
2000052a:	b2e4      	uxtb	r4, r4
2000052c:	006d      	lsls	r5, r5, #1
2000052e:	2a00      	cmp	r2, #0
20000530:	d0f4      	beq.n	2000051c <hw_handle_buff_status+0x28>
20000532:	4652      	mov	r2, sl
20000534:	6597      	str	r7, [r2, #88]	@ 0x58
20000536:	464a      	mov	r2, r9
20000538:	085b      	lsrs	r3, r3, #1
2000053a:	005b      	lsls	r3, r3, #1
2000053c:	4022      	ands	r2, r4
2000053e:	189b      	adds	r3, r3, r2
20000540:	015b      	lsls	r3, r3, #5
20000542:	4443      	add	r3, r8
20000544:	0018      	movs	r0, r3
20000546:	469b      	mov	fp, r3
20000548:	f000 fc1e 	bl	20000d88 <hw_endpoint_xfer_continue>
2000054c:	2800      	cmp	r0, #0
2000054e:	d108      	bne.n	20000562 <hw_handle_buff_status+0x6e>
20000550:	43be      	bics	r6, r7
20000552:	d1e3      	bne.n	2000051c <hw_handle_buff_status+0x28>
20000554:	b005      	add	sp, #20
20000556:	bcf0      	pop	{r4, r5, r6, r7}
20000558:	46bb      	mov	fp, r7
2000055a:	46b2      	mov	sl, r6
2000055c:	46a9      	mov	r9, r5
2000055e:	46a0      	mov	r8, r4
20000560:	bdf0      	pop	{r4, r5, r6, r7, pc}
20000562:	465b      	mov	r3, fp
20000564:	21e0      	movs	r1, #224	@ 0xe0
20000566:	789a      	ldrb	r2, [r3, #2]
20000568:	8adb      	ldrh	r3, [r3, #22]
2000056a:	a801      	add	r0, sp, #4
2000056c:	6083      	str	r3, [r0, #8]
2000056e:	2300      	movs	r3, #0
20000570:	00c9      	lsls	r1, r1, #3
20000572:	8001      	strh	r1, [r0, #0]
20000574:	2101      	movs	r1, #1
20000576:	7102      	strb	r2, [r0, #4]
20000578:	7143      	strb	r3, [r0, #5]
2000057a:	f000 fc25 	bl	20000dc8 <dcd_event_handler>
2000057e:	4658      	mov	r0, fp
20000580:	f000 fba0 	bl	20000cc4 <hw_endpoint_reset_transfer>
20000584:	e7e4      	b.n	20000550 <hw_handle_buff_status+0x5c>
20000586:	46c0      	nop			@ (mov r8, r8)
20000588:	50110000 	.word	0x50110000
2000058c:	50113000 	.word	0x50113000
20000590:	20002fa0 	.word	0x20002fa0

20000594 <dcd_rp2040_irq>:
20000594:	2398      	movs	r3, #152	@ 0x98
20000596:	b5f0      	push	{r4, r5, r6, r7, lr}
20000598:	46c6      	mov	lr, r8
2000059a:	4ac8      	ldr	r2, [pc, #800]	@ (200008bc <dcd_rp2040_irq+0x328>)
2000059c:	b500      	push	{lr}
2000059e:	58d5      	ldr	r5, [r2, r3]
200005a0:	2380      	movs	r3, #128	@ 0x80
200005a2:	002e      	movs	r6, r5
200005a4:	029b      	lsls	r3, r3, #10
200005a6:	2410      	movs	r4, #16
200005a8:	b084      	sub	sp, #16
200005aa:	401e      	ands	r6, r3
200005ac:	421d      	tst	r5, r3
200005ae:	d074      	beq.n	2000069a <dcd_rp2040_irq+0x106>
200005b0:	4bc3      	ldr	r3, [pc, #780]	@ (200008c0 <dcd_rp2040_irq+0x32c>)
200005b2:	4cc4      	ldr	r4, [pc, #784]	@ (200008c4 <dcd_rp2040_irq+0x330>)
200005b4:	6a9a      	ldr	r2, [r3, #40]	@ 0x28
200005b6:	4bc4      	ldr	r3, [pc, #784]	@ (200008c8 <dcd_rp2040_irq+0x334>)
200005b8:	2600      	movs	r6, #0
200005ba:	601a      	str	r2, [r3, #0]
200005bc:	233b      	movs	r3, #59	@ 0x3b
200005be:	5ce3      	ldrb	r3, [r4, r3]
200005c0:	2b02      	cmp	r3, #2
200005c2:	d100      	bne.n	200005c6 <dcd_rp2040_irq+0x32>
200005c4:	e14f      	b.n	20000866 <dcd_rp2040_irq+0x2d2>
200005c6:	237b      	movs	r3, #123	@ 0x7b
200005c8:	5ce3      	ldrb	r3, [r4, r3]
200005ca:	2b02      	cmp	r3, #2
200005cc:	d100      	bne.n	200005d0 <dcd_rp2040_irq+0x3c>
200005ce:	e0f3      	b.n	200007b8 <dcd_rp2040_irq+0x224>
200005d0:	23bb      	movs	r3, #187	@ 0xbb
200005d2:	5ce3      	ldrb	r3, [r4, r3]
200005d4:	2b02      	cmp	r3, #2
200005d6:	d100      	bne.n	200005da <dcd_rp2040_irq+0x46>
200005d8:	e0fa      	b.n	200007d0 <dcd_rp2040_irq+0x23c>
200005da:	23fb      	movs	r3, #251	@ 0xfb
200005dc:	5ce3      	ldrb	r3, [r4, r3]
200005de:	2b02      	cmp	r3, #2
200005e0:	d100      	bne.n	200005e4 <dcd_rp2040_irq+0x50>
200005e2:	e101      	b.n	200007e8 <dcd_rp2040_irq+0x254>
200005e4:	233c      	movs	r3, #60	@ 0x3c
200005e6:	33ff      	adds	r3, #255	@ 0xff
200005e8:	5ce3      	ldrb	r3, [r4, r3]
200005ea:	2b02      	cmp	r3, #2
200005ec:	d100      	bne.n	200005f0 <dcd_rp2040_irq+0x5c>
200005ee:	e12d      	b.n	2000084c <dcd_rp2040_irq+0x2b8>
200005f0:	237c      	movs	r3, #124	@ 0x7c
200005f2:	33ff      	adds	r3, #255	@ 0xff
200005f4:	5ce3      	ldrb	r3, [r4, r3]
200005f6:	2b02      	cmp	r3, #2
200005f8:	d100      	bne.n	200005fc <dcd_rp2040_irq+0x68>
200005fa:	e10e      	b.n	2000081a <dcd_rp2040_irq+0x286>
200005fc:	23bc      	movs	r3, #188	@ 0xbc
200005fe:	33ff      	adds	r3, #255	@ 0xff
20000600:	5ce3      	ldrb	r3, [r4, r3]
20000602:	2b02      	cmp	r3, #2
20000604:	d100      	bne.n	20000608 <dcd_rp2040_irq+0x74>
20000606:	e13f      	b.n	20000888 <dcd_rp2040_irq+0x2f4>
20000608:	23fc      	movs	r3, #252	@ 0xfc
2000060a:	33ff      	adds	r3, #255	@ 0xff
2000060c:	5ce3      	ldrb	r3, [r4, r3]
2000060e:	2b02      	cmp	r3, #2
20000610:	d100      	bne.n	20000614 <dcd_rp2040_irq+0x80>
20000612:	e0f5      	b.n	20000800 <dcd_rp2040_irq+0x26c>
20000614:	4bad      	ldr	r3, [pc, #692]	@ (200008cc <dcd_rp2040_irq+0x338>)
20000616:	5ce3      	ldrb	r3, [r4, r3]
20000618:	2b02      	cmp	r3, #2
2000061a:	d100      	bne.n	2000061e <dcd_rp2040_irq+0x8a>
2000061c:	e174      	b.n	20000908 <dcd_rp2040_irq+0x374>
2000061e:	4bac      	ldr	r3, [pc, #688]	@ (200008d0 <dcd_rp2040_irq+0x33c>)
20000620:	5ce3      	ldrb	r3, [r4, r3]
20000622:	2b02      	cmp	r3, #2
20000624:	d100      	bne.n	20000628 <dcd_rp2040_irq+0x94>
20000626:	e105      	b.n	20000834 <dcd_rp2040_irq+0x2a0>
20000628:	4baa      	ldr	r3, [pc, #680]	@ (200008d4 <dcd_rp2040_irq+0x340>)
2000062a:	5ce3      	ldrb	r3, [r4, r3]
2000062c:	2b02      	cmp	r3, #2
2000062e:	d100      	bne.n	20000632 <dcd_rp2040_irq+0x9e>
20000630:	e175      	b.n	2000091e <dcd_rp2040_irq+0x38a>
20000632:	4ba9      	ldr	r3, [pc, #676]	@ (200008d8 <dcd_rp2040_irq+0x344>)
20000634:	5ce3      	ldrb	r3, [r4, r3]
20000636:	2b02      	cmp	r3, #2
20000638:	d100      	bne.n	2000063c <dcd_rp2040_irq+0xa8>
2000063a:	e132      	b.n	200008a2 <dcd_rp2040_irq+0x30e>
2000063c:	4ba7      	ldr	r3, [pc, #668]	@ (200008dc <dcd_rp2040_irq+0x348>)
2000063e:	5ce3      	ldrb	r3, [r4, r3]
20000640:	2b02      	cmp	r3, #2
20000642:	d100      	bne.n	20000646 <dcd_rp2040_irq+0xb2>
20000644:	e1a0      	b.n	20000988 <dcd_rp2040_irq+0x3f4>
20000646:	4ba6      	ldr	r3, [pc, #664]	@ (200008e0 <dcd_rp2040_irq+0x34c>)
20000648:	5ce3      	ldrb	r3, [r4, r3]
2000064a:	2b02      	cmp	r3, #2
2000064c:	d100      	bne.n	20000650 <dcd_rp2040_irq+0xbc>
2000064e:	e171      	b.n	20000934 <dcd_rp2040_irq+0x3a0>
20000650:	4ba4      	ldr	r3, [pc, #656]	@ (200008e4 <dcd_rp2040_irq+0x350>)
20000652:	5ce3      	ldrb	r3, [r4, r3]
20000654:	2b02      	cmp	r3, #2
20000656:	d100      	bne.n	2000065a <dcd_rp2040_irq+0xc6>
20000658:	e1a1      	b.n	2000099e <dcd_rp2040_irq+0x40a>
2000065a:	4ba3      	ldr	r3, [pc, #652]	@ (200008e8 <dcd_rp2040_irq+0x354>)
2000065c:	5ce3      	ldrb	r3, [r4, r3]
2000065e:	2b02      	cmp	r3, #2
20000660:	d100      	bne.n	20000664 <dcd_rp2040_irq+0xd0>
20000662:	e17f      	b.n	20000964 <dcd_rp2040_irq+0x3d0>
20000664:	2e00      	cmp	r6, #0
20000666:	d108      	bne.n	2000067a <dcd_rp2040_irq+0xe6>
20000668:	4ba0      	ldr	r3, [pc, #640]	@ (200008ec <dcd_rp2040_irq+0x358>)
2000066a:	781b      	ldrb	r3, [r3, #0]
2000066c:	2b00      	cmp	r3, #0
2000066e:	d104      	bne.n	2000067a <dcd_rp2040_irq+0xe6>
20000670:	2180      	movs	r1, #128	@ 0x80
20000672:	4a9f      	ldr	r2, [pc, #636]	@ (200008f0 <dcd_rp2040_irq+0x35c>)
20000674:	3390      	adds	r3, #144	@ 0x90
20000676:	0289      	lsls	r1, r1, #10
20000678:	50d1      	str	r1, [r2, r3]
2000067a:	22c0      	movs	r2, #192	@ 0xc0
2000067c:	4669      	mov	r1, sp
2000067e:	4b8f      	ldr	r3, [pc, #572]	@ (200008bc <dcd_rp2040_irq+0x328>)
20000680:	0092      	lsls	r2, r2, #2
20000682:	6c9b      	ldr	r3, [r3, #72]	@ 0x48
20000684:	2680      	movs	r6, #128	@ 0x80
20000686:	055b      	lsls	r3, r3, #21
20000688:	808a      	strh	r2, [r1, #4]
2000068a:	0d5b      	lsrs	r3, r3, #21
2000068c:	2101      	movs	r1, #1
2000068e:	a801      	add	r0, sp, #4
20000690:	9302      	str	r3, [sp, #8]
20000692:	f000 fb99 	bl	20000dc8 <dcd_event_handler>
20000696:	4c97      	ldr	r4, [pc, #604]	@ (200008f4 <dcd_rp2040_irq+0x360>)
20000698:	02b6      	lsls	r6, r6, #10
2000069a:	06eb      	lsls	r3, r5, #27
2000069c:	d500      	bpl.n	200006a0 <dcd_rp2040_irq+0x10c>
2000069e:	e07f      	b.n	200007a0 <dcd_rp2040_irq+0x20c>
200006a0:	2380      	movs	r3, #128	@ 0x80
200006a2:	025b      	lsls	r3, r3, #9
200006a4:	421d      	tst	r5, r3
200006a6:	d031      	beq.n	2000070c <dcd_rp2040_irq+0x178>
200006a8:	431e      	orrs	r6, r3
200006aa:	2301      	movs	r3, #1
200006ac:	2402      	movs	r4, #2
200006ae:	4698      	mov	r8, r3
200006b0:	4f84      	ldr	r7, [pc, #528]	@ (200008c4 <dcd_rp2040_irq+0x330>)
200006b2:	7ebb      	ldrb	r3, [r7, #26]
200006b4:	2b00      	cmp	r3, #0
200006b6:	d014      	beq.n	200006e2 <dcd_rp2040_irq+0x14e>
200006b8:	f000 fcb2 	bl	20001020 <__rp2040_chip_version_veneer>
200006bc:	2801      	cmp	r0, #1
200006be:	d900      	bls.n	200006c2 <dcd_rp2040_irq+0x12e>
200006c0:	e072      	b.n	200007a8 <dcd_rp2040_irq+0x214>
200006c2:	22c0      	movs	r2, #192	@ 0xc0
200006c4:	2100      	movs	r1, #0
200006c6:	0038      	movs	r0, r7
200006c8:	0192      	lsls	r2, r2, #6
200006ca:	f000 fb01 	bl	20000cd0 <_hw_endpoint_buffer_control_update32>
200006ce:	0038      	movs	r0, r7
200006d0:	f000 faf8 	bl	20000cc4 <hw_endpoint_reset_transfer>
200006d4:	f000 fca4 	bl	20001020 <__rp2040_chip_version_veneer>
200006d8:	2801      	cmp	r0, #1
200006da:	d902      	bls.n	200006e2 <dcd_rp2040_irq+0x14e>
200006dc:	4b84      	ldr	r3, [pc, #528]	@ (200008f0 <dcd_rp2040_irq+0x35c>)
200006de:	665c      	str	r4, [r3, #100]	@ 0x64
200006e0:	661c      	str	r4, [r3, #96]	@ 0x60
200006e2:	4643      	mov	r3, r8
200006e4:	70fb      	strb	r3, [r7, #3]
200006e6:	3720      	adds	r7, #32
200006e8:	2c01      	cmp	r4, #1
200006ea:	d122      	bne.n	20000732 <dcd_rp2040_irq+0x19e>
200006ec:	23c0      	movs	r3, #192	@ 0xc0
200006ee:	466a      	mov	r2, sp
200006f0:	00db      	lsls	r3, r3, #3
200006f2:	8093      	strh	r3, [r2, #4]
200006f4:	4a80      	ldr	r2, [pc, #512]	@ (200008f8 <dcd_rp2040_irq+0x364>)
200006f6:	ab02      	add	r3, sp, #8
200006f8:	ca03      	ldmia	r2!, {r0, r1}
200006fa:	c303      	stmia	r3!, {r0, r1}
200006fc:	2101      	movs	r1, #1
200006fe:	a801      	add	r0, sp, #4
20000700:	f000 fb62 	bl	20000dc8 <dcd_event_handler>
20000704:	2280      	movs	r2, #128	@ 0x80
20000706:	4b7a      	ldr	r3, [pc, #488]	@ (200008f0 <dcd_rp2040_irq+0x35c>)
20000708:	0292      	lsls	r2, r2, #10
2000070a:	651a      	str	r2, [r3, #80]	@ 0x50
2000070c:	2380      	movs	r3, #128	@ 0x80
2000070e:	015b      	lsls	r3, r3, #5
20000710:	421d      	tst	r5, r3
20000712:	d110      	bne.n	20000736 <dcd_rp2040_irq+0x1a2>
20000714:	2380      	movs	r3, #128	@ 0x80
20000716:	01db      	lsls	r3, r3, #7
20000718:	421d      	tst	r5, r3
2000071a:	d123      	bne.n	20000764 <dcd_rp2040_irq+0x1d0>
2000071c:	2380      	movs	r3, #128	@ 0x80
2000071e:	021b      	lsls	r3, r3, #8
20000720:	421d      	tst	r5, r3
20000722:	d12f      	bne.n	20000784 <dcd_rp2040_irq+0x1f0>
20000724:	42ae      	cmp	r6, r5
20000726:	d000      	beq.n	2000072a <dcd_rp2040_irq+0x196>
20000728:	e1c0      	b.n	20000aac <dcd_rp2040_irq+0x518>
2000072a:	b004      	add	sp, #16
2000072c:	bc80      	pop	{r7}
2000072e:	46b8      	mov	r8, r7
20000730:	bdf0      	pop	{r4, r5, r6, r7, pc}
20000732:	2401      	movs	r4, #1
20000734:	e7bd      	b.n	200006b2 <dcd_rp2040_irq+0x11e>
20000736:	2400      	movs	r4, #0
20000738:	431e      	orrs	r6, r3
2000073a:	4b60      	ldr	r3, [pc, #384]	@ (200008bc <dcd_rp2040_irq+0x328>)
2000073c:	601c      	str	r4, [r3, #0]
2000073e:	f7ff fea5 	bl	2000048c <reset_non_control_endpoints>
20000742:	2380      	movs	r3, #128	@ 0x80
20000744:	466a      	mov	r2, sp
20000746:	005b      	lsls	r3, r3, #1
20000748:	8093      	strh	r3, [r2, #4]
2000074a:	7214      	strb	r4, [r2, #8]
2000074c:	2101      	movs	r1, #1
2000074e:	a801      	add	r0, sp, #4
20000750:	f000 fb3a 	bl	20000dc8 <dcd_event_handler>
20000754:	2280      	movs	r2, #128	@ 0x80
20000756:	4b66      	ldr	r3, [pc, #408]	@ (200008f0 <dcd_rp2040_irq+0x35c>)
20000758:	0312      	lsls	r2, r2, #12
2000075a:	651a      	str	r2, [r3, #80]	@ 0x50
2000075c:	2380      	movs	r3, #128	@ 0x80
2000075e:	01db      	lsls	r3, r3, #7
20000760:	421d      	tst	r5, r3
20000762:	d0db      	beq.n	2000071c <dcd_rp2040_irq+0x188>
20000764:	431e      	orrs	r6, r3
20000766:	2380      	movs	r3, #128	@ 0x80
20000768:	466a      	mov	r2, sp
2000076a:	00db      	lsls	r3, r3, #3
2000076c:	8093      	strh	r3, [r2, #4]
2000076e:	2101      	movs	r1, #1
20000770:	a801      	add	r0, sp, #4
20000772:	f000 fb29 	bl	20000dc8 <dcd_event_handler>
20000776:	2210      	movs	r2, #16
20000778:	4b5d      	ldr	r3, [pc, #372]	@ (200008f0 <dcd_rp2040_irq+0x35c>)
2000077a:	651a      	str	r2, [r3, #80]	@ 0x50
2000077c:	2380      	movs	r3, #128	@ 0x80
2000077e:	021b      	lsls	r3, r3, #8
20000780:	421d      	tst	r5, r3
20000782:	d0cf      	beq.n	20000724 <dcd_rp2040_irq+0x190>
20000784:	431e      	orrs	r6, r3
20000786:	23a0      	movs	r3, #160	@ 0xa0
20000788:	466a      	mov	r2, sp
2000078a:	00db      	lsls	r3, r3, #3
2000078c:	8093      	strh	r3, [r2, #4]
2000078e:	2101      	movs	r1, #1
20000790:	a801      	add	r0, sp, #4
20000792:	f000 fb19 	bl	20000dc8 <dcd_event_handler>
20000796:	2280      	movs	r2, #128	@ 0x80
20000798:	4b55      	ldr	r3, [pc, #340]	@ (200008f0 <dcd_rp2040_irq+0x35c>)
2000079a:	0112      	lsls	r2, r2, #4
2000079c:	651a      	str	r2, [r3, #80]	@ 0x50
2000079e:	e7c1      	b.n	20000724 <dcd_rp2040_irq+0x190>
200007a0:	f7ff fea8 	bl	200004f4 <hw_handle_buff_status>
200007a4:	0026      	movs	r6, r4
200007a6:	e77b      	b.n	200006a0 <dcd_rp2040_irq+0x10c>
200007a8:	4b54      	ldr	r3, [pc, #336]	@ (200008fc <dcd_rp2040_irq+0x368>)
200007aa:	4a44      	ldr	r2, [pc, #272]	@ (200008bc <dcd_rp2040_irq+0x328>)
200007ac:	661c      	str	r4, [r3, #96]	@ 0x60
200007ae:	6e53      	ldr	r3, [r2, #100]	@ 0x64
200007b0:	4023      	ands	r3, r4
200007b2:	42a3      	cmp	r3, r4
200007b4:	d1fb      	bne.n	200007ae <dcd_rp2040_irq+0x21a>
200007b6:	e784      	b.n	200006c2 <dcd_rp2040_irq+0x12e>
200007b8:	3378      	adds	r3, #120	@ 0x78
200007ba:	5ce7      	ldrb	r7, [r4, r3]
200007bc:	2f00      	cmp	r7, #0
200007be:	d100      	bne.n	200007c2 <dcd_rp2040_irq+0x22e>
200007c0:	e706      	b.n	200005d0 <dcd_rp2040_irq+0x3c>
200007c2:	3302      	adds	r3, #2
200007c4:	5ce2      	ldrb	r2, [r4, r3]
200007c6:	2a00      	cmp	r2, #0
200007c8:	d000      	beq.n	200007cc <dcd_rp2040_irq+0x238>
200007ca:	e10d      	b.n	200009e8 <dcd_rp2040_irq+0x454>
200007cc:	003e      	movs	r6, r7
200007ce:	e6ff      	b.n	200005d0 <dcd_rp2040_irq+0x3c>
200007d0:	33b8      	adds	r3, #184	@ 0xb8
200007d2:	5ce7      	ldrb	r7, [r4, r3]
200007d4:	2f00      	cmp	r7, #0
200007d6:	d100      	bne.n	200007da <dcd_rp2040_irq+0x246>
200007d8:	e6ff      	b.n	200005da <dcd_rp2040_irq+0x46>
200007da:	3302      	adds	r3, #2
200007dc:	5ce2      	ldrb	r2, [r4, r3]
200007de:	2a00      	cmp	r2, #0
200007e0:	d000      	beq.n	200007e4 <dcd_rp2040_irq+0x250>
200007e2:	e0f9      	b.n	200009d8 <dcd_rp2040_irq+0x444>
200007e4:	003e      	movs	r6, r7
200007e6:	e6f8      	b.n	200005da <dcd_rp2040_irq+0x46>
200007e8:	33f8      	adds	r3, #248	@ 0xf8
200007ea:	5ce7      	ldrb	r7, [r4, r3]
200007ec:	2f00      	cmp	r7, #0
200007ee:	d100      	bne.n	200007f2 <dcd_rp2040_irq+0x25e>
200007f0:	e6f8      	b.n	200005e4 <dcd_rp2040_irq+0x50>
200007f2:	3302      	adds	r3, #2
200007f4:	5ce2      	ldrb	r2, [r4, r3]
200007f6:	2a00      	cmp	r2, #0
200007f8:	d000      	beq.n	200007fc <dcd_rp2040_irq+0x268>
200007fa:	e141      	b.n	20000a80 <dcd_rp2040_irq+0x4ec>
200007fc:	003e      	movs	r6, r7
200007fe:	e6f1      	b.n	200005e4 <dcd_rp2040_irq+0x50>
20000800:	33f9      	adds	r3, #249	@ 0xf9
20000802:	33ff      	adds	r3, #255	@ 0xff
20000804:	5ce7      	ldrb	r7, [r4, r3]
20000806:	2f00      	cmp	r7, #0
20000808:	d100      	bne.n	2000080c <dcd_rp2040_irq+0x278>
2000080a:	e703      	b.n	20000614 <dcd_rp2040_irq+0x80>
2000080c:	3302      	adds	r3, #2
2000080e:	5ce2      	ldrb	r2, [r4, r3]
20000810:	2a00      	cmp	r2, #0
20000812:	d000      	beq.n	20000816 <dcd_rp2040_irq+0x282>
20000814:	e12b      	b.n	20000a6e <dcd_rp2040_irq+0x4da>
20000816:	003e      	movs	r6, r7
20000818:	e6fc      	b.n	20000614 <dcd_rp2040_irq+0x80>
2000081a:	3379      	adds	r3, #121	@ 0x79
2000081c:	33ff      	adds	r3, #255	@ 0xff
2000081e:	5ce7      	ldrb	r7, [r4, r3]
20000820:	2f00      	cmp	r7, #0
20000822:	d100      	bne.n	20000826 <dcd_rp2040_irq+0x292>
20000824:	e6ea      	b.n	200005fc <dcd_rp2040_irq+0x68>
20000826:	3302      	adds	r3, #2
20000828:	5ce2      	ldrb	r2, [r4, r3]
2000082a:	2a00      	cmp	r2, #0
2000082c:	d000      	beq.n	20000830 <dcd_rp2040_irq+0x29c>
2000082e:	e115      	b.n	20000a5c <dcd_rp2040_irq+0x4c8>
20000830:	003e      	movs	r6, r7
20000832:	e6e3      	b.n	200005fc <dcd_rp2040_irq+0x68>
20000834:	4b32      	ldr	r3, [pc, #200]	@ (20000900 <dcd_rp2040_irq+0x36c>)
20000836:	5ce7      	ldrb	r7, [r4, r3]
20000838:	2f00      	cmp	r7, #0
2000083a:	d100      	bne.n	2000083e <dcd_rp2040_irq+0x2aa>
2000083c:	e6f4      	b.n	20000628 <dcd_rp2040_irq+0x94>
2000083e:	3302      	adds	r3, #2
20000840:	5ce2      	ldrb	r2, [r4, r3]
20000842:	2a00      	cmp	r2, #0
20000844:	d000      	beq.n	20000848 <dcd_rp2040_irq+0x2b4>
20000846:	e101      	b.n	20000a4c <dcd_rp2040_irq+0x4b8>
20000848:	003e      	movs	r6, r7
2000084a:	e6ed      	b.n	20000628 <dcd_rp2040_irq+0x94>
2000084c:	3339      	adds	r3, #57	@ 0x39
2000084e:	33ff      	adds	r3, #255	@ 0xff
20000850:	5ce7      	ldrb	r7, [r4, r3]
20000852:	2f00      	cmp	r7, #0
20000854:	d100      	bne.n	20000858 <dcd_rp2040_irq+0x2c4>
20000856:	e6cb      	b.n	200005f0 <dcd_rp2040_irq+0x5c>
20000858:	3302      	adds	r3, #2
2000085a:	5ce2      	ldrb	r2, [r4, r3]
2000085c:	2a00      	cmp	r2, #0
2000085e:	d000      	beq.n	20000862 <dcd_rp2040_irq+0x2ce>
20000860:	e0eb      	b.n	20000a3a <dcd_rp2040_irq+0x4a6>
20000862:	003e      	movs	r6, r7
20000864:	e6c4      	b.n	200005f0 <dcd_rp2040_irq+0x5c>
20000866:	3338      	adds	r3, #56	@ 0x38
20000868:	5ce6      	ldrb	r6, [r4, r3]
2000086a:	2e00      	cmp	r6, #0
2000086c:	d100      	bne.n	20000870 <dcd_rp2040_irq+0x2dc>
2000086e:	e6aa      	b.n	200005c6 <dcd_rp2040_irq+0x32>
20000870:	3302      	adds	r3, #2
20000872:	5ce2      	ldrb	r2, [r4, r3]
20000874:	2a00      	cmp	r2, #0
20000876:	d100      	bne.n	2000087a <dcd_rp2040_irq+0x2e6>
20000878:	e6a5      	b.n	200005c6 <dcd_rp2040_irq+0x32>
2000087a:	0020      	movs	r0, r4
2000087c:	2200      	movs	r2, #0
2000087e:	3020      	adds	r0, #32
20000880:	54e2      	strb	r2, [r4, r3]
20000882:	f000 fa4d 	bl	20000d20 <hw_endpoint_start_next_buffer>
20000886:	e69e      	b.n	200005c6 <dcd_rp2040_irq+0x32>
20000888:	33b9      	adds	r3, #185	@ 0xb9
2000088a:	33ff      	adds	r3, #255	@ 0xff
2000088c:	5ce7      	ldrb	r7, [r4, r3]
2000088e:	2f00      	cmp	r7, #0
20000890:	d100      	bne.n	20000894 <dcd_rp2040_irq+0x300>
20000892:	e6b9      	b.n	20000608 <dcd_rp2040_irq+0x74>
20000894:	3302      	adds	r3, #2
20000896:	5ce2      	ldrb	r2, [r4, r3]
20000898:	2a00      	cmp	r2, #0
2000089a:	d000      	beq.n	2000089e <dcd_rp2040_irq+0x30a>
2000089c:	e0c4      	b.n	20000a28 <dcd_rp2040_irq+0x494>
2000089e:	003e      	movs	r6, r7
200008a0:	e6b2      	b.n	20000608 <dcd_rp2040_irq+0x74>
200008a2:	4b18      	ldr	r3, [pc, #96]	@ (20000904 <dcd_rp2040_irq+0x370>)
200008a4:	5ce7      	ldrb	r7, [r4, r3]
200008a6:	2f00      	cmp	r7, #0
200008a8:	d100      	bne.n	200008ac <dcd_rp2040_irq+0x318>
200008aa:	e6c7      	b.n	2000063c <dcd_rp2040_irq+0xa8>
200008ac:	3302      	adds	r3, #2
200008ae:	5ce2      	ldrb	r2, [r4, r3]
200008b0:	2a00      	cmp	r2, #0
200008b2:	d000      	beq.n	200008b6 <dcd_rp2040_irq+0x322>
200008b4:	e0b0      	b.n	20000a18 <dcd_rp2040_irq+0x484>
200008b6:	003e      	movs	r6, r7
200008b8:	e6c0      	b.n	2000063c <dcd_rp2040_irq+0xa8>
200008ba:	46c0      	nop			@ (mov r8, r8)
200008bc:	50110000 	.word	0x50110000
200008c0:	40054000 	.word	0x40054000
200008c4:	20002fa0 	.word	0x20002fa0
200008c8:	20002f94 	.word	0x20002f94
200008cc:	0000023b 	.word	0x0000023b
200008d0:	0000027b 	.word	0x0000027b
200008d4:	000002bb 	.word	0x000002bb
200008d8:	000002fb 	.word	0x000002fb
200008dc:	0000033b 	.word	0x0000033b
200008e0:	0000037b 	.word	0x0000037b
200008e4:	000003bb 	.word	0x000003bb
200008e8:	000003fb 	.word	0x000003fb
200008ec:	20004cf6 	.word	0x20004cf6
200008f0:	50113000 	.word	0x50113000
200008f4:	00020010 	.word	0x00020010
200008f8:	50100000 	.word	0x50100000
200008fc:	50112000 	.word	0x50112000
20000900:	0000027a 	.word	0x0000027a
20000904:	000002fa 	.word	0x000002fa
20000908:	4b6b      	ldr	r3, [pc, #428]	@ (20000ab8 <dcd_rp2040_irq+0x524>)
2000090a:	5ce7      	ldrb	r7, [r4, r3]
2000090c:	2f00      	cmp	r7, #0
2000090e:	d100      	bne.n	20000912 <dcd_rp2040_irq+0x37e>
20000910:	e685      	b.n	2000061e <dcd_rp2040_irq+0x8a>
20000912:	3302      	adds	r3, #2
20000914:	5ce2      	ldrb	r2, [r4, r3]
20000916:	2a00      	cmp	r2, #0
20000918:	d176      	bne.n	20000a08 <dcd_rp2040_irq+0x474>
2000091a:	003e      	movs	r6, r7
2000091c:	e67f      	b.n	2000061e <dcd_rp2040_irq+0x8a>
2000091e:	4b67      	ldr	r3, [pc, #412]	@ (20000abc <dcd_rp2040_irq+0x528>)
20000920:	5ce7      	ldrb	r7, [r4, r3]
20000922:	2f00      	cmp	r7, #0
20000924:	d100      	bne.n	20000928 <dcd_rp2040_irq+0x394>
20000926:	e684      	b.n	20000632 <dcd_rp2040_irq+0x9e>
20000928:	3302      	adds	r3, #2
2000092a:	5ce2      	ldrb	r2, [r4, r3]
2000092c:	2a00      	cmp	r2, #0
2000092e:	d163      	bne.n	200009f8 <dcd_rp2040_irq+0x464>
20000930:	003e      	movs	r6, r7
20000932:	e67e      	b.n	20000632 <dcd_rp2040_irq+0x9e>
20000934:	4b62      	ldr	r3, [pc, #392]	@ (20000ac0 <dcd_rp2040_irq+0x52c>)
20000936:	5ce7      	ldrb	r7, [r4, r3]
20000938:	2f00      	cmp	r7, #0
2000093a:	d100      	bne.n	2000093e <dcd_rp2040_irq+0x3aa>
2000093c:	e688      	b.n	20000650 <dcd_rp2040_irq+0xbc>
2000093e:	3302      	adds	r3, #2
20000940:	5ce2      	ldrb	r2, [r4, r3]
20000942:	2a00      	cmp	r2, #0
20000944:	d000      	beq.n	20000948 <dcd_rp2040_irq+0x3b4>
20000946:	e0a3      	b.n	20000a90 <dcd_rp2040_irq+0x4fc>
20000948:	4b5e      	ldr	r3, [pc, #376]	@ (20000ac4 <dcd_rp2040_irq+0x530>)
2000094a:	5ce3      	ldrb	r3, [r4, r3]
2000094c:	2b02      	cmp	r3, #2
2000094e:	d130      	bne.n	200009b2 <dcd_rp2040_irq+0x41e>
20000950:	4b5d      	ldr	r3, [pc, #372]	@ (20000ac8 <dcd_rp2040_irq+0x534>)
20000952:	5ce3      	ldrb	r3, [r4, r3]
20000954:	2b00      	cmp	r3, #0
20000956:	d127      	bne.n	200009a8 <dcd_rp2040_irq+0x414>
20000958:	4b5c      	ldr	r3, [pc, #368]	@ (20000acc <dcd_rp2040_irq+0x538>)
2000095a:	5ce3      	ldrb	r3, [r4, r3]
2000095c:	2b02      	cmp	r3, #2
2000095e:	d000      	beq.n	20000962 <dcd_rp2040_irq+0x3ce>
20000960:	e68b      	b.n	2000067a <dcd_rp2040_irq+0xe6>
20000962:	003e      	movs	r6, r7
20000964:	4b5a      	ldr	r3, [pc, #360]	@ (20000ad0 <dcd_rp2040_irq+0x53c>)
20000966:	5ce3      	ldrb	r3, [r4, r3]
20000968:	2b00      	cmp	r3, #0
2000096a:	d100      	bne.n	2000096e <dcd_rp2040_irq+0x3da>
2000096c:	e67a      	b.n	20000664 <dcd_rp2040_irq+0xd0>
2000096e:	23ff      	movs	r3, #255	@ 0xff
20000970:	009b      	lsls	r3, r3, #2
20000972:	5ce2      	ldrb	r2, [r4, r3]
20000974:	2a00      	cmp	r2, #0
20000976:	d100      	bne.n	2000097a <dcd_rp2040_irq+0x3e6>
20000978:	e67f      	b.n	2000067a <dcd_rp2040_irq+0xe6>
2000097a:	2200      	movs	r2, #0
2000097c:	54e2      	strb	r2, [r4, r3]
2000097e:	3b1c      	subs	r3, #28
20000980:	18e0      	adds	r0, r4, r3
20000982:	f000 f9cd 	bl	20000d20 <hw_endpoint_start_next_buffer>
20000986:	e678      	b.n	2000067a <dcd_rp2040_irq+0xe6>
20000988:	4b52      	ldr	r3, [pc, #328]	@ (20000ad4 <dcd_rp2040_irq+0x540>)
2000098a:	5ce7      	ldrb	r7, [r4, r3]
2000098c:	2f00      	cmp	r7, #0
2000098e:	d100      	bne.n	20000992 <dcd_rp2040_irq+0x3fe>
20000990:	e659      	b.n	20000646 <dcd_rp2040_irq+0xb2>
20000992:	3302      	adds	r3, #2
20000994:	5ce2      	ldrb	r2, [r4, r3]
20000996:	2a00      	cmp	r2, #0
20000998:	d116      	bne.n	200009c8 <dcd_rp2040_irq+0x434>
2000099a:	003e      	movs	r6, r7
2000099c:	e653      	b.n	20000646 <dcd_rp2040_irq+0xb2>
2000099e:	4b4a      	ldr	r3, [pc, #296]	@ (20000ac8 <dcd_rp2040_irq+0x534>)
200009a0:	5ce3      	ldrb	r3, [r4, r3]
200009a2:	2b00      	cmp	r3, #0
200009a4:	d100      	bne.n	200009a8 <dcd_rp2040_irq+0x414>
200009a6:	e658      	b.n	2000065a <dcd_rp2040_irq+0xc6>
200009a8:	23ef      	movs	r3, #239	@ 0xef
200009aa:	009b      	lsls	r3, r3, #2
200009ac:	5ce2      	ldrb	r2, [r4, r3]
200009ae:	2a00      	cmp	r2, #0
200009b0:	d175      	bne.n	20000a9e <dcd_rp2040_irq+0x50a>
200009b2:	4b46      	ldr	r3, [pc, #280]	@ (20000acc <dcd_rp2040_irq+0x538>)
200009b4:	5ce3      	ldrb	r3, [r4, r3]
200009b6:	2b02      	cmp	r3, #2
200009b8:	d000      	beq.n	200009bc <dcd_rp2040_irq+0x428>
200009ba:	e65e      	b.n	2000067a <dcd_rp2040_irq+0xe6>
200009bc:	4b44      	ldr	r3, [pc, #272]	@ (20000ad0 <dcd_rp2040_irq+0x53c>)
200009be:	5ce3      	ldrb	r3, [r4, r3]
200009c0:	2b00      	cmp	r3, #0
200009c2:	d100      	bne.n	200009c6 <dcd_rp2040_irq+0x432>
200009c4:	e659      	b.n	2000067a <dcd_rp2040_irq+0xe6>
200009c6:	e7d2      	b.n	2000096e <dcd_rp2040_irq+0x3da>
200009c8:	2200      	movs	r2, #0
200009ca:	54e2      	strb	r2, [r4, r3]
200009cc:	3b1c      	subs	r3, #28
200009ce:	18e0      	adds	r0, r4, r3
200009d0:	f000 f9a6 	bl	20000d20 <hw_endpoint_start_next_buffer>
200009d4:	003e      	movs	r6, r7
200009d6:	e636      	b.n	20000646 <dcd_rp2040_irq+0xb2>
200009d8:	0020      	movs	r0, r4
200009da:	2200      	movs	r2, #0
200009dc:	30a0      	adds	r0, #160	@ 0xa0
200009de:	54e2      	strb	r2, [r4, r3]
200009e0:	003e      	movs	r6, r7
200009e2:	f000 f99d 	bl	20000d20 <hw_endpoint_start_next_buffer>
200009e6:	e5f8      	b.n	200005da <dcd_rp2040_irq+0x46>
200009e8:	0020      	movs	r0, r4
200009ea:	2200      	movs	r2, #0
200009ec:	3060      	adds	r0, #96	@ 0x60
200009ee:	54e2      	strb	r2, [r4, r3]
200009f0:	003e      	movs	r6, r7
200009f2:	f000 f995 	bl	20000d20 <hw_endpoint_start_next_buffer>
200009f6:	e5eb      	b.n	200005d0 <dcd_rp2040_irq+0x3c>
200009f8:	2200      	movs	r2, #0
200009fa:	54e2      	strb	r2, [r4, r3]
200009fc:	3b1c      	subs	r3, #28
200009fe:	18e0      	adds	r0, r4, r3
20000a00:	f000 f98e 	bl	20000d20 <hw_endpoint_start_next_buffer>
20000a04:	003e      	movs	r6, r7
20000a06:	e614      	b.n	20000632 <dcd_rp2040_irq+0x9e>
20000a08:	2200      	movs	r2, #0
20000a0a:	54e2      	strb	r2, [r4, r3]
20000a0c:	3b1c      	subs	r3, #28
20000a0e:	18e0      	adds	r0, r4, r3
20000a10:	f000 f986 	bl	20000d20 <hw_endpoint_start_next_buffer>
20000a14:	003e      	movs	r6, r7
20000a16:	e602      	b.n	2000061e <dcd_rp2040_irq+0x8a>
20000a18:	2200      	movs	r2, #0
20000a1a:	54e2      	strb	r2, [r4, r3]
20000a1c:	3b1c      	subs	r3, #28
20000a1e:	18e0      	adds	r0, r4, r3
20000a20:	f000 f97e 	bl	20000d20 <hw_endpoint_start_next_buffer>
20000a24:	003e      	movs	r6, r7
20000a26:	e609      	b.n	2000063c <dcd_rp2040_irq+0xa8>
20000a28:	0020      	movs	r0, r4
20000a2a:	2200      	movs	r2, #0
20000a2c:	30a1      	adds	r0, #161	@ 0xa1
20000a2e:	30ff      	adds	r0, #255	@ 0xff
20000a30:	54e2      	strb	r2, [r4, r3]
20000a32:	003e      	movs	r6, r7
20000a34:	f000 f974 	bl	20000d20 <hw_endpoint_start_next_buffer>
20000a38:	e5e6      	b.n	20000608 <dcd_rp2040_irq+0x74>
20000a3a:	0020      	movs	r0, r4
20000a3c:	2200      	movs	r2, #0
20000a3e:	3021      	adds	r0, #33	@ 0x21
20000a40:	30ff      	adds	r0, #255	@ 0xff
20000a42:	54e2      	strb	r2, [r4, r3]
20000a44:	003e      	movs	r6, r7
20000a46:	f000 f96b 	bl	20000d20 <hw_endpoint_start_next_buffer>
20000a4a:	e5d1      	b.n	200005f0 <dcd_rp2040_irq+0x5c>
20000a4c:	2200      	movs	r2, #0
20000a4e:	54e2      	strb	r2, [r4, r3]
20000a50:	3b1c      	subs	r3, #28
20000a52:	18e0      	adds	r0, r4, r3
20000a54:	f000 f964 	bl	20000d20 <hw_endpoint_start_next_buffer>
20000a58:	003e      	movs	r6, r7
20000a5a:	e5e5      	b.n	20000628 <dcd_rp2040_irq+0x94>
20000a5c:	0020      	movs	r0, r4
20000a5e:	2200      	movs	r2, #0
20000a60:	3061      	adds	r0, #97	@ 0x61
20000a62:	30ff      	adds	r0, #255	@ 0xff
20000a64:	54e2      	strb	r2, [r4, r3]
20000a66:	003e      	movs	r6, r7
20000a68:	f000 f95a 	bl	20000d20 <hw_endpoint_start_next_buffer>
20000a6c:	e5c6      	b.n	200005fc <dcd_rp2040_irq+0x68>
20000a6e:	0020      	movs	r0, r4
20000a70:	2200      	movs	r2, #0
20000a72:	30e1      	adds	r0, #225	@ 0xe1
20000a74:	30ff      	adds	r0, #255	@ 0xff
20000a76:	54e2      	strb	r2, [r4, r3]
20000a78:	003e      	movs	r6, r7
20000a7a:	f000 f951 	bl	20000d20 <hw_endpoint_start_next_buffer>
20000a7e:	e5c9      	b.n	20000614 <dcd_rp2040_irq+0x80>
20000a80:	0020      	movs	r0, r4
20000a82:	2200      	movs	r2, #0
20000a84:	30e0      	adds	r0, #224	@ 0xe0
20000a86:	54e2      	strb	r2, [r4, r3]
20000a88:	003e      	movs	r6, r7
20000a8a:	f000 f949 	bl	20000d20 <hw_endpoint_start_next_buffer>
20000a8e:	e5a9      	b.n	200005e4 <dcd_rp2040_irq+0x50>
20000a90:	2200      	movs	r2, #0
20000a92:	54e2      	strb	r2, [r4, r3]
20000a94:	3b1c      	subs	r3, #28
20000a96:	18e0      	adds	r0, r4, r3
20000a98:	f000 f942 	bl	20000d20 <hw_endpoint_start_next_buffer>
20000a9c:	e754      	b.n	20000948 <dcd_rp2040_irq+0x3b4>
20000a9e:	2200      	movs	r2, #0
20000aa0:	54e2      	strb	r2, [r4, r3]
20000aa2:	3b1c      	subs	r3, #28
20000aa4:	18e0      	adds	r0, r4, r3
20000aa6:	f000 f93b 	bl	20000d20 <hw_endpoint_start_next_buffer>
20000aaa:	e782      	b.n	200009b2 <dcd_rp2040_irq+0x41e>
20000aac:	0031      	movs	r1, r6
20000aae:	480a      	ldr	r0, [pc, #40]	@ (20000ad8 <dcd_rp2040_irq+0x544>)
20000ab0:	4069      	eors	r1, r5
20000ab2:	f000 fa95 	bl	20000fe0 <__panic_veneer>
20000ab6:	46c0      	nop			@ (mov r8, r8)
20000ab8:	0000023a 	.word	0x0000023a
20000abc:	000002ba 	.word	0x000002ba
20000ac0:	0000037a 	.word	0x0000037a
20000ac4:	000003bb 	.word	0x000003bb
20000ac8:	000003ba 	.word	0x000003ba
20000acc:	000003fb 	.word	0x000003fb
20000ad0:	000003fa 	.word	0x000003fa
20000ad4:	0000033a 	.word	0x0000033a
20000ad8:	1000b1e4 	.word	0x1000b1e4

20000adc <prepare_ep_buffer>:
20000adc:	b5f0      	push	{r4, r5, r6, r7, lr}
20000ade:	46c6      	mov	lr, r8
20000ae0:	b500      	push	{lr}
20000ae2:	0002      	movs	r2, r0
20000ae4:	8a83      	ldrh	r3, [r0, #20]
20000ae6:	8b00      	ldrh	r0, [r0, #24]
20000ae8:	468c      	mov	ip, r1
20000aea:	1c01      	adds	r1, r0, #0
20000aec:	4298      	cmp	r0, r3
20000aee:	d900      	bls.n	20000af2 <prepare_ep_buffer+0x16>
20000af0:	1c19      	adds	r1, r3, #0
20000af2:	78d4      	ldrb	r4, [r2, #3]
20000af4:	2580      	movs	r5, #128	@ 0x80
20000af6:	0020      	movs	r0, r4
20000af8:	1e46      	subs	r6, r0, #1
20000afa:	41b0      	sbcs	r0, r6
20000afc:	b289      	uxth	r1, r1
20000afe:	00ed      	lsls	r5, r5, #3
20000b00:	430d      	orrs	r5, r1
20000b02:	0340      	lsls	r0, r0, #13
20000b04:	4328      	orrs	r0, r5
20000b06:	2501      	movs	r5, #1
20000b08:	406c      	eors	r4, r5
20000b0a:	1a5b      	subs	r3, r3, r1
20000b0c:	70d4      	strb	r4, [r2, #3]
20000b0e:	7854      	ldrb	r4, [r2, #1]
20000b10:	b29b      	uxth	r3, r3
20000b12:	8293      	strh	r3, [r2, #20]
20000b14:	2c00      	cmp	r4, #0
20000b16:	d131      	bne.n	20000b7c <prepare_ep_buffer+0xa0>
20000b18:	4664      	mov	r4, ip
20000b1a:	68d5      	ldr	r5, [r2, #12]
20000b1c:	01a4      	lsls	r4, r4, #6
20000b1e:	1e4e      	subs	r6, r1, #1
20000b20:	192d      	adds	r5, r5, r4
20000b22:	46b0      	mov	r8, r6
20000b24:	6914      	ldr	r4, [r2, #16]
20000b26:	2900      	cmp	r1, #0
20000b28:	d023      	beq.n	20000b72 <prepare_ep_buffer+0x96>
20000b2a:	2e06      	cmp	r6, #6
20000b2c:	d932      	bls.n	20000b94 <prepare_ep_buffer+0xb8>
20000b2e:	002b      	movs	r3, r5
20000b30:	4323      	orrs	r3, r4
20000b32:	079b      	lsls	r3, r3, #30
20000b34:	d12e      	bne.n	20000b94 <prepare_ep_buffer+0xb8>
20000b36:	1c63      	adds	r3, r4, #1
20000b38:	1aeb      	subs	r3, r5, r3
20000b3a:	2b02      	cmp	r3, #2
20000b3c:	d92a      	bls.n	20000b94 <prepare_ep_buffer+0xb8>
20000b3e:	2300      	movs	r3, #0
20000b40:	088f      	lsrs	r7, r1, #2
20000b42:	00bf      	lsls	r7, r7, #2
20000b44:	58e6      	ldr	r6, [r4, r3]
20000b46:	50ee      	str	r6, [r5, r3]
20000b48:	3304      	adds	r3, #4
20000b4a:	429f      	cmp	r7, r3
20000b4c:	d1fa      	bne.n	20000b44 <prepare_ep_buffer+0x68>
20000b4e:	4643      	mov	r3, r8
20000b50:	19ed      	adds	r5, r5, r7
20000b52:	1bdb      	subs	r3, r3, r7
20000b54:	19e4      	adds	r4, r4, r7
20000b56:	42b9      	cmp	r1, r7
20000b58:	d009      	beq.n	20000b6e <prepare_ep_buffer+0x92>
20000b5a:	7826      	ldrb	r6, [r4, #0]
20000b5c:	702e      	strb	r6, [r5, #0]
20000b5e:	2b00      	cmp	r3, #0
20000b60:	d005      	beq.n	20000b6e <prepare_ep_buffer+0x92>
20000b62:	7866      	ldrb	r6, [r4, #1]
20000b64:	706e      	strb	r6, [r5, #1]
20000b66:	2b01      	cmp	r3, #1
20000b68:	d001      	beq.n	20000b6e <prepare_ep_buffer+0x92>
20000b6a:	78a3      	ldrb	r3, [r4, #2]
20000b6c:	70ab      	strb	r3, [r5, #2]
20000b6e:	6914      	ldr	r4, [r2, #16]
20000b70:	8a93      	ldrh	r3, [r2, #20]
20000b72:	1864      	adds	r4, r4, r1
20000b74:	6114      	str	r4, [r2, #16]
20000b76:	2280      	movs	r2, #128	@ 0x80
20000b78:	0212      	lsls	r2, r2, #8
20000b7a:	4310      	orrs	r0, r2
20000b7c:	2b00      	cmp	r3, #0
20000b7e:	d102      	bne.n	20000b86 <prepare_ep_buffer+0xaa>
20000b80:	2380      	movs	r3, #128	@ 0x80
20000b82:	01db      	lsls	r3, r3, #7
20000b84:	4318      	orrs	r0, r3
20000b86:	4663      	mov	r3, ip
20000b88:	2b00      	cmp	r3, #0
20000b8a:	d000      	beq.n	20000b8e <prepare_ep_buffer+0xb2>
20000b8c:	0400      	lsls	r0, r0, #16
20000b8e:	bc80      	pop	{r7}
20000b90:	46b8      	mov	r8, r7
20000b92:	bdf0      	pop	{r4, r5, r6, r7, pc}
20000b94:	2300      	movs	r3, #0
20000b96:	5ce6      	ldrb	r6, [r4, r3]
20000b98:	54ee      	strb	r6, [r5, r3]
20000b9a:	3301      	adds	r3, #1
20000b9c:	4299      	cmp	r1, r3
20000b9e:	d1fa      	bne.n	20000b96 <prepare_ep_buffer+0xba>
20000ba0:	e7e5      	b.n	20000b6e <prepare_ep_buffer+0x92>
20000ba2:	46c0      	nop			@ (mov r8, r8)

20000ba4 <sync_ep_buffer>:
20000ba4:	6883      	ldr	r3, [r0, #8]
20000ba6:	b5f0      	push	{r4, r5, r6, r7, lr}
20000ba8:	681a      	ldr	r2, [r3, #0]
20000baa:	0004      	movs	r4, r0
20000bac:	2900      	cmp	r1, #0
20000bae:	d000      	beq.n	20000bb2 <sync_ep_buffer+0xe>
20000bb0:	0c12      	lsrs	r2, r2, #16
20000bb2:	7863      	ldrb	r3, [r4, #1]
20000bb4:	0592      	lsls	r2, r2, #22
20000bb6:	0d90      	lsrs	r0, r2, #22
20000bb8:	2b00      	cmp	r3, #0
20000bba:	d108      	bne.n	20000bce <sync_ep_buffer+0x2a>
20000bbc:	8ae3      	ldrh	r3, [r4, #22]
20000bbe:	18c3      	adds	r3, r0, r3
20000bc0:	82e3      	strh	r3, [r4, #22]
20000bc2:	8b23      	ldrh	r3, [r4, #24]
20000bc4:	4283      	cmp	r3, r0
20000bc6:	d901      	bls.n	20000bcc <sync_ep_buffer+0x28>
20000bc8:	2300      	movs	r3, #0
20000bca:	82a3      	strh	r3, [r4, #20]
20000bcc:	bdf0      	pop	{r4, r5, r6, r7, pc}
20000bce:	68e3      	ldr	r3, [r4, #12]
20000bd0:	0189      	lsls	r1, r1, #6
20000bd2:	6925      	ldr	r5, [r4, #16]
20000bd4:	185e      	adds	r6, r3, r1
20000bd6:	1e47      	subs	r7, r0, #1
20000bd8:	2800      	cmp	r0, #0
20000bda:	d022      	beq.n	20000c22 <sync_ep_buffer+0x7e>
20000bdc:	2f06      	cmp	r7, #6
20000bde:	d926      	bls.n	20000c2e <sync_ep_buffer+0x8a>
20000be0:	3101      	adds	r1, #1
20000be2:	185b      	adds	r3, r3, r1
20000be4:	1aeb      	subs	r3, r5, r3
20000be6:	2b02      	cmp	r3, #2
20000be8:	d921      	bls.n	20000c2e <sync_ep_buffer+0x8a>
20000bea:	002b      	movs	r3, r5
20000bec:	4333      	orrs	r3, r6
20000bee:	079b      	lsls	r3, r3, #30
20000bf0:	d11d      	bne.n	20000c2e <sync_ep_buffer+0x8a>
20000bf2:	2300      	movs	r3, #0
20000bf4:	0e12      	lsrs	r2, r2, #24
20000bf6:	0092      	lsls	r2, r2, #2
20000bf8:	58f1      	ldr	r1, [r6, r3]
20000bfa:	50e9      	str	r1, [r5, r3]
20000bfc:	3304      	adds	r3, #4
20000bfe:	429a      	cmp	r2, r3
20000c00:	d1fa      	bne.n	20000bf8 <sync_ep_buffer+0x54>
20000c02:	1abf      	subs	r7, r7, r2
20000c04:	18ad      	adds	r5, r5, r2
20000c06:	18b6      	adds	r6, r6, r2
20000c08:	4290      	cmp	r0, r2
20000c0a:	d009      	beq.n	20000c20 <sync_ep_buffer+0x7c>
20000c0c:	7832      	ldrb	r2, [r6, #0]
20000c0e:	702a      	strb	r2, [r5, #0]
20000c10:	2f00      	cmp	r7, #0
20000c12:	d005      	beq.n	20000c20 <sync_ep_buffer+0x7c>
20000c14:	7872      	ldrb	r2, [r6, #1]
20000c16:	706a      	strb	r2, [r5, #1]
20000c18:	2f01      	cmp	r7, #1
20000c1a:	d001      	beq.n	20000c20 <sync_ep_buffer+0x7c>
20000c1c:	78b2      	ldrb	r2, [r6, #2]
20000c1e:	70aa      	strb	r2, [r5, #2]
20000c20:	6925      	ldr	r5, [r4, #16]
20000c22:	8ae3      	ldrh	r3, [r4, #22]
20000c24:	182d      	adds	r5, r5, r0
20000c26:	18c3      	adds	r3, r0, r3
20000c28:	82e3      	strh	r3, [r4, #22]
20000c2a:	6125      	str	r5, [r4, #16]
20000c2c:	e7c9      	b.n	20000bc2 <sync_ep_buffer+0x1e>
20000c2e:	2200      	movs	r2, #0
20000c30:	5cb3      	ldrb	r3, [r6, r2]
20000c32:	54ab      	strb	r3, [r5, r2]
20000c34:	3201      	adds	r2, #1
20000c36:	4290      	cmp	r0, r2
20000c38:	d1fa      	bne.n	20000c30 <sync_ep_buffer+0x8c>
20000c3a:	6925      	ldr	r5, [r4, #16]
20000c3c:	e7f1      	b.n	20000c22 <sync_ep_buffer+0x7e>
20000c3e:	46c0      	nop			@ (mov r8, r8)

20000c40 <_hw_endpoint_xfer_sync>:
20000c40:	b510      	push	{r4, lr}
20000c42:	0004      	movs	r4, r0
20000c44:	6883      	ldr	r3, [r0, #8]
20000c46:	2100      	movs	r1, #0
20000c48:	681b      	ldr	r3, [r3, #0]
20000c4a:	f7ff ffab 	bl	20000ba4 <sync_ep_buffer>
20000c4e:	6863      	ldr	r3, [r4, #4]
20000c50:	681b      	ldr	r3, [r3, #0]
20000c52:	005b      	lsls	r3, r3, #1
20000c54:	d502      	bpl.n	20000c5c <_hw_endpoint_xfer_sync+0x1c>
20000c56:	8b23      	ldrh	r3, [r4, #24]
20000c58:	4283      	cmp	r3, r0
20000c5a:	d000      	beq.n	20000c5e <_hw_endpoint_xfer_sync+0x1e>
20000c5c:	bd10      	pop	{r4, pc}
20000c5e:	2101      	movs	r1, #1
20000c60:	0020      	movs	r0, r4
20000c62:	f7ff ff9f 	bl	20000ba4 <sync_ep_buffer>
20000c66:	e7f9      	b.n	20000c5c <_hw_endpoint_xfer_sync+0x1c>

20000c68 <e15_is_bulkin_ep>:
20000c68:	4a08      	ldr	r2, [pc, #32]	@ (20000c8c <e15_is_bulkin_ep+0x24>)
20000c6a:	0003      	movs	r3, r0
20000c6c:	6c12      	ldr	r2, [r2, #64]	@ 0x40
20000c6e:	2000      	movs	r0, #0
20000c70:	0792      	lsls	r2, r2, #30
20000c72:	d403      	bmi.n	20000c7c <e15_is_bulkin_ep+0x14>
20000c74:	789a      	ldrb	r2, [r3, #2]
20000c76:	09d2      	lsrs	r2, r2, #7
20000c78:	2a01      	cmp	r2, #1
20000c7a:	d000      	beq.n	20000c7e <e15_is_bulkin_ep+0x16>
20000c7c:	4770      	bx	lr
20000c7e:	7ed8      	ldrb	r0, [r3, #27]
20000c80:	3802      	subs	r0, #2
20000c82:	4243      	negs	r3, r0
20000c84:	4158      	adcs	r0, r3
20000c86:	b2c0      	uxtb	r0, r0
20000c88:	e7f8      	b.n	20000c7c <e15_is_bulkin_ep+0x14>
20000c8a:	46c0      	nop			@ (mov r8, r8)
20000c8c:	50110000 	.word	0x50110000

20000c90 <e15_is_critical_frame_period>:
20000c90:	b510      	push	{r4, lr}
20000c92:	f7ff ffe9 	bl	20000c68 <e15_is_bulkin_ep>
20000c96:	2800      	cmp	r0, #0
20000c98:	d00c      	beq.n	20000cb4 <e15_is_critical_frame_period+0x24>
20000c9a:	4907      	ldr	r1, [pc, #28]	@ (20000cb8 <e15_is_critical_frame_period+0x28>)
20000c9c:	4b07      	ldr	r3, [pc, #28]	@ (20000cbc <e15_is_critical_frame_period+0x2c>)
20000c9e:	468c      	mov	ip, r1
20000ca0:	4a07      	ldr	r2, [pc, #28]	@ (20000cc0 <e15_is_critical_frame_period+0x30>)
20000ca2:	6a9b      	ldr	r3, [r3, #40]	@ 0x28
20000ca4:	6812      	ldr	r2, [r2, #0]
20000ca6:	4463      	add	r3, ip
20000ca8:	1a9b      	subs	r3, r3, r2
20000caa:	2000      	movs	r0, #0
20000cac:	22c6      	movs	r2, #198	@ 0xc6
20000cae:	429a      	cmp	r2, r3
20000cb0:	4140      	adcs	r0, r0
20000cb2:	b2c0      	uxtb	r0, r0
20000cb4:	bd10      	pop	{r4, pc}
20000cb6:	46c0      	nop			@ (mov r8, r8)
20000cb8:	fffffce0 	.word	0xfffffce0
20000cbc:	40054000 	.word	0x40054000
20000cc0:	20002f94 	.word	0x20002f94

20000cc4 <hw_endpoint_reset_transfer>:
20000cc4:	2300      	movs	r3, #0
20000cc6:	7683      	strb	r3, [r0, #26]
20000cc8:	6143      	str	r3, [r0, #20]
20000cca:	6103      	str	r3, [r0, #16]
20000ccc:	4770      	bx	lr
20000cce:	46c0      	nop			@ (mov r8, r8)

20000cd0 <_hw_endpoint_buffer_control_update32>:
20000cd0:	b510      	push	{r4, lr}
20000cd2:	6883      	ldr	r3, [r0, #8]
20000cd4:	2900      	cmp	r1, #0
20000cd6:	d001      	beq.n	20000cdc <_hw_endpoint_buffer_control_update32+0xc>
20000cd8:	681c      	ldr	r4, [r3, #0]
20000cda:	4021      	ands	r1, r4
20000cdc:	2a00      	cmp	r2, #0
20000cde:	d012      	beq.n	20000d06 <_hw_endpoint_buffer_control_update32+0x36>
20000ce0:	2480      	movs	r4, #128	@ 0x80
20000ce2:	00e4      	lsls	r4, r4, #3
20000ce4:	4311      	orrs	r1, r2
20000ce6:	4222      	tst	r2, r4
20000ce8:	d00d      	beq.n	20000d06 <_hw_endpoint_buffer_control_update32+0x36>
20000cea:	681a      	ldr	r2, [r3, #0]
20000cec:	4222      	tst	r2, r4
20000cee:	d10c      	bne.n	20000d0a <_hw_endpoint_buffer_control_update32+0x3a>
20000cf0:	4a08      	ldr	r2, [pc, #32]	@ (20000d14 <_hw_endpoint_buffer_control_update32+0x44>)
20000cf2:	400a      	ands	r2, r1
20000cf4:	601a      	str	r2, [r3, #0]
20000cf6:	4a08      	ldr	r2, [pc, #32]	@ (20000d18 <_hw_endpoint_buffer_control_update32+0x48>)
20000cf8:	6c12      	ldr	r2, [r2, #64]	@ 0x40
20000cfa:	0792      	lsls	r2, r2, #30
20000cfc:	d403      	bmi.n	20000d06 <_hw_endpoint_buffer_control_update32+0x36>
20000cfe:	230c      	movs	r3, #12
20000d00:	3b03      	subs	r3, #3
20000d02:	d2fd      	bcs.n	20000d00 <_hw_endpoint_buffer_control_update32+0x30>
20000d04:	6883      	ldr	r3, [r0, #8]
20000d06:	6019      	str	r1, [r3, #0]
20000d08:	bd10      	pop	{r4, pc}
20000d0a:	7881      	ldrb	r1, [r0, #2]
20000d0c:	4803      	ldr	r0, [pc, #12]	@ (20000d1c <_hw_endpoint_buffer_control_update32+0x4c>)
20000d0e:	f000 f967 	bl	20000fe0 <__panic_veneer>
20000d12:	46c0      	nop			@ (mov r8, r8)
20000d14:	fffffbff 	.word	0xfffffbff
20000d18:	50110000 	.word	0x50110000
20000d1c:	1000b1f8 	.word	0x1000b1f8

20000d20 <hw_endpoint_start_next_buffer>:
20000d20:	6843      	ldr	r3, [r0, #4]
20000d22:	b570      	push	{r4, r5, r6, lr}
20000d24:	2100      	movs	r1, #0
20000d26:	2580      	movs	r5, #128	@ 0x80
20000d28:	0004      	movs	r4, r0
20000d2a:	681e      	ldr	r6, [r3, #0]
20000d2c:	f7ff fed6 	bl	20000adc <prepare_ep_buffer>
20000d30:	4b12      	ldr	r3, [pc, #72]	@ (20000d7c <hw_endpoint_start_next_buffer+0x5c>)
20000d32:	016d      	lsls	r5, r5, #5
20000d34:	6c1a      	ldr	r2, [r3, #64]	@ 0x40
20000d36:	4305      	orrs	r5, r0
20000d38:	78a3      	ldrb	r3, [r4, #2]
20000d3a:	0792      	lsls	r2, r2, #30
20000d3c:	d50e      	bpl.n	20000d5c <hw_endpoint_start_next_buffer+0x3c>
20000d3e:	065b      	lsls	r3, r3, #25
20000d40:	d00e      	beq.n	20000d60 <hw_endpoint_start_next_buffer+0x40>
20000d42:	4b0f      	ldr	r3, [pc, #60]	@ (20000d80 <hw_endpoint_start_next_buffer+0x60>)
20000d44:	401e      	ands	r6, r3
20000d46:	2380      	movs	r3, #128	@ 0x80
20000d48:	059b      	lsls	r3, r3, #22
20000d4a:	4333      	orrs	r3, r6
20000d4c:	6862      	ldr	r2, [r4, #4]
20000d4e:	2100      	movs	r1, #0
20000d50:	6013      	str	r3, [r2, #0]
20000d52:	0020      	movs	r0, r4
20000d54:	002a      	movs	r2, r5
20000d56:	f7ff ffbb 	bl	20000cd0 <_hw_endpoint_buffer_control_update32>
20000d5a:	bd70      	pop	{r4, r5, r6, pc}
20000d5c:	09db      	lsrs	r3, r3, #7
20000d5e:	d0f0      	beq.n	20000d42 <hw_endpoint_start_next_buffer+0x22>
20000d60:	8aa3      	ldrh	r3, [r4, #20]
20000d62:	2b00      	cmp	r3, #0
20000d64:	d0ed      	beq.n	20000d42 <hw_endpoint_start_next_buffer+0x22>
20000d66:	2101      	movs	r1, #1
20000d68:	0020      	movs	r0, r4
20000d6a:	f7ff feb7 	bl	20000adc <prepare_ep_buffer>
20000d6e:	23a0      	movs	r3, #160	@ 0xa0
20000d70:	4a04      	ldr	r2, [pc, #16]	@ (20000d84 <hw_endpoint_start_next_buffer+0x64>)
20000d72:	05db      	lsls	r3, r3, #23
20000d74:	4032      	ands	r2, r6
20000d76:	4305      	orrs	r5, r0
20000d78:	4313      	orrs	r3, r2
20000d7a:	e7e7      	b.n	20000d4c <hw_endpoint_start_next_buffer+0x2c>
20000d7c:	50110000 	.word	0x50110000
20000d80:	afffffff 	.word	0xafffffff
20000d84:	dfffffff 	.word	0xdfffffff

20000d88 <hw_endpoint_xfer_continue>:
20000d88:	b570      	push	{r4, r5, r6, lr}
20000d8a:	7e85      	ldrb	r5, [r0, #26]
20000d8c:	0004      	movs	r4, r0
20000d8e:	2d00      	cmp	r5, #0
20000d90:	d014      	beq.n	20000dbc <hw_endpoint_xfer_continue+0x34>
20000d92:	f7ff ff55 	bl	20000c40 <_hw_endpoint_xfer_sync>
20000d96:	8aa3      	ldrh	r3, [r4, #20]
20000d98:	2b00      	cmp	r3, #0
20000d9a:	d101      	bne.n	20000da0 <hw_endpoint_xfer_continue+0x18>
20000d9c:	0028      	movs	r0, r5
20000d9e:	bd70      	pop	{r4, r5, r6, pc}
20000da0:	0020      	movs	r0, r4
20000da2:	f7ff ff75 	bl	20000c90 <e15_is_critical_frame_period>
20000da6:	2800      	cmp	r0, #0
20000da8:	d003      	beq.n	20000db2 <hw_endpoint_xfer_continue+0x2a>
20000daa:	2301      	movs	r3, #1
20000dac:	2500      	movs	r5, #0
20000dae:	7723      	strb	r3, [r4, #28]
20000db0:	e7f4      	b.n	20000d9c <hw_endpoint_xfer_continue+0x14>
20000db2:	0020      	movs	r0, r4
20000db4:	f7ff ffb4 	bl	20000d20 <hw_endpoint_start_next_buffer>
20000db8:	2500      	movs	r5, #0
20000dba:	e7ef      	b.n	20000d9c <hw_endpoint_xfer_continue+0x14>
20000dbc:	7881      	ldrb	r1, [r0, #2]
20000dbe:	4801      	ldr	r0, [pc, #4]	@ (20000dc4 <hw_endpoint_xfer_continue+0x3c>)
20000dc0:	f000 f90e 	bl	20000fe0 <__panic_veneer>
20000dc4:	1000b218 	.word	0x1000b218

20000dc8 <dcd_event_handler>:
20000dc8:	b5f0      	push	{r4, r5, r6, r7, lr}
20000dca:	46ce      	mov	lr, r9
20000dcc:	4647      	mov	r7, r8
20000dce:	b580      	push	{r7, lr}
20000dd0:	7843      	ldrb	r3, [r0, #1]
20000dd2:	0005      	movs	r5, r0
20000dd4:	000e      	movs	r6, r1
20000dd6:	b085      	sub	sp, #20
20000dd8:	2b06      	cmp	r3, #6
20000dda:	d808      	bhi.n	20000dee <dcd_event_handler+0x26>
20000ddc:	4a6c      	ldr	r2, [pc, #432]	@ (20000f90 <dcd_event_handler+0x1c8>)
20000dde:	009b      	lsls	r3, r3, #2
20000de0:	58d3      	ldr	r3, [r2, r3]
20000de2:	469f      	mov	pc, r3
20000de4:	4a6b      	ldr	r2, [pc, #428]	@ (20000f94 <dcd_event_handler+0x1cc>)
20000de6:	7813      	ldrb	r3, [r2, #0]
20000de8:	3301      	adds	r3, #1
20000dea:	b2db      	uxtb	r3, r3
20000dec:	7013      	strb	r3, [r2, #0]
20000dee:	4b6a      	ldr	r3, [pc, #424]	@ (20000f98 <dcd_event_handler+0x1d0>)
20000df0:	681c      	ldr	r4, [r3, #0]
20000df2:	6962      	ldr	r2, [r4, #20]
20000df4:	f3ef 8110 	mrs	r1, PRIMASK
20000df8:	b672      	cpsid	i
20000dfa:	6813      	ldr	r3, [r2, #0]
20000dfc:	2b00      	cmp	r3, #0
20000dfe:	d0fc      	beq.n	20000dfa <dcd_event_handler+0x32>
20000e00:	f3bf 8f5f 	dmb	sy
20000e04:	61a1      	str	r1, [r4, #24]
20000e06:	0020      	movs	r0, r4
20000e08:	0029      	movs	r1, r5
20000e0a:	f000 f901 	bl	20001010 <__tu_fifo_write_veneer>
20000e0e:	6962      	ldr	r2, [r4, #20]
20000e10:	69a3      	ldr	r3, [r4, #24]
20000e12:	f3bf 8f5f 	dmb	sy
20000e16:	2100      	movs	r1, #0
20000e18:	6011      	str	r1, [r2, #0]
20000e1a:	f383 8810 	msr	PRIMASK, r3
20000e1e:	2800      	cmp	r0, #0
20000e20:	d104      	bne.n	20000e2c <dcd_event_handler+0x64>
20000e22:	b005      	add	sp, #20
20000e24:	bcc0      	pop	{r6, r7}
20000e26:	46b9      	mov	r9, r7
20000e28:	46b0      	mov	r8, r6
20000e2a:	bdf0      	pop	{r4, r5, r6, r7, pc}
20000e2c:	0032      	movs	r2, r6
20000e2e:	7869      	ldrb	r1, [r5, #1]
20000e30:	7828      	ldrb	r0, [r5, #0]
20000e32:	f000 f8cd 	bl	20000fd0 <__tud_event_hook_cb_veneer>
20000e36:	e7f4      	b.n	20000e22 <dcd_event_handler+0x5a>
20000e38:	2101      	movs	r1, #1
20000e3a:	4b58      	ldr	r3, [pc, #352]	@ (20000f9c <dcd_event_handler+0x1d4>)
20000e3c:	781a      	ldrb	r2, [r3, #0]
20000e3e:	438a      	bics	r2, r1
20000e40:	701a      	strb	r2, [r3, #0]
20000e42:	781a      	ldrb	r2, [r3, #0]
20000e44:	3101      	adds	r1, #1
20000e46:	438a      	bics	r2, r1
20000e48:	701a      	strb	r2, [r3, #0]
20000e4a:	2200      	movs	r2, #0
20000e4c:	705a      	strb	r2, [r3, #1]
20000e4e:	781a      	ldrb	r2, [r3, #0]
20000e50:	3102      	adds	r1, #2
20000e52:	438a      	bics	r2, r1
20000e54:	701a      	strb	r2, [r3, #0]
20000e56:	e7ca      	b.n	20000dee <dcd_event_handler+0x26>
20000e58:	4951      	ldr	r1, [pc, #324]	@ (20000fa0 <dcd_event_handler+0x1d8>)
20000e5a:	4f52      	ldr	r7, [pc, #328]	@ (20000fa4 <dcd_event_handler+0x1dc>)
20000e5c:	4689      	mov	r9, r1
20000e5e:	4952      	ldr	r1, [pc, #328]	@ (20000fa8 <dcd_event_handler+0x1e0>)
20000e60:	2400      	movs	r4, #0
20000e62:	2300      	movs	r3, #0
20000e64:	4688      	mov	r8, r1
20000e66:	783a      	ldrb	r2, [r7, #0]
20000e68:	e012      	b.n	20000e90 <dcd_event_handler+0xc8>
20000e6a:	4643      	mov	r3, r8
20000e6c:	681b      	ldr	r3, [r3, #0]
20000e6e:	0161      	lsls	r1, r4, #5
20000e70:	185b      	adds	r3, r3, r1
20000e72:	2b00      	cmp	r3, #0
20000e74:	d006      	beq.n	20000e84 <dcd_event_handler+0xbc>
20000e76:	69db      	ldr	r3, [r3, #28]
20000e78:	2b00      	cmp	r3, #0
20000e7a:	d003      	beq.n	20000e84 <dcd_event_handler+0xbc>
20000e7c:	6869      	ldr	r1, [r5, #4]
20000e7e:	7828      	ldrb	r0, [r5, #0]
20000e80:	4798      	blx	r3
20000e82:	783a      	ldrb	r2, [r7, #0]
20000e84:	3401      	adds	r4, #1
20000e86:	b2e4      	uxtb	r4, r4
20000e88:	1c51      	adds	r1, r2, #1
20000e8a:	0023      	movs	r3, r4
20000e8c:	42a1      	cmp	r1, r4
20000e8e:	db17      	blt.n	20000ec0 <dcd_event_handler+0xf8>
20000e90:	42a2      	cmp	r2, r4
20000e92:	d8ea      	bhi.n	20000e6a <dcd_event_handler+0xa2>
20000e94:	1a9b      	subs	r3, r3, r2
20000e96:	015b      	lsls	r3, r3, #5
20000e98:	444b      	add	r3, r9
20000e9a:	e7ec      	b.n	20000e76 <dcd_event_handler+0xae>
20000e9c:	4b3f      	ldr	r3, [pc, #252]	@ (20000f9c <dcd_event_handler+0x1d4>)
20000e9e:	781a      	ldrb	r2, [r3, #0]
20000ea0:	07d2      	lsls	r2, r2, #31
20000ea2:	d5be      	bpl.n	20000e22 <dcd_event_handler+0x5a>
20000ea4:	2104      	movs	r1, #4
20000ea6:	781a      	ldrb	r2, [r3, #0]
20000ea8:	430a      	orrs	r2, r1
20000eaa:	701a      	strb	r2, [r3, #0]
20000eac:	e79f      	b.n	20000dee <dcd_event_handler+0x26>
20000eae:	4b3b      	ldr	r3, [pc, #236]	@ (20000f9c <dcd_event_handler+0x1d4>)
20000eb0:	781a      	ldrb	r2, [r3, #0]
20000eb2:	07d2      	lsls	r2, r2, #31
20000eb4:	d5b5      	bpl.n	20000e22 <dcd_event_handler+0x5a>
20000eb6:	2104      	movs	r1, #4
20000eb8:	781a      	ldrb	r2, [r3, #0]
20000eba:	438a      	bics	r2, r1
20000ebc:	701a      	strb	r2, [r3, #0]
20000ebe:	e796      	b.n	20000dee <dcd_event_handler+0x26>
20000ec0:	4f36      	ldr	r7, [pc, #216]	@ (20000f9c <dcd_event_handler+0x1d4>)
20000ec2:	783b      	ldrb	r3, [r7, #0]
20000ec4:	075b      	lsls	r3, r3, #29
20000ec6:	d52b      	bpl.n	20000f20 <dcd_event_handler+0x158>
20000ec8:	2204      	movs	r2, #4
20000eca:	783b      	ldrb	r3, [r7, #0]
20000ecc:	2100      	movs	r1, #0
20000ece:	4393      	bics	r3, r2
20000ed0:	703b      	strb	r3, [r7, #0]
20000ed2:	466b      	mov	r3, sp
20000ed4:	3206      	adds	r2, #6
20000ed6:	1d98      	adds	r0, r3, #6
20000ed8:	f000 f872 	bl	20000fc0 <____wrap_memset_veneer>
20000edc:	782b      	ldrb	r3, [r5, #0]
20000ede:	ac01      	add	r4, sp, #4
20000ee0:	7023      	strb	r3, [r4, #0]
20000ee2:	2305      	movs	r3, #5
20000ee4:	7063      	strb	r3, [r4, #1]
20000ee6:	4b2c      	ldr	r3, [pc, #176]	@ (20000f98 <dcd_event_handler+0x1d0>)
20000ee8:	681b      	ldr	r3, [r3, #0]
20000eea:	4698      	mov	r8, r3
20000eec:	695a      	ldr	r2, [r3, #20]
20000eee:	f3ef 8110 	mrs	r1, PRIMASK
20000ef2:	b672      	cpsid	i
20000ef4:	6813      	ldr	r3, [r2, #0]
20000ef6:	2b00      	cmp	r3, #0
20000ef8:	d0fc      	beq.n	20000ef4 <dcd_event_handler+0x12c>
20000efa:	f3bf 8f5f 	dmb	sy
20000efe:	4643      	mov	r3, r8
20000f00:	4640      	mov	r0, r8
20000f02:	6199      	str	r1, [r3, #24]
20000f04:	0021      	movs	r1, r4
20000f06:	f000 f883 	bl	20001010 <__tu_fifo_write_veneer>
20000f0a:	4643      	mov	r3, r8
20000f0c:	695a      	ldr	r2, [r3, #20]
20000f0e:	699b      	ldr	r3, [r3, #24]
20000f10:	f3bf 8f5f 	dmb	sy
20000f14:	2100      	movs	r1, #0
20000f16:	6011      	str	r1, [r2, #0]
20000f18:	f383 8810 	msr	PRIMASK, r3
20000f1c:	2800      	cmp	r0, #0
20000f1e:	d131      	bne.n	20000f84 <dcd_event_handler+0x1bc>
20000f20:	78fb      	ldrb	r3, [r7, #3]
20000f22:	07db      	lsls	r3, r3, #31
20000f24:	d400      	bmi.n	20000f28 <dcd_event_handler+0x160>
20000f26:	e77c      	b.n	20000e22 <dcd_event_handler+0x5a>
20000f28:	466b      	mov	r3, sp
20000f2a:	220a      	movs	r2, #10
20000f2c:	2100      	movs	r1, #0
20000f2e:	1d98      	adds	r0, r3, #6
20000f30:	f000 f846 	bl	20000fc0 <____wrap_memset_veneer>
20000f34:	782b      	ldrb	r3, [r5, #0]
20000f36:	ac01      	add	r4, sp, #4
20000f38:	7023      	strb	r3, [r4, #0]
20000f3a:	2303      	movs	r3, #3
20000f3c:	7063      	strb	r3, [r4, #1]
20000f3e:	686b      	ldr	r3, [r5, #4]
20000f40:	6063      	str	r3, [r4, #4]
20000f42:	4b15      	ldr	r3, [pc, #84]	@ (20000f98 <dcd_event_handler+0x1d0>)
20000f44:	681d      	ldr	r5, [r3, #0]
20000f46:	696a      	ldr	r2, [r5, #20]
20000f48:	f3ef 8110 	mrs	r1, PRIMASK
20000f4c:	b672      	cpsid	i
20000f4e:	6813      	ldr	r3, [r2, #0]
20000f50:	2b00      	cmp	r3, #0
20000f52:	d0fc      	beq.n	20000f4e <dcd_event_handler+0x186>
20000f54:	f3bf 8f5f 	dmb	sy
20000f58:	61a9      	str	r1, [r5, #24]
20000f5a:	0028      	movs	r0, r5
20000f5c:	0021      	movs	r1, r4
20000f5e:	f000 f857 	bl	20001010 <__tu_fifo_write_veneer>
20000f62:	696a      	ldr	r2, [r5, #20]
20000f64:	69ab      	ldr	r3, [r5, #24]
20000f66:	f3bf 8f5f 	dmb	sy
20000f6a:	2100      	movs	r1, #0
20000f6c:	6011      	str	r1, [r2, #0]
20000f6e:	f383 8810 	msr	PRIMASK, r3
20000f72:	2800      	cmp	r0, #0
20000f74:	d100      	bne.n	20000f78 <dcd_event_handler+0x1b0>
20000f76:	e754      	b.n	20000e22 <dcd_event_handler+0x5a>
20000f78:	0032      	movs	r2, r6
20000f7a:	7861      	ldrb	r1, [r4, #1]
20000f7c:	7820      	ldrb	r0, [r4, #0]
20000f7e:	f000 f827 	bl	20000fd0 <__tud_event_hook_cb_veneer>
20000f82:	e74e      	b.n	20000e22 <dcd_event_handler+0x5a>
20000f84:	0032      	movs	r2, r6
20000f86:	7861      	ldrb	r1, [r4, #1]
20000f88:	7820      	ldrb	r0, [r4, #0]
20000f8a:	f000 f821 	bl	20000fd0 <__tud_event_hook_cb_veneer>
20000f8e:	e7c7      	b.n	20000f20 <dcd_event_handler+0x158>
20000f90:	1000b73c 	.word	0x1000b73c
20000f94:	20004cf7 	.word	0x20004cf7
20000f98:	20002a94 	.word	0x20002a94
20000f9c:	20002a3c 	.word	0x20002a3c
20000fa0:	1000b758 	.word	0x1000b758
20000fa4:	20004cf5 	.word	0x20004cf5
20000fa8:	2000288c 	.word	0x2000288c

20000fac <__aeabi_idiv0>:
20000fac:	4770      	bx	lr
20000fae:	46c0      	nop			@ (mov r8, r8)

20000fb0 <__best_effort_wfe_or_timeout_veneer>:
20000fb0:	b401      	push	{r0}
20000fb2:	4802      	ldr	r0, [pc, #8]	@ (20000fbc <__best_effort_wfe_or_timeout_veneer+0xc>)
20000fb4:	4684      	mov	ip, r0
20000fb6:	bc01      	pop	{r0}
20000fb8:	4760      	bx	ip
20000fba:	bf00      	nop
20000fbc:	10001cc1 	.word	0x10001cc1

20000fc0 <____wrap_memset_veneer>:
20000fc0:	b401      	push	{r0}
20000fc2:	4802      	ldr	r0, [pc, #8]	@ (20000fcc <____wrap_memset_veneer+0xc>)
20000fc4:	4684      	mov	ip, r0
20000fc6:	bc01      	pop	{r0}
20000fc8:	4760      	bx	ip
20000fca:	bf00      	nop
20000fcc:	10003575 	.word	0x10003575

20000fd0 <__tud_event_hook_cb_veneer>:
20000fd0:	b401      	push	{r0}
20000fd2:	4802      	ldr	r0, [pc, #8]	@ (20000fdc <__tud_event_hook_cb_veneer+0xc>)
20000fd4:	4684      	mov	ip, r0
20000fd6:	bc01      	pop	{r0}
20000fd8:	4760      	bx	ip
20000fda:	bf00      	nop
20000fdc:	10005ec1 	.word	0x10005ec1

20000fe0 <__panic_veneer>:
20000fe0:	b401      	push	{r0}
20000fe2:	4802      	ldr	r0, [pc, #8]	@ (20000fec <__panic_veneer+0xc>)
20000fe4:	4684      	mov	ip, r0
20000fe6:	bc01      	pop	{r0}
20000fe8:	4760      	bx	ip
20000fea:	bf00      	nop
20000fec:	10000e29 	.word	0x10000e29

20000ff0 <__time_us_64_veneer>:
20000ff0:	b401      	push	{r0}
20000ff2:	4802      	ldr	r0, [pc, #8]	@ (20000ffc <__time_us_64_veneer+0xc>)
20000ff4:	4684      	mov	ip, r0
20000ff6:	bc01      	pop	{r0}
20000ff8:	4760      	bx	ip
20000ffa:	bf00      	nop
20000ffc:	10001df1 	.word	0x10001df1

20001000 <____wrap___aeabi_lmul_veneer>:
20001000:	b401      	push	{r0}
20001002:	4802      	ldr	r0, [pc, #8]	@ (2000100c <____wrap___aeabi_lmul_veneer+0xc>)
20001004:	4684      	mov	ip, r0
20001006:	bc01      	pop	{r0}
20001008:	4760      	bx	ip
2000100a:	bf00      	nop
2000100c:	10003421 	.word	0x10003421

20001010 <__tu_fifo_write_veneer>:
20001010:	b401      	push	{r0}
20001012:	4802      	ldr	r0, [pc, #8]	@ (2000101c <__tu_fifo_write_veneer+0xc>)
20001014:	4684      	mov	ip, r0
20001016:	bc01      	pop	{r0}
20001018:	4760      	bx	ip
2000101a:	bf00      	nop
2000101c:	10007921 	.word	0x10007921

20001020 <__rp2040_chip_version_veneer>:
20001020:	b401      	push	{r0}
20001022:	4802      	ldr	r0, [pc, #8]	@ (2000102c <__rp2040_chip_version_veneer+0xc>)
20001024:	4684      	mov	ip, r0
20001026:	bc01      	pop	{r0}
20001028:	4760      	bx	ip
2000102a:	bf00      	nop
2000102c:	10000e1d 	.word	0x10000e1d

20001030 <striped_spin_lock_num>:
20001030:	00000010                                ....

20001034 <irq_handler_chain_slots>:
20001034:	00000000 	.word	0x00000000
20001038:	00010000 	.word	0x00010000
	...
20001044:	00020000 	.word	0x00020000
	...
20001050:	00030000 	.word	0x00030000
	...
2000105c:	00ff0000 	.word	0x00ff0000
20001060:	00000000 	.word	0x00000000

20001064 <irq_handler_chain_first_slot>:
20001064:	b501      	push	{r0, lr}
20001066:	6848      	ldr	r0, [r1, #4]
20001068:	3101      	adds	r1, #1
2000106a:	468e      	mov	lr, r1
2000106c:	4700      	bx	r0

2000106e <irq_handler_chain_remove_tail>:
2000106e:	4670      	mov	r0, lr
20001070:	3809      	subs	r0, #9
20001072:	4901      	ldr	r1, [pc, #4]	@ (20001078 <irq_handler_chain_remove_tail+0xa>)
20001074:	4788      	blx	r1
20001076:	bd01      	pop	{r0, pc}
20001078:	1000142d 	.word	0x1000142d

2000107c <default_alarm_pool>:
	...
20001090:	200017e0 00000000 00000000 00000000     ... ............

200010a0 <aeabi_bits_funcs>:
200010a0:	00003350 	.word	0x00003350
200010a4:	0000334c 	.word	0x0000334c
200010a8:	00003354 	.word	0x00003354
200010ac:	00003352 	.word	0x00003352

200010b0 <aeabi_bits_funcs_end>:
200010b0:	0000534d 	.word	0x0000534d
200010b4:	0000434d 	.word	0x0000434d
200010b8:	00003453 	.word	0x00003453
200010bc:	00003443 	.word	0x00003443

200010c0 <stdio_uart>:
200010c0:	10005231 10005335 1000527d 10005349     1R..5S..}R..IS..
200010d0:	00000000 00000100                       ........

200010d8 <stdio_usb>:
200010d8:	10005681 10005635 100055a9 10005521     .V..5V...U..!U..
200010e8:	00000000 00000100                       ........

200010f0 <_usbd_qdef>:
200010f0:	20002a98 000c0010 00000000 00000000     .*. ............
	...

2000110c <_usbd_rhport>:
2000110c:	000000ff                                ....

20001110 <__global_locale>:
20001110:	00000043 00000000 00000000 00000000     C...............
	...
20001130:	00000043 00000000 00000000 00000000     C...............
	...
20001150:	00000043 00000000 00000000 00000000     C...............
	...
20001170:	00000043 00000000 00000000 00000000     C...............
	...
20001190:	00000043 00000000 00000000 00000000     C...............
	...
200011b0:	00000043 00000000 00000000 00000000     C...............
	...
200011d0:	00000043 00000000 00000000 00000000     C...............
	...
200011f0:	10009f89 100093bd 00000000 1000b9b8     ................
20001200:	1000b240 1000b010 1000b010 1000b010     @...............
20001210:	1000b010 1000b010 1000b010 1000b010     ................
20001220:	1000b010 1000b010 ffffffff ffffffff     ................
20001230:	ffffffff 0000ffff 53410001 00494943     ..........ASCII.
	...
20001258:	53410000 00494943 00000000 00000000     ..ASCII.........
	...

20001280 <__malloc_sbrk_base>:
20001280:	ffffffff                                ....

20001284 <__malloc_trim_threshold>:
20001284:	00020000                                ....

20001288 <__malloc_av_>:
	...
20001290:	20001288 20001288 20001290 20001290     ... ... ... ... 
200012a0:	20001298 20001298 200012a0 200012a0     ... ... ... ... 
200012b0:	200012a8 200012a8 200012b0 200012b0     ... ... ... ... 
200012c0:	200012b8 200012b8 200012c0 200012c0     ... ... ... ... 
200012d0:	200012c8 200012c8 200012d0 200012d0     ... ... ... ... 
200012e0:	200012d8 200012d8 200012e0 200012e0     ... ... ... ... 
200012f0:	200012e8 200012e8 200012f0 200012f0     ... ... ... ... 
20001300:	200012f8 200012f8 20001300 20001300     ... ... ... ... 
20001310:	20001308 20001308 20001310 20001310     ... ... ... ... 
20001320:	20001318 20001318 20001320 20001320     ... ...  ..  .. 
20001330:	20001328 20001328 20001330 20001330     (.. (.. 0.. 0.. 
20001340:	20001338 20001338 20001340 20001340     8.. 8.. @.. @.. 
20001350:	20001348 20001348 20001350 20001350     H.. H.. P.. P.. 
20001360:	20001358 20001358 20001360 20001360     X.. X.. `.. `.. 
20001370:	20001368 20001368 20001370 20001370     h.. h.. p.. p.. 
20001380:	20001378 20001378 20001380 20001380     x.. x.. ... ... 
20001390:	20001388 20001388 20001390 20001390     ... ... ... ... 
200013a0:	20001398 20001398 200013a0 200013a0     ... ... ... ... 
200013b0:	200013a8 200013a8 200013b0 200013b0     ... ... ... ... 
200013c0:	200013b8 200013b8 200013c0 200013c0     ... ... ... ... 
200013d0:	200013c8 200013c8 200013d0 200013d0     ... ... ... ... 
200013e0:	200013d8 200013d8 200013e0 200013e0     ... ... ... ... 
200013f0:	200013e8 200013e8 200013f0 200013f0     ... ... ... ... 
20001400:	200013f8 200013f8 20001400 20001400     ... ... ... ... 
20001410:	20001408 20001408 20001410 20001410     ... ... ... ... 
20001420:	20001418 20001418 20001420 20001420     ... ...  ..  .. 
20001430:	20001428 20001428 20001430 20001430     (.. (.. 0.. 0.. 
20001440:	20001438 20001438 20001440 20001440     8.. 8.. @.. @.. 
20001450:	20001448 20001448 20001450 20001450     H.. H.. P.. P.. 
20001460:	20001458 20001458 20001460 20001460     X.. X.. `.. `.. 
20001470:	20001468 20001468 20001470 20001470     h.. h.. p.. p.. 
20001480:	20001478 20001478 20001480 20001480     x.. x.. ... ... 
20001490:	20001488 20001488 20001490 20001490     ... ... ... ... 
200014a0:	20001498 20001498 200014a0 200014a0     ... ... ... ... 
200014b0:	200014a8 200014a8 200014b0 200014b0     ... ... ... ... 
200014c0:	200014b8 200014b8 200014c0 200014c0     ... ... ... ... 
200014d0:	200014c8 200014c8 200014d0 200014d0     ... ... ... ... 
200014e0:	200014d8 200014d8 200014e0 200014e0     ... ... ... ... 
200014f0:	200014e8 200014e8 200014f0 200014f0     ... ... ... ... 
20001500:	200014f8 200014f8 20001500 20001500     ... ... ... ... 
20001510:	20001508 20001508 20001510 20001510     ... ... ... ... 
20001520:	20001518 20001518 20001520 20001520     ... ...  ..  .. 
20001530:	20001528 20001528 20001530 20001530     (.. (.. 0.. 0.. 
20001540:	20001538 20001538 20001540 20001540     8.. 8.. @.. @.. 
20001550:	20001548 20001548 20001550 20001550     H.. H.. P.. P.. 
20001560:	20001558 20001558 20001560 20001560     X.. X.. `.. `.. 
20001570:	20001568 20001568 20001570 20001570     h.. h.. p.. p.. 
20001580:	20001578 20001578 20001580 20001580     x.. x.. ... ... 
20001590:	20001588 20001588 20001590 20001590     ... ... ... ... 
200015a0:	20001598 20001598 200015a0 200015a0     ... ... ... ... 
200015b0:	200015a8 200015a8 200015b0 200015b0     ... ... ... ... 
200015c0:	200015b8 200015b8 200015c0 200015c0     ... ... ... ... 
200015d0:	200015c8 200015c8 200015d0 200015d0     ... ... ... ... 
200015e0:	200015d8 200015d8 200015e0 200015e0     ... ... ... ... 
200015f0:	200015e8 200015e8 200015f0 200015f0     ... ... ... ... 
20001600:	200015f8 200015f8 20001600 20001600     ... ... ... ... 
20001610:	20001608 20001608 20001610 20001610     ... ... ... ... 
20001620:	20001618 20001618 20001620 20001620     ... ...  ..  .. 
20001630:	20001628 20001628 20001630 20001630     (.. (.. 0.. 0.. 
20001640:	20001638 20001638 20001640 20001640     8.. 8.. @.. @.. 
20001650:	20001648 20001648 20001650 20001650     H.. H.. P.. P.. 
20001660:	20001658 20001658 20001660 20001660     X.. X.. `.. `.. 
20001670:	20001668 20001668 20001670 20001670     h.. h.. p.. p.. 
20001680:	20001678 20001678 20001680 20001680     x.. x.. ... ... 

20001690 <_impure_ptr>:
20001690:	20001698 00000000                       ... ....

20001698 <_impure_data>:
20001698:	00000000 200025bc 20002624 2000268c     .....%. $&. .&. 
	...
20001730:	00000001 00000000 abcd330e e66d1234     .........3..4.m.
20001740:	0005deec 0000000b 00000000 00000000     ................
	...

200017d8 <print_mutex>:
	...
